date,temp,pressure,wind_speed,wind_dir,sun_radiation,sca_radiation,nwp_tmp,nwp_rh,nwp_surfacepres,nwp_windspeed,nwp_winddir,nwp_shortwaveirrad,nwp_scatterirrad,nwp_directirrad,OT
2019/01/11 16:00,-2.8,988.5,1.0,48,0,0.0,-0.07,44.66,989.14,1.5,234.97,0.0,0.0,0.0,0.0
2019/01/11 16:15,-2.8,988.5,1.0,138,0,0.0,-0.13,45.23,989.14,1.59,238.49,0.0,0.0,0.0,0.0
2019/01/11 16:30,-2.8,988.5,1.0,40,0,0.0,-0.15,45.6,989.25,1.67,246.38,0.0,0.0,0.0,0.0
2019/01/11 16:45,-3.9,988.5,1.0,130,0,0.0,-0.17,45.86,989.31,1.77,255.51,0.0,0.0,0.0,0.0
2019/01/11 17:00,-3.9,988.5,1.0,158,0,0.0,-0.21,46.08,989.08,1.88,262.02,0.0,0.0,0.0,0.0
2019/01/11 17:15,-3.9,988.5,1.0,102,0,0.0,-0.26,46.34,989.12,2.05,265.25,0.0,0.0,0.0,0.0
2019/01/11 17:30,-2.8,988.5,1.0,96,0,0.0,-0.3,46.5,989.29,2.2,269.1,0.0,0.0,0.0,0.0
2019/01/11 17:45,-2.8,988.5,1.0,125,0,0.0,-0.33,46.59,989.25,2.28,271.84,0.0,0.0,0.0,0.0
2019/01/11 18:00,-2.8,988.5,1.0,81,0,0.0,-0.32,46.5,989.42,2.28,272.1,0.0,0.0,0.0,0.0
2019/01/11 18:15,-2.8,988.5,1.0,116,0,0.0,-0.32,46.32,989.35,2.2,269.22,0.0,0.0,0.0,0.0
2019/01/11 18:30,-2.8,988.5,1.0,108,0,0.0,-0.32,46.14,989.13,2.15,263.65,0.0,0.0,0.0,0.0
2019/01/11 18:45,-2.8,988.5,2.2,90,0,0.0,-0.37,46.22,989.06,2.28,257.56,0.0,0.0,0.0,0.0
2019/01/11 19:00,-2.8,988.5,1.1,76,0,0.0,-0.46,46.48,988.99,2.53,256.87,0.0,0.0,0.0,0.0
2019/01/12 08:00,7.6,986.299988,0.8,186,131,51.119999,7.39,33.75,988.82,3.47,44.85,204.72,33.74000000000001,170.98,2.756399
2019/01/12 08:15,6.5,986.299988,0.6,198,55,42.48,6.93,36.32,989.11,3.21,38.33,156.4,29.94000000000001,126.46,1.747614
2019/01/12 08:30,6.5,986.299988,1.7,187,35,28.08,6.45,39.26,989.24,2.9,28.64,123.6,26.819999999999997,96.78,0.994577
2019/01/12 08:45,5.4,986.299988,0.7,198,19,18.0,5.77,41.99,989.34,2.73,22.38,74.68,20.85000000000001,53.83,0.497288
2019/01/12 09:00,5.4,986.299988,0.7,128,0,9.360001,5.19,43.71,989.45,2.71,19.09,43.41,15.439999999999998,27.97,0.1847069999999999
2019/01/12 09:15,4.3,987.400024,0.6,146,0,0.0,4.64,45.08,989.54,2.62,18.3,4.16,3.1100000000000003,1.05,0.0
2019/01/12 09:30,4.3,987.400024,0.6,8,0,0.0,4.3,45.8,989.62,2.36,17.79,0.0,0.0,0.0,0.0
2019/01/12 09:45,3.3,987.400024,0.6,133,0,0.0,4.09,45.87,989.69,1.99,14.56,0.0,0.0,0.0,0.0
2019/01/12 10:00,3.3,987.400024,0.6,119,0,0.0,3.94,45.39,989.73,1.59,5.26,0.0,0.0,0.0,0.0
2019/01/12 10:15,3.3,987.400024,0.6,140,0,0.0,3.84,44.45,989.8,1.29,345.28,0.0,0.0,0.0,0.0
2019/01/12 10:30,2.1,988.5,0.6,118,0,0.0,3.69,43.69,989.89,1.2,319.18,0.0,0.0,0.0,0.0
2019/01/12 10:45,2.1,988.5,0.6,353,0,0.0,3.5,42.83,989.94,1.35,299.36,0.0,0.0,0.0,0.0
2019/01/12 11:00,1.1,988.5,0.8,128,0,0.0,3.25,41.96,990.01,1.68,290.66,0.0,0.0,0.0,0.0
2019/01/12 11:15,1.1,988.5,0.8,134,0,0.0,2.91,41.2,990.14,2.11,289.64,0.0,0.0,0.0,0.0
2019/01/12 11:30,1.1,988.5,0.8,354,0,0.0,2.52,40.59,990.36,2.53,291.32,0.0,0.0,0.0,0.0
2019/01/12 11:45,1.1,988.5,0.8,120,0,0.0,2.23,39.69,990.58,2.92,295.11,0.0,0.0,0.0,0.0
2019/01/12 12:00,1.1,989.700012,0.8,117,0,0.0,2.04,38.6,990.78,3.37,299.79,0.0,0.0,0.0,0.0
2019/01/12 12:15,1.1,989.700012,0.8,48,0,0.0,1.95,37.5,990.98,3.95,304.31,0.0,0.0,0.0,0.0
2019/01/12 12:30,0.1,989.700012,0.8,108,0,0.0,1.92,36.49,991.19,4.64,307.65,0.0,0.0,0.0,0.0
2019/01/12 12:45,0.1,989.700012,0.8,151,0,0.0,1.98,35.47,991.43,5.3,309.26,0.0,0.0,0.0,0.0
2019/01/12 13:00,0.1,989.700012,0.8,139,0,0.0,2.06,34.63,991.66,5.84,309.4,0.0,0.0,0.0,0.0
2019/01/12 13:15,-0.9,989.700012,0.8,132,0,0.0,2.07,34.24,991.85,6.16,308.84,0.0,0.0,0.0,0.0
2019/01/12 13:30,-0.9,990.799988,0.8,250,0,0.0,2.01,34.21,991.99,6.25,308.07,0.0,0.0,0.0,0.0
2019/01/12 13:45,-0.9,990.799988,0.8,166,0,0.0,1.88,34.42,992.02,6.15,307.29,0.0,0.0,0.0,0.0
2019/01/12 14:00,-0.9,990.799988,0.8,166,0,0.0,1.75,34.66,992.06,5.95,306.52,0.0,0.0,0.0,0.0
2019/01/12 14:15,0.1,990.799988,0.8,54,0,0.0,1.61,34.91,992.14,5.69,305.36,0.0,0.0,0.0,0.0
2019/01/12 14:30,-2.0,990.799988,0.8,121,0,0.0,1.44,35.3,992.22,5.37,302.75,0.0,0.0,0.0,0.0
2019/01/12 14:45,-2.0,990.799988,0.8,5,0,0.0,1.19,35.98,992.29,5.03,298.5,0.0,0.0,0.0,0.0
2019/01/12 15:00,-2.0,990.799988,0.8,23,0,0.0,1.01,36.44,992.37,4.74,292.91,0.0,0.0,0.0,0.0
2019/01/12 15:15,-2.0,991.900024,0.8,137,0,0.0,0.88,36.81,992.46,4.44,286.74,0.0,0.0,0.0,0.0
2019/01/12 15:30,-2.0,991.900024,0.8,30,0,0.0,0.72,37.33,992.57,4.09,280.29,0.0,0.0,0.0,0.0
2019/01/12 15:45,-0.9,991.900024,0.8,243,0,0.0,0.55,37.93,992.7,3.72,273.0,0.0,0.0,0.0,0.0
2019/01/12 16:00,0.1,991.900024,0.8,314,0,0.0,0.89,35.37,993.8,3.75,303.26,0.0,0.0,0.0,0.0
2019/01/12 16:15,0.1,991.900024,0.8,144,0,0.0,0.89,35.16,993.71,4.02,300.04,0.0,0.0,0.0,0.0
2019/01/12 16:30,-2.0,991.900024,0.8,165,0,0.0,0.86,35.15,994.03,4.14,294.43,0.0,0.0,0.0,0.0
2019/01/12 16:45,-3.1,991.900024,0.8,25,0,0.0,0.74,35.48,994.01,4.16,287.41,0.0,0.0,0.0,0.0
2019/01/12 17:00,-3.1,991.900024,0.8,84,0,0.0,0.59,36.01,994.01,4.16,279.11,0.0,0.0,0.0,0.0
2019/01/12 17:15,-3.1,991.900024,0.8,68,0,0.0,0.41,36.79,993.96,4.16,270.76,0.0,0.0,0.0,0.0
2019/01/12 17:30,-3.1,991.900024,0.8,142,0,0.0,0.16,37.96,993.91,4.14,263.02,0.0,0.0,0.0,0.0
2019/01/12 17:45,-3.1,991.900024,0.8,95,0,0.0,-0.12,39.22,993.89,4.13,255.27,0.0,0.0,0.0,0.0
2019/01/12 18:00,-3.1,991.900024,0.8,101,0,0.0,-0.34,40.31,993.94,4.08,249.21,0.0,0.0,0.0,0.0
2019/01/12 18:15,-2.0,991.900024,0.8,144,0,0.0,-0.5,41.13,993.96,3.96,244.72,0.0,0.0,0.0,0.0
2019/01/12 18:30,-2.0,991.900024,0.8,181,0,0.0,-0.62,41.61,993.87,3.78,240.35,0.0,0.0,0.0,0.0
2019/01/12 18:45,-3.1,991.900024,0.8,104,0,0.0,-0.69,41.8,993.92,3.55,236.91,0.0,0.0,0.0,0.0
2019/01/12 19:00,-2.0,991.900024,0.8,7,0,0.0,-0.72,41.78,994.04,3.3,234.11,0.0,0.0,0.0,0.0
2019/01/13 08:00,7.6,990.799988,2.5,208,198,46.080002,6.12,24.77,994.32,4.24,125.87,209.12,34.140000000000015,174.98,3.750975
2019/01/13 08:15,6.5,990.799988,1.6,254,66,43.200001,5.98,25.48,994.53,3.82,127.37,160.43,30.349999999999994,130.08,2.699566
2019/01/13 08:30,6.5,990.799988,1.1,276,52,36.0,5.72,27.61,994.62,3.19,125.5,127.38,27.25999999999999,100.12,1.548698
2019/01/13 08:45,5.4,990.799988,0.0,203,40,30.24,5.18,29.89,994.66,2.74,123.06,77.98,21.35,56.63,1.122451
2019/01/13 09:00,5.4,990.799988,1.1,180,14,12.96,4.73,31.31,994.71,2.55,120.96,46.31,16.05,30.26,0.312581
2019/01/13 09:15,4.3,990.799988,1.0,182,0,0.0,4.23,32.62,994.74,2.4,119.41,5.83,4.03,1.8,0.0
2019/01/13 09:30,4.3,990.799988,1.0,187,0,0.0,3.82,33.84,994.74,2.21,118.26,0.0,0.0,0.0,0.0
2019/01/13 09:45,3.3,991.900024,1.0,136,0,0.0,3.47,34.9,994.72,2.01,117.03,0.0,0.0,0.0,0.0
2019/01/13 10:00,3.3,991.900024,1.0,139,0,0.0,3.17,35.77,994.68,1.8,116.24,0.0,0.0,0.0,0.0
2019/01/13 10:15,2.2,991.900024,1.0,12,0,0.0,2.9,36.58,994.64,1.57,116.39,0.0,0.0,0.0,0.0
2019/01/13 10:30,2.2,991.900024,1.0,47,0,0.0,2.67,37.2,994.58,1.31,117.49,0.0,0.0,0.0,0.0
2019/01/13 10:45,2.2,991.900024,1.0,342,0,0.0,2.48,37.72,994.56,1.03,120.28,0.0,0.0,0.0,0.0
2019/01/13 11:00,1.1,991.900024,1.0,325,0,0.0,2.3,38.22,994.55,0.72,124.82,0.0,0.0,0.0,0.0
2019/01/13 11:15,1.1,991.900024,1.0,2,0,0.0,2.17,38.55,994.56,0.39,130.17,0.0,0.0,0.0,0.0
2019/01/13 11:30,1.1,991.900024,1.0,32,0,0.0,2.07,38.8,994.63,0.2,176.13,0.0,0.0,0.0,0.0
2019/01/13 11:45,1.1,991.900024,1.0,156,0,0.0,1.97,39.05,994.71,0.36,312.2,0.0,0.0,0.0,0.0
2019/01/13 12:00,1.1,991.900024,1.0,71,0,0.0,1.83,39.47,994.79,0.72,319.09,0.0,0.0,0.0,0.0
2019/01/13 12:15,1.1,991.900024,1.0,77,0,0.0,1.67,39.93,994.88,1.09,322.79,0.0,0.0,0.0,0.0
2019/01/13 12:30,1.1,991.900024,1.0,123,0,0.0,1.49,40.51,994.95,1.44,324.46,0.0,0.0,0.0,0.0
2019/01/13 12:45,1.1,991.900024,1.0,104,0,0.0,1.32,41.05,995.02,1.74,325.12,0.0,0.0,0.0,0.0
2019/01/13 13:00,1.1,991.900024,1.0,94,0,0.0,1.18,41.48,995.12,1.95,325.27,0.0,0.0,0.0,0.0
2019/01/13 13:15,0.1,991.900024,1.0,25,0,0.0,1.05,41.79,995.19,2.08,325.38,0.0,0.0,0.0,0.0
2019/01/13 13:30,-0.9,993.0,1.0,116,0,0.0,0.95,42.06,995.24,2.12,325.45,0.0,0.0,0.0,0.0
2019/01/13 13:45,-0.9,993.0,1.0,144,0,0.0,0.85,42.23,995.19,2.1,325.33,0.0,0.0,0.0,0.0
2019/01/13 14:00,-0.9,993.0,1.0,270,0,0.0,0.79,42.27,995.12,2.02,325.27,0.0,0.0,0.0,0.0
2019/01/13 14:15,-0.9,993.0,1.0,335,0,0.0,0.76,42.23,995.1,1.91,325.23,0.0,0.0,0.0,0.0
2019/01/13 14:30,-0.9,993.0,1.0,117,0,0.0,0.72,42.21,995.09,1.78,324.68,0.0,0.0,0.0,0.0
2019/01/13 14:45,-0.9,993.0,1.0,33,0,0.0,0.69,42.19,995.07,1.67,324.06,0.0,0.0,0.0,0.0
2019/01/13 15:00,-0.9,994.099976,1.0,114,0,0.0,0.65,42.21,995.07,1.57,323.85,0.0,0.0,0.0,0.0
2019/01/13 15:15,-0.9,994.099976,1.0,99,0,0.0,0.6,42.26,995.09,1.46,323.92,0.0,0.0,0.0,0.0
2019/01/13 15:30,-0.9,994.099976,1.0,137,0,0.0,0.55,42.33,995.12,1.36,323.98,0.0,0.0,0.0,0.0
2019/01/13 15:45,-0.9,994.099976,1.0,13,0,0.0,0.5,42.47,995.15,1.26,324.51,0.0,0.0,0.0,0.0
2019/01/13 16:00,-0.9,994.099976,1.0,93,0,0.0,0.55,37.63,994.21,0.85,72.43,0.0,0.0,0.0,0.0
2019/01/13 16:15,-0.9,994.099976,1.0,109,0,0.0,0.38,38.4,994.03,0.93,86.32,0.0,0.0,0.0,0.0
2019/01/13 16:30,-2.0,994.099976,1.0,124,0,0.0,0.21,39.19,994.11,0.95,85.39,0.0,0.0,0.0,0.0
2019/01/13 16:45,-2.0,994.099976,1.0,3,0,0.0,0.03,39.97,994.0,0.93,86.23,0.0,0.0,0.0,0.0
2019/01/13 17:00,-2.0,994.099976,1.0,328,0,0.0,-0.12,40.65,994.07,0.88,82.77,0.0,0.0,0.0,0.0
2019/01/13 17:15,-2.0,994.099976,1.0,30,0,0.0,-0.25,41.19,994.11,0.79,86.38,0.0,0.0,0.0,0.0
2019/01/13 17:30,-2.0,994.099976,1.0,126,0,0.0,-0.35,41.49,994.32,0.72,89.06,0.0,0.0,0.0,0.0
2019/01/13 17:45,-2.0,994.099976,1.0,128,0,0.0,-0.43,41.69,994.35,0.67,96.66,0.0,0.0,0.0,0.0
2019/01/13 18:00,-2.0,994.099976,1.0,104,0,0.0,-0.5,41.82,994.4,0.61,78.34,0.0,0.0,0.0,0.0
2019/01/13 18:15,-2.0,994.099976,1.0,339,0,0.0,-0.56,41.91,994.41,0.53,58.66,0.0,0.0,0.0,0.0
2019/01/13 18:30,-3.1,994.099976,1.0,122,0,0.0,-0.58,41.86,994.43,0.47,34.89,0.0,0.0,0.0,0.0
2019/01/13 18:45,-3.1,993.0,1.0,38,0,0.0,-0.58,41.74,994.43,0.45,355.39,0.0,0.0,0.0,0.0
2019/01/13 19:00,-3.1,993.0,1.0,76,0,0.0,-0.56,41.52,994.47,0.51,322.12,0.0,0.0,0.0,0.0
2019/01/14 08:00,6.4,988.599976,1.1,266,91,61.200001,6.8,30.16,990.87,2.19,136.28,208.69,34.25,174.44,1.889696
2019/01/14 08:15,5.3,988.599976,0.0,127,68,49.68,6.77,32.0,991.1,2.0,131.9,159.69,30.359999999999985,129.33,2.202277
2019/01/14 08:30,5.3,988.599976,1.5,166,50,39.599998,6.55,32.94,991.22,1.9,126.07,125.52,27.0,98.52,1.605531
2019/01/14 08:45,5.3,988.599976,0.4,37,28,25.200001,6.08,34.45,991.3,1.92,115.31,75.88,20.91,54.97,0.8809110000000001
2019/01/14 09:00,4.2,988.599976,0.3,153,22,20.879999,5.51,36.27,991.41,2.08,97.76,44.52,15.690000000000005,28.83,0.48308
2019/01/14 09:15,4.2,988.599976,0.0,123,0,7.92,4.7,39.01,991.57,2.45,73.94,6.75,4.49,2.26,0.0
2019/01/14 09:30,3.2,988.599976,0.0,128,0,0.0,3.71,42.73,991.82,2.95,53.73,0.0,0.0,0.0,0.0
2019/01/14 09:45,2.1,988.599976,0.0,137,0,0.0,3.06,45.28,992.16,3.24,39.5,0.0,0.0,0.0,0.0
2019/01/14 10:00,2.1,989.700012,0.0,109,0,0.0,2.83,45.57,992.48,3.02,27.56,0.0,0.0,0.0,0.0
2019/01/14 10:15,2.1,989.700012,0.0,44,0,0.0,2.87,44.28,992.76,2.63,359.1,0.0,0.0,0.0,0.0
2019/01/14 10:30,2.1,989.700012,0.0,88,0,0.0,2.8,43.56,993.04,2.72,322.13,0.0,0.0,0.0,0.0
2019/01/14 10:45,2.1,989.700012,0.0,17,0,0.0,2.53,43.62,993.28,3.17,307.64,0.0,0.0,0.0,0.0
2019/01/14 11:00,2.1,990.799988,0.0,148,0,0.0,2.33,42.79,993.51,3.47,301.32,0.0,0.0,0.0,0.0
2019/01/14 11:15,1.1,990.799988,0.0,4,0,0.0,2.21,41.31,993.72,3.52,301.91,0.0,0.0,0.0,0.0
2019/01/14 11:30,2.1,990.799988,0.0,21,0,0.0,2.21,39.36,993.98,3.59,307.42,0.0,0.0,0.0,0.0
2019/01/14 11:45,1.1,991.900024,1.4,123,0,0.0,2.17,37.81,994.27,3.9,314.11,0.0,0.0,0.0,0.0
2019/01/14 12:00,1.1,991.900024,1.2,65,0,0.0,1.98,37.31,994.61,4.44,322.02,0.0,0.0,0.0,0.0
2019/01/14 12:15,1.1,993.0,0.0,135,0,0.0,1.71,37.82,995.03,5.1,330.16,0.0,0.0,0.0,0.0
2019/01/14 12:30,1.1,993.0,0.3,18,0,0.0,1.42,38.89,995.51,5.72,335.03,0.0,0.0,0.0,0.0
2019/01/14 12:45,1.1,993.0,1.3,37,0,0.0,1.13,40.07,995.99,6.09,334.75,0.0,0.0,0.0,0.0
2019/01/14 13:00,1.1,993.0,0.0,110,0,0.0,0.86,40.76,996.48,6.14,330.83,0.0,0.0,0.0,0.0
2019/01/14 13:15,0.1,994.099976,0.3,41,0,0.0,0.6,41.0,996.97,5.91,329.49,0.0,0.0,0.0,0.0
2019/01/14 13:30,0.1,994.099976,0.0,11,0,0.0,0.31,41.31,997.39,5.57,330.4,0.0,0.0,0.0,0.0
2019/01/14 13:45,0.1,994.099976,0.0,102,0,0.0,0.09,41.2,997.67,5.39,333.17,0.0,0.0,0.0,0.0
2019/01/14 14:00,1.1,994.099976,0.0,109,0,0.0,-0.08,40.58,998.01,5.43,336.89,0.0,0.0,0.0,0.0
2019/01/14 14:15,0.1,995.200012,1.1,121,0,0.0,-0.26,39.87,998.39,5.49,342.81,0.0,0.0,0.0,0.0
2019/01/14 14:30,1.1,995.200012,0.0,111,0,0.0,-0.44,39.13,998.74,5.55,351.88,0.0,0.0,0.0,0.0
2019/01/14 14:45,0.1,995.200012,1.2,116,0,0.0,-0.66,38.67,999.08,5.67,2.37,0.0,0.0,0.0,0.0
2019/01/14 15:00,0.1,996.299988,0.0,85,0,0.0,-0.95,38.78,999.44,5.86,11.21,0.0,0.0,0.0,0.0
2019/01/14 15:15,0.1,996.299988,0.4,150,0,0.0,-1.28,38.96,999.81,6.08,15.75,0.0,0.0,0.0,0.0
2019/01/14 15:30,0.1,996.299988,0.4,118,0,0.0,-1.63,38.93,1000.22,6.34,15.55,0.0,0.0,0.0,0.0
2019/01/14 15:45,0.1,996.299988,1.5,134,0,0.0,-1.98,38.61,1000.66,6.61,12.79,0.0,0.0,0.0,0.0
2019/01/14 16:00,0.1,996.299988,0.4,25,0,0.0,-1.87,31.98,1000.77,6.27,26.06,0.0,0.0,0.0,0.0
2019/01/14 16:15,0.1,996.299988,0.4,88,0,0.0,-2.12,31.4,1000.95,6.3,25.62,0.0,0.0,0.0,0.0
2019/01/14 16:30,0.1,996.299988,0.6,43,0,0.0,-2.36,30.85,1001.13,6.28,25.25,0.0,0.0,0.0,0.0
2019/01/14 16:45,-0.9,997.400024,0.6,91,0,0.0,-2.62,30.53,1001.16,6.23,25.88,0.0,0.0,0.0,0.0
2019/01/14 17:00,-0.9,997.400024,0.7,11,0,0.0,-2.85,30.25,1001.46,6.2,26.77,0.0,0.0,0.0,0.0
2019/01/14 17:15,-0.9,997.400024,0.7,162,0,0.0,-3.09,30.11,1001.35,6.14,27.05,0.0,0.0,0.0,0.0
2019/01/14 17:30,-0.9,997.400024,0.7,161,0,0.0,-3.27,30.04,1001.94,5.94,27.1,0.0,0.0,0.0,0.0
2019/01/14 17:45,-3.1,997.400024,0.7,187,0,0.0,-3.45,30.16,1002.3,5.7,28.81,0.0,0.0,0.0,0.0
2019/01/14 18:00,-3.1,997.400024,0.6,349,0,0.0,-3.62,30.31,1002.59,5.57,30.74,0.0,0.0,0.0,0.0
2019/01/14 18:15,-3.1,998.5,0.8,138,0,0.0,-3.78,30.46,1002.98,5.53,32.66,0.0,0.0,0.0,0.0
2019/01/14 18:30,-3.1,998.5,0.8,106,0,0.0,-3.95,30.56,1003.14,5.54,35.43,0.0,0.0,0.0,0.0
2019/01/14 18:45,-3.1,998.5,1.5,265,0,0.0,-4.12,30.55,1003.33,5.52,38.67,0.0,0.0,0.0,0.0
2019/01/14 19:00,-3.1,998.5,0.8,273,0,0.0,-4.31,30.59,1003.2,5.48,41.73,0.0,0.0,0.0,0.0
2019/01/15 08:00,-0.1,999.599976,2.2,187,300,29.52,-2.44,20.09,1003.14,4.18,141.68,220.4,34.94,185.46,4.9586760000000005
2019/01/15 08:15,-0.1,999.599976,1.9,241,50,23.76,-2.55,20.54,1003.3,4.5,144.39,170.72,31.19,139.53,3.31052
2019/01/15 08:30,-1.1,999.599976,1.7,90,38,20.879999,-2.68,21.09,1003.35,4.74,146.82,136.93,28.15000000000001,108.78,2.301735
2019/01/15 08:45,-1.1,999.599976,1.2,209,18,12.24,-2.91,22.02,1003.34,4.81,148.53,86.25,22.380000000000003,63.87,0.48308
2019/01/15 09:00,-1.1,999.599976,0.0,346,0,6.48,-3.21,23.31,1003.31,4.7,149.58,53.45,17.28,36.17,0.1847069999999999
2019/01/15 09:15,-2.1,999.599976,1.4,303,0,7.92,-3.66,24.76,1003.25,4.49,150.64,9.92,5.92,4.0,0.0
2019/01/15 09:30,-2.1,999.599976,0.0,142,0,0.0,-4.02,25.95,1003.17,4.27,152.32,0.0,0.0,0.0,0.0
2019/01/15 09:45,-3.2,999.599976,0.0,29,0,0.0,-4.24,26.83,1003.07,4.09,154.8,0.0,0.0,0.0,0.0
2019/01/15 10:00,-3.2,999.599976,1.0,312,0,0.0,-4.39,27.36,1002.97,3.99,158.34,0.0,0.0,0.0,0.0
2019/01/15 10:15,-3.2,999.599976,1.0,153,0,0.0,-4.48,27.68,1002.85,3.96,162.43,0.0,0.0,0.0,0.0
2019/01/15 10:30,-4.2,999.599976,1.0,352,0,0.0,-4.54,27.77,1002.72,3.91,166.41,0.0,0.0,0.0,0.0
2019/01/15 10:45,-4.2,999.599976,1.0,31,0,0.0,-4.55,27.75,1002.57,3.78,170.39,0.0,0.0,0.0,0.0
2019/01/15 11:00,-4.2,999.599976,1.0,112,0,0.0,-4.59,27.88,1002.4,3.5,174.71,0.0,0.0,0.0,0.0
2019/01/15 11:15,-4.2,999.599976,1.0,40,0,0.0,-4.59,28.05,1002.31,3.12,179.84,0.0,0.0,0.0,0.0
2019/01/15 11:30,-4.2,999.599976,1.0,129,0,0.0,-4.54,28.08,1002.3,2.72,185.54,0.0,0.0,0.0,0.0
2019/01/15 11:45,-4.2,999.599976,1.0,170,0,0.0,-4.53,28.49,1002.29,2.33,191.44,0.0,0.0,0.0,0.0
2019/01/15 12:00,-4.2,999.599976,1.0,115,0,0.0,-4.5,28.61,1002.22,2.04,196.39,0.0,0.0,0.0,0.0
2019/01/15 12:15,-4.2,999.599976,1.0,347,0,0.0,-4.42,28.56,1002.18,1.86,198.89,0.0,0.0,0.0,0.0
2019/01/15 12:30,-4.2,999.599976,1.0,40,0,0.0,-4.38,28.69,1002.16,1.73,199.35,0.0,0.0,0.0,0.0
2019/01/15 12:45,-4.2,999.599976,1.0,3,0,0.0,-4.33,28.74,1002.16,1.62,198.32,0.0,0.0,0.0,0.0
2019/01/15 13:00,-4.2,999.599976,1.0,48,0,0.0,-4.34,28.9,1002.16,1.46,195.96,0.0,0.0,0.0,0.0
2019/01/15 13:15,-4.2,999.599976,1.0,119,0,0.0,-4.3,28.99,1002.13,1.21,195.37,0.0,0.0,0.0,0.0
2019/01/15 13:30,-4.2,999.599976,1.2,92,0,0.0,-4.29,29.36,1002.06,0.9,198.82,0.0,0.0,0.0,0.0
2019/01/15 13:45,-4.2,999.599976,0.0,350,0,0.0,-4.34,30.0,1001.93,0.63,210.42,0.0,0.0,0.0,0.0
2019/01/15 14:00,-4.2,999.599976,0.0,14,0,0.0,-4.42,30.7,1001.82,0.52,247.78,0.0,0.0,0.0,0.0
2019/01/15 14:15,-4.2,999.599976,0.0,61,0,0.0,-4.47,31.3,1001.71,0.65,280.08,0.0,0.0,0.0,0.0
2019/01/15 14:30,-4.2,999.599976,0.0,29,0,0.0,-4.53,31.83,1001.53,0.9,290.57,0.0,0.0,0.0,0.0
2019/01/15 14:45,-4.2,999.599976,1.1,148,0,0.0,-4.58,32.3,1001.33,1.16,292.67,0.0,0.0,0.0,0.0
2019/01/15 15:00,-4.2,999.599976,0.0,96,0,0.0,-4.6,32.67,1001.13,1.37,290.31,0.0,0.0,0.0,0.0
2019/01/15 15:15,-4.2,999.599976,0.4,15,0,0.0,-4.61,32.9,1000.92,1.52,285.65,0.0,0.0,0.0,0.0
2019/01/15 15:30,-4.2,999.599976,0.4,35,0,0.0,-4.61,33.0,1000.74,1.61,278.62,0.0,0.0,0.0,0.0
2019/01/15 15:45,-5.3,999.599976,0.4,120,0,0.0,-4.61,33.07,1000.58,1.68,269.81,0.0,0.0,0.0,0.0
2019/01/15 16:00,-5.3,998.5,0.4,32,0,0.0,-3.82,18.61,999.85,0.39,342.4,0.0,0.0,0.0,0.0
2019/01/15 16:15,-5.3,998.5,0.4,134,0,0.0,-3.82,18.72,999.76,0.24,93.46,0.0,0.0,0.0,0.0
2019/01/15 16:30,-4.2,998.5,0.7,64,0,0.0,-3.84,20.12,999.64,0.34,148.24,0.0,0.0,0.0,0.0
2019/01/15 16:45,-4.2,998.5,0.7,99,0,0.0,-3.88,20.42,999.51,0.54,167.18,0.0,0.0,0.0,0.0
2019/01/15 17:00,-4.2,998.5,0.7,111,0,0.0,-3.95,21.35,999.07,0.76,182.97,0.0,0.0,0.0,0.0
2019/01/15 17:15,-4.2,997.400024,0.7,118,0,0.0,-4.0,22.28,998.91,1.01,193.47,0.0,0.0,0.0,0.0
2019/01/15 17:30,-4.2,997.400024,0.7,25,0,0.0,-4.06,22.92,998.83,1.18,201.63,0.0,0.0,0.0,0.0
2019/01/15 17:45,-4.2,997.400024,0.7,97,0,0.0,-4.06,23.48,998.33,1.2,208.73,0.0,0.0,0.0,0.0
2019/01/15 18:00,-5.3,997.400024,0.7,94,0,0.0,-4.11,23.87,998.15,1.12,217.68,0.0,0.0,0.0,0.0
2019/01/15 18:15,-5.3,997.400024,0.7,127,0,0.0,-4.14,23.82,998.03,1.02,234.63,0.0,0.0,0.0,0.0
2019/01/15 18:30,-5.3,997.400024,0.7,106,0,0.0,-4.15,24.07,998.01,1.03,256.97,0.0,0.0,0.0,0.0
2019/01/15 18:45,-5.3,997.400024,0.7,32,0,0.0,-4.25,24.4,997.71,1.16,272.49,0.0,0.0,0.0,0.0
2019/01/15 19:00,-5.3,997.400024,0.7,81,0,0.0,-4.36,24.92,997.6,1.34,280.35,0.0,0.0,0.0,0.0
2019/01/16 08:00,5.3,990.799988,1.5,199,289,34.560001,2.81,14.15,992.22,1.89,145.3,226.94,35.0,191.94,4.489804
2019/01/16 08:15,4.2,990.799988,2.5,307,56,30.24,2.62,16.3,992.2,1.89,147.64,176.7,31.319999999999997,145.38,3.196854
2019/01/16 08:30,3.2,990.799988,1.4,232,44,27.360001,2.33,17.27,992.11,2.01,149.24,142.46,28.360000000000014,114.1,2.045987
2019/01/16 08:45,3.2,990.799988,0.4,206,32,23.040001,1.94,17.91,991.99,2.13,151.91,90.96,22.739999999999995,68.22,1.2077
2019/01/16 09:00,3.2,990.799988,1.4,172,24,21.6,1.56,18.75,991.88,2.15,156.68,57.48,17.769999999999996,39.71,0.625163
2019/01/16 09:15,2.1,990.799988,1.7,169,12,14.4,1.13,19.61,991.81,2.15,164.54,12.43,6.77,5.66,0.198915
2019/01/16 09:30,2.1,990.799988,0.7,166,0,0.0,0.71,20.64,991.77,2.18,175.99,0.0,0.0,0.0,0.0
2019/01/16 09:45,1.1,990.799988,1.8,139,0,0.0,0.29,21.72,991.76,2.3,190.15,0.0,0.0,0.0,0.0
2019/01/16 10:00,0.1,990.799988,0.3,341,0,0.0,-0.12,22.74,991.74,2.5,205.12,0.0,0.0,0.0,0.0
2019/01/16 10:15,0.1,990.799988,0.3,83,0,0.0,-0.44,23.51,991.76,2.78,218.77,0.0,0.0,0.0,0.0
2019/01/16 10:30,-0.9,990.799988,0.3,147,0,0.0,-0.65,23.9,991.78,3.06,229.09,0.0,0.0,0.0,0.0
2019/01/16 10:45,-0.9,990.799988,0.3,54,0,0.0,-0.75,24.0,991.79,3.3,235.9,0.0,0.0,0.0,0.0
2019/01/16 11:00,-0.9,990.799988,0.3,112,0,0.0,-0.77,23.91,991.79,3.46,240.35,0.0,0.0,0.0,0.0
2019/01/16 11:15,-0.9,990.799988,0.3,68,0,0.0,-0.74,23.72,991.82,3.57,243.36,0.0,0.0,0.0,0.0
2019/01/16 11:30,-0.9,990.799988,0.3,95,0,0.0,-0.72,23.52,991.93,3.65,246.04,0.0,0.0,0.0,0.0
2019/01/16 11:45,-0.9,990.799988,0.3,75,0,0.0,-0.7,23.37,992.02,3.72,249.79,0.0,0.0,0.0,0.0
2019/01/16 12:00,0.1,990.799988,0.0,331,0,0.0,-0.73,23.37,992.08,3.78,254.16,0.0,0.0,0.0,0.0
2019/01/16 12:15,-0.9,990.799988,1.1,119,0,0.0,-0.8,23.55,992.13,3.82,258.59,0.0,0.0,0.0,0.0
2019/01/16 12:30,0.1,990.799988,0.0,28,0,0.0,-0.91,23.9,992.18,3.81,261.94,0.0,0.0,0.0,0.0
2019/01/16 12:45,-0.9,990.799988,1.3,104,0,0.0,-1.05,24.44,992.23,3.75,263.77,0.0,0.0,0.0,0.0
2019/01/16 13:00,-0.9,990.799988,0.0,49,0,0.0,-1.23,25.25,992.28,3.63,263.59,0.0,0.0,0.0,0.0
2019/01/16 13:15,-0.9,990.799988,0.0,87,0,0.0,-1.44,26.33,992.31,3.47,262.32,0.0,0.0,0.0,0.0
2019/01/16 13:30,-2.0,990.799988,1.1,56,0,0.0,-1.64,27.49,992.3,3.32,260.63,0.0,0.0,0.0,0.0
2019/01/16 13:45,-2.0,990.799988,1.1,86,0,0.0,-1.82,28.52,992.21,3.19,259.27,0.0,0.0,0.0,0.0
2019/01/16 14:00,-2.0,990.799988,2.4,156,0,0.0,-1.97,29.39,992.09,3.09,257.57,0.0,0.0,0.0,0.0
2019/01/16 14:15,-2.0,990.799988,1.3,119,0,0.0,-2.08,30.02,991.98,3.04,256.12,0.0,0.0,0.0,0.0
2019/01/16 14:30,-2.0,990.799988,1.4,123,0,0.0,-2.14,30.41,991.93,3.05,255.47,0.0,0.0,0.0,0.0
2019/01/16 14:45,-2.0,990.799988,1.3,92,0,0.0,-2.18,30.67,991.94,3.1,255.7,0.0,0.0,0.0,0.0
2019/01/16 15:00,-2.0,990.799988,2.4,21,0,0.0,-2.21,30.89,991.95,3.17,256.09,0.0,0.0,0.0,0.0
2019/01/16 15:15,-2.0,990.799988,1.6,118,0,0.0,-2.26,31.14,991.97,3.23,255.84,0.0,0.0,0.0,0.0
2019/01/16 15:30,-2.0,990.799988,0.9,120,0,0.0,-2.32,31.41,992.02,3.28,254.72,0.0,0.0,0.0,0.0
2019/01/16 15:45,-2.0,990.799988,1.1,106,0,0.0,-2.39,31.69,992.07,3.32,253.38,0.0,0.0,0.0,0.0
2019/01/16 16:00,-2.0,990.799988,2.2,120,0,0.0,-1.77,18.19,992.39,4.39,293.07,0.0,0.0,0.0,0.0
2019/01/16 16:15,-2.0,990.799988,1.1,101,0,0.0,-1.76,17.92,992.05,4.9,299.61,0.0,0.0,0.0,0.0
2019/01/16 16:30,-2.0,990.799988,1.1,103,0,0.0,-1.75,17.75,992.19,5.18,301.03,0.0,0.0,0.0,0.0
2019/01/16 16:45,-2.0,990.799988,0.0,56,0,0.0,-1.78,17.81,992.27,5.17,298.91,0.0,0.0,0.0,0.0
2019/01/16 17:00,-2.0,990.799988,1.3,128,0,0.0,-1.86,18.11,992.25,4.95,296.25,0.0,0.0,0.0,0.0
2019/01/16 17:15,-2.0,990.799988,1.1,78,0,0.0,-2.01,18.67,992.03,4.61,291.43,0.0,0.0,0.0,0.0
2019/01/16 17:30,-2.0,990.799988,1.4,88,0,0.0,-2.28,19.83,992.04,4.24,283.52,0.0,0.0,0.0,0.0
2019/01/16 17:45,-2.0,990.799988,1.4,107,0,0.0,-2.65,21.41,991.93,3.95,272.89,0.0,0.0,0.0,0.0
2019/01/16 18:00,-2.0,990.799988,1.4,112,0,0.0,-3.0,23.12,992.03,3.82,261.37,0.0,0.0,0.0,0.0
2019/01/16 18:15,-2.0,990.799988,1.3,103,0,0.0,-3.29,24.62,992.05,3.84,252.81,0.0,0.0,0.0,0.0
2019/01/16 18:30,-2.0,990.799988,1.3,109,0,0.0,-3.5,25.73,992.05,3.93,247.68,0.0,0.0,0.0,0.0
2019/01/16 18:45,-2.0,990.799988,1.3,54,0,0.0,-3.61,26.35,992.31,4.01,244.87,0.0,0.0,0.0,0.0
2019/01/16 19:00,-2.0,990.799988,1.3,110,0,0.0,-3.69,26.69,992.44,4.04,243.05,0.0,0.0,0.0,0.0
2019/01/17 08:00,7.6,989.700012,1.3,206,289,31.68,5.83,14.87,991.81,5.18,133.36,227.24,35.129999999999995,192.11,4.51822
2019/01/17 08:15,7.6,988.599976,1.0,339,58,31.68,5.48,16.58,992.11,5.19,134.34,177.25,31.50999999999999,145.74,3.63731
2019/01/17 08:30,7.6,988.599976,1.3,210,44,25.92,5.16,17.94,992.21,4.97,135.21,143.26,28.579999999999984,114.68,2.600108
2019/01/17 08:45,6.5,988.599976,1.6,324,30,20.16,4.64,19.29,992.21,4.69,135.73,92.24,23.059999999999988,69.18,1.577115
2019/01/17 09:00,6.5,988.599976,1.2,123,16,14.4,4.01,20.6,992.18,4.47,135.51,59.08,18.2,40.88,0.753037
2019/01/17 09:15,5.4,988.599976,1.1,200,0,7.2,3.18,22.0,992.1,4.33,134.82,14.31,7.550000000000001,6.76,0.1847069999999999
2019/01/17 09:30,5.4,988.599976,0.4,38,0,0.0,2.45,23.33,992.05,4.19,133.91,0.0,0.0,0.0,0.0
2019/01/17 09:45,4.3,988.599976,0.4,5,0,0.0,1.85,24.58,992.0,3.93,134.03,0.0,0.0,0.0,0.0
2019/01/17 10:00,3.3,988.599976,0.4,118,0,0.0,1.38,25.6,991.93,3.46,136.69,0.0,0.0,0.0,0.0
2019/01/17 10:15,3.3,988.599976,0.4,52,0,0.0,1.07,26.26,991.89,2.75,143.63,0.0,0.0,0.0,0.0
2019/01/17 10:30,3.3,988.599976,0.4,63,0,0.0,0.84,27.06,991.88,1.86,158.26,0.0,0.0,0.0,0.0
2019/01/17 10:45,2.2,989.700012,0.4,168,0,0.0,0.6,28.11,991.89,1.22,201.46,0.0,0.0,0.0,0.0
2019/01/17 11:00,1.1,989.700012,0.4,54,0,0.0,0.39,29.17,991.86,1.31,275.32,0.0,0.0,0.0,0.0
2019/01/17 11:15,1.1,989.700012,0.4,27,0,0.0,0.22,30.19,991.91,1.96,296.9,0.0,0.0,0.0,0.0
2019/01/17 11:30,2.1,989.700012,0.4,95,0,0.0,0.0,31.41,992.1,2.66,301.47,0.0,0.0,0.0,0.0
2019/01/17 11:45,1.1,989.700012,0.4,127,0,0.0,-0.22,32.62,992.29,3.16,301.96,0.0,0.0,0.0,0.0
2019/01/17 12:00,1.1,989.700012,0.4,129,0,0.0,-0.38,33.43,992.45,3.45,301.62,0.0,0.0,0.0,0.0
2019/01/17 12:15,0.1,989.700012,0.4,67,0,0.0,-0.47,33.88,992.6,3.6,301.23,0.0,0.0,0.0,0.0
2019/01/17 12:30,0.1,989.700012,0.4,30,0,0.0,-0.54,34.06,992.78,3.7,302.25,0.0,0.0,0.0,0.0
2019/01/17 12:45,1.1,989.700012,0.4,29,0,0.0,-0.59,34.01,992.99,3.78,303.55,0.0,0.0,0.0,0.0
2019/01/17 13:00,1.1,989.700012,0.4,20,0,0.0,-0.62,33.94,993.19,3.85,304.59,0.0,0.0,0.0,0.0
2019/01/17 13:15,0.1,989.700012,0.4,128,0,0.0,-0.65,33.78,993.33,3.86,305.2,0.0,0.0,0.0,0.0
2019/01/17 13:30,-0.9,989.700012,0.4,137,0,0.0,-0.68,33.54,993.42,3.82,305.04,0.0,0.0,0.0,0.0
2019/01/17 13:45,-0.9,989.700012,0.4,14,0,0.0,-0.71,33.27,993.4,3.74,303.82,0.0,0.0,0.0,0.0
2019/01/17 14:00,-0.9,989.700012,0.4,56,0,0.0,-0.75,33.02,993.35,3.66,301.8,0.0,0.0,0.0,0.0
2019/01/17 14:15,-0.9,989.700012,0.4,67,0,0.0,-0.77,32.75,993.34,3.59,300.09,0.0,0.0,0.0,0.0
2019/01/17 14:30,-0.9,989.700012,0.4,68,0,0.0,-0.79,32.47,993.33,3.53,298.68,0.0,0.0,0.0,0.0
2019/01/17 14:45,-2.0,989.700012,0.4,62,0,0.0,-0.8,32.21,993.32,3.5,298.16,0.0,0.0,0.0,0.0
2019/01/17 15:00,-2.0,989.700012,0.4,60,0,0.0,-0.79,32.02,993.28,3.48,298.32,0.0,0.0,0.0,0.0
2019/01/17 15:15,-2.0,989.700012,0.5,95,0,0.0,-0.79,31.9,993.23,3.46,298.37,0.0,0.0,0.0,0.0
2019/01/17 15:30,-0.9,989.700012,0.5,123,0,0.0,-0.78,31.88,993.2,3.44,298.23,0.0,0.0,0.0,0.0
2019/01/17 15:45,-2.0,989.700012,0.5,186,0,0.0,-0.78,31.95,993.17,3.42,297.92,0.0,0.0,0.0,0.0
2019/01/17 16:00,-3.1,989.700012,0.5,119,0,0.0,-0.55,23.68,991.22,2.37,288.74,0.0,0.0,0.0,0.0
2019/01/17 16:15,-3.1,989.700012,0.5,24,0,0.0,-0.56,23.75,990.99,2.37,286.32,0.0,0.0,0.0,0.0
2019/01/17 16:30,-3.1,989.700012,0.5,329,0,0.0,-0.52,23.62,991.24,2.31,283.95,0.0,0.0,0.0,0.0
2019/01/17 16:45,-3.1,989.700012,0.5,121,0,0.0,-0.46,23.38,991.34,2.16,281.3,0.0,0.0,0.0,0.0
2019/01/17 17:00,-3.1,989.700012,0.5,71,0,0.0,-0.39,23.06,991.53,2.01,274.29,0.0,0.0,0.0,0.0
2019/01/17 17:15,-3.1,989.700012,0.5,352,0,0.0,-0.36,22.86,991.39,1.94,266.19,0.0,0.0,0.0,0.0
2019/01/17 17:30,-3.1,989.700012,0.5,348,0,0.0,-0.37,22.85,991.33,2.02,258.69,0.0,0.0,0.0,0.0
2019/01/17 17:45,-3.1,990.799988,0.5,80,0,0.0,-0.4,22.97,991.64,2.24,253.79,0.0,0.0,0.0,0.0
2019/01/17 18:00,-3.1,990.799988,0.5,97,0,0.0,-0.48,23.24,991.78,2.5,252.15,0.0,0.0,0.0,0.0
2019/01/17 18:15,-3.1,990.799988,0.5,196,0,0.0,-0.55,23.55,991.88,2.71,252.62,0.0,0.0,0.0,0.0
2019/01/17 18:30,-3.1,990.799988,0.5,235,0,0.0,-0.64,23.91,991.73,2.85,255.68,0.0,0.0,0.0,0.0
2019/01/17 18:45,-3.1,990.799988,0.5,104,0,0.0,-0.73,24.31,991.54,2.96,259.88,0.0,0.0,0.0,0.0
2019/01/17 19:00,-2.0,990.799988,1.6,97,0,0.0,-0.81,24.67,991.47,3.01,261.95,0.0,0.0,0.0,0.0
2019/01/18 08:00,6.4,987.5,0.7,278,239,40.32,4.53,20.91,989.6,3.05,33.27,163.97,30.349999999999994,133.62,4.134598
2019/01/18 08:15,5.3,987.5,0.6,264,43,25.92,4.42,21.6,989.82,2.78,36.52,126.54,26.080000000000013,100.46,1.605531
2019/01/18 08:30,4.2,987.5,0.8,155,37,25.92,4.32,23.5,989.92,2.38,40.2,103.94,22.840000000000003,81.1,1.435032
2019/01/18 08:45,4.2,987.5,0.8,139,31,25.92,3.92,25.32,990.02,2.15,41.56,68.04,19.930000000000007,48.11,0.681996
2019/01/18 09:00,3.2,987.5,0.8,129,0,8.64,3.54,25.92,990.13,2.14,42.26,44.82,14.64,30.18,0.1420819999999999
2019/01/18 09:15,3.2,987.5,0.8,118,0,7.2,3.07,26.38,990.2,2.15,43.32,12.01,6.35,5.66,0.0
2019/01/18 09:30,3.2,987.5,0.8,34,0,0.0,2.64,26.8,990.23,2.11,43.25,0.0,0.0,0.0,0.0
2019/01/18 09:45,3.2,987.5,0.8,150,0,0.0,2.28,27.06,990.25,2.04,41.35,0.0,0.0,0.0,0.0
2019/01/18 10:00,2.1,987.5,0.8,7,0,0.0,1.98,27.14,990.25,1.95,37.33,0.0,0.0,0.0,0.0
2019/01/18 10:15,2.1,987.5,0.8,126,0,0.0,1.75,27.14,990.27,1.87,29.93,0.0,0.0,0.0,0.0
2019/01/18 10:30,2.1,987.5,0.8,28,0,0.0,1.58,27.16,990.29,1.82,19.37,0.0,0.0,0.0,0.0
2019/01/18 10:45,1.1,987.5,0.8,354,0,0.0,1.44,27.27,990.32,1.82,8.18,0.0,0.0,0.0,0.0
2019/01/18 11:00,1.1,987.5,0.8,9,0,0.0,1.32,27.51,990.31,1.88,357.23,0.0,0.0,0.0,0.0
2019/01/18 11:15,1.1,988.599976,0.8,20,0,0.0,1.21,27.78,990.36,1.98,348.11,0.0,0.0,0.0,0.0
2019/01/18 11:30,1.1,988.599976,0.8,83,0,0.0,1.12,28.13,990.54,2.12,340.43,0.0,0.0,0.0,0.0
2019/01/18 11:45,1.1,988.599976,0.8,42,0,0.0,1.0,28.66,990.72,2.3,334.74,0.0,0.0,0.0,0.0
2019/01/18 12:00,1.1,988.599976,0.8,93,0,0.0,0.83,29.4,990.91,2.56,330.45,0.0,0.0,0.0,0.0
2019/01/18 12:15,1.1,988.599976,0.8,94,0,0.0,0.63,30.25,991.13,2.85,326.4,0.0,0.0,0.0,0.0
2019/01/18 12:30,1.1,988.599976,0.8,14,0,0.0,0.42,30.99,991.37,3.11,322.92,0.0,0.0,0.0,0.0
2019/01/18 12:45,0.1,988.599976,0.8,328,0,0.0,0.24,31.44,991.6,3.28,319.89,0.0,0.0,0.0,0.0
2019/01/18 13:00,0.1,988.599976,0.8,154,0,0.0,0.1,31.61,991.81,3.37,317.2,0.0,0.0,0.0,0.0
2019/01/18 13:15,0.1,988.599976,0.8,128,0,0.0,0.0,31.58,991.97,3.41,315.02,0.0,0.0,0.0,0.0
2019/01/18 13:30,0.1,988.599976,0.8,4,0,0.0,-0.08,31.43,992.08,3.43,313.31,0.0,0.0,0.0,0.0
2019/01/18 13:45,0.1,989.700012,0.8,177,0,0.0,-0.15,31.29,992.07,3.43,311.77,0.0,0.0,0.0,0.0
2019/01/18 14:00,0.1,989.700012,0.8,259,0,0.0,-0.21,31.12,992.04,3.41,310.56,0.0,0.0,0.0,0.0
2019/01/18 14:15,0.1,989.700012,0.8,335,0,0.0,-0.22,30.91,992.05,3.37,309.53,0.0,0.0,0.0,0.0
2019/01/18 14:30,-0.9,989.700012,0.8,6,0,0.0,-0.25,30.7,992.08,3.34,308.83,0.0,0.0,0.0,0.0
2019/01/18 14:45,-0.9,989.700012,0.8,78,0,0.0,-0.27,30.48,992.1,3.32,308.83,0.0,0.0,0.0,0.0
2019/01/18 15:00,-0.9,989.700012,0.8,19,0,0.0,-0.27,30.24,992.16,3.32,309.24,0.0,0.0,0.0,0.0
2019/01/18 15:15,0.1,989.700012,0.8,110,0,0.0,-0.24,29.98,992.24,3.34,309.18,0.0,0.0,0.0,0.0
2019/01/18 15:30,0.1,989.700012,0.8,15,0,0.0,-0.24,29.75,992.31,3.38,308.83,0.0,0.0,0.0,0.0
2019/01/18 15:45,0.1,989.700012,0.8,291,0,0.0,-0.23,29.51,992.36,3.45,309.14,0.0,0.0,0.0,0.0
2019/01/18 16:00,0.1,989.700012,0.8,88,0,0.0,-0.7,26.27,991.31,3.26,314.12,0.0,0.0,0.0,0.0
2019/01/18 16:15,-0.9,989.700012,0.8,279,0,0.0,-0.69,26.23,991.64,3.3,309.23,0.0,0.0,0.0,0.0
2019/01/18 16:30,-0.9,989.700012,0.8,67,0,0.0,-0.7,26.23,991.52,3.28,307.24,0.0,0.0,0.0,0.0
2019/01/18 16:45,-0.9,989.700012,0.8,82,0,0.0,-0.7,26.29,991.6,3.2,304.61,0.0,0.0,0.0,0.0
2019/01/18 17:00,-0.9,989.700012,0.8,128,0,0.0,-0.69,26.37,991.8,3.12,303.98,0.0,0.0,0.0,0.0
2019/01/18 17:15,-0.9,989.700012,0.8,121,0,0.0,-0.67,26.49,991.96,3.07,303.94,0.0,0.0,0.0,0.0
2019/01/18 17:30,-0.9,989.700012,0.8,53,0,0.0,-0.66,26.66,991.98,3.07,305.31,0.0,0.0,0.0,0.0
2019/01/18 17:45,-0.9,989.700012,0.8,119,0,0.0,-0.68,26.86,991.95,3.06,306.84,0.0,0.0,0.0,0.0
2019/01/18 18:00,-0.9,989.700012,0.8,76,0,0.0,-0.68,27.01,992.26,3.01,307.49,0.0,0.0,0.0,0.0
2019/01/18 18:15,-0.9,989.700012,0.8,87,0,0.0,-0.68,27.25,992.21,2.95,309.91,0.0,0.0,0.0,0.0
2019/01/18 18:30,-0.9,989.700012,0.8,131,0,0.0,-0.72,27.62,992.36,2.95,316.8,0.0,0.0,0.0,0.0
2019/01/18 18:45,-0.9,989.700012,0.8,129,0,0.0,-0.77,28.24,992.51,3.0,326.61,0.0,0.0,0.0,0.0
2019/01/18 19:00,-0.9,990.799988,0.8,153,0,0.0,-0.84,29.13,992.67,3.04,337.32,0.0,0.0,0.0,0.0
2019/01/19 08:00,3.2,991.900024,1.1,236,156,73.440002,2.02,24.19,994.23,0.32,194.64,104.8,16.769999999999996,88.03,2.443817
2019/01/19 08:15,3.2,991.900024,1.1,124,72,56.16,2.02,24.16,994.47,0.43,175.87,82.39,15.019999999999996,67.37,1.406616
2019/01/19 08:30,3.2,991.900024,1.1,282,74,59.040001,2.08,24.62,994.57,0.52,154.0,67.16,13.819999999999991,53.34,1.321366
2019/01/19 08:45,3.2,991.900024,0.0,347,48,38.880001,2.06,26.37,994.61,0.66,131.86,44.27,11.260000000000003,33.01,1.079826
2019/01/19 09:00,3.2,991.900024,0.4,339,40,34.560001,1.89,26.41,994.65,0.87,122.89,29.18,9.07,20.11,0.710412
2019/01/19 09:15,3.2,991.900024,0.4,223,10,10.08,1.65,26.66,994.68,1.09,119.77,8.46,4.290000000000001,4.17,0.0
2019/01/19 09:30,3.2,991.900024,0.4,13,0,0.0,1.42,27.14,994.71,1.25,118.07,0.0,0.0,0.0,0.0
2019/01/19 09:45,2.1,991.900024,0.4,93,0,0.0,1.22,27.67,994.76,1.33,117.0,0.0,0.0,0.0,0.0
2019/01/19 10:00,2.1,991.900024,0.4,138,0,0.0,1.04,28.18,994.8,1.32,117.91,0.0,0.0,0.0,0.0
2019/01/19 10:15,2.1,991.900024,0.4,128,0,0.0,0.89,28.61,994.83,1.25,122.85,0.0,0.0,0.0,0.0
2019/01/19 10:30,2.1,991.900024,0.4,336,0,0.0,0.75,29.01,994.82,1.16,132.64,0.0,0.0,0.0,0.0
2019/01/19 10:45,1.1,991.900024,0.4,162,0,0.0,0.63,29.35,994.73,1.09,148.71,0.0,0.0,0.0,0.0
2019/01/19 11:00,1.1,991.900024,0.4,338,0,0.0,0.51,29.63,994.65,1.06,166.58,0.0,0.0,0.0,0.0
2019/01/19 11:15,1.1,993.0,0.4,9,0,0.0,0.41,29.9,994.68,1.06,184.87,0.0,0.0,0.0,0.0
2019/01/19 11:30,1.1,993.0,0.4,22,0,0.0,0.32,30.23,994.88,1.11,203.09,0.0,0.0,0.0,0.0
2019/01/19 11:45,1.1,993.0,0.4,21,0,0.0,0.23,30.52,995.09,1.19,218.03,0.0,0.0,0.0,0.0
2019/01/19 12:00,0.1,993.0,0.4,135,0,0.0,0.16,30.82,995.28,1.29,228.37,0.0,0.0,0.0,0.0
2019/01/19 12:15,0.1,993.0,0.4,5,0,0.0,0.11,31.08,995.51,1.39,236.02,0.0,0.0,0.0,0.0
2019/01/19 12:30,0.1,993.0,0.4,0,0,0.0,0.07,31.32,995.77,1.48,243.27,0.0,0.0,0.0,0.0
2019/01/19 12:45,-0.9,993.0,0.4,129,0,0.0,0.04,31.56,996.06,1.55,250.47,0.0,0.0,0.0,0.0
2019/01/19 13:00,-0.9,994.099976,0.4,142,0,0.0,0.01,31.79,996.33,1.64,256.44,0.0,0.0,0.0,0.0
2019/01/19 13:15,-0.9,994.099976,0.4,117,0,0.0,-0.02,32.12,996.54,1.78,260.73,0.0,0.0,0.0,0.0
2019/01/19 13:30,-0.9,994.099976,0.4,133,0,0.0,-0.09,32.62,996.68,1.98,264.0,0.0,0.0,0.0,0.0
2019/01/19 13:45,-0.9,994.099976,0.4,350,0,0.0,-0.2,33.34,996.61,2.22,267.32,0.0,0.0,0.0,0.0
2019/01/19 14:00,-0.9,994.099976,0.4,29,0,0.0,-0.32,34.17,996.58,2.48,271.73,0.0,0.0,0.0,0.0
2019/01/19 14:15,-0.9,995.200012,0.4,145,0,0.0,-0.44,35.01,996.6,2.72,276.65,0.0,0.0,0.0,0.0
2019/01/19 14:30,-2.0,995.200012,0.4,118,0,0.0,-0.55,35.81,996.63,2.93,281.61,0.0,0.0,0.0,0.0
2019/01/19 14:45,-2.0,995.200012,0.4,2,0,0.0,-0.63,36.47,996.67,3.09,285.97,0.0,0.0,0.0,0.0
2019/01/19 15:00,-2.0,995.200012,0.4,36,0,0.0,-0.69,36.92,996.74,3.22,288.98,0.0,0.0,0.0,0.0
2019/01/19 15:15,-2.0,995.200012,0.4,106,0,0.0,-0.72,37.25,996.84,3.34,291.08,0.0,0.0,0.0,0.0
2019/01/19 15:30,-2.0,995.200012,0.4,86,0,0.0,-0.74,37.46,996.93,3.45,293.14,0.0,0.0,0.0,0.0
2019/01/19 15:45,-2.0,995.200012,0.4,76,0,0.0,-0.72,37.45,997.05,3.56,296.48,0.0,0.0,0.0,0.0
2019/01/19 16:00,-2.0,995.200012,0.4,141,0,0.0,-0.6,31.2,997.44,2.07,332.69,0.0,0.0,0.0,0.0
2019/01/19 16:15,-3.1,995.200012,0.4,39,0,0.0,-0.64,31.69,997.49,2.05,326.59,0.0,0.0,0.0,0.0
2019/01/19 16:30,-3.1,995.200012,0.4,7,0,0.0,-0.68,32.13,997.6,2.14,317.0,0.0,0.0,0.0,0.0
2019/01/19 16:45,-3.1,996.299988,0.4,84,0,0.0,-0.73,32.56,997.71,2.33,306.21,0.0,0.0,0.0,0.0
2019/01/19 17:00,-2.0,996.299988,0.4,9,0,0.0,-0.8,33.02,997.73,2.54,299.44,0.0,0.0,0.0,0.0
2019/01/19 17:15,-2.0,996.299988,1.5,74,0,0.0,-0.84,33.29,997.75,2.73,298.71,0.0,0.0,0.0,0.0
2019/01/19 17:30,-2.0,996.299988,0.3,90,0,0.0,-0.8,33.01,997.78,2.8,303.37,0.0,0.0,0.0,0.0
2019/01/19 17:45,-2.0,996.299988,0.6,102,0,0.0,-0.66,32.2,997.85,2.74,312.53,0.0,0.0,0.0,0.0
2019/01/19 18:00,-3.1,996.299988,1.7,21,0,0.0,-0.49,31.24,997.81,2.7,327.43,0.0,0.0,0.0,0.0
2019/01/19 18:15,-3.1,996.299988,1.7,169,0,0.0,-0.4,30.88,997.97,2.89,346.46,0.0,0.0,0.0,0.0
2019/01/19 18:30,-3.1,996.299988,0.8,124,0,0.0,-0.46,31.49,998.05,3.27,0.23,0.0,0.0,0.0,0.0
2019/01/19 18:45,-3.1,996.299988,2.2,112,0,0.0,-0.63,32.89,998.22,3.65,4.72,0.0,0.0,0.0,0.0
2019/01/19 19:00,-3.1,996.299988,0.8,25,0,0.0,-0.82,34.61,998.32,3.95,4.38,0.0,0.0,0.0,0.0
2019/01/20 08:00,6.4,996.299988,0.0,259,346,27.360001,3.56,19.78,999.28,0.67,33.07,237.29,35.81,201.48,4.177223000000001
2019/01/20 08:15,6.4,996.299988,0.8,340,49,23.040001,3.51,19.89,999.38,0.55,75.56,187.46,32.31,155.15,3.06898
2019/01/20 08:30,5.3,996.299988,0.8,350,37,20.16,3.5,20.78,999.3,0.67,123.64,153.38,29.47999999999999,123.9,2.145444
2019/01/20 08:45,4.2,996.299988,0.8,100,23,14.4,3.33,21.93,999.12,0.96,145.24,101.9,24.200000000000003,77.7,1.122451
2019/01/20 09:00,4.2,996.299988,0.8,127,11,8.64,3.1,22.45,998.93,1.31,157.9,68.19,19.62,48.57,0.340998
2019/01/20 09:15,3.2,996.299988,0.8,111,0,0.0,2.75,23.17,998.74,1.66,167.76,21.57,9.83,11.74,0.0
2019/01/20 09:30,3.2,996.299988,0.8,122,0,0.0,2.32,24.2,998.51,2.0,177.83,0.0,0.0,0.0,0.0
2019/01/20 09:45,2.1,996.299988,0.8,154,0,0.0,1.88,25.4,998.3,2.39,188.43,0.0,0.0,0.0,0.0
2019/01/20 10:00,1.1,996.299988,0.8,322,0,0.0,1.43,26.68,998.12,2.81,198.65,0.0,0.0,0.0,0.0
2019/01/20 10:15,1.1,996.299988,0.8,122,0,0.0,1.01,27.8,997.99,3.2,210.3,0.0,0.0,0.0,0.0
2019/01/20 10:30,1.1,996.299988,0.8,40,0,0.0,0.65,28.66,997.89,3.44,220.86,0.0,0.0,0.0,0.0
2019/01/20 10:45,1.1,996.299988,0.8,151,0,0.0,0.34,29.2,997.8,3.53,229.08,0.0,0.0,0.0,0.0
2019/01/20 11:00,0.1,996.299988,0.8,92,0,0.0,0.11,29.48,997.66,3.52,237.59,0.0,0.0,0.0,0.0
2019/01/20 11:15,2.1,996.299988,0.8,101,0,0.0,0.0,29.57,997.53,3.6,250.45,0.0,0.0,0.0,0.0
2019/01/20 11:30,2.1,996.299988,0.8,67,0,0.0,0.07,29.26,997.5,4.03,265.88,0.0,0.0,0.0,0.0
2019/01/20 11:45,2.1,996.299988,0.8,101,0,0.0,0.24,28.83,997.51,4.76,277.32,0.0,0.0,0.0,0.0
2019/01/20 12:00,2.1,996.299988,1.8,100,0,0.0,0.35,28.78,997.48,5.45,282.38,0.0,0.0,0.0,0.0
2019/01/20 12:15,2.1,996.299988,1.0,108,0,0.0,0.4,28.89,997.43,5.91,283.34,0.0,0.0,0.0,0.0
2019/01/20 12:30,1.1,996.299988,0.3,101,0,0.0,0.45,28.77,997.38,6.17,282.53,0.0,0.0,0.0,0.0
2019/01/20 12:45,1.1,996.299988,1.3,102,0,0.0,0.46,28.64,997.34,6.31,280.79,0.0,0.0,0.0,0.0
2019/01/20 13:00,1.1,996.299988,1.3,79,0,0.0,0.48,28.33,997.28,6.4,279.27,0.0,0.0,0.0,0.0
2019/01/20 13:15,1.1,996.299988,1.1,94,0,0.0,0.5,28.04,997.19,6.47,278.18,0.0,0.0,0.0,0.0
2019/01/20 13:30,1.1,996.299988,1.3,82,0,0.0,0.48,27.82,997.04,6.5,277.46,0.0,0.0,0.0,0.0
2019/01/20 13:45,1.1,996.299988,1.2,97,0,0.0,0.46,27.61,996.74,6.54,276.89,0.0,0.0,0.0,0.0
2019/01/20 14:00,1.1,996.299988,1.3,76,0,0.0,0.44,27.36,996.46,6.58,276.72,0.0,0.0,0.0,0.0
2019/01/20 14:15,1.1,996.299988,1.3,110,0,0.0,0.41,27.12,996.26,6.6,276.8,0.0,0.0,0.0,0.0
2019/01/20 14:30,1.1,996.299988,0.6,14,0,0.0,0.35,26.95,996.1,6.56,276.92,0.0,0.0,0.0,0.0
2019/01/20 14:45,0.1,996.299988,0.6,144,0,0.0,0.3,26.8,995.93,6.47,277.12,0.0,0.0,0.0,0.0
2019/01/20 15:00,0.1,996.299988,0.8,92,0,0.0,0.23,26.69,995.75,6.35,276.96,0.0,0.0,0.0,0.0
2019/01/20 15:15,0.1,996.299988,0.8,123,0,0.0,0.17,26.57,995.58,6.2,276.23,0.0,0.0,0.0,0.0
2019/01/20 15:30,0.1,996.299988,0.7,71,0,0.0,0.1,26.54,995.46,6.03,274.49,0.0,0.0,0.0,0.0
2019/01/20 15:45,0.1,996.299988,1.1,111,0,0.0,0.04,26.53,995.36,5.91,272.29,0.0,0.0,0.0,0.0
2019/01/20 16:00,0.1,996.299988,0.0,128,0,0.0,-0.48,21.06,996.59,5.06,288.58,0.0,0.0,0.0,0.0
2019/01/20 16:15,-0.9,996.299988,1.1,125,0,0.0,-0.56,21.4,996.47,4.67,279.77,0.0,0.0,0.0,0.0
2019/01/20 16:30,-0.9,995.200012,1.7,74,0,0.0,-0.6,21.59,996.27,4.45,271.38,0.0,0.0,0.0,0.0
2019/01/20 16:45,0.1,995.200012,1.3,52,0,0.0,-0.67,21.87,996.02,4.39,263.31,0.0,0.0,0.0,0.0
2019/01/20 17:00,0.1,995.200012,1.5,315,0,0.0,-0.74,22.2,995.61,4.5,255.61,0.0,0.0,0.0,0.0
2019/01/20 17:15,0.1,995.200012,1.9,87,0,0.0,-0.74,22.28,995.26,4.81,252.99,0.0,0.0,0.0,0.0
2019/01/20 17:30,0.1,994.099976,0.7,32,0,0.0,-0.68,22.13,995.18,5.26,252.29,0.0,0.0,0.0,0.0
2019/01/20 17:45,0.1,994.099976,0.7,128,0,0.0,-0.63,21.93,994.67,5.76,252.47,0.0,0.0,0.0,0.0
2019/01/20 18:00,0.1,994.099976,1.0,178,0,0.0,-0.56,21.66,994.11,6.28,254.51,0.0,0.0,0.0,0.0
2019/01/20 18:15,0.1,994.099976,1.8,41,0,0.0,-0.45,21.29,993.7,6.78,257.67,0.0,0.0,0.0,0.0
2019/01/20 18:30,0.1,994.099976,2.5,349,0,0.0,-0.32,20.83,993.5,7.29,260.95,0.0,0.0,0.0,0.0
2019/01/20 18:45,0.1,994.099976,1.7,88,0,0.0,-0.22,20.44,993.22,7.77,263.39,0.0,0.0,0.0,0.0
2019/01/20 19:00,0.1,994.099976,1.7,19,0,0.0,-0.15,20.17,993.09,8.15,265.33,0.0,0.0,0.0,0.0
2019/01/21 08:00,9.7,987.5,0.7,162,356,32.400002,8.77,13.91,989.1,1.22,335.38,240.72,35.77000000000001,204.95,5.32809
2019/01/21 08:15,9.7,987.5,0.8,81,54,27.360001,8.72,14.87,989.27,0.9,328.5,190.68,32.33000000000001,158.35,4.333513
2019/01/21 08:30,8.6,987.5,0.8,309,40,24.48,8.57,15.45,989.28,0.66,312.88,156.53,29.590000000000003,126.94,3.012147
2019/01/21 08:45,7.6,987.5,0.5,116,28,20.16,8.32,15.55,989.23,0.63,283.22,104.94,24.429999999999996,80.51,1.946529
2019/01/21 09:00,7.6,987.5,0.5,321,18,14.4,8.03,16.01,989.22,0.8,257.04,71.1,19.96999999999999,51.13,1.008785
2019/01/21 09:15,7.6,987.5,0.5,302,0,8.64,7.53,16.8,989.19,1.13,243.53,24.02,10.49,13.53,0.326789
2019/01/21 09:30,6.5,987.5,0.5,103,0,0.0,6.87,17.96,989.14,1.61,237.11,0.88,0.8200000000000001,0.06,0.0
2019/01/21 09:45,5.4,987.5,0.5,102,0,0.0,6.02,19.62,989.1,2.17,233.88,0.0,0.0,0.0,0.0
2019/01/21 10:00,6.5,987.5,0.5,115,0,0.0,5.1,21.73,989.07,2.67,232.72,0.0,0.0,0.0,0.0
2019/01/21 10:15,6.5,987.5,0.6,118,0,0.0,4.31,23.7,989.04,2.94,235.93,0.0,0.0,0.0,0.0
2019/01/21 10:30,5.4,987.5,1.5,115,0,0.0,3.77,25.18,988.98,3.01,243.79,0.0,0.0,0.0,0.0
2019/01/21 10:45,5.4,987.5,1.9,122,0,0.0,3.44,26.1,988.84,3.07,256.77,0.0,0.0,0.0,0.0
2019/01/21 11:00,5.4,987.5,1.9,115,0,0.0,3.19,26.86,988.72,3.18,269.22,0.0,0.0,0.0,0.0
2019/01/21 11:15,5.4,987.5,0.9,123,0,0.0,3.01,27.27,988.67,3.32,278.84,0.0,0.0,0.0,0.0
2019/01/21 11:30,4.3,987.5,2.1,100,0,0.0,2.81,27.69,988.73,3.4,284.21,0.0,0.0,0.0,0.0
2019/01/21 11:45,4.3,987.5,1.4,139,0,0.0,2.64,28.01,988.85,3.45,286.47,0.0,0.0,0.0,0.0
2019/01/21 12:00,4.3,987.5,2.4,138,0,0.0,2.49,28.15,988.96,3.49,287.13,0.0,0.0,0.0,0.0
2019/01/21 12:15,4.3,987.5,2.5,92,0,0.0,2.38,28.15,989.07,3.55,286.72,0.0,0.0,0.0,0.0
2019/01/21 12:30,4.3,987.5,1.2,61,0,0.0,2.29,28.05,989.19,3.65,286.26,0.0,0.0,0.0,0.0
2019/01/21 12:45,4.3,987.5,1.1,117,0,0.0,2.23,27.89,989.3,3.78,285.95,0.0,0.0,0.0,0.0
2019/01/21 13:00,4.3,987.5,1.1,49,0,0.0,2.17,27.67,989.41,3.94,285.73,0.0,0.0,0.0,0.0
2019/01/21 13:15,3.3,987.5,0.0,109,0,0.0,2.14,27.31,989.48,4.12,286.27,0.0,0.0,0.0,0.0
2019/01/21 13:30,3.3,987.5,1.7,85,0,0.0,2.09,27.07,989.51,4.23,285.73,0.0,0.0,0.0,0.0
2019/01/21 13:45,3.3,987.5,0.7,105,0,0.0,2.0,26.95,989.43,4.25,283.29,0.0,0.0,0.0,0.0
2019/01/21 14:00,3.3,987.5,1.8,57,0,0.0,1.88,26.95,989.29,4.2,278.81,0.0,0.0,0.0,0.0
2019/01/21 14:15,3.3,987.5,1.1,114,0,0.0,1.74,27.12,989.19,4.13,272.47,0.0,0.0,0.0,0.0
2019/01/21 14:30,3.3,987.5,0.7,110,0,0.0,1.59,27.39,989.09,4.06,265.84,0.0,0.0,0.0,0.0
2019/01/21 14:45,3.3,987.5,0.7,90,0,0.0,1.45,27.73,989.02,3.99,258.9,0.0,0.0,0.0,0.0
2019/01/21 15:00,3.3,987.5,0.6,54,0,0.0,1.31,28.15,988.93,3.96,251.79,0.0,0.0,0.0,0.0
2019/01/21 15:15,3.3,987.5,1.6,102,0,0.0,1.21,28.48,988.84,4.01,245.57,0.0,0.0,0.0,0.0
2019/01/21 15:30,3.3,987.5,0.8,136,0,0.0,1.15,28.73,988.75,4.14,240.05,0.0,0.0,0.0,0.0
2019/01/21 15:45,3.3,987.5,1.7,121,0,0.0,1.11,28.92,988.68,4.31,236.59,0.0,0.0,0.0,0.0
2019/01/21 16:00,3.3,987.5,0.6,135,0,0.0,0.56,25.3,989.31,4.81,251.32,0.0,0.0,0.0,0.0
2019/01/21 16:15,3.3,987.5,1.2,136,0,0.0,0.39,26.21,989.39,5.11,236.67,0.0,0.0,0.0,0.0
2019/01/21 16:30,3.3,987.5,1.7,127,0,0.0,0.34,26.74,989.34,5.62,230.54,0.0,0.0,0.0,0.0
2019/01/21 16:45,3.3,987.5,1.7,142,0,0.0,0.38,26.98,989.14,6.09,229.07,0.0,0.0,0.0,0.0
2019/01/21 17:00,2.2,987.5,0.8,179,0,0.0,0.48,26.98,988.98,6.42,228.38,0.0,0.0,0.0,0.0
2019/01/21 17:15,2.2,987.5,2.3,129,0,0.0,0.6,26.84,988.8,6.66,227.87,0.0,0.0,0.0,0.0
2019/01/21 17:30,2.2,987.5,1.3,51,0,0.0,0.75,26.59,988.6,6.86,228.73,0.0,0.0,0.0,0.0
2019/01/21 17:45,2.2,987.5,1.1,71,0,0.0,0.87,26.33,988.16,7.02,229.57,0.0,0.0,0.0,0.0
2019/01/21 18:00,2.2,987.5,1.2,34,0,0.0,0.99,26.07,987.92,7.11,230.69,0.0,0.0,0.0,0.0
2019/01/21 18:15,2.2,987.5,1.7,73,0,0.0,1.1,25.83,987.8,7.11,232.77,0.0,0.0,0.0,0.0
2019/01/21 18:30,2.2,987.5,1.9,39,0,0.0,1.19,25.64,987.83,6.99,236.13,0.0,0.0,0.0,0.0
2019/01/21 18:45,2.2,987.5,2.4,154,0,0.0,1.22,25.6,987.69,6.75,239.55,0.0,0.0,0.0,0.0
2019/01/21 19:00,2.2,987.5,1.7,109,0,0.0,1.21,25.63,987.58,6.44,242.25,0.0,0.0,0.0,0.0
2019/01/22 08:00,14.1,983.099976,0.0,53,343,31.68,10.02,15.75,986.34,1.15,116.83,243.39,35.879999999999995,207.51,5.242841
2019/01/22 08:15,14.1,983.099976,0.0,40,56,28.08,10.15,16.58,986.49,1.18,128.87,193.57,32.48999999999998,161.08,4.163014
2019/01/22 08:30,14.1,983.099976,0.8,113,44,23.76,10.1,17.87,986.55,1.15,137.91,159.49,29.79000000000002,129.7,3.026355
2019/01/22 08:45,13.0,983.099976,0.0,119,32,20.879999,9.94,17.43,986.58,1.14,145.42,107.93,24.74000000000001,83.19,1.932321
2019/01/22 09:00,13.0,983.099976,0.0,92,20,16.559998999999998,9.79,17.31,986.62,1.1,152.12,74.03,20.39,53.64,1.008785
2019/01/22 09:15,11.9,983.099976,0.0,40,0,9.360001,9.54,17.34,986.67,1.02,156.79,26.58,11.189999999999998,15.39,0.3694139999999999
2019/01/22 09:30,10.8,983.099976,0.0,133,0,0.0,9.29,17.41,986.7,0.97,161.7,2.24,1.87,0.37,0.0
2019/01/22 09:45,10.8,983.099976,0.0,110,0,0.0,9.09,17.57,986.7,1.0,169.76,0.0,0.0,0.0,0.0
2019/01/22 10:00,10.8,983.099976,0.0,118,0,0.0,8.88,17.96,986.71,1.23,183.48,0.0,0.0,0.0,0.0
2019/01/22 10:15,8.6,984.200012,0.0,97,0,0.0,8.44,18.95,986.73,1.69,202.27,0.0,0.0,0.0,0.0
2019/01/22 10:30,7.6,984.200012,0.0,142,0,0.0,7.58,20.83,986.76,2.3,220.02,0.0,0.0,0.0,0.0
2019/01/22 10:45,7.6,984.200012,1.1,116,0,0.0,6.53,23.14,986.74,2.86,235.59,0.0,0.0,0.0,0.0
2019/01/22 11:00,7.6,984.200012,0.0,143,0,0.0,5.65,25.08,986.78,3.25,249.05,0.0,0.0,0.0,0.0
2019/01/22 11:15,6.5,984.200012,0.0,144,0,0.0,4.98,26.51,986.86,3.58,258.97,0.0,0.0,0.0,0.0
2019/01/22 11:30,7.6,984.200012,0.0,79,0,0.0,4.5,27.56,987.05,3.85,263.62,0.0,0.0,0.0,0.0
2019/01/22 11:45,6.5,985.299988,0.0,43,0,0.0,4.13,28.36,987.23,3.98,264.87,0.0,0.0,0.0,0.0
2019/01/22 12:00,7.6,985.299988,0.0,19,0,0.0,3.82,28.9,987.37,3.98,264.93,0.0,0.0,0.0,0.0
2019/01/22 12:15,8.6,985.299988,0.0,79,0,0.0,3.56,29.29,987.53,3.91,264.67,0.0,0.0,0.0,0.0
2019/01/22 12:30,6.5,985.299988,0.0,182,0,0.0,3.33,29.62,987.71,3.81,264.53,0.0,0.0,0.0,0.0
2019/01/22 12:45,5.4,985.299988,1.1,125,0,0.0,3.11,29.9,987.91,3.66,264.98,0.0,0.0,0.0,0.0
2019/01/22 13:00,5.4,985.299988,0.0,95,0,0.0,2.91,30.14,988.09,3.46,266.0,0.0,0.0,0.0,0.0
2019/01/22 13:15,6.5,985.299988,1.2,130,0,0.0,2.74,30.34,988.22,3.27,268.44,0.0,0.0,0.0,0.0
2019/01/22 13:30,7.6,985.299988,1.2,84,0,0.0,2.57,30.53,988.28,3.17,272.9,0.0,0.0,0.0,0.0
2019/01/22 13:45,7.6,985.299988,0.0,123,0,0.0,2.41,30.68,988.26,3.13,277.48,0.0,0.0,0.0,0.0
2019/01/22 14:00,4.3,985.299988,0.0,128,0,0.0,2.28,30.77,988.25,3.13,281.43,0.0,0.0,0.0,0.0
2019/01/22 14:15,4.3,985.299988,0.0,128,0,0.0,2.15,30.79,988.29,3.13,284.31,0.0,0.0,0.0,0.0
2019/01/22 14:30,3.3,985.299988,0.0,139,0,0.0,2.02,30.79,988.37,3.14,284.9,0.0,0.0,0.0,0.0
2019/01/22 14:45,3.3,985.299988,0.0,118,0,0.0,1.9,30.79,988.43,3.18,283.96,0.0,0.0,0.0,0.0
2019/01/22 15:00,3.3,985.299988,0.0,41,0,0.0,1.8,30.72,988.5,3.22,282.17,0.0,0.0,0.0,0.0
2019/01/22 15:15,3.3,986.400024,0.0,339,0,0.0,1.74,30.53,988.59,3.24,279.93,0.0,0.0,0.0,0.0
2019/01/22 15:30,3.3,986.400024,0.0,55,0,0.0,1.68,30.38,988.69,3.23,277.44,0.0,0.0,0.0,0.0
2019/01/22 15:45,5.4,986.400024,1.3,121,0,0.0,1.63,30.23,988.8,3.2,274.26,0.0,0.0,0.0,0.0
2019/01/22 16:00,5.4,986.400024,0.5,65,0,0.0,1.13,29.55,988.3,2.57,246.73,0.0,0.0,0.0,0.0
2019/01/22 16:15,5.4,986.400024,1.6,124,0,0.0,1.07,29.47,988.32,2.79,248.16,0.0,0.0,0.0,0.0
2019/01/22 16:30,5.4,986.400024,0.7,77,0,0.0,1.03,29.34,988.4,3.04,250.38,0.0,0.0,0.0,0.0
2019/01/22 16:45,5.4,986.400024,0.8,125,0,0.0,1.01,29.19,988.6,3.29,253.59,0.0,0.0,0.0,0.0
2019/01/22 17:00,4.3,986.400024,1.7,122,0,0.0,0.96,29.11,988.58,3.51,257.88,0.0,0.0,0.0,0.0
2019/01/22 17:15,2.2,986.400024,0.7,133,0,0.0,0.93,29.02,988.29,3.66,259.9,0.0,0.0,0.0,0.0
2019/01/22 17:30,4.3,986.400024,1.7,93,0,0.0,0.92,28.91,988.37,3.74,258.59,0.0,0.0,0.0,0.0
2019/01/22 17:45,4.3,986.400024,0.7,106,0,0.0,0.91,28.82,988.54,3.83,255.21,0.0,0.0,0.0,0.0
2019/01/22 18:00,1.1,986.400024,0.7,120,0,0.0,0.89,28.8,988.62,3.94,252.22,0.0,0.0,0.0,0.0
2019/01/22 18:15,1.1,986.400024,0.7,19,0,0.0,0.9,28.73,988.93,4.06,250.72,0.0,0.0,0.0,0.0
2019/01/22 18:30,3.2,986.400024,1.7,92,0,0.0,0.89,28.65,989.03,4.19,248.99,0.0,0.0,0.0,0.0
2019/01/22 18:45,3.2,986.400024,1.7,100,0,0.0,0.88,28.59,989.02,4.27,247.86,0.0,0.0,0.0,0.0
2019/01/22 19:00,3.2,986.400024,1.7,41,0,0.0,0.86,28.5,989.23,4.28,247.47,0.0,0.0,0.0,0.0
2019/01/23 08:00,9.7,988.599976,1.1,275,267,46.799999,6.76,24.95,991.98,3.96,80.09,244.85,36.16,208.69,4.333513
2019/01/23 08:15,8.6,988.599976,1.4,280,69,42.48,6.61,25.39,992.19,3.86,80.49,195.36,32.81,162.55,3.267895
2019/01/23 08:30,8.6,988.599976,0.5,157,53,35.279999,6.45,25.86,992.26,3.57,81.35,161.49,30.120000000000005,131.37,2.188069
2019/01/23 08:45,8.6,988.599976,0.5,202,37,26.639999,6.27,27.56,992.32,2.99,82.17,110.18,25.13000000000001,85.05,1.392408
2019/01/23 09:00,7.6,988.599976,0.0,141,21,19.440001,5.93,29.57,992.36,2.48,82.1,76.4,20.85000000000001,55.55,0.7246199999999999
2019/01/23 09:15,7.6,988.599976,0.0,167,0,10.8,5.45,30.6,992.36,2.28,81.71,28.93,11.87,17.06,0.227332
2019/01/23 09:30,6.5,988.599976,0.0,2,0,0.0,5.09,31.22,992.35,2.13,80.88,3.83,2.8600000000000003,0.97,0.0
2019/01/23 09:45,6.5,988.599976,0.0,23,0,0.0,4.82,31.66,992.32,1.9,79.57,0.0,0.0,0.0,0.0
2019/01/23 10:00,6.5,988.599976,0.0,33,0,0.0,4.61,31.91,992.27,1.66,77.9,0.0,0.0,0.0,0.0
2019/01/23 10:15,5.4,988.599976,0.0,101,0,0.0,4.41,32.15,992.24,1.4,75.26,0.0,0.0,0.0,0.0
2019/01/23 10:30,5.4,988.599976,0.0,146,0,0.0,4.25,32.32,992.23,1.11,69.42,0.0,0.0,0.0,0.0
2019/01/23 10:45,5.4,989.700012,0.0,345,0,0.0,4.08,32.61,992.23,0.81,57.41,0.0,0.0,0.0,0.0
2019/01/23 11:00,4.3,989.700012,0.0,345,0,0.0,3.93,32.85,992.23,0.6,31.83,0.0,0.0,0.0,0.0
2019/01/23 11:15,4.3,989.700012,0.0,78,0,0.0,3.8,33.08,992.28,0.56,348.58,0.0,0.0,0.0,0.0
2019/01/23 11:30,4.3,989.700012,0.0,122,0,0.0,3.69,33.33,992.43,0.73,311.83,0.0,0.0,0.0,0.0
2019/01/23 11:45,4.3,989.700012,0.0,334,0,0.0,3.55,33.63,992.58,1.06,294.33,0.0,0.0,0.0,0.0
2019/01/23 12:00,4.3,989.700012,0.0,7,0,0.0,3.33,34.21,992.71,1.44,285.68,0.0,0.0,0.0,0.0
2019/01/23 12:15,3.3,989.700012,0.0,126,0,0.0,3.09,34.82,992.84,1.81,280.78,0.0,0.0,0.0,0.0
2019/01/23 12:30,3.3,989.700012,0.0,112,0,0.0,2.8,35.56,992.97,2.12,278.25,0.0,0.0,0.0,0.0
2019/01/23 12:45,3.3,989.700012,0.0,65,0,0.0,2.55,36.24,993.1,2.35,277.01,0.0,0.0,0.0,0.0
2019/01/23 13:00,2.2,989.700012,0.0,122,0,0.0,2.34,36.71,993.2,2.5,276.82,0.0,0.0,0.0,0.0
2019/01/23 13:15,2.2,989.700012,0.0,94,0,0.0,2.17,37.06,993.27,2.59,277.74,0.0,0.0,0.0,0.0
2019/01/23 13:30,2.2,989.700012,0.0,43,0,0.0,2.03,37.32,993.29,2.62,279.73,0.0,0.0,0.0,0.0
2019/01/23 13:45,2.2,989.700012,0.0,90,0,0.0,1.89,37.55,993.15,2.63,282.26,0.0,0.0,0.0,0.0
2019/01/23 14:00,1.1,989.700012,0.0,41,0,0.0,1.77,37.74,992.99,2.64,285.27,0.0,0.0,0.0,0.0
2019/01/23 14:15,1.1,989.700012,0.0,29,0,0.0,1.66,37.9,992.88,2.64,288.39,0.0,0.0,0.0,0.0
2019/01/23 14:30,1.1,989.700012,0.0,18,0,0.0,1.56,38.04,992.83,2.63,291.31,0.0,0.0,0.0,0.0
2019/01/23 14:45,1.1,989.700012,0.0,93,0,0.0,1.47,38.16,992.77,2.61,293.87,0.0,0.0,0.0,0.0
2019/01/23 15:00,1.1,989.700012,0.0,137,0,0.0,1.38,38.3,992.71,2.6,295.77,0.0,0.0,0.0,0.0
2019/01/23 15:15,0.1,989.700012,0.0,342,0,0.0,1.3,38.44,992.68,2.61,296.66,0.0,0.0,0.0,0.0
2019/01/23 15:30,0.1,989.700012,0.0,98,0,0.0,1.21,38.61,992.67,2.64,296.64,0.0,0.0,0.0,0.0
2019/01/23 15:45,0.1,989.700012,0.0,37,0,0.0,1.12,38.8,992.67,2.7,295.82,0.0,0.0,0.0,0.0
2019/01/23 16:00,0.1,989.700012,0.0,137,0,0.0,1.86,33.12,990.26,2.35,280.08,0.0,0.0,0.0,0.0
2019/01/23 16:15,0.1,989.700012,0.0,102,0,0.0,1.84,33.05,990.3,2.29,281.82,0.0,0.0,0.0,0.0
2019/01/23 16:30,-0.9,989.700012,0.0,142,0,0.0,1.83,32.96,990.36,2.19,284.02,0.0,0.0,0.0,0.0
2019/01/23 16:45,-0.9,989.700012,1.1,158,0,0.0,1.84,32.81,990.54,2.05,283.84,0.0,0.0,0.0,0.0
2019/01/23 17:00,-0.9,989.700012,0.0,26,0,0.0,1.84,32.71,990.78,1.91,281.9,0.0,0.0,0.0,0.0
2019/01/23 17:15,-0.9,989.700012,0.0,65,0,0.0,1.83,32.61,990.91,1.84,283.74,0.0,0.0,0.0,0.0
2019/01/23 17:30,-0.9,989.700012,1.0,127,0,0.0,1.8,32.55,990.77,1.82,290.69,0.0,0.0,0.0,0.0
2019/01/23 17:45,-0.9,989.700012,1.0,80,0,0.0,1.78,32.47,990.74,1.84,289.28,0.0,0.0,0.0,0.0
2019/01/23 18:00,-0.9,989.700012,1.0,151,0,0.0,1.78,32.3,991.04,1.89,282.42,0.0,0.0,0.0,0.0
2019/01/23 18:15,-0.9,989.700012,1.0,122,0,0.0,1.77,32.15,991.13,1.95,280.9,0.0,0.0,0.0,0.0
2019/01/23 18:30,-0.9,989.700012,1.0,20,0,0.0,1.73,32.05,991.04,1.98,280.27,0.0,0.0,0.0,0.0
2019/01/23 18:45,-0.9,989.700012,1.0,116,0,0.0,1.73,31.89,991.09,1.95,278.53,0.0,0.0,0.0,0.0
2019/01/23 19:00,-0.9,989.700012,1.0,126,0,0.0,1.73,31.73,991.06,1.9,278.04,0.0,0.0,0.0,0.0
2019/01/24 08:00,5.3,987.5,2.3,213,64,57.599998,5.98,34.62,989.37,3.17,60.5,137.95,84.02999999999999,53.92,1.193492
2019/01/24 08:15,5.3,987.5,0.6,224,46,41.759998,5.95,35.08,989.64,3.18,58.6,134.65,43.67,90.98,0.895119
2019/01/24 08:30,4.2,987.5,1.8,230,42,43.200001,5.83,35.99,989.8,3.14,57.09,110.38,31.19999999999999,79.18,0.767245
2019/01/24 08:45,4.2,988.599976,2.3,186,42,43.200001,5.71,37.8,989.93,2.98,55.06,77.14,20.56,56.58,0.795661
2019/01/24 09:00,4.2,988.599976,1.8,294,22,21.6,5.44,39.9,990.1,2.77,51.0,52.25,18.21,34.04,0.326789
2019/01/24 09:15,4.2,988.599976,1.7,274,10,12.96,4.91,42.58,990.3,2.71,44.81,21.3,9.4,11.9,0.0
2019/01/24 09:30,4.2,988.599976,1.0,201,0,0.0,4.42,44.64,990.51,2.83,37.4,4.05,2.91,1.14,0.0
2019/01/24 09:45,3.2,989.700012,1.7,232,0,0.0,3.96,46.93,990.7,2.97,31.84,0.0,0.0,0.0,0.0
2019/01/24 10:00,3.2,989.700012,0.0,176,0,0.0,3.55,49.36,990.89,3.06,28.74,0.0,0.0,0.0,0.0
2019/01/24 10:15,3.2,990.799988,0.8,166,0,0.0,3.2,51.73,991.09,3.18,27.38,0.0,0.0,0.0,0.0
2019/01/24 10:30,2.1,990.799988,1.3,207,0,0.0,2.9,53.96,991.3,3.37,27.12,0.0,0.0,0.0,0.0
2019/01/24 10:45,2.1,990.799988,0.0,201,0,0.0,2.62,56.04,991.53,3.58,27.67,0.0,0.0,0.0,0.0
2019/01/24 11:00,2.1,991.900024,0.0,3,0,0.0,2.33,57.9,991.77,3.69,28.26,0.0,0.0,0.0,0.0
2019/01/24 11:15,2.1,991.900024,0.0,6,0,0.0,2.04,59.62,992.08,3.62,26.6,0.0,0.0,0.0,0.0
2019/01/24 11:30,2.1,991.900024,1.5,214,0,0.0,1.8,60.95,992.49,3.44,21.73,0.0,0.0,0.0,0.0
2019/01/24 11:45,2.1,991.900024,0.7,147,0,0.0,1.61,62.0,992.86,3.28,13.49,0.0,0.0,0.0,0.0
2019/01/24 12:00,2.1,993.0,0.8,248,0,0.0,1.45,62.92,993.17,3.21,3.17,0.0,0.0,0.0,0.0
2019/01/24 12:15,2.1,993.0,0.7,164,0,0.0,1.29,63.76,993.5,3.21,352.76,0.0,0.0,0.0,0.0
2019/01/24 12:30,2.1,993.0,0.7,94,0,0.0,1.13,64.4,993.85,3.27,343.68,0.0,0.0,0.0,0.0
2019/01/24 12:45,2.1,993.0,0.7,62,0,0.0,0.99,64.68,994.21,3.38,335.71,0.0,0.0,0.0,0.0
2019/01/24 13:00,1.1,993.0,0.7,149,0,0.0,0.86,64.75,994.56,3.5,329.86,0.0,0.0,0.0,0.0
2019/01/24 13:15,0.1,994.099976,0.7,95,0,0.0,0.76,64.62,994.84,3.61,326.87,0.0,0.0,0.0,0.0
2019/01/24 13:30,0.1,994.099976,0.7,342,0,0.0,0.72,64.34,995.08,3.71,326.81,0.0,0.0,0.0,0.0
2019/01/24 13:45,0.1,994.099976,0.7,42,0,0.0,0.62,64.42,995.2,3.8,327.1,0.0,0.0,0.0,0.0
2019/01/24 14:00,0.1,994.099976,0.7,143,0,0.0,0.6,64.27,995.33,3.85,328.56,0.0,0.0,0.0,0.0
2019/01/24 14:15,0.1,994.099976,0.7,66,0,0.0,0.55,64.42,995.53,3.87,330.98,0.0,0.0,0.0,0.0
2019/01/24 14:30,0.1,994.099976,0.7,3,0,0.0,0.55,64.5,995.75,3.86,334.1,0.0,0.0,0.0,0.0
2019/01/24 14:45,0.1,995.200012,0.7,51,0,0.0,0.52,64.79,995.99,3.84,337.57,0.0,0.0,0.0,0.0
2019/01/24 15:00,0.1,995.200012,0.7,341,0,0.0,0.45,65.31,996.25,3.81,339.88,0.0,0.0,0.0,0.0
2019/01/24 15:15,0.1,995.200012,0.7,7,0,0.0,0.43,65.62,996.56,3.79,340.71,0.0,0.0,0.0,0.0
2019/01/24 15:30,-0.9,995.200012,0.7,89,0,0.0,0.32,66.24,996.89,3.78,341.86,0.0,0.0,0.0,0.0
2019/01/24 15:45,-0.9,996.299988,1.7,116,0,0.0,0.3,66.4,997.23,3.74,342.5,0.0,0.0,0.0,0.0
2019/01/24 16:00,-0.9,996.299988,0.5,40,0,0.0,0.01,59.51,997.36,3.09,310.97,0.0,0.0,0.0,0.0
2019/01/24 16:15,0.1,996.299988,0.5,10,0,0.0,-0.05,59.59,997.41,3.15,309.18,0.0,0.0,0.0,0.0
2019/01/24 16:30,0.1,996.299988,0.5,3,0,0.0,-0.09,59.57,997.66,3.16,308.05,0.0,0.0,0.0,0.0
2019/01/24 16:45,-0.9,996.299988,0.5,179,0,0.0,-0.12,59.6,997.67,3.16,307.54,0.0,0.0,0.0,0.0
2019/01/24 17:00,-0.9,996.299988,0.5,40,0,0.0,-0.13,59.65,997.86,3.16,308.17,0.0,0.0,0.0,0.0
2019/01/24 17:15,-0.9,996.299988,0.5,85,0,0.0,-0.13,59.7,998.08,3.13,309.6,0.0,0.0,0.0,0.0
2019/01/24 17:30,-0.9,996.299988,0.4,63,0,0.0,-0.13,59.83,998.28,3.07,311.78,0.0,0.0,0.0,0.0
2019/01/24 17:45,0.1,996.299988,0.4,115,0,0.0,-0.14,60.02,998.37,2.98,315.31,0.0,0.0,0.0,0.0
2019/01/24 18:00,0.1,996.299988,0.4,134,0,0.0,-0.11,60.16,998.78,2.84,321.39,0.0,0.0,0.0,0.0
2019/01/24 18:15,0.1,997.400024,0.4,108,0,0.0,-0.09,60.34,999.19,2.69,329.67,0.0,0.0,0.0,0.0
2019/01/24 18:30,-0.9,997.400024,0.4,268,0,0.0,-0.1,60.75,999.47,2.64,339.79,0.0,0.0,0.0,0.0
2019/01/24 18:45,-0.9,997.400024,1.1,157,0,0.0,-0.13,61.37,999.81,2.72,352.79,0.0,0.0,0.0,0.0
2019/01/24 19:00,-0.9,997.400024,0.0,354,0,0.0,-0.17,62.15,1000.01,2.86,4.49,0.0,0.0,0.0,0.0
2019/01/25 08:00,5.3,999.599976,1.3,350,224,54.0,2.27,22.15,1002.74,3.66,154.76,251.63,36.74000000000001,214.89,3.949891000000001
2019/01/25 08:15,5.3,999.599976,2.3,240,79,45.360001,2.27,22.4,1002.83,3.62,154.56,202.1,33.43000000000001,168.67,3.0831880000000003
2019/01/25 08:30,5.3,999.599976,0.0,22,59,38.16,2.25,22.71,1002.82,3.54,153.67,168.16,30.789999999999992,137.37,2.273319
2019/01/25 08:45,4.2,999.599976,0.4,298,43,29.52,2.15,23.23,1002.83,3.32,152.17,116.66,25.91,90.75,1.506073
2019/01/25 09:00,4.2,999.599976,0.4,150,29,22.32,2.03,24.79,1002.82,2.93,146.88,82.64,21.75,60.89,0.8524940000000001
2019/01/25 09:15,3.2,999.599976,0.4,155,13,13.68,1.56,26.81,1002.79,2.66,139.79,34.36,13.18,21.18,0.298373
2019/01/25 09:30,3.2,999.599976,0.4,141,0,0.0,1.11,27.95,1002.79,2.71,134.32,7.57,4.710000000000001,2.86,0.0
2019/01/25 09:45,3.2,999.599976,0.0,131,0,0.0,0.68,29.06,1002.79,2.8,131.09,0.0,0.0,0.0,0.0
2019/01/25 10:00,3.2,1000.700012,0.0,155,0,0.0,0.3,30.06,1002.76,2.79,130.26,0.0,0.0,0.0,0.0
2019/01/25 10:15,2.1,1000.700012,0.0,3,0,0.0,-0.05,30.95,1002.74,2.74,131.26,0.0,0.0,0.0,0.0
2019/01/25 10:30,1.1,1000.700012,0.0,24,0,0.0,-0.31,31.65,1002.73,2.64,133.7,0.0,0.0,0.0,0.0
2019/01/25 10:45,1.1,1000.700012,0.0,27,0,0.0,-0.5,32.18,1002.72,2.53,136.9,0.0,0.0,0.0,0.0
2019/01/25 11:00,0.1,1000.700012,0.0,134,0,0.0,-0.64,32.59,1002.75,2.41,140.11,0.0,0.0,0.0,0.0
2019/01/25 11:15,0.1,1000.700012,0.0,96,0,0.0,-0.73,32.92,1002.86,2.29,142.42,0.0,0.0,0.0,0.0
2019/01/25 11:30,0.1,1000.700012,0.0,106,0,0.0,-0.79,33.15,1003.06,2.16,144.0,0.0,0.0,0.0,0.0
2019/01/25 11:45,0.1,1000.700012,0.0,114,0,0.0,-0.82,33.28,1003.26,2.02,145.22,0.0,0.0,0.0,0.0
2019/01/25 12:00,0.1,1001.799988,0.0,49,0,0.0,-0.85,33.52,1003.44,1.86,146.61,0.0,0.0,0.0,0.0
2019/01/25 12:15,0.1,1001.799988,0.0,31,0,0.0,-0.88,33.77,1003.65,1.68,149.97,0.0,0.0,0.0,0.0
2019/01/25 12:30,0.1,1001.799988,0.0,70,0,0.0,-0.9,34.02,1003.87,1.47,155.81,0.0,0.0,0.0,0.0
2019/01/25 12:45,0.1,1001.799988,0.0,87,0,0.0,-0.91,34.25,1004.1,1.25,164.67,0.0,0.0,0.0,0.0
2019/01/25 13:00,0.1,1001.799988,0.0,139,0,0.0,-0.92,34.49,1004.33,1.05,176.91,0.0,0.0,0.0,0.0
2019/01/25 13:15,-0.9,1001.799988,0.0,330,0,0.0,-0.93,34.73,1004.5,0.91,191.73,0.0,0.0,0.0,0.0
2019/01/25 13:30,-0.9,1001.799988,0.0,41,0,0.0,-0.95,34.93,1004.59,0.83,207.43,0.0,0.0,0.0,0.0
2019/01/25 13:45,-0.9,1001.799988,0.0,130,0,0.0,-0.99,35.17,1004.55,0.81,221.68,0.0,0.0,0.0,0.0
2019/01/25 14:00,0.1,1001.799988,0.0,29,0,0.0,-1.04,35.37,1004.47,0.81,233.28,0.0,0.0,0.0,0.0
2019/01/25 14:15,0.1,1001.799988,1.1,125,0,0.0,-1.07,35.49,1004.48,0.82,242.94,0.0,0.0,0.0,0.0
2019/01/25 14:30,-0.9,1001.799988,0.0,131,0,0.0,-1.1,35.56,1004.51,0.83,249.22,0.0,0.0,0.0,0.0
2019/01/25 14:45,-0.9,1001.799988,0.0,98,0,0.0,-1.15,35.66,1004.55,0.84,252.85,0.0,0.0,0.0,0.0
2019/01/25 15:00,-0.9,1001.799988,0.0,56,0,0.0,-1.19,35.73,1004.59,0.86,255.05,0.0,0.0,0.0,0.0
2019/01/25 15:15,-2.0,1002.900024,0.0,89,0,0.0,-1.23,35.77,1004.64,0.88,257.47,0.0,0.0,0.0,0.0
2019/01/25 15:30,-2.0,1002.900024,0.0,59,0,0.0,-1.27,35.79,1004.7,0.91,260.42,0.0,0.0,0.0,0.0
2019/01/25 15:45,-3.1,1002.900024,0.0,35,0,0.0,-1.31,35.81,1004.78,0.95,264.51,0.0,0.0,0.0,0.0
2019/01/25 16:00,-3.1,1002.900024,0.0,347,0,0.0,-0.34,46.5,1003.99,1.53,340.66,0.0,0.0,0.0,0.0
2019/01/25 16:15,-3.1,1002.900024,0.3,354,0,0.0,-0.39,46.94,1003.77,1.4,333.71,0.0,0.0,0.0,0.0
2019/01/25 16:30,-2.0,1002.900024,0.3,19,0,0.0,-0.43,47.29,1003.94,1.31,328.84,0.0,0.0,0.0,0.0
2019/01/25 16:45,-2.0,1002.900024,2.2,112,0,0.0,-0.47,47.49,1003.84,1.19,321.39,0.0,0.0,0.0,0.0
2019/01/25 17:00,-3.1,1002.900024,0.0,86,0,0.0,-0.47,47.42,1004.1,1.08,315.68,0.0,0.0,0.0,0.0
2019/01/25 17:15,-3.1,1002.900024,0.0,133,0,0.0,-0.48,47.38,1004.15,0.97,312.24,0.0,0.0,0.0,0.0
2019/01/25 17:30,-4.2,1002.900024,0.0,139,0,0.0,-0.52,47.4,1004.0,0.77,310.64,0.0,0.0,0.0,0.0
2019/01/25 17:45,-4.2,1002.900024,0.0,163,0,0.0,-0.56,47.35,1003.76,0.55,288.67,0.0,0.0,0.0,0.0
2019/01/25 18:00,-3.2,1002.900024,1.7,74,0,0.0,-0.58,47.15,1003.67,0.48,251.48,0.0,0.0,0.0,0.0
2019/01/25 18:15,-3.2,1002.900024,1.7,71,0,0.0,-0.61,46.89,1003.53,0.62,223.25,0.0,0.0,0.0,0.0
2019/01/25 18:30,-3.2,1002.900024,1.6,105,0,0.0,-0.65,46.65,1003.52,0.81,209.4,0.0,0.0,0.0,0.0
2019/01/25 18:45,-3.2,1002.900024,1.6,86,0,0.0,-0.71,46.47,1003.46,0.99,206.54,0.0,0.0,0.0,0.0
2019/01/25 19:00,-3.2,1002.900024,1.5,71,0,0.0,-0.76,46.24,1003.53,1.19,212.34,0.0,0.0,0.0,0.0
2019/01/26 08:00,4.2,996.299988,0.6,186,176,67.68,4.76,23.35,998.1,5.21,141.67,246.56,36.71000000000001,209.85,2.941106
2019/01/26 08:15,4.2,996.299988,0.5,117,71,47.52,4.75,23.14,998.0,5.35,142.0,197.45,33.47,163.98,1.861279
2019/01/26 08:30,4.2,996.299988,0.3,133,61,46.080002,4.67,23.23,997.81,5.33,141.65,165.01,30.840000000000003,134.17,1.562907
2019/01/26 08:45,4.2,996.299988,0.6,199,35,28.799999,4.47,23.72,997.63,5.08,140.93,114.82,26.059999999999988,88.76,0.8240780000000001
2019/01/26 09:00,4.2,995.200012,0.6,222,19,17.280001000000002,4.19,24.53,997.5,4.58,139.28,81.42,21.72,59.7,0.412039
2019/01/26 09:15,3.2,995.200012,0.6,19,11,12.96,3.67,25.79,997.37,3.98,135.31,34.88,13.580000000000002,21.3,0.2131239999999999
2019/01/26 09:30,3.2,995.200012,1.0,77,0,0.0,3.12,26.86,997.22,3.49,130.52,8.91,5.44,3.47,0.0
2019/01/26 09:45,3.2,995.200012,3.5,125,0,0.0,2.66,27.54,997.05,3.14,125.04,0.0,0.0,0.0,0.0
2019/01/26 10:00,3.2,995.200012,1.4,139,0,0.0,2.32,27.92,996.87,2.86,118.86,0.0,0.0,0.0,0.0
2019/01/26 10:15,3.2,995.200012,1.0,159,0,0.0,2.03,28.18,996.67,2.59,111.36,0.0,0.0,0.0,0.0
2019/01/26 10:30,3.2,995.200012,1.5,118,0,0.0,1.77,28.43,996.5,2.29,101.96,0.0,0.0,0.0,0.0
2019/01/26 10:45,3.2,995.200012,1.4,109,0,0.0,1.54,28.85,996.41,1.93,91.2,0.0,0.0,0.0,0.0
2019/01/26 11:00,3.2,995.200012,0.0,172,0,0.0,1.27,29.79,996.35,1.56,72.16,0.0,0.0,0.0,0.0
2019/01/26 11:15,2.1,995.200012,0.6,206,0,0.0,1.04,31.16,996.31,1.42,33.85,0.0,0.0,0.0,0.0
2019/01/26 11:30,2.1,995.200012,0.9,207,0,0.0,0.78,32.95,996.31,1.78,355.36,0.0,0.0,0.0,0.0
2019/01/26 11:45,2.1,995.200012,2.0,124,0,0.0,0.41,35.55,996.28,2.5,336.12,0.0,0.0,0.0,0.0
2019/01/26 12:00,2.1,995.200012,0.8,173,0,0.0,0.01,38.33,996.22,3.22,327.16,0.0,0.0,0.0,0.0
2019/01/26 12:15,1.1,995.200012,0.8,225,0,0.0,-0.24,40.2,996.16,3.78,322.08,0.0,0.0,0.0,0.0
2019/01/26 12:30,1.1,995.200012,0.8,15,0,0.0,-0.33,41.22,996.1,4.23,318.9,0.0,0.0,0.0,0.0
2019/01/26 12:45,1.1,995.200012,0.8,85,0,0.0,-0.4,42.05,996.08,4.56,316.72,0.0,0.0,0.0,0.0
2019/01/26 13:00,0.1,995.200012,0.8,128,0,0.0,-0.45,42.67,996.08,4.76,315.27,0.0,0.0,0.0,0.0
2019/01/26 13:15,0.1,995.200012,0.8,27,0,0.0,-0.42,42.68,996.07,4.83,314.69,0.0,0.0,0.0,0.0
2019/01/26 13:30,0.1,995.200012,0.8,60,0,0.0,-0.46,42.8,996.03,4.74,314.32,0.0,0.0,0.0,0.0
2019/01/26 13:45,0.1,995.200012,0.8,113,0,0.0,-0.47,42.89,995.83,4.52,312.85,0.0,0.0,0.0,0.0
2019/01/26 14:00,-0.9,995.200012,0.8,120,0,0.0,-0.53,43.19,995.55,4.24,310.63,0.0,0.0,0.0,0.0
2019/01/26 14:15,-0.9,995.200012,0.8,15,0,0.0,-0.53,43.39,995.35,3.94,307.98,0.0,0.0,0.0,0.0
2019/01/26 14:30,-0.9,995.200012,0.8,86,0,0.0,-0.56,43.7,995.21,3.64,304.13,0.0,0.0,0.0,0.0
2019/01/26 14:45,-0.9,995.200012,0.8,45,0,0.0,-0.53,43.88,995.1,3.38,299.84,0.0,0.0,0.0,0.0
2019/01/26 15:00,-0.9,995.200012,0.8,103,0,0.0,-0.48,43.89,995.01,3.19,295.76,0.0,0.0,0.0,0.0
2019/01/26 15:15,-0.9,995.200012,0.8,98,0,0.0,-0.45,44.01,994.93,3.05,290.7,0.0,0.0,0.0,0.0
2019/01/26 15:30,-0.9,994.099976,0.8,37,0,0.0,-0.37,43.92,994.87,2.92,285.88,0.0,0.0,0.0,0.0
2019/01/26 15:45,-0.9,994.099976,0.8,70,0,0.0,-0.29,43.72,994.79,2.76,281.8,0.0,0.0,0.0,0.0
2019/01/26 16:00,-0.9,994.099976,1.8,100,0,0.0,-0.87,35.1,994.82,1.64,344.36,0.0,0.0,0.0,0.0
2019/01/26 16:15,-0.9,994.099976,0.7,95,0,0.0,-0.94,35.93,994.77,1.55,349.41,0.0,0.0,0.0,0.0
2019/01/26 16:30,-2.0,994.099976,0.7,5,0,0.0,-0.96,36.44,994.86,1.3,351.0,0.0,0.0,0.0,0.0
2019/01/26 16:45,-2.0,994.099976,0.5,310,0,0.0,-0.98,36.69,994.53,0.96,346.09,0.0,0.0,0.0,0.0
2019/01/26 17:00,-3.1,993.0,0.5,127,0,0.0,-1.0,36.96,994.54,0.67,336.84,0.0,0.0,0.0,0.0
2019/01/26 17:15,-3.1,993.0,0.5,35,0,0.0,-1.02,36.99,994.5,0.5,301.0,0.0,0.0,0.0,0.0
2019/01/26 17:30,-2.0,993.0,0.5,38,0,0.0,-1.02,36.85,994.29,0.57,250.16,0.0,0.0,0.0,0.0
2019/01/26 17:45,-2.0,993.0,0.5,58,0,0.0,-1.0,36.65,994.43,0.86,229.43,0.0,0.0,0.0,0.0
2019/01/26 18:00,-2.0,993.0,0.6,147,0,0.0,-1.01,36.64,994.46,1.21,222.39,0.0,0.0,0.0,0.0
2019/01/26 18:15,-2.0,993.0,0.7,57,0,0.0,-1.1,37.05,993.99,1.55,218.45,0.0,0.0,0.0,0.0
2019/01/26 18:30,-2.0,993.0,0.7,105,0,0.0,-1.15,37.5,993.56,1.83,216.37,0.0,0.0,0.0,0.0
2019/01/26 18:45,-2.0,991.900024,0.7,64,0,0.0,-1.14,38.15,993.34,2.01,213.3,0.0,0.0,0.0,0.0
2019/01/26 19:00,-2.0,991.900024,2.3,106,0,0.0,-1.09,39.19,993.24,2.15,211.04,0.0,0.0,0.0,0.0
2019/01/27 08:00,6.4,987.5,0.7,226,157,69.120003,9.02,23.99,989.72,4.61,124.36,254.69,36.63,218.06,3.111605
2019/01/27 08:15,6.4,987.5,0.7,261,92,57.599998,8.86,24.12,989.92,4.91,123.45,206.49,33.56,172.93,3.4810190000000003
2019/01/27 08:30,6.4,987.5,0.7,142,74,51.84,8.67,24.31,990.02,5.03,121.38,172.99,31.06,141.93,2.770607
2019/01/27 08:45,6.4,987.5,0.7,174,60,51.84,8.34,24.86,990.09,4.92,117.98,121.77,26.39,95.38,1.918113
2019/01/27 09:00,6.4,987.5,0.7,141,36,30.24,7.87,26.13,990.14,4.57,112.21,87.81,22.41,65.4,1.122451
2019/01/27 09:15,5.3,987.5,0.7,14,16,15.84,7.13,28.25,990.19,4.12,105.8,39.35,14.32,25.03,0.440455
2019/01/27 09:30,4.2,987.5,0.7,122,0,0.0,6.41,30.13,990.28,3.76,100.97,11.68,6.43,5.25,0.0
2019/01/27 09:45,4.2,987.5,0.7,67,0,0.0,5.88,31.14,990.42,3.56,99.47,0.0,0.0,0.0,0.0
2019/01/27 10:00,3.2,987.5,0.7,24,0,0.0,5.52,31.66,990.55,3.4,100.93,0.0,0.0,0.0,0.0
2019/01/27 10:15,3.2,987.5,0.7,46,0,0.0,5.26,31.9,990.67,3.17,105.76,0.0,0.0,0.0,0.0
2019/01/27 10:30,3.2,987.5,0.7,140,0,0.0,5.08,31.9,990.75,2.78,116.29,0.0,0.0,0.0,0.0
2019/01/27 10:45,3.2,987.5,0.7,127,0,0.0,4.98,31.72,990.84,2.28,135.21,0.0,0.0,0.0,0.0
2019/01/27 11:00,2.1,987.5,0.7,342,0,0.0,4.77,31.89,991.02,1.97,170.8,0.0,0.0,0.0,0.0
2019/01/27 11:15,2.1,988.599976,0.7,323,0,0.0,4.4,32.45,991.27,2.2,224.68,0.0,0.0,0.0,0.0
2019/01/27 11:30,2.1,988.599976,0.7,157,0,0.0,4.03,32.68,991.63,2.91,255.17,0.0,0.0,0.0,0.0
2019/01/27 11:45,2.1,988.599976,0.7,28,0,0.0,3.74,32.43,991.94,3.53,270.53,0.0,0.0,0.0,0.0
2019/01/27 12:00,2.1,988.599976,0.7,92,0,0.0,3.56,31.74,992.21,3.71,275.67,0.0,0.0,0.0,0.0
2019/01/27 12:15,2.1,988.599976,0.7,117,0,0.0,3.49,30.69,992.44,3.44,275.76,0.0,0.0,0.0,0.0
2019/01/27 12:30,2.1,989.700012,0.7,134,0,0.0,3.4,29.88,992.64,2.88,271.17,0.0,0.0,0.0,0.0
2019/01/27 12:45,2.1,989.700012,0.7,14,0,0.0,3.26,29.52,992.86,2.38,258.75,0.0,0.0,0.0,0.0
2019/01/27 13:00,2.1,989.700012,0.7,350,0,0.0,2.86,30.15,993.07,2.28,238.1,0.0,0.0,0.0,0.0
2019/01/27 13:15,2.1,989.700012,0.7,116,0,0.0,2.2,31.74,993.25,2.63,218.98,0.0,0.0,0.0,0.0
2019/01/27 13:30,2.1,989.700012,0.7,22,0,0.0,1.56,33.44,993.36,3.13,208.16,0.0,0.0,0.0,0.0
2019/01/27 13:45,1.1,989.700012,0.7,38,0,0.0,1.1,34.67,993.32,3.5,203.78,0.0,0.0,0.0,0.0
2019/01/27 14:00,1.1,990.799988,0.7,354,0,0.0,0.81,35.31,993.33,3.7,201.7,0.0,0.0,0.0,0.0
2019/01/27 14:15,2.1,990.799988,0.7,354,0,0.0,0.64,35.57,993.4,3.76,201.06,0.0,0.0,0.0,0.0
2019/01/27 14:30,1.1,990.799988,0.7,194,0,0.0,0.52,35.61,993.48,3.74,201.77,0.0,0.0,0.0,0.0
2019/01/27 14:45,0.1,990.799988,0.7,154,0,0.0,0.43,35.5,993.57,3.69,203.79,0.0,0.0,0.0,0.0
2019/01/27 15:00,0.1,990.799988,0.6,46,0,0.0,0.36,35.37,993.68,3.6,206.81,0.0,0.0,0.0,0.0
2019/01/27 15:15,0.1,990.799988,0.6,33,0,0.0,0.29,35.24,993.78,3.5,210.16,0.0,0.0,0.0,0.0
2019/01/27 15:30,0.1,990.799988,0.6,85,0,0.0,0.22,35.1,993.88,3.37,213.56,0.0,0.0,0.0,0.0
2019/01/27 15:45,1.1,990.799988,0.6,1,0,0.0,0.15,35.02,993.99,3.24,216.85,0.0,0.0,0.0,0.0
2019/01/27 16:00,1.1,990.799988,0.6,64,0,0.0,0.18,28.63,993.55,1.95,267.42,0.0,0.0,0.0,0.0
2019/01/27 16:15,1.1,990.799988,0.7,347,0,0.0,0.09,28.72,993.59,2.07,256.4,0.0,0.0,0.0,0.0
2019/01/27 16:30,0.1,990.799988,0.7,94,0,0.0,-0.02,28.89,993.62,2.44,245.48,0.0,0.0,0.0,0.0
2019/01/27 16:45,0.1,990.799988,0.7,130,0,0.0,-0.09,28.91,993.53,2.9,239.68,0.0,0.0,0.0,0.0
2019/01/27 17:00,2.1,991.900024,0.6,106,0,0.0,-0.09,28.66,993.66,3.28,240.34,0.0,0.0,0.0,0.0
2019/01/27 17:15,1.1,991.900024,0.6,62,0,0.0,-0.09,28.43,993.76,3.54,242.65,0.0,0.0,0.0,0.0
2019/01/27 17:30,0.1,991.900024,0.6,25,0,0.0,-0.07,28.17,993.95,3.67,244.15,0.0,0.0,0.0,0.0
2019/01/27 17:45,1.1,991.900024,0.6,288,0,0.0,-0.12,28.14,994.05,3.73,244.33,0.0,0.0,0.0,0.0
2019/01/27 18:00,-2.0,991.900024,0.7,154,0,0.0,-0.16,28.21,994.31,3.8,241.81,0.0,0.0,0.0,0.0
2019/01/27 18:15,-2.0,991.900024,0.7,341,0,0.0,-0.28,28.58,994.23,3.86,240.24,0.0,0.0,0.0,0.0
2019/01/27 18:30,-2.0,991.900024,0.7,109,0,0.0,-0.39,28.95,994.21,3.82,239.34,0.0,0.0,0.0,0.0
2019/01/27 18:45,-2.0,991.900024,0.7,106,0,0.0,-0.49,29.28,994.05,3.71,237.37,0.0,0.0,0.0,0.0
2019/01/27 19:00,-2.0,991.900024,0.7,96,0,0.0,-0.55,29.45,994.05,3.65,233.81,0.0,0.0,0.0,0.0
2019/01/28 08:00,6.4,990.799988,1.2,314,188,61.919998,6.23,17.53,993.58,5.53,146.42,237.83,37.56,200.27,3.154229
2019/01/28 08:15,6.4,990.799988,1.6,189,105,67.68,6.08,18.09,993.72,5.68,145.94,186.87,40.00999999999999,146.86,2.5574830000000004
2019/01/28 08:30,6.4,990.799988,1.0,266,99,70.560013,5.83,18.88,993.72,5.71,145.72,147.85,40.75999999999999,107.09,3.097396
2019/01/28 08:45,5.3,990.799988,1.1,248,71,53.279999,5.56,19.64,993.66,5.52,146.24,107.36,25.22,82.14,1.889696
2019/01/28 09:00,5.3,990.799988,1.1,289,49,37.439999,5.21,20.59,993.55,5.06,146.88,69.46,27.14999999999999,42.31,1.193492
2019/01/28 09:15,5.3,990.799988,1.1,244,25,20.16,4.69,22.06,993.44,4.4,146.01,33.86,14.89,18.97,0.440455
2019/01/28 09:30,5.3,990.799988,0.0,182,0,7.92,4.06,23.78,993.33,3.77,143.83,10.88,6.73,4.15,0.0
2019/01/28 09:45,4.2,990.799988,0.3,121,0,0.0,3.55,25.02,993.25,3.29,141.59,0.0,0.0,0.0,0.0
2019/01/28 10:00,3.2,990.799988,0.3,333,0,0.0,3.19,25.94,993.16,2.88,139.8,0.0,0.0,0.0,0.0
2019/01/28 10:15,3.2,990.799988,0.3,34,0,0.0,2.93,26.46,993.08,2.51,139.52,0.0,0.0,0.0,0.0
2019/01/28 10:30,2.1,990.799988,0.3,347,0,0.0,2.75,26.83,993.02,2.2,139.92,0.0,0.0,0.0,0.0
2019/01/28 10:45,2.1,990.799988,0.3,54,0,0.0,2.62,27.12,993.04,1.87,138.87,0.0,0.0,0.0,0.0
2019/01/28 11:00,2.1,990.799988,0.3,50,0,0.0,2.51,27.33,993.0,1.51,136.43,0.0,0.0,0.0,0.0
2019/01/28 11:15,2.1,990.799988,0.3,344,0,0.0,2.42,27.51,992.97,1.13,131.67,0.0,0.0,0.0,0.0
2019/01/28 11:30,1.1,990.799988,0.3,127,0,0.0,2.34,27.76,993.05,0.69,123.02,0.0,0.0,0.0,0.0
2019/01/28 11:45,1.1,990.799988,0.3,157,0,0.0,2.26,28.25,993.14,0.47,69.7,0.0,0.0,0.0,0.0
2019/01/28 12:00,1.1,990.799988,0.3,145,0,0.0,2.05,29.35,993.22,0.86,321.76,0.0,0.0,0.0,0.0
2019/01/28 12:15,1.1,990.799988,0.3,109,0,0.0,1.86,30.44,993.3,1.65,313.65,0.0,0.0,0.0,0.0
2019/01/28 12:30,1.1,990.799988,0.3,65,0,0.0,1.67,31.47,993.39,2.42,311.26,0.0,0.0,0.0,0.0
2019/01/28 12:45,0.1,990.799988,0.3,18,0,0.0,1.4,32.82,993.48,2.98,310.88,0.0,0.0,0.0,0.0
2019/01/28 13:00,0.1,990.799988,0.3,10,0,0.0,1.26,33.65,993.53,3.27,310.14,0.0,0.0,0.0,0.0
2019/01/28 13:15,0.1,991.900024,0.3,117,0,0.0,1.21,34.1,993.53,3.36,309.61,0.0,0.0,0.0,0.0
2019/01/28 13:30,-0.9,991.900024,0.3,343,0,0.0,1.13,34.43,993.49,3.35,309.71,0.0,0.0,0.0,0.0
2019/01/28 13:45,-0.9,991.900024,0.3,82,0,0.0,1.09,34.54,993.35,3.29,308.67,0.0,0.0,0.0,0.0
2019/01/28 14:00,-0.9,991.900024,0.3,123,0,0.0,1.04,34.61,993.23,3.16,303.45,0.0,0.0,0.0,0.0
2019/01/28 14:15,-0.9,991.900024,0.3,25,0,0.0,1.08,34.45,993.15,2.97,296.1,0.0,0.0,0.0,0.0
2019/01/28 14:30,-0.9,991.900024,0.3,129,0,0.0,1.13,34.24,993.11,2.74,288.62,0.0,0.0,0.0,0.0
2019/01/28 14:45,-0.9,991.900024,0.3,123,0,0.0,1.18,34.04,993.06,2.48,279.85,0.0,0.0,0.0,0.0
2019/01/28 15:00,-0.9,991.900024,0.3,68,0,0.0,1.26,33.9,992.98,2.27,270.19,0.0,0.0,0.0,0.0
2019/01/28 15:15,-0.9,991.900024,0.3,131,0,0.0,1.31,34.11,992.93,2.17,261.04,0.0,0.0,0.0,0.0
2019/01/28 15:30,-0.9,991.900024,1.3,172,0,0.0,1.35,34.71,992.89,2.13,252.86,0.0,0.0,0.0,0.0
2019/01/28 15:45,-2.0,991.900024,0.3,171,0,0.0,1.38,35.62,992.85,2.09,244.67,0.0,0.0,0.0,0.0
2019/01/28 16:00,-2.0,991.900024,0.3,109,0,0.0,-0.85,42.7,992.54,2.1,347.89,0.0,0.0,0.0,0.0
2019/01/28 16:15,-2.0,991.900024,0.3,116,0,0.0,-0.9,42.86,992.46,2.05,333.85,0.0,0.0,0.0,0.0
2019/01/28 16:30,-2.0,991.900024,0.3,118,0,0.0,-0.92,42.76,992.82,2.06,323.4,0.0,0.0,0.0,0.0
2019/01/28 16:45,-2.0,991.900024,0.3,316,0,0.0,-0.92,42.42,992.65,1.99,311.27,0.0,0.0,0.0,0.0
2019/01/28 17:00,-2.0,991.900024,0.3,99,0,0.0,-0.85,41.55,992.53,1.79,305.39,0.0,0.0,0.0,0.0
2019/01/28 17:15,-2.0,991.900024,0.3,149,0,0.0,-0.76,40.44,992.49,1.58,299.69,0.0,0.0,0.0,0.0
2019/01/28 17:30,-2.0,990.799988,1.3,156,0,0.0,-0.66,39.3,992.39,1.4,298.98,0.0,0.0,0.0,0.0
2019/01/28 17:45,-3.1,990.799988,0.0,112,0,0.0,-0.57,38.21,992.31,1.26,294.32,0.0,0.0,0.0,0.0
2019/01/28 18:00,-3.1,990.799988,0.0,49,0,0.0,-0.47,37.16,992.41,1.21,283.33,0.0,0.0,0.0,0.0
2019/01/28 18:15,-2.0,990.799988,0.0,73,0,0.0,-0.4,36.18,992.28,1.25,277.09,0.0,0.0,0.0,0.0
2019/01/28 18:30,-2.0,990.799988,0.0,348,0,0.0,-0.34,35.25,992.13,1.32,277.61,0.0,0.0,0.0,0.0
2019/01/28 18:45,-2.0,990.799988,0.0,313,0,0.0,-0.28,34.35,991.98,1.41,269.84,0.0,0.0,0.0,0.0
2019/01/28 19:00,-2.0,990.799988,1.1,148,0,0.0,-0.24,33.51,991.55,1.55,261.76,0.0,0.0,0.0,0.0
2019/01/29 08:00,8.6,986.400024,1.1,296,283,64.08000200000001,8.9,24.22,988.54,3.76,108.4,201.9,51.83000000000001,150.07,4.660303
2019/01/29 08:15,8.6,986.400024,1.2,281,89,50.400002,8.92,24.47,988.76,3.75,110.79,172.29,32.139999999999986,140.15,3.324728
2019/01/29 08:30,7.6,986.400024,0.0,315,71,51.119999,8.85,25.07,988.83,3.54,111.52,130.43,42.30000000000001,88.13,2.01757
2019/01/29 08:45,7.6,986.400024,0.0,160,47,39.599998,8.69,26.09,988.81,3.12,109.14,85.92,32.730000000000004,53.19,1.079826
2019/01/29 09:00,7.6,986.400024,0.3,318,33,30.959999,8.36,27.29,988.79,2.72,103.31,64.06,22.32,41.74,0.7246199999999999
2019/01/29 09:15,6.5,986.400024,0.3,324,17,16.559998999999998,7.78,28.56,988.76,2.53,97.01,28.55,12.93,15.62,0.340998
2019/01/29 09:30,5.4,986.400024,0.3,141,0,0.0,7.33,29.24,988.75,2.44,92.79,9.34,5.859999999999999,3.48,0.0
2019/01/29 09:45,5.4,986.400024,0.3,133,0,0.0,6.91,29.8,988.76,2.3,91.43,0.0,0.0,0.0,0.0
2019/01/29 10:00,4.3,986.400024,0.3,158,0,0.0,6.62,30.13,988.79,2.07,92.33,0.0,0.0,0.0,0.0
2019/01/29 10:15,4.3,986.400024,0.3,117,0,0.0,6.4,30.39,988.81,1.75,94.49,0.0,0.0,0.0,0.0
2019/01/29 10:30,4.3,986.400024,0.3,79,0,0.0,6.28,30.49,988.84,1.33,97.02,0.0,0.0,0.0,0.0
2019/01/29 10:45,4.3,986.400024,0.3,337,0,0.0,6.28,30.39,988.92,0.74,99.74,0.0,0.0,0.0,0.0
2019/01/29 11:00,4.3,986.400024,0.3,123,0,0.0,6.29,30.29,988.96,0.47,286.2,0.0,0.0,0.0,0.0
2019/01/29 11:15,4.3,987.5,0.3,96,0,0.0,6.15,30.62,989.06,1.09,284.87,0.0,0.0,0.0,0.0
2019/01/29 11:30,4.3,987.5,0.3,38,0,0.0,6.01,30.76,989.29,2.12,288.93,0.0,0.0,0.0,0.0
2019/01/29 11:45,4.3,987.5,0.3,14,0,0.0,5.67,31.49,989.53,2.95,293.24,0.0,0.0,0.0,0.0
2019/01/29 12:00,3.3,987.5,0.3,106,0,0.0,5.26,32.52,989.76,3.52,297.45,0.0,0.0,0.0,0.0
2019/01/29 12:15,3.3,987.5,0.3,112,0,0.0,4.93,33.49,990.0,3.82,300.64,0.0,0.0,0.0,0.0
2019/01/29 12:30,3.3,988.599976,0.3,113,0,0.0,4.66,34.37,990.25,3.89,302.25,0.0,0.0,0.0,0.0
2019/01/29 12:45,3.3,988.599976,0.3,232,0,0.0,4.42,35.17,990.49,3.86,302.56,0.0,0.0,0.0,0.0
2019/01/29 13:00,2.2,988.599976,0.3,140,0,0.0,4.27,35.71,990.69,3.83,301.66,0.0,0.0,0.0,0.0
2019/01/29 13:15,2.2,988.599976,0.3,56,0,0.0,4.19,35.99,990.85,3.84,300.55,0.0,0.0,0.0,0.0
2019/01/29 13:30,2.2,988.599976,0.3,353,0,0.0,4.13,36.16,990.97,3.94,300.13,0.0,0.0,0.0,0.0
2019/01/29 13:45,2.2,988.599976,0.3,132,0,0.0,4.13,36.24,990.96,4.29,301.08,0.0,0.0,0.0,0.0
2019/01/29 14:00,2.2,988.599976,0.3,61,0,0.0,4.11,36.37,990.96,4.95,304.03,0.0,0.0,0.0,0.0
2019/01/29 14:15,2.2,988.599976,0.3,143,0,0.0,4.21,36.26,991.02,5.8,307.86,0.0,0.0,0.0,0.0
2019/01/29 14:30,2.2,988.599976,0.3,353,0,0.0,4.3,36.14,991.09,6.64,311.16,0.0,0.0,0.0,0.0
2019/01/29 14:45,1.1,988.599976,0.3,36,0,0.0,4.35,36.16,991.21,7.24,313.21,0.0,0.0,0.0,0.0
2019/01/29 15:00,1.1,988.599976,0.3,132,0,0.0,4.34,36.28,991.35,7.5,314.1,0.0,0.0,0.0,0.0
2019/01/29 15:15,1.1,988.599976,0.3,109,0,0.0,4.31,36.53,991.5,7.52,314.37,0.0,0.0,0.0,0.0
2019/01/29 15:30,1.1,988.599976,1.5,26,0,0.0,4.23,37.03,991.65,7.42,313.87,0.0,0.0,0.0,0.0
2019/01/29 15:45,1.1,988.599976,0.4,27,0,0.0,4.18,37.49,991.79,7.26,312.7,0.0,0.0,0.0,0.0
2019/01/29 16:00,1.1,988.599976,0.4,128,0,0.0,1.68,32.65,991.44,3.13,315.55,0.0,0.0,0.0,0.0
2019/01/29 16:15,1.1,988.599976,0.4,157,0,0.0,1.7,32.18,991.81,2.96,308.45,0.0,0.0,0.0,0.0
2019/01/29 16:30,0.1,988.599976,0.4,11,0,0.0,1.68,31.82,991.87,2.97,294.89,0.0,0.0,0.0,0.0
2019/01/29 16:45,-0.9,989.700012,0.5,53,0,0.0,1.58,31.81,991.87,3.19,282.06,0.0,0.0,0.0,0.0
2019/01/29 17:00,-0.9,989.700012,0.5,111,0,0.0,1.48,32.02,992.01,3.52,272.52,0.0,0.0,0.0,0.0
2019/01/29 17:15,-0.9,989.700012,0.5,133,0,0.0,1.45,32.17,992.13,3.78,267.54,0.0,0.0,0.0,0.0
2019/01/29 17:30,-0.9,989.700012,0.5,140,0,0.0,1.53,32.03,992.22,3.86,265.95,0.0,0.0,0.0,0.0
2019/01/29 17:45,-0.9,989.700012,0.5,54,0,0.0,1.7,31.61,992.27,3.75,266.84,0.0,0.0,0.0,0.0
2019/01/29 18:00,0.1,989.700012,0.5,47,0,0.0,1.93,31.02,992.52,3.49,265.33,0.0,0.0,0.0,0.0
2019/01/29 18:15,0.1,989.700012,0.5,119,0,0.0,2.13,30.48,992.33,3.13,262.37,0.0,0.0,0.0,0.0
2019/01/29 18:30,0.1,989.700012,0.5,7,0,0.0,2.29,30.07,992.4,2.75,257.27,0.0,0.0,0.0,0.0
2019/01/29 18:45,-0.9,989.700012,0.5,255,0,0.0,2.43,29.74,992.35,2.4,251.91,0.0,0.0,0.0,0.0
2019/01/29 19:00,-0.9,989.700012,0.5,166,0,0.0,2.49,29.65,992.4,2.14,243.17,0.0,0.0,0.0,0.0
2019/01/30 08:00,5.3,994.099976,2.8,251,81,72.0,3.26,26.19,997.99,5.6,65.35,102.87,47.09,55.78,1.974945
2019/01/30 08:15,4.2,994.099976,2.3,227,55,46.080002,3.11,27.59,998.14,5.68,65.17,90.45,37.400000000000006,53.05,1.008785
2019/01/30 08:30,4.2,994.099976,3.3,243,43,41.759998,2.93,29.12,998.18,5.75,64.27,77.87,28.550000000000004,49.32,0.7388279999999999
2019/01/30 08:45,4.2,994.099976,2.0,292,27,26.639999,2.68,30.61,998.21,5.75,63.17,55.43,21.950000000000003,33.48,0.468872
2019/01/30 09:00,4.2,994.099976,1.8,191,15,16.559998999999998,2.45,32.11,998.28,5.66,62.68,44.57,14.670000000000002,29.9,0.255748
2019/01/30 09:15,3.2,994.099976,1.9,231,9,10.8,2.13,33.88,998.38,5.47,63.04,18.55,10.7,7.85,0.0
2019/01/30 09:30,3.2,994.099976,1.6,229,0,0.0,1.79,35.71,998.49,5.18,63.98,7.35,4.65,2.7,0.0
2019/01/30 09:45,3.2,994.099976,2.6,196,0,0.0,1.47,37.29,998.61,4.91,65.6,0.0,0.0,0.0,0.0
2019/01/30 10:00,3.2,994.099976,2.4,226,0,0.0,1.2,38.49,998.73,4.72,67.53,0.0,0.0,0.0,0.0
2019/01/30 10:15,3.2,995.200012,3.7,238,0,0.0,0.87,39.43,998.88,4.64,69.78,0.0,0.0,0.0,0.0
2019/01/30 10:30,3.2,995.200012,2.9,215,0,0.0,0.62,39.8,999.03,4.62,72.62,0.0,0.0,0.0,0.0
2019/01/30 10:45,3.2,995.200012,2.2,280,0,0.0,0.36,40.12,999.16,4.52,76.18,0.0,0.0,0.0,0.0
2019/01/30 11:00,3.2,996.299988,2.4,176,0,0.0,0.17,40.36,999.26,4.37,79.24,0.0,0.0,0.0,0.0
2019/01/30 11:15,2.1,996.299988,1.7,286,0,0.0,-0.04,40.81,999.39,4.23,81.66,0.0,0.0,0.0,0.0
2019/01/30 11:30,2.1,996.299988,2.5,222,0,0.0,-0.25,41.43,999.6,4.16,83.75,0.0,0.0,0.0,0.0
2019/01/30 11:45,2.1,996.299988,3.3,169,0,0.0,-0.38,41.89,999.77,4.16,85.38,0.0,0.0,0.0,0.0
2019/01/30 12:00,2.1,996.299988,3.0,227,0,0.0,-0.54,42.57,999.9,4.14,86.28,0.0,0.0,0.0,0.0
2019/01/30 12:15,2.1,996.299988,3.5,180,0,0.0,-0.79,43.69,1000.09,4.07,86.79,0.0,0.0,0.0,0.0
2019/01/30 12:30,2.1,996.299988,2.5,184,0,0.0,-1.04,45.09,1000.32,3.97,86.95,0.0,0.0,0.0,0.0
2019/01/30 12:45,1.1,997.400024,3.1,181,0,0.0,-1.21,46.59,1000.57,3.86,86.44,0.0,0.0,0.0,0.0
2019/01/30 13:00,1.1,997.400024,1.5,179,0,0.0,-1.35,48.2,1000.79,3.72,84.81,0.0,0.0,0.0,0.0
2019/01/30 13:15,1.1,997.400024,3.0,186,0,0.0,-1.53,50.12,1000.94,3.57,81.28,0.0,0.0,0.0,0.0
2019/01/30 13:30,1.1,997.400024,5.2,158,0,0.0,-1.67,52.04,1001.08,3.46,76.03,0.0,0.0,0.0,0.0
2019/01/30 13:45,1.1,997.400024,3.0,224,0,0.0,-1.83,54.15,1001.08,3.44,69.99,0.0,0.0,0.0,0.0
2019/01/30 14:00,1.1,997.400024,2.4,209,0,0.0,-1.96,56.33,1001.09,3.6,65.09,0.0,0.0,0.0,0.0
2019/01/30 14:15,1.1,997.400024,1.7,166,0,0.0,-2.2,59.61,1001.16,3.85,62.37,0.0,0.0,0.0,0.0
2019/01/30 14:30,1.1,997.400024,2.5,184,0,0.0,-2.43,63.85,1001.22,4.0,60.6,0.0,0.0,0.0,0.0
2019/01/30 14:45,0.1,997.400024,0.0,191,0,0.0,-2.72,68.96,1001.3,3.96,58.49,0.0,0.0,0.0,0.0
2019/01/30 15:00,0.1,997.400024,0.0,103,0,0.0,-2.94,74.23,1001.39,3.7,56.57,0.0,0.0,0.0,0.0
2019/01/30 15:15,0.1,997.400024,0.3,290,0,0.0,-3.06,78.29,1001.48,3.2,52.32,0.0,0.0,0.0,0.0
2019/01/30 15:30,0.1,998.5,1.0,283,0,0.0,-3.12,81.01,1001.56,2.6,48.19,0.0,0.0,0.0,0.0
2019/01/30 15:45,0.1,998.5,1.1,173,0,0.0,-3.12,82.29,1001.63,1.99,40.3,0.0,0.0,0.0,0.0
2019/01/30 16:00,0.1,998.5,2.6,207,0,0.0,-1.62,25.66,1000.06,2.07,28.24,0.0,0.0,0.0,0.0
2019/01/30 16:15,0.1,998.5,2.3,202,0,0.0,-1.71,26.34,1000.08,2.03,23.64,0.0,0.0,0.0,0.0
2019/01/30 16:30,-0.9,998.5,1.1,150,0,0.0,-1.84,27.0,999.95,2.02,21.52,0.0,0.0,0.0,0.0
2019/01/30 16:45,-0.9,998.5,2.8,221,0,0.0,-1.96,27.47,1000.05,1.98,21.6,0.0,0.0,0.0,0.0
2019/01/30 17:00,-0.9,998.5,3.2,161,0,0.0,-2.05,27.74,1000.41,1.85,26.29,0.0,0.0,0.0,0.0
2019/01/30 17:15,-0.9,998.5,1.1,227,0,0.0,-2.14,27.84,1000.25,1.74,35.93,0.0,0.0,0.0,0.0
2019/01/30 17:30,-0.9,998.5,0.3,242,0,0.0,-2.25,27.87,1000.31,1.69,42.67,0.0,0.0,0.0,0.0
2019/01/30 17:45,-0.9,998.5,1.8,229,0,0.0,-2.36,27.74,1000.66,1.67,49.24,0.0,0.0,0.0,0.0
2019/01/30 18:00,-0.9,998.5,1.1,228,0,0.0,-2.48,27.64,1000.43,1.64,55.58,0.0,0.0,0.0,0.0
2019/01/30 18:15,-0.9,998.5,1.3,201,0,0.0,-2.58,27.4,1000.12,1.65,60.92,0.0,0.0,0.0,0.0
2019/01/30 18:30,-0.9,998.5,0.0,81,0,0.0,-2.75,27.23,1000.0,1.69,63.45,0.0,0.0,0.0,0.0
2019/01/30 18:45,-0.9,998.5,1.1,198,0,0.0,-2.82,27.0,1000.1,1.64,65.67,0.0,0.0,0.0,0.0
2019/01/30 19:00,-0.9,998.5,0.0,237,0,0.0,-2.93,26.76,1000.16,1.53,70.11,0.0,0.0,0.0,0.0
2019/01/31 08:00,1.1,993.0,0.6,197,242,68.400002,4.18,13.87,994.99,9.61,293.68,274.93,37.670000000000016,237.26,3.750975
2019/01/31 08:15,1.1,993.0,0.0,267,104,52.560001,4.01,14.08,995.07,9.84,293.21,225.13,34.609999999999985,190.52,3.537852
2019/01/31 08:30,1.1,993.0,1.6,201,78,45.360001,3.8,14.49,995.0,9.66,293.15,190.8,32.19,158.61,2.5859
2019/01/31 08:45,1.1,993.0,0.0,289,56,36.720001,3.52,14.99,994.9,9.25,293.76,138.4,27.78,110.62,1.7618220000000002
2019/01/31 09:00,1.1,993.0,1.1,179,38,26.639999,3.21,15.51,994.82,8.74,294.0,103.44,24.08,79.36,1.008785
2019/01/31 09:15,0.1,993.0,0.0,145,20,18.0,2.76,16.18,994.78,8.27,294.11,52.68,16.71,35.97,0.454664
2019/01/31 09:30,0.1,993.0,0.0,61,0,9.360001,2.27,16.93,994.76,7.88,294.07,22.11,9.7,12.41,0.0
2019/01/31 09:45,0.1,993.0,0.0,20,0,0.0,1.72,17.83,994.77,7.6,294.18,0.0,0.0,0.0,0.0
2019/01/31 10:00,-0.9,993.0,0.0,117,0,0.0,1.34,18.55,994.8,7.47,294.18,0.0,0.0,0.0,0.0
2019/01/31 10:15,-2.0,993.0,0.0,131,0,0.0,1.03,19.14,994.81,7.41,294.26,0.0,0.0,0.0,0.0
2019/01/31 10:30,-2.0,993.0,0.0,195,0,0.0,0.77,19.67,994.82,7.33,294.39,0.0,0.0,0.0,0.0
2019/01/31 10:45,-2.0,993.0,0.0,21,0,0.0,0.52,20.2,994.87,7.15,293.9,0.0,0.0,0.0,0.0
2019/01/31 11:00,-2.0,993.0,0.0,28,0,0.0,0.28,20.74,994.88,6.89,292.77,0.0,0.0,0.0,0.0
2019/01/31 11:15,-2.0,993.0,0.0,122,0,0.0,0.06,21.25,994.87,6.61,291.19,0.0,0.0,0.0,0.0
2019/01/31 11:30,-2.0,993.0,0.0,105,0,0.0,-0.13,21.7,994.92,6.34,289.02,0.0,0.0,0.0,0.0
2019/01/31 11:45,-2.0,993.0,0.0,123,0,0.0,-0.23,22.06,994.97,6.18,286.69,0.0,0.0,0.0,0.0
2019/01/31 12:00,-2.0,993.0,0.0,58,0,0.0,-0.28,22.4,994.97,6.17,284.63,0.0,0.0,0.0,0.0
2019/01/31 12:15,-2.0,993.0,0.0,120,0,0.0,-0.3,22.76,994.99,6.36,283.09,0.0,0.0,0.0,0.0
2019/01/31 12:30,-2.0,993.0,0.0,13,0,0.0,-0.31,23.23,995.01,6.7,281.61,0.0,0.0,0.0,0.0
2019/01/31 12:45,-3.1,993.0,0.0,87,0,0.0,-0.33,23.83,995.04,7.04,279.78,0.0,0.0,0.0,0.0
2019/01/31 13:00,-3.1,993.0,0.0,62,0,0.0,-0.38,24.56,995.1,7.22,277.81,0.0,0.0,0.0,0.0
2019/01/31 13:15,-2.0,993.0,0.0,56,0,0.0,-0.49,25.45,995.16,7.17,275.58,0.0,0.0,0.0,0.0
2019/01/31 13:30,-2.0,993.0,0.0,323,0,0.0,-0.63,26.49,995.22,6.93,273.61,0.0,0.0,0.0,0.0
2019/01/31 13:45,-0.9,993.0,0.0,7,0,0.0,-0.82,27.76,995.17,6.55,272.33,0.0,0.0,0.0,0.0
2019/01/31 14:00,-0.9,993.0,0.7,31,0,0.0,-1.02,29.11,995.08,6.17,271.13,0.0,0.0,0.0,0.0
2019/01/31 14:15,-2.0,993.0,1.7,153,0,0.0,-1.19,30.43,995.04,5.89,269.54,0.0,0.0,0.0,0.0
2019/01/31 14:30,-0.9,993.0,0.3,335,0,0.0,-1.33,31.71,994.94,5.73,267.27,0.0,0.0,0.0,0.0
2019/01/31 14:45,-2.0,993.0,0.0,114,0,0.0,-1.47,33.03,994.81,5.66,263.87,0.0,0.0,0.0,0.0
2019/01/31 15:00,-2.0,993.0,0.0,66,0,0.0,-1.58,34.3,994.65,5.7,259.56,0.0,0.0,0.0,0.0
2019/01/31 15:15,-2.0,993.0,0.0,29,0,0.0,-1.66,35.39,994.5,5.82,255.71,0.0,0.0,0.0,0.0
2019/01/31 15:30,-0.9,993.0,1.5,129,0,0.0,-1.72,36.24,994.36,5.9,253.94,0.0,0.0,0.0,0.0
2019/01/31 15:45,-0.9,993.0,0.4,308,0,0.0,-1.76,36.83,994.27,5.9,254.76,0.0,0.0,0.0,0.0
2019/01/31 16:00,-0.9,993.0,1.0,4,0,0.0,-1.64,26.91,994.07,3.06,265.16,0.0,0.0,0.0,0.0
2019/01/31 16:15,-0.9,993.0,0.7,327,0,0.0,-1.64,28.15,993.8,3.29,255.76,0.0,0.0,0.0,0.0
2019/01/31 16:30,-0.9,993.0,0.7,50,0,0.0,-1.63,29.3,993.77,3.63,252.54,0.0,0.0,0.0,0.0
2019/01/31 16:45,-0.9,993.0,1.0,127,0,0.0,-1.65,30.27,993.73,4.02,253.46,0.0,0.0,0.0,0.0
2019/01/31 17:00,-0.9,993.0,0.6,123,0,0.0,-1.69,31.02,993.71,4.51,255.72,0.0,0.0,0.0,0.0
2019/01/31 17:15,-0.9,993.0,0.8,21,0,0.0,-1.72,31.59,993.25,5.13,257.93,0.0,0.0,0.0,0.0
2019/01/31 17:30,-0.9,993.0,0.5,94,0,0.0,-1.67,31.85,992.95,5.89,258.14,0.0,0.0,0.0,0.0
2019/01/31 17:45,-0.9,993.0,1.0,96,0,0.0,-1.59,31.92,992.49,6.72,258.26,0.0,0.0,0.0,0.0
2019/01/31 18:00,-0.9,991.900024,0.9,130,0,0.0,-1.48,31.76,992.32,7.48,258.05,0.0,0.0,0.0,0.0
2019/01/31 18:15,-2.0,991.900024,0.9,17,0,0.0,-1.41,31.68,992.23,8.06,257.21,0.0,0.0,0.0,0.0
2019/01/31 18:30,-2.0,991.900024,0.9,31,0,0.0,-1.4,31.75,992.03,8.51,257.04,0.0,0.0,0.0,0.0
2019/01/31 18:45,-2.0,991.900024,0.9,96,0,0.0,-1.38,31.72,991.88,8.84,256.8,0.0,0.0,0.0,0.0
2019/01/31 19:00,-2.0,991.900024,0.9,96,0,0.0,-1.38,31.75,991.8,8.99,256.98,0.0,0.0,0.0,0.0
2019/02/01 08:00,10.8,980.799988,1.0,84,444,28.08,10.04,13.32,982.92,6.14,216.44,283.32,37.63,245.69,6.635248
2019/02/01 08:15,10.8,980.799988,0.0,20,62,26.639999,9.99,13.71,982.88,5.93,216.89,232.53,34.629999999999995,197.9,5.527006
2019/02/01 08:30,10.8,980.799988,1.1,30,50,23.76,9.86,14.26,982.72,5.65,217.41,197.62,32.25999999999999,165.36,4.305097
2019/02/01 08:45,8.6,979.700012,1.1,299,42,23.76,9.52,15.21,982.56,5.35,216.69,144.33,27.960000000000008,116.37,3.026355
2019/02/01 09:00,8.6,979.700012,1.6,194,32,19.440001,9.02,16.41,982.4,5.12,213.68,108.73,24.36,84.37,1.946529
2019/02/01 09:15,8.6,979.700012,1.3,190,20,15.12,8.24,17.99,982.26,5.0,210.34,56.87,17.22,39.65,0.994577
2019/02/01 09:30,7.6,979.700012,1.3,137,0,7.92,7.41,19.62,982.13,4.94,207.64,25.32,10.46,14.86,0.298373
2019/02/01 09:45,7.6,979.700012,0.5,300,0,0.0,6.51,21.33,981.98,4.86,204.89,0.0,0.0,0.0,0.0
2019/02/01 10:00,6.5,979.700012,0.3,323,0,0.0,5.79,22.94,981.84,4.72,202.29,0.0,0.0,0.0,0.0
2019/02/01 10:15,6.5,979.700012,0.0,1,0,0.0,5.16,24.4,981.74,4.53,200.08,0.0,0.0,0.0,0.0
2019/02/01 10:30,4.3,979.700012,0.0,133,0,0.0,4.66,25.55,981.64,4.36,198.18,0.0,0.0,0.0,0.0
2019/02/01 10:45,4.3,979.700012,0.0,49,0,0.0,4.29,26.34,981.61,4.25,198.54,0.0,0.0,0.0,0.0
2019/02/01 11:00,4.3,979.700012,0.0,130,0,0.0,3.98,26.98,981.59,4.14,201.76,0.0,0.0,0.0,0.0
2019/02/01 11:15,4.3,979.700012,0.0,57,0,0.0,3.68,27.56,981.62,4.03,208.3,0.0,0.0,0.0,0.0
2019/02/01 11:30,4.3,979.700012,0.0,85,0,0.0,3.39,28.09,981.7,3.94,217.48,0.0,0.0,0.0,0.0
2019/02/01 11:45,3.3,979.700012,0.0,108,0,0.0,3.06,28.72,981.7,3.93,226.8,0.0,0.0,0.0,0.0
2019/02/01 12:00,3.3,979.700012,0.0,167,0,0.0,2.74,29.53,981.6,3.99,231.96,0.0,0.0,0.0,0.0
2019/02/01 12:15,2.2,979.700012,0.0,37,0,0.0,2.49,30.44,981.5,4.07,234.22,0.0,0.0,0.0,0.0
2019/02/01 12:30,2.2,979.700012,0.0,89,0,0.0,2.33,31.25,981.42,4.1,236.84,0.0,0.0,0.0,0.0
2019/02/01 12:45,2.2,979.700012,0.0,20,0,0.0,2.24,31.97,981.35,4.05,238.69,0.0,0.0,0.0,0.0
2019/02/01 13:00,2.2,979.700012,0.0,140,0,0.0,2.17,32.63,981.26,3.91,240.02,0.0,0.0,0.0,0.0
2019/02/01 13:15,2.2,979.700012,0.0,115,0,0.0,2.1,33.23,981.13,3.77,241.2,0.0,0.0,0.0,0.0
2019/02/01 13:30,3.3,979.700012,0.0,99,0,0.0,2.0,33.88,980.97,3.68,242.14,0.0,0.0,0.0,0.0
2019/02/01 13:45,2.2,979.700012,0.0,137,0,0.0,1.83,34.73,980.8,3.68,241.41,0.0,0.0,0.0,0.0
2019/02/01 14:00,1.1,979.700012,0.0,29,0,0.0,1.6,35.77,980.65,3.74,238.36,0.0,0.0,0.0,0.0
2019/02/01 14:15,1.1,979.700012,0.0,65,0,0.0,1.36,36.8,980.59,3.78,235.09,0.0,0.0,0.0,0.0
2019/02/01 14:30,1.1,979.700012,0.0,114,0,0.0,1.17,37.61,980.53,3.77,233.16,0.0,0.0,0.0,0.0
2019/02/01 14:45,0.1,979.700012,0.0,141,0,0.0,1.03,38.09,980.46,3.7,231.83,0.0,0.0,0.0,0.0
2019/02/01 15:00,0.1,979.700012,0.0,68,0,0.0,0.92,38.31,980.37,3.63,228.59,0.0,0.0,0.0,0.0
2019/02/01 15:15,0.1,979.700012,0.0,113,0,0.0,0.87,38.19,980.28,3.57,223.63,0.0,0.0,0.0,0.0
2019/02/01 15:30,0.1,979.700012,0.0,14,0,0.0,0.83,37.8,980.2,3.57,219.36,0.0,0.0,0.0,0.0
2019/02/01 15:45,0.1,979.700012,0.0,138,0,0.0,0.83,37.19,980.11,3.59,217.33,0.0,0.0,0.0,0.0
2019/02/01 16:00,0.1,979.700012,0.0,42,0,0.0,0.61,27.11,980.24,1.03,324.26,0.0,0.0,0.0,0.0
2019/02/01 16:15,0.1,979.700012,0.0,31,0,0.0,0.6,27.25,980.45,0.96,325.62,0.0,0.0,0.0,0.0
2019/02/01 16:30,-0.9,979.700012,0.0,106,0,0.0,0.55,27.45,980.36,1.07,334.99,0.0,0.0,0.0,0.0
2019/02/01 16:45,-0.9,978.599976,0.0,105,0,0.0,0.4,27.92,979.95,1.15,340.55,0.0,0.0,0.0,0.0
2019/02/01 17:00,-0.9,978.599976,0.0,36,0,0.0,0.33,28.22,980.09,1.06,346.04,0.0,0.0,0.0,0.0
2019/02/01 17:15,-0.9,978.599976,0.0,97,0,0.0,0.23,28.52,979.77,0.87,346.51,0.0,0.0,0.0,0.0
2019/02/01 17:30,-0.9,978.599976,0.0,110,0,0.0,0.16,28.67,979.55,0.63,337.99,0.0,0.0,0.0,0.0
2019/02/01 17:45,-0.9,978.599976,0.0,160,0,0.0,0.15,28.56,979.46,0.46,325.68,0.0,0.0,0.0,0.0
2019/02/01 18:00,-0.9,978.599976,0.0,156,0,0.0,0.18,28.36,979.61,0.4,300.7,0.0,0.0,0.0,0.0
2019/02/01 18:15,-2.0,977.5,0.0,32,0,0.0,0.19,28.14,979.43,0.39,257.15,0.0,0.0,0.0,0.0
2019/02/01 18:30,-2.0,977.5,0.0,28,0,0.0,0.22,27.91,979.23,0.46,216.38,0.0,0.0,0.0,0.0
2019/02/01 18:45,-2.0,977.5,0.0,87,0,0.0,0.28,27.64,979.35,0.66,228.51,0.0,0.0,0.0,0.0
2019/02/01 19:00,-0.9,977.5,0.0,83,0,0.0,0.32,27.49,979.3,0.93,251.11,0.0,0.0,0.0,0.0
2019/02/02 08:00,4.2,975.299988,1.7,191,47,48.240002,8.78,21.88,975.19,4.74,93.06,128.93,33.69000000000001,95.24,0.923536
2019/02/02 08:15,4.2,975.299988,0.6,241,39,42.48,8.41,22.46,975.49,4.86,96.88,113.32,31.72,81.6,0.7388279999999999
2019/02/02 08:30,4.2,975.299988,1.4,180,33,36.720001,8.0,23.15,975.74,4.8,98.14,94.61,30.28,64.33,0.625163
2019/02/02 08:45,4.2,975.299988,2.4,191,25,28.08,7.59,24.01,976.01,4.57,97.32,75.5,28.24,47.26,0.454664
2019/02/02 09:00,4.2,976.400024,0.5,203,13,16.559998999999998,7.18,25.18,976.31,4.13,93.87,50.46,32.36,18.1,0.198915
2019/02/02 09:15,3.2,976.400024,0.0,325,0,7.92,6.68,27.2,976.61,3.48,87.54,25.8,21.880000000000003,3.92,0.0
2019/02/02 09:30,3.2,976.400024,0.0,163,0,0.0,6.25,29.6,976.86,2.84,78.49,13.29,11.28,2.01,0.0
2019/02/02 09:45,3.2,976.400024,0.0,145,0,0.0,5.81,31.82,977.04,2.45,69.18,0.0,0.0,0.0,0.0
2019/02/02 10:00,3.2,977.5,0.0,207,0,0.0,5.5,33.65,977.2,2.28,60.88,0.0,0.0,0.0,0.0
2019/02/02 10:15,3.2,977.5,0.4,237,0,0.0,5.23,35.48,977.32,2.19,52.49,0.0,0.0,0.0,0.0
2019/02/02 10:30,3.2,977.5,1.5,180,0,0.0,4.98,37.37,977.43,2.09,40.91,0.0,0.0,0.0,0.0
2019/02/02 10:45,3.2,978.599976,1.0,212,0,0.0,4.79,39.24,977.65,2.0,25.87,0.0,0.0,0.0,0.0
2019/02/02 11:00,3.2,978.599976,0.0,158,0,0.0,4.6,41.1,977.87,1.97,9.35,0.0,0.0,0.0,0.0
2019/02/02 11:15,2.1,978.599976,0.0,300,0,0.0,4.43,42.85,978.14,2.02,356.33,0.0,0.0,0.0,0.0
2019/02/02 11:30,2.1,978.599976,0.0,207,0,0.0,4.23,44.5,978.49,2.07,348.7,0.0,0.0,0.0,0.0
2019/02/02 11:45,2.1,979.700012,0.0,179,0,0.0,4.04,45.86,978.81,2.07,345.48,0.0,0.0,0.0,0.0
2019/02/02 12:00,2.1,979.700012,0.0,21,0,0.0,3.91,46.9,979.11,2.01,345.12,0.0,0.0,0.0,0.0
2019/02/02 12:15,2.1,979.700012,0.0,38,0,0.0,3.77,47.66,979.43,1.87,343.9,0.0,0.0,0.0,0.0
2019/02/02 12:30,2.1,979.700012,0.0,23,0,0.0,3.68,48.04,979.75,1.69,342.33,0.0,0.0,0.0,0.0
2019/02/02 12:45,2.1,979.700012,0.0,115,0,0.0,3.63,48.05,980.08,1.51,337.51,0.0,0.0,0.0,0.0
2019/02/02 13:00,2.1,980.799988,0.0,1,0,0.0,3.57,47.8,980.39,1.37,328.82,0.0,0.0,0.0,0.0
2019/02/02 13:15,1.1,980.799988,0.0,117,0,0.0,3.52,47.32,980.66,1.24,318.27,0.0,0.0,0.0,0.0
2019/02/02 13:30,1.1,980.799988,0.0,96,0,0.0,3.45,46.7,980.86,1.11,307.59,0.0,0.0,0.0,0.0
2019/02/02 13:45,1.1,980.799988,0.0,21,0,0.0,3.34,45.92,980.87,1.02,289.09,0.0,0.0,0.0,0.0
2019/02/02 14:00,1.1,980.799988,0.0,124,0,0.0,3.26,44.69,980.88,1.06,262.89,0.0,0.0,0.0,0.0
2019/02/02 14:15,0.1,981.900024,0.0,96,0,0.0,3.2,43.05,980.98,1.27,236.41,0.0,0.0,0.0,0.0
2019/02/02 14:30,0.1,981.900024,0.0,121,0,0.0,3.08,41.4,981.14,1.57,219.41,0.0,0.0,0.0,0.0
2019/02/02 14:45,0.1,981.900024,0.0,172,0,0.0,2.92,39.62,981.35,1.81,216.04,0.0,0.0,0.0,0.0
2019/02/02 15:00,0.1,981.900024,0.0,137,0,0.0,2.77,37.63,981.59,1.96,223.78,0.0,0.0,0.0,0.0
2019/02/02 15:15,0.1,981.900024,0.0,132,0,0.0,2.72,35.38,981.82,2.22,244.41,0.0,0.0,0.0,0.0
2019/02/02 15:30,0.1,981.900024,0.0,74,0,0.0,3.12,32.02,982.06,2.89,271.88,0.0,0.0,0.0,0.0
2019/02/02 15:45,0.1,981.900024,1.2,122,0,0.0,3.5,29.59,982.28,4.09,289.6,0.0,0.0,0.0,0.0
2019/02/02 16:00,0.1,981.900024,1.2,73,0,0.0,0.45,52.35,984.67,2.09,217.41,0.0,0.0,0.0,0.0
2019/02/02 16:15,0.1,981.900024,0.0,30,0,0.0,0.48,48.6,984.74,2.33,231.41,0.0,0.0,0.0,0.0
2019/02/02 16:30,0.1,983.0,0.0,101,0,0.0,0.56,44.64,984.93,2.29,245.27,0.0,0.0,0.0,0.0
2019/02/02 16:45,0.1,983.0,0.0,95,0,0.0,0.64,41.28,984.92,2.17,256.64,0.0,0.0,0.0,0.0
2019/02/02 17:00,-0.9,983.0,0.0,142,0,0.0,0.71,38.71,984.58,1.98,262.45,0.0,0.0,0.0,0.0
2019/02/02 17:15,-0.9,983.0,0.0,17,0,0.0,0.77,36.87,984.29,1.83,259.81,0.0,0.0,0.0,0.0
2019/02/02 17:30,-0.9,983.0,0.0,351,0,0.0,0.83,35.4,984.72,1.87,261.14,0.0,0.0,0.0,0.0
2019/02/02 17:45,-0.9,983.0,0.0,134,0,0.0,0.91,33.89,984.92,1.94,266.03,0.0,0.0,0.0,0.0
2019/02/02 18:00,-0.9,983.0,0.0,110,0,0.0,1.03,32.44,985.14,1.79,271.81,0.0,0.0,0.0,0.0
2019/02/02 18:15,-0.9,983.0,1.1,95,0,0.0,1.08,31.49,985.27,1.51,271.64,0.0,0.0,0.0,0.0
2019/02/02 18:30,-0.9,984.099976,1.1,119,0,0.0,1.07,30.95,985.42,1.2,264.85,0.0,0.0,0.0,0.0
2019/02/02 18:45,0.1,984.099976,1.2,131,0,0.0,0.99,30.74,985.45,1.04,231.04,0.0,0.0,0.0,0.0
2019/02/02 19:00,-0.9,984.099976,0.0,177,0,0.0,0.95,30.58,985.62,1.26,192.05,0.0,0.0,0.0,0.0
2019/02/03 08:00,9.7,986.299988,0.3,162,267,61.919998,5.63,20.04,991.03,12.0,313.33,289.92,38.150000000000006,251.77,4.589262000000001
2019/02/03 08:15,9.7,986.299988,1.2,194,167,56.16,5.41,20.29,991.3,11.68,313.57,239.54,35.22,204.32,3.566268
2019/02/03 08:30,9.7,986.299988,1.8,122,90,50.400002,5.2,20.64,991.44,11.27,313.65,204.75,32.900000000000006,171.85,2.727982
2019/02/03 08:45,9.7,986.299988,0.6,21,66,43.200001,4.9,21.13,991.52,10.82,312.96,151.47,28.69,122.78,1.974945
2019/02/03 09:00,8.6,986.299988,0.8,167,46,30.24,4.6,21.66,991.59,10.3,311.68,115.77,25.19,90.58,1.179284
2019/02/03 09:15,8.6,986.299988,1.0,153,28,20.16,4.19,22.38,991.62,9.69,310.14,63.45,18.31,45.14,0.610954
2019/02/03 09:30,8.6,987.400024,1.4,128,12,11.52,3.75,23.14,991.64,9.06,308.35,31.12,11.91,19.21,0.198915
2019/02/03 09:45,7.6,987.400024,0.0,143,0,0.0,3.23,24.0,991.7,8.47,306.55,0.0,0.0,0.0,0.0
2019/02/03 10:00,7.6,987.400024,0.6,110,0,0.0,2.83,24.67,991.77,7.97,305.07,0.0,0.0,0.0,0.0
2019/02/03 10:15,6.5,987.400024,0.7,135,0,0.0,2.47,25.2,991.87,7.56,303.89,0.0,0.0,0.0,0.0
2019/02/03 10:30,6.5,987.400024,0.3,112,0,0.0,2.13,25.65,991.96,7.25,302.84,0.0,0.0,0.0,0.0
2019/02/03 10:45,6.5,988.5,1.0,139,0,0.0,1.81,26.02,992.12,7.02,301.82,0.0,0.0,0.0,0.0
2019/02/03 11:00,6.5,988.5,1.5,175,0,0.0,1.53,26.32,992.33,6.86,300.9,0.0,0.0,0.0,0.0
2019/02/03 11:15,6.5,988.5,0.3,91,0,0.0,1.26,26.59,992.58,6.74,299.85,0.0,0.0,0.0,0.0
2019/02/03 11:30,6.5,988.5,0.3,108,0,0.0,1.02,26.79,992.86,6.68,298.71,0.0,0.0,0.0,0.0
2019/02/03 11:45,6.5,989.599976,0.0,145,0,0.0,0.8,26.98,993.1,6.61,297.67,0.0,0.0,0.0,0.0
2019/02/03 12:00,6.5,989.599976,1.0,127,0,0.0,0.6,27.12,993.33,6.53,296.72,0.0,0.0,0.0,0.0
2019/02/03 12:15,5.4,989.599976,1.0,141,0,0.0,0.42,27.24,993.56,6.45,295.79,0.0,0.0,0.0,0.0
2019/02/03 12:30,5.4,989.599976,1.0,141,0,0.0,0.25,27.32,993.79,6.36,295.1,0.0,0.0,0.0,0.0
2019/02/03 12:45,5.4,989.599976,1.0,73,0,0.0,0.12,27.35,994.02,6.29,294.83,0.0,0.0,0.0,0.0
2019/02/03 13:00,4.3,989.599976,1.0,82,0,0.0,-0.03,27.43,994.22,6.21,294.75,0.0,0.0,0.0,0.0
2019/02/03 13:15,3.3,989.599976,1.0,125,0,0.0,-0.13,27.51,994.37,6.1,294.99,0.0,0.0,0.0,0.0
2019/02/03 13:30,3.3,989.599976,1.0,128,0,0.0,-0.22,27.66,994.45,5.95,295.67,0.0,0.0,0.0,0.0
2019/02/03 13:45,3.3,990.700012,1.0,44,0,0.0,-0.32,27.92,994.39,5.76,296.46,0.0,0.0,0.0,0.0
2019/02/03 14:00,4.3,990.700012,1.0,61,0,0.0,-0.43,28.37,994.23,5.51,297.17,0.0,0.0,0.0,0.0
2019/02/03 14:15,4.3,990.700012,1.0,131,0,0.0,-0.56,28.98,994.14,5.18,297.42,0.0,0.0,0.0,0.0
2019/02/03 14:30,4.3,990.700012,1.0,88,0,0.0,-0.69,29.75,994.09,4.77,296.53,0.0,0.0,0.0,0.0
2019/02/03 14:45,4.3,990.700012,1.0,73,0,0.0,-0.84,30.7,994.08,4.32,293.82,0.0,0.0,0.0,0.0
2019/02/03 15:00,4.3,990.700012,1.0,77,0,0.0,-0.98,31.75,994.12,3.88,288.55,0.0,0.0,0.0,0.0
2019/02/03 15:15,4.3,990.700012,1.0,110,0,0.0,-1.08,32.84,994.18,3.54,280.55,0.0,0.0,0.0,0.0
2019/02/03 15:30,2.2,990.700012,1.0,162,0,0.0,-1.12,33.87,994.22,3.33,271.96,0.0,0.0,0.0,0.0
2019/02/03 15:45,2.2,990.700012,1.0,119,0,0.0,-1.11,34.83,994.25,3.21,264.37,0.0,0.0,0.0,0.0
2019/02/03 16:00,2.2,990.700012,1.0,163,0,0.0,0.33,34.23,993.26,2.63,215.64,0.0,0.0,0.0,0.0
2019/02/03 16:15,2.2,990.700012,1.0,15,0,0.0,0.3,34.58,993.23,2.57,211.53,0.0,0.0,0.0,0.0
2019/02/03 16:30,2.2,990.700012,1.0,64,0,0.0,0.25,35.07,993.27,2.61,207.38,0.0,0.0,0.0,0.0
2019/02/03 16:45,2.2,990.700012,1.0,60,0,0.0,0.19,35.51,993.03,2.66,196.83,0.0,0.0,0.0,0.0
2019/02/03 17:00,2.2,990.700012,1.0,137,0,0.0,0.13,35.93,992.63,2.76,182.24,0.0,0.0,0.0,0.0
2019/02/03 17:15,1.1,990.700012,1.0,94,0,0.0,0.01,36.46,992.34,3.0,171.31,0.0,0.0,0.0,0.0
2019/02/03 17:30,1.1,990.700012,1.0,53,0,0.0,-0.07,36.85,992.34,3.28,167.68,0.0,0.0,0.0,0.0
2019/02/03 17:45,1.1,990.700012,1.0,150,0,0.0,-0.14,37.09,992.1,3.49,170.66,0.0,0.0,0.0,0.0
2019/02/03 18:00,1.1,990.700012,1.0,73,0,0.0,-0.2,37.31,992.01,3.59,176.71,0.0,0.0,0.0,0.0
2019/02/03 18:15,2.1,990.700012,1.0,342,0,0.0,-0.32,37.78,991.88,3.6,184.11,0.0,0.0,0.0,0.0
2019/02/03 18:30,2.1,990.700012,1.0,83,0,0.0,-0.46,38.39,991.86,3.54,189.07,0.0,0.0,0.0,0.0
2019/02/03 18:45,2.1,989.599976,1.0,126,0,0.0,-0.62,39.05,991.77,3.43,193.01,0.0,0.0,0.0,0.0
2019/02/03 19:00,2.1,989.599976,1.1,133,0,0.0,-0.74,39.57,991.7,3.32,195.78,0.0,0.0,0.0,0.0
2019/02/04 08:00,8.6,980.799988,1.6,197,311,53.279999,9.15,23.66,984.14,4.49,8.87,289.23,38.110000000000014,251.12,5.200216
2019/02/04 08:15,7.6,980.799988,1.8,196,239,48.959999,9.03,23.91,984.23,4.39,6.42,239.15,35.23000000000002,203.92,4.191431
2019/02/04 08:30,7.6,980.799988,1.0,238,78,43.200001,8.86,24.33,984.19,4.26,6.74,204.66,32.94,171.72,3.239479
2019/02/04 08:45,6.5,980.799988,1.0,122,54,34.560001,8.59,24.93,984.17,4.03,8.48,151.93,28.820000000000007,123.11,1.861279
2019/02/04 09:00,6.5,980.799988,1.2,193,40,28.799999,8.3,25.84,984.2,3.62,10.55,116.63,25.41,91.22,1.250325
2019/02/04 09:15,6.5,980.799988,1.2,172,24,20.16,7.78,27.49,984.22,3.12,13.11,64.9,18.72000000000001,46.18,0.610954
2019/02/04 09:30,6.5,980.799988,0.4,215,10,10.08,7.22,28.73,984.23,2.78,14.44,32.93,12.509999999999998,20.42,0.227332
2019/02/04 09:45,6.5,980.799988,0.9,163,0,0.0,6.72,29.38,984.27,2.51,14.6,0.0,0.0,0.0,0.0
2019/02/04 10:00,5.4,980.799988,0.3,69,0,0.0,6.45,29.64,984.33,2.13,13.09,0.0,0.0,0.0,0.0
2019/02/04 10:15,5.4,980.799988,1.1,104,0,0.0,6.3,29.63,984.41,1.69,10.01,0.0,0.0,0.0,0.0
2019/02/04 10:30,5.4,980.799988,1.4,100,0,0.0,6.19,29.56,984.49,1.29,6.9,0.0,0.0,0.0,0.0
2019/02/04 10:45,5.4,980.799988,0.0,79,0,0.0,6.03,29.66,984.55,0.97,1.61,0.0,0.0,0.0,0.0
2019/02/04 11:00,5.4,980.799988,2.1,160,0,0.0,5.89,29.72,984.6,0.73,3.72,0.0,0.0,0.0,0.0
2019/02/04 11:15,5.4,980.799988,1.0,88,0,0.0,5.74,29.78,984.66,0.55,21.13,0.0,0.0,0.0,0.0
2019/02/04 11:30,5.4,981.900024,1.3,119,0,0.0,5.59,29.89,984.79,0.51,68.7,0.0,0.0,0.0,0.0
2019/02/04 11:45,3.3,981.900024,0.0,40,0,0.0,5.4,30.09,984.91,0.72,118.42,0.0,0.0,0.0,0.0
2019/02/04 12:00,3.3,981.900024,0.0,88,0,0.0,5.18,30.36,985.03,1.13,144.12,0.0,0.0,0.0,0.0
2019/02/04 12:15,2.2,981.900024,0.0,128,0,0.0,5.0,30.48,985.15,1.55,158.3,0.0,0.0,0.0,0.0
2019/02/04 12:30,2.2,981.900024,0.0,124,0,0.0,4.85,30.56,985.29,1.84,167.59,0.0,0.0,0.0,0.0
2019/02/04 12:45,2.2,981.900024,0.0,105,0,0.0,4.77,30.57,985.45,1.94,174.96,0.0,0.0,0.0,0.0
2019/02/04 13:00,1.1,981.900024,1.2,121,0,0.0,4.72,30.45,985.59,1.91,180.82,0.0,0.0,0.0,0.0
2019/02/04 13:15,1.1,981.900024,0.0,144,0,0.0,4.66,30.42,985.68,1.83,183.76,0.0,0.0,0.0,0.0
2019/02/04 13:30,1.1,981.900024,0.0,23,0,0.0,4.56,30.63,985.75,1.75,183.27,0.0,0.0,0.0,0.0
2019/02/04 13:45,2.1,981.900024,0.0,348,0,0.0,4.44,30.97,985.71,1.71,182.27,0.0,0.0,0.0,0.0
2019/02/04 14:00,1.1,981.900024,0.0,63,0,0.0,4.28,31.4,985.67,1.71,182.68,0.0,0.0,0.0,0.0
2019/02/04 14:15,1.1,981.900024,0.0,119,0,0.0,4.11,31.94,985.68,1.73,184.99,0.0,0.0,0.0,0.0
2019/02/04 14:30,0.1,981.900024,0.0,274,0,0.0,3.91,32.56,985.7,1.75,188.74,0.0,0.0,0.0,0.0
2019/02/04 14:45,0.1,981.900024,0.0,23,0,0.0,3.68,33.25,985.72,1.75,192.81,0.0,0.0,0.0,0.0
2019/02/04 15:00,1.1,981.900024,0.0,150,0,0.0,3.48,33.91,985.72,1.72,195.88,0.0,0.0,0.0,0.0
2019/02/04 15:15,0.1,981.900024,0.0,20,0,0.0,3.31,34.49,985.72,1.67,198.21,0.0,0.0,0.0,0.0
2019/02/04 15:30,0.1,981.900024,0.0,105,0,0.0,3.16,35.0,985.71,1.61,199.64,0.0,0.0,0.0,0.0
2019/02/04 15:45,-0.9,981.900024,0.0,123,0,0.0,3.04,35.48,985.69,1.6,200.94,0.0,0.0,0.0,0.0
2019/02/04 16:00,-0.9,981.900024,0.0,106,0,0.0,1.92,35.29,984.25,1.57,127.07,0.0,0.0,0.0,0.0
2019/02/04 16:15,-0.9,981.900024,0.0,23,0,0.0,1.62,36.25,984.24,1.75,115.39,0.0,0.0,0.0,0.0
2019/02/04 16:30,-0.9,981.900024,0.0,281,0,0.0,1.24,37.44,984.28,2.02,111.53,0.0,0.0,0.0,0.0
2019/02/04 16:45,-2.0,981.900024,0.0,114,0,0.0,0.8,38.87,984.35,2.33,104.09,0.0,0.0,0.0,0.0
2019/02/04 17:00,-2.0,983.0,0.0,139,0,0.0,0.31,40.32,984.41,2.59,99.17,0.0,0.0,0.0,0.0
2019/02/04 17:15,-2.0,983.0,0.0,102,0,0.0,-0.17,41.48,984.28,2.76,95.41,0.0,0.0,0.0,0.0
2019/02/04 17:30,-2.0,983.0,0.0,123,0,0.0,-0.56,41.99,984.34,2.78,92.44,0.0,0.0,0.0,0.0
2019/02/04 17:45,-2.0,983.0,0.0,7,0,0.0,-0.84,41.94,984.46,2.65,87.61,0.0,0.0,0.0,0.0
2019/02/04 18:00,-2.0,983.0,0.0,56,0,0.0,-0.96,41.16,984.75,2.38,80.44,0.0,0.0,0.0,0.0
2019/02/04 18:15,-2.0,983.0,0.0,307,0,0.0,-1.01,40.29,984.7,1.99,67.33,0.0,0.0,0.0,0.0
2019/02/04 18:30,-2.0,983.0,0.0,109,0,0.0,-1.0,39.65,984.65,1.58,48.3,0.0,0.0,0.0,0.0
2019/02/04 18:45,-2.0,983.0,0.0,352,0,0.0,-0.99,39.39,984.72,1.38,15.31,0.0,0.0,0.0,0.0
2019/02/04 19:00,-2.0,983.0,0.0,146,0,0.0,-1.07,39.82,984.77,1.51,346.84,0.0,0.0,0.0,0.0
2019/02/05 08:00,5.3,978.599976,1.4,162,210,74.160004,3.31,41.12,981.47,3.4,103.53,91.05,62.42,28.63,3.850433
2019/02/05 08:15,5.3,978.599976,0.7,234,189,84.240013,3.27,41.95,981.48,3.53,103.39,79.78,52.47,27.31,3.225271
2019/02/05 08:30,5.3,978.599976,1.2,218,80,54.0,3.16,42.97,981.35,3.74,103.12,71.67,51.91,19.76,1.832863
2019/02/05 08:45,5.3,978.599976,1.2,255,80,55.439999,3.08,44.06,981.2,4.0,102.39,79.12,37.760000000000005,41.36,2.01757
2019/02/05 09:00,4.2,978.599976,0.0,211,42,33.84,2.96,45.4,981.11,4.2,101.69,72.48,30.290000000000006,42.19,0.994577
2019/02/05 09:15,4.2,978.599976,1.6,172,18,15.12,2.74,47.16,981.05,4.13,102.55,44.84,17.030000000000005,27.81,0.355206
2019/02/05 09:30,4.2,978.599976,1.4,212,10,10.08,2.55,49.01,981.06,3.6,101.32,25.69,10.61,15.08,0.1420819999999999
2019/02/05 09:45,4.2,978.599976,0.0,129,0,0.0,2.1,51.69,981.06,2.87,95.59,0.04,0.04,0.0,0.0
2019/02/05 10:00,3.2,978.599976,0.0,176,0,0.0,1.8,53.64,981.0,2.4,83.14,0.0,0.0,0.0,0.0
2019/02/05 10:15,3.2,978.599976,0.0,345,0,0.0,1.6,55.08,980.98,2.24,68.55,0.0,0.0,0.0,0.0
2019/02/05 10:30,2.1,978.599976,0.0,46,0,0.0,1.38,56.44,980.96,2.24,54.49,0.0,0.0,0.0,0.0
2019/02/05 10:45,2.1,978.599976,0.0,331,0,0.0,1.2,57.64,980.97,2.32,40.6,0.0,0.0,0.0,0.0
2019/02/05 11:00,2.1,978.599976,0.0,29,0,0.0,1.01,58.74,980.97,2.46,28.22,0.0,0.0,0.0,0.0
2019/02/05 11:15,1.1,978.599976,0.0,75,0,0.0,0.83,59.7,981.05,2.62,17.48,0.0,0.0,0.0,0.0
2019/02/05 11:30,1.1,979.700012,0.0,339,0,0.0,0.65,60.45,981.23,2.76,10.36,0.0,0.0,0.0,0.0
2019/02/05 11:45,1.1,979.700012,0.0,170,0,0.0,0.48,61.05,981.41,2.85,7.08,0.0,0.0,0.0,0.0
2019/02/05 12:00,1.1,979.700012,0.0,118,0,0.0,0.31,61.46,981.6,2.87,5.62,0.0,0.0,0.0,0.0
2019/02/05 12:15,0.1,979.700012,0.0,64,0,0.0,0.17,61.69,981.8,2.83,5.17,0.0,0.0,0.0,0.0
2019/02/05 12:30,0.1,979.700012,0.0,38,0,0.0,0.06,61.74,981.99,2.75,5.68,0.0,0.0,0.0,0.0
2019/02/05 12:45,0.1,979.700012,0.0,17,0,0.0,-0.03,61.81,982.15,2.59,5.41,0.0,0.0,0.0,0.0
2019/02/05 13:00,-0.9,980.799988,0.0,116,0,0.0,-0.07,61.82,982.28,2.35,4.14,0.0,0.0,0.0,0.0
2019/02/05 13:15,-0.9,980.799988,0.0,133,0,0.0,-0.08,61.82,982.38,2.07,1.0,0.0,0.0,0.0,0.0
2019/02/05 13:30,-0.9,980.799988,0.0,12,0,0.0,-0.08,61.8,982.45,1.81,353.51,0.0,0.0,0.0,0.0
2019/02/05 13:45,-0.9,980.799988,0.0,77,0,0.0,-0.11,61.82,982.41,1.63,338.94,0.0,0.0,0.0,0.0
2019/02/05 14:00,-2.0,980.799988,0.0,105,0,0.0,-0.16,61.97,982.39,1.6,319.89,0.0,0.0,0.0,0.0
2019/02/05 14:15,-2.0,980.799988,0.0,22,0,0.0,-0.25,62.29,982.4,1.7,303.92,0.0,0.0,0.0,0.0
2019/02/05 14:30,-2.0,980.799988,0.0,23,0,0.0,-0.33,62.52,982.46,1.82,293.45,0.0,0.0,0.0,0.0
2019/02/05 14:45,-2.0,980.799988,0.0,251,0,0.0,-0.4,62.65,982.51,1.88,285.85,0.0,0.0,0.0,0.0
2019/02/05 15:00,-3.1,980.799988,0.0,127,0,0.0,-0.46,62.68,982.56,1.87,279.54,0.0,0.0,0.0,0.0
2019/02/05 15:15,-3.1,980.799988,0.0,131,0,0.0,-0.5,62.64,982.61,1.83,272.69,0.0,0.0,0.0,0.0
2019/02/05 15:30,-3.1,980.799988,0.0,103,0,0.0,-0.55,62.72,982.67,1.83,265.21,0.0,0.0,0.0,0.0
2019/02/05 15:45,-3.1,980.799988,0.0,150,0,0.0,-0.61,62.93,982.74,1.87,258.24,0.0,0.0,0.0,0.0
2019/02/05 16:00,-3.1,980.799988,1.1,193,0,0.0,-1.19,86.64,982.94,2.99,85.37,0.0,0.0,0.0,0.0
2019/02/05 16:15,-3.1,980.799988,0.0,133,0,0.0,-1.39,89.14,982.91,3.43,95.09,0.0,0.0,0.0,0.0
2019/02/05 16:30,-3.1,980.799988,0.0,278,0,0.0,-1.61,90.99,982.97,3.57,100.1,0.0,0.0,0.0,0.0
2019/02/05 16:45,-3.1,980.799988,0.0,184,0,0.0,-1.77,91.62,983.11,3.57,99.63,0.0,0.0,0.0,0.0
2019/02/05 17:00,-3.1,981.900024,0.0,230,0,0.0,-1.82,90.82,982.89,3.61,91.71,0.0,0.0,0.0,0.0
2019/02/05 17:15,-3.1,981.900024,0.0,328,0,0.0,-1.94,89.99,982.96,3.76,82.55,0.0,0.0,0.0,0.0
2019/02/05 17:30,-3.1,981.900024,0.0,331,0,0.0,-2.01,89.56,983.26,3.85,76.37,0.0,0.0,0.0,0.0
2019/02/05 17:45,-3.1,981.900024,0.0,207,0,0.0,-2.13,89.25,983.39,3.82,73.53,0.0,0.0,0.0,0.0
2019/02/05 18:00,-3.1,981.900024,0.0,295,0,0.0,-2.21,89.12,983.63,3.78,69.12,0.0,0.0,0.0,0.0
2019/02/05 18:15,-3.1,981.900024,0.4,302,0,0.0,-2.36,89.28,983.61,3.86,66.23,0.0,0.0,0.0,0.0
2019/02/05 18:30,-3.1,981.900024,0.4,288,0,0.0,-2.49,89.11,984.02,4.04,63.37,0.0,0.0,0.0,0.0
2019/02/05 18:45,-3.1,981.900024,0.4,222,0,0.0,-2.66,89.15,984.33,4.23,61.35,0.0,0.0,0.0,0.0
2019/02/05 19:00,-2.0,981.900024,0.4,243,0,0.0,-2.85,88.95,984.4,4.34,59.27,0.0,0.0,0.0,0.0
2019/02/06 08:00,-2.0,983.0,1.0,188,18,17.280001000000002,-0.17,40.42,987.24,3.76,71.02,293.41,38.99000000000004,254.42,0.326789
2019/02/06 08:15,-2.0,984.099976,1.2,205,18,17.280001000000002,-0.17,40.52,987.48,3.63,74.11,243.49,36.07000000000002,207.42,0.2131239999999999
2019/02/06 08:30,-2.0,984.099976,2.4,202,16,14.4,-0.22,40.6,987.56,3.41,76.51,209.11,33.78,175.33,0.170499
2019/02/06 08:45,-2.0,984.099976,2.3,245,10,10.08,-0.31,40.63,987.64,3.18,77.61,156.54,29.639999999999983,126.9,0.0
2019/02/06 09:00,-2.0,984.099976,2.4,255,0,6.48,-0.4,40.62,987.67,3.02,77.7,121.38,26.28,95.1,0.0
2019/02/06 09:15,-2.0,984.099976,1.6,212,0,0.0,-0.53,40.9,987.69,2.85,78.19,69.78,19.74,50.04,0.0
2019/02/06 09:30,-2.0,984.099976,1.7,217,0,0.0,-0.68,41.53,987.73,2.61,78.51,37.7,13.810000000000002,23.89,0.0
2019/02/06 09:45,-2.0,985.200012,1.2,188,0,0.0,-1.03,43.22,987.8,2.39,77.37,1.11,1.01,0.1,0.0
2019/02/06 10:00,-2.0,985.200012,1.2,200,0,0.0,-1.23,44.32,987.92,2.24,74.94,0.0,0.0,0.0,0.0
2019/02/06 10:15,-2.0,985.200012,1.7,202,0,0.0,-1.43,45.51,988.1,2.1,70.81,0.0,0.0,0.0,0.0
2019/02/06 10:30,-2.0,986.299988,0.7,233,0,0.0,-1.6,46.58,988.31,1.95,67.14,0.0,0.0,0.0,0.0
2019/02/06 10:45,-2.0,986.299988,1.2,190,0,0.0,-1.75,47.51,988.52,1.85,65.79,0.0,0.0,0.0,0.0
2019/02/06 11:00,-2.0,986.299988,1.2,294,0,0.0,-1.89,48.37,988.71,1.81,65.04,0.0,0.0,0.0,0.0
2019/02/06 11:15,-2.0,987.400024,2.1,167,0,0.0,-2.02,49.14,988.94,1.82,65.08,0.0,0.0,0.0,0.0
2019/02/06 11:30,-2.0,987.400024,1.8,226,0,0.0,-2.14,49.79,989.26,1.84,64.62,0.0,0.0,0.0,0.0
2019/02/06 11:45,-2.0,988.5,0.8,193,0,0.0,-2.25,50.28,989.62,1.85,63.17,0.0,0.0,0.0,0.0
2019/02/06 12:00,-2.0,988.5,2.2,208,0,0.0,-2.34,50.56,989.94,1.86,62.3,0.0,0.0,0.0,0.0
2019/02/06 12:15,-2.0,988.5,1.1,143,0,0.0,-2.42,50.73,990.29,1.85,60.39,0.0,0.0,0.0,0.0
2019/02/06 12:30,-2.0,989.599976,1.3,270,0,0.0,-2.51,50.92,990.67,1.8,55.45,0.0,0.0,0.0,0.0
2019/02/06 12:45,-2.0,989.599976,1.7,173,0,0.0,-2.58,51.08,991.1,1.74,47.62,0.0,0.0,0.0,0.0
2019/02/06 13:00,-3.1,990.700012,1.1,172,0,0.0,-2.66,51.31,991.53,1.72,35.29,0.0,0.0,0.0,0.0
2019/02/06 13:15,-3.1,990.700012,1.1,229,0,0.0,-2.76,51.71,991.9,1.76,19.19,0.0,0.0,0.0,0.0
2019/02/06 13:30,-3.1,990.700012,1.4,204,0,0.0,-2.9,52.32,992.23,1.84,8.2,0.0,0.0,0.0,0.0
2019/02/06 13:45,-3.1,991.799988,1.4,184,0,0.0,-3.05,53.01,992.4,1.93,7.44,0.0,0.0,0.0,0.0
2019/02/06 14:00,-3.1,991.799988,1.3,216,0,0.0,-3.21,53.91,992.59,2.19,29.08,0.0,0.0,0.0,0.0
2019/02/06 14:15,-3.1,991.799988,1.1,276,0,0.0,-3.44,56.13,992.91,2.9,57.39,0.0,0.0,0.0,0.0
2019/02/06 14:30,-3.1,992.900024,0.0,132,0,0.0,-3.77,59.92,993.26,3.89,75.6,0.0,0.0,0.0,0.0
2019/02/06 14:45,-3.1,992.900024,0.0,166,0,0.0,-4.15,64.68,993.64,4.67,84.11,0.0,0.0,0.0,0.0
2019/02/06 15:00,-3.1,992.900024,0.7,161,0,0.0,-4.5,69.06,994.08,5.11,87.04,0.0,0.0,0.0,0.0
2019/02/06 15:15,-3.1,992.900024,0.7,15,0,0.0,-4.82,72.16,994.58,5.39,84.4,0.0,0.0,0.0,0.0
2019/02/06 15:30,-3.1,994.0,0.7,258,0,0.0,-5.09,74.2,995.1,5.51,79.73,0.0,0.0,0.0,0.0
2019/02/06 15:45,-3.1,994.0,0.5,59,0,0.0,-5.27,75.12,995.62,5.39,75.07,0.0,0.0,0.0,0.0
2019/02/06 16:00,-3.1,994.0,0.5,152,0,0.0,-4.43,69.91,997.06,2.35,314.99,0.0,0.0,0.0,0.0
2019/02/06 16:15,-3.1,995.099976,0.5,228,0,0.0,-4.43,69.32,997.27,2.29,317.68,0.0,0.0,0.0,0.0
2019/02/06 16:30,-3.1,995.099976,2.2,188,0,0.0,-4.45,68.84,997.13,2.28,318.4,0.0,0.0,0.0,0.0
2019/02/06 16:45,-3.1,995.099976,2.4,206,0,0.0,-4.47,68.37,997.27,2.25,316.85,0.0,0.0,0.0,0.0
2019/02/06 17:00,-3.1,995.099976,1.8,207,0,0.0,-4.5,68.21,997.09,2.09,317.98,0.0,0.0,0.0,0.0
2019/02/06 17:15,-3.1,995.099976,0.8,199,0,0.0,-4.54,68.11,997.1,1.83,317.63,0.0,0.0,0.0,0.0
2019/02/06 17:30,-3.1,996.200012,0.3,346,0,0.0,-4.56,67.97,997.35,1.55,317.35,0.0,0.0,0.0,0.0
2019/02/06 17:45,-3.1,996.200012,0.8,214,0,0.0,-4.61,67.89,997.24,1.31,316.71,0.0,0.0,0.0,0.0
2019/02/06 18:00,-3.1,996.200012,0.8,281,0,0.0,-4.62,67.66,997.42,1.16,316.46,0.0,0.0,0.0,0.0
2019/02/06 18:15,-3.1,996.200012,0.9,223,0,0.0,-4.63,67.29,997.78,1.05,307.21,0.0,0.0,0.0,0.0
2019/02/06 18:30,-3.1,996.200012,0.9,327,0,0.0,-4.63,66.89,998.06,1.0,290.84,0.0,0.0,0.0,0.0
2019/02/06 18:45,-3.1,996.200012,0.9,249,0,0.0,-4.66,66.48,998.18,1.02,263.81,0.0,0.0,0.0,0.0
2019/02/06 19:00,-4.2,996.200012,0.9,311,0,0.0,-4.68,65.94,998.37,1.08,241.31,0.0,0.0,0.0,0.0
2019/02/07 08:00,-4.2,997.299988,0.8,289,67,66.240013,-4.73,19.13,1000.03,5.49,125.77,119.58,15.539999999999992,104.04,1.349783
2019/02/07 08:15,-4.2,997.299988,0.8,191,83,80.639999,-4.76,18.86,1000.35,5.58,127.31,98.44,15.299999999999995,83.14,1.7618220000000002
2019/02/07 08:30,-4.2,997.299988,0.8,273,55,51.84,-4.79,18.6,1000.45,5.64,129.02,85.59,13.510000000000003,72.08,1.094035
2019/02/07 08:45,-4.2,997.299988,0.4,301,43,41.759998,-4.87,18.38,1000.47,5.64,130.72,64.61,11.939999999999998,52.67,0.80987
2019/02/07 09:00,-4.2,997.299988,1.4,206,21,21.6,-4.95,18.13,1000.45,5.58,132.21,50.72,10.68,40.04,0.340998
2019/02/07 09:15,-4.2,997.299988,1.0,336,17,17.280001000000002,-5.08,17.99,1000.42,5.42,132.98,29.48,8.150000000000002,21.33,0.227332
2019/02/07 09:30,-4.2,997.299988,0.8,230,11,10.08,-5.2,17.93,1000.42,5.15,132.69,16.52,5.779999999999999,10.74,0.0
2019/02/07 09:45,-4.2,997.299988,0.0,251,0,0.0,-5.37,18.21,1000.4,4.79,131.13,0.98,0.78,0.2,0.0
2019/02/07 10:00,-4.2,997.299988,1.1,276,0,0.0,-5.48,18.58,1000.36,4.47,128.73,0.0,0.0,0.0,0.0
2019/02/07 10:15,-4.2,997.299988,0.0,260,0,0.0,-5.55,18.87,1000.22,4.32,126.9,0.0,0.0,0.0,0.0
2019/02/07 10:30,-4.2,997.299988,1.0,223,0,0.0,-5.59,18.8,1000.06,4.27,128.53,0.0,0.0,0.0,0.0
2019/02/07 10:45,-4.2,997.299988,2.2,229,0,0.0,-5.61,18.64,999.9,4.22,128.74,0.0,0.0,0.0,0.0
2019/02/07 11:00,-4.2,997.299988,1.6,167,0,0.0,-5.61,18.26,999.79,4.13,128.99,0.0,0.0,0.0,0.0
2019/02/07 11:15,-4.2,997.299988,2.2,190,0,0.0,-5.61,17.9,999.76,4.0,128.4,0.0,0.0,0.0,0.0
2019/02/07 11:30,-4.2,997.299988,1.1,198,0,0.0,-5.62,17.68,999.82,3.78,127.39,0.0,0.0,0.0,0.0
2019/02/07 11:45,-4.2,997.299988,1.4,153,0,0.0,-5.6,17.86,1000.0,3.5,127.35,0.0,0.0,0.0,0.0
2019/02/07 12:00,-4.2,997.299988,0.9,280,0,0.0,-5.6,17.98,1000.18,3.28,127.4,0.0,0.0,0.0,0.0
2019/02/07 12:15,-4.2,997.299988,0.3,194,0,0.0,-5.57,18.12,1000.41,3.2,127.92,0.0,0.0,0.0,0.0
2019/02/07 12:30,-4.2,997.299988,0.0,259,0,0.0,-5.59,18.27,1000.57,3.18,126.49,0.0,0.0,0.0,0.0
2019/02/07 12:45,-4.2,998.400024,0.0,35,0,0.0,-5.57,18.2,1000.68,3.15,125.05,0.0,0.0,0.0,0.0
2019/02/07 13:00,-4.2,998.400024,0.0,137,0,0.0,-5.61,18.22,1000.81,3.07,124.3,0.0,0.0,0.0,0.0
2019/02/07 13:15,-5.3,998.400024,0.0,245,0,0.0,-5.58,18.12,1000.99,2.97,125.81,0.0,0.0,0.0,0.0
2019/02/07 13:30,-5.3,998.400024,0.0,178,0,0.0,-5.59,18.07,1001.15,2.93,128.99,0.0,0.0,0.0,0.0
2019/02/07 13:45,-5.3,998.400024,0.0,189,0,0.0,-5.63,18.16,1001.14,2.91,132.57,0.0,0.0,0.0,0.0
2019/02/07 14:00,-5.3,998.400024,0.0,267,0,0.0,-5.67,18.43,1001.15,2.78,136.18,0.0,0.0,0.0,0.0
2019/02/07 14:15,-5.3,998.400024,1.2,149,0,0.0,-5.71,19.37,1001.2,2.54,142.04,0.0,0.0,0.0,0.0
2019/02/07 14:30,-5.3,998.400024,0.0,270,0,0.0,-5.81,19.69,1001.18,2.51,148.65,0.0,0.0,0.0,0.0
2019/02/07 14:45,-5.3,998.400024,0.0,234,0,0.0,-5.95,20.79,1001.15,2.88,156.22,0.0,0.0,0.0,0.0
2019/02/07 15:00,-5.3,998.400024,0.0,306,0,0.0,-6.33,27.8,1001.18,3.22,162.82,0.0,0.0,0.0,0.0
2019/02/07 15:15,-5.3,998.400024,0.0,212,0,0.0,-6.76,37.4,1001.22,2.93,163.64,0.0,0.0,0.0,0.0
2019/02/07 15:30,-5.3,998.400024,0.0,128,0,0.0,-7.03,42.92,1001.17,2.29,157.84,0.0,0.0,0.0,0.0
2019/02/07 15:45,-5.3,998.400024,0.0,141,0,0.0,-7.13,45.2,1001.14,1.74,148.04,0.0,0.0,0.0,0.0
2019/02/07 16:00,-5.3,998.400024,0.0,207,0,0.0,-5.49,23.32,999.59,3.56,132.1,0.0,0.0,0.0,0.0
2019/02/07 16:15,-5.3,998.400024,1.1,231,0,0.0,-5.56,23.34,999.41,3.62,133.2,0.0,0.0,0.0,0.0
2019/02/07 16:30,-5.3,998.400024,1.2,208,0,0.0,-5.69,22.59,999.18,3.62,133.63,0.0,0.0,0.0,0.0
2019/02/07 16:45,-5.3,997.299988,1.3,227,0,0.0,-5.7,22.7,999.34,3.56,135.02,0.0,0.0,0.0,0.0
2019/02/07 17:00,-5.3,997.299988,1.6,193,0,0.0,-5.74,22.53,999.31,3.49,135.08,0.0,0.0,0.0,0.0
2019/02/07 17:15,-5.3,997.299988,0.5,153,0,0.0,-5.81,21.97,999.4,3.35,129.61,0.0,0.0,0.0,0.0
2019/02/07 17:30,-5.3,997.299988,0.5,161,0,0.0,-5.87,21.61,999.46,3.32,127.87,0.0,0.0,0.0,0.0
2019/02/07 17:45,-5.3,997.299988,0.5,336,0,0.0,-6.03,20.42,999.01,3.53,132.14,0.0,0.0,0.0,0.0
2019/02/07 18:00,-5.3,997.299988,0.5,180,0,0.0,-6.13,19.6,999.02,3.73,132.18,0.0,0.0,0.0,0.0
2019/02/07 18:15,-5.3,997.299988,0.5,313,0,0.0,-6.28,18.8,998.58,4.0,134.13,0.0,0.0,0.0,0.0
2019/02/07 18:30,-5.3,997.299988,0.5,145,0,0.0,-6.48,17.6,998.09,4.33,138.16,0.0,0.0,0.0,0.0
2019/02/07 18:45,-5.3,996.200012,0.5,145,0,0.0,-6.62,16.77,997.76,4.39,140.37,0.0,0.0,0.0,0.0
2019/02/07 19:00,-5.3,996.200012,0.5,78,0,0.0,-6.73,15.98,997.69,4.16,140.23,0.0,0.0,0.0,0.0
2019/02/08 08:00,-2.1,990.700012,0.3,142,100,90.720001,-1.71,19.43,992.46,5.06,131.65,304.57,39.0,265.57,2.003362
2019/02/08 08:15,-2.1,990.700012,1.1,300,84,77.760002,-1.69,19.68,992.56,5.1,129.5,254.39,36.20999999999998,218.18,1.6481560000000002
2019/02/08 08:30,-2.1,990.700012,1.3,202,68,62.639999,-1.73,19.96,992.54,5.09,127.36,219.77,34.01000000000002,185.76,1.278742
2019/02/08 08:45,-2.1,990.700012,1.7,241,58,55.439999,-1.84,20.35,992.5,4.97,126.06,166.67,30.079999999999984,136.59,1.094035
2019/02/08 09:00,-2.1,990.700012,1.7,256,40,39.599998,-1.93,20.76,992.46,4.69,125.12,130.95,26.849999999999994,104.1,0.7246199999999999
2019/02/08 09:15,-2.1,990.700012,0.4,250,26,26.639999,-2.09,21.45,992.43,4.2,122.81,78.14,20.65,57.49,0.426247
2019/02/08 09:30,-3.2,990.700012,0.0,255,12,13.68,-2.33,22.82,992.48,3.52,115.54,44.77,15.010000000000002,29.76,0.0
2019/02/08 09:45,-3.2,990.700012,0.0,260,0,0.0,-2.82,24.67,992.56,2.91,101.92,4.1,2.87,1.23,0.0
2019/02/08 10:00,-3.2,990.700012,0.0,150,0,0.0,-3.13,25.73,992.6,2.59,87.1,0.0,0.0,0.0,0.0
2019/02/08 10:15,-3.2,990.700012,1.2,180,0,0.0,-3.35,26.57,992.66,2.45,71.98,0.0,0.0,0.0,0.0
2019/02/08 10:30,-3.2,991.799988,1.3,185,0,0.0,-3.48,27.2,992.77,2.39,55.46,0.0,0.0,0.0,0.0
2019/02/08 10:45,-3.2,991.799988,1.1,167,0,0.0,-3.6,27.84,992.94,2.42,39.82,0.0,0.0,0.0,0.0
2019/02/08 11:00,-3.2,991.799988,0.3,145,0,0.0,-3.65,28.31,993.15,2.49,25.93,0.0,0.0,0.0,0.0
2019/02/08 11:15,-4.2,991.799988,0.3,352,0,0.0,-3.69,28.82,993.35,2.52,16.45,0.0,0.0,0.0,0.0
2019/02/08 11:30,-4.2,991.799988,0.3,238,0,0.0,-3.72,29.31,993.62,2.45,9.98,0.0,0.0,0.0,0.0
2019/02/08 11:45,-4.2,992.900024,0.0,157,0,0.0,-3.69,29.65,993.88,2.38,4.05,0.0,0.0,0.0,0.0
2019/02/08 12:00,-4.2,992.900024,0.0,51,0,0.0,-3.71,30.16,994.13,2.35,359.48,0.0,0.0,0.0,0.0
2019/02/08 12:15,-4.2,992.900024,0.0,46,0,0.0,-3.74,30.73,994.45,2.41,356.81,0.0,0.0,0.0,0.0
2019/02/08 12:30,-5.3,994.0,0.0,12,0,0.0,-3.76,31.41,994.79,2.5,356.92,0.0,0.0,0.0,0.0
2019/02/08 12:45,-5.3,994.0,0.0,105,0,0.0,-3.85,32.24,995.12,2.49,356.06,0.0,0.0,0.0,0.0
2019/02/08 13:00,-5.3,994.0,0.0,130,0,0.0,-3.92,32.74,995.4,2.35,350.23,0.0,0.0,0.0,0.0
2019/02/08 13:15,-5.3,995.099976,0.0,328,0,0.0,-3.98,32.9,995.62,2.22,335.65,0.0,0.0,0.0,0.0
2019/02/08 13:30,-5.3,995.099976,0.0,165,0,0.0,-4.03,32.83,995.83,2.32,315.39,0.0,0.0,0.0,0.0
2019/02/08 13:45,-5.3,995.099976,0.0,142,0,0.0,-4.08,32.76,995.98,2.51,306.33,0.0,0.0,0.0,0.0
2019/02/08 14:00,-5.3,995.099976,0.0,56,0,0.0,-4.13,32.7,996.09,2.49,302.13,0.0,0.0,0.0,0.0
2019/02/08 14:15,-5.3,996.200012,0.0,60,0,0.0,-4.15,32.45,996.26,2.33,293.1,0.0,0.0,0.0,0.0
2019/02/08 14:30,-5.3,996.200012,0.0,154,0,0.0,-4.15,32.18,996.46,2.16,284.87,0.0,0.0,0.0,0.0
2019/02/08 14:45,-6.4,996.200012,0.0,24,0,0.0,-4.13,32.05,996.69,1.91,282.79,0.0,0.0,0.0,0.0
2019/02/08 15:00,-6.4,996.200012,0.0,337,0,0.0,-4.06,31.89,996.93,1.51,283.66,0.0,0.0,0.0,0.0
2019/02/08 15:15,-5.3,996.200012,0.0,87,0,0.0,-3.94,31.55,997.16,1.1,284.8,0.0,0.0,0.0,0.0
2019/02/08 15:30,-5.3,996.200012,0.0,71,0,0.0,-3.88,31.58,997.43,0.83,290.9,0.0,0.0,0.0,0.0
2019/02/08 15:45,-5.3,996.200012,0.0,9,0,0.0,-3.86,31.75,997.71,0.77,300.94,0.0,0.0,0.0,0.0
2019/02/08 16:00,-6.4,997.299988,0.0,134,0,0.0,-5.41,30.05,998.89,2.14,255.17,0.0,0.0,0.0,0.0
2019/02/08 16:15,-6.4,997.299988,0.0,123,0,0.0,-5.3,30.31,999.22,2.39,251.7,0.0,0.0,0.0,0.0
2019/02/08 16:30,-5.3,997.299988,0.0,115,0,0.0,-5.16,30.06,999.18,2.39,254.98,0.0,0.0,0.0,0.0
2019/02/08 16:45,-5.3,997.299988,0.0,150,0,0.0,-4.98,29.32,999.4,2.2,254.98,0.0,0.0,0.0,0.0
2019/02/08 17:00,-5.3,997.299988,1.1,104,0,0.0,-4.79,27.55,999.53,1.81,260.78,0.0,0.0,0.0,0.0
2019/02/08 17:15,-5.3,997.299988,0.0,115,0,0.0,-4.57,25.23,999.61,1.35,271.54,0.0,0.0,0.0,0.0
2019/02/08 17:30,-6.4,997.299988,1.2,125,0,0.0,-4.45,23.31,999.74,1.0,284.16,0.0,0.0,0.0,0.0
2019/02/08 17:45,-7.5,997.299988,0.0,84,0,0.0,-4.36,21.16,999.75,0.83,319.12,0.0,0.0,0.0,0.0
2019/02/08 18:00,-7.5,997.299988,0.0,123,0,0.0,-4.32,20.3,1000.19,0.77,335.87,0.0,0.0,0.0,0.0
2019/02/08 18:15,-7.5,998.400024,0.3,129,0,0.0,-4.34,19.78,1000.26,0.82,359.07,0.0,0.0,0.0,0.0
2019/02/08 18:30,-7.5,998.400024,0.3,11,0,0.0,-4.39,19.55,1000.3,0.87,9.2,0.0,0.0,0.0,0.0
2019/02/08 18:45,-7.5,998.400024,0.3,115,0,0.0,-4.46,19.39,1000.06,0.84,18.68,0.0,0.0,0.0,0.0
2019/02/08 19:00,-7.5,998.400024,0.3,102,0,0.0,-4.52,19.39,1000.35,0.78,38.58,0.0,0.0,0.0,0.0
2019/02/09 08:00,-3.3,999.5,1.7,254,74,72.720001,-3.57,20.38,1002.19,3.8,105.34,164.03,21.00999999999999,143.02,1.406616
2019/02/09 08:15,-3.3,999.5,2.2,214,70,71.280006,-3.59,20.34,1002.31,3.83,106.97,137.9,19.64,118.26,1.349783
2019/02/09 08:30,-3.3,999.5,1.7,204,64,59.759998,-3.63,20.29,1002.3,3.85,109.24,117.7,18.22,99.48,1.165076
2019/02/09 08:45,-3.3,999.5,1.7,273,44,43.919998,-3.7,20.3,1002.26,3.83,112.05,87.53,15.78,71.75,0.795661
2019/02/09 09:00,-3.3,999.5,0.6,164,32,32.400002,-3.78,20.31,1002.19,3.79,115.29,67.44,13.78,53.66,0.539913
2019/02/09 09:15,-3.3,999.5,1.8,220,16,18.0,-3.91,20.44,1002.13,3.73,118.48,40.26,10.54,29.72,0.2131239999999999
2019/02/09 09:30,-3.3,999.5,0.0,168,0,9.360001,-4.04,20.75,1002.07,3.45,121.01,22.81,7.809999999999999,15.0,0.0
2019/02/09 09:45,-3.3,999.5,1.5,223,0,0.0,-4.27,22.77,1002.03,2.9,121.37,2.91,1.87,1.04,0.0
2019/02/09 10:00,-3.3,999.5,0.9,226,0,0.0,-4.44,23.84,1002.01,2.47,121.02,0.0,0.0,0.0,0.0
2019/02/09 10:15,-3.3,999.5,0.9,204,0,0.0,-4.53,24.41,1001.99,2.28,120.41,0.0,0.0,0.0,0.0
2019/02/09 10:30,-3.3,1000.599976,1.0,196,0,0.0,-4.6,24.82,1001.98,2.14,119.38,0.0,0.0,0.0,0.0
2019/02/09 10:45,-3.3,1000.599976,1.0,204,0,0.0,-4.65,25.15,1002.01,2.02,119.13,0.0,0.0,0.0,0.0
2019/02/09 11:00,-3.3,1000.599976,1.0,183,0,0.0,-4.69,25.32,1002.04,1.88,119.09,0.0,0.0,0.0,0.0
2019/02/09 11:15,-3.3,1000.599976,1.0,152,0,0.0,-4.71,25.39,1002.09,1.74,119.09,0.0,0.0,0.0,0.0
2019/02/09 11:30,-3.3,1000.599976,1.0,167,0,0.0,-4.7,25.25,1002.24,1.62,118.52,0.0,0.0,0.0,0.0
2019/02/09 11:45,-3.3,1000.599976,1.0,325,0,0.0,-4.72,25.35,1002.41,1.51,117.3,0.0,0.0,0.0,0.0
2019/02/09 12:00,-4.3,1000.599976,1.0,74,0,0.0,-4.71,25.28,1002.53,1.42,115.33,0.0,0.0,0.0,0.0
2019/02/09 12:15,-4.3,1000.599976,1.0,163,0,0.0,-4.72,25.23,1002.67,1.36,113.92,0.0,0.0,0.0,0.0
2019/02/09 12:30,-4.3,1000.599976,1.0,53,0,0.0,-4.71,25.06,1002.8,1.32,111.87,0.0,0.0,0.0,0.0
2019/02/09 12:45,-4.3,1000.599976,1.0,147,0,0.0,-4.74,25.15,1002.94,1.28,109.27,0.0,0.0,0.0,0.0
2019/02/09 13:00,-4.3,1000.599976,1.0,120,0,0.0,-4.76,25.0,1003.07,1.29,107.22,0.0,0.0,0.0,0.0
2019/02/09 13:15,-4.3,1000.599976,1.0,76,0,0.0,-4.8,24.81,1003.15,1.32,105.41,0.0,0.0,0.0,0.0
2019/02/09 13:30,-4.3,1000.599976,1.0,139,0,0.0,-4.85,24.67,1003.18,1.34,103.7,0.0,0.0,0.0,0.0
2019/02/09 13:45,-4.3,1000.599976,1.0,133,0,0.0,-4.9,24.57,1003.09,1.32,102.4,0.0,0.0,0.0,0.0
2019/02/09 14:00,-4.3,1000.599976,1.0,159,0,0.0,-4.96,24.45,1002.99,1.28,100.8,0.0,0.0,0.0,0.0
2019/02/09 14:15,-4.3,1000.599976,1.0,182,0,0.0,-5.01,24.32,1003.01,1.24,97.77,0.0,0.0,0.0,0.0
2019/02/09 14:30,-4.3,1000.599976,1.0,265,0,0.0,-5.06,24.24,1003.01,1.22,94.15,0.0,0.0,0.0,0.0
2019/02/09 14:45,-5.4,1000.599976,1.0,20,0,0.0,-5.13,24.23,1002.98,1.24,90.95,0.0,0.0,0.0,0.0
2019/02/09 15:00,-5.4,1000.599976,1.0,87,0,0.0,-5.2,24.29,1002.92,1.29,88.46,0.0,0.0,0.0,0.0
2019/02/09 15:15,-5.4,1000.599976,1.0,286,0,0.0,-5.28,24.34,1002.9,1.34,87.34,0.0,0.0,0.0,0.0
2019/02/09 15:30,-5.4,1000.599976,1.0,3,0,0.0,-5.36,24.38,1002.88,1.35,87.87,0.0,0.0,0.0,0.0
2019/02/09 15:45,-5.4,1000.599976,1.0,138,0,0.0,-5.43,24.35,1002.9,1.3,89.74,0.0,0.0,0.0,0.0
2019/02/09 16:00,-5.4,1000.599976,1.0,132,0,0.0,-5.17,29.81,1001.82,2.05,69.53,0.0,0.0,0.0,0.0
2019/02/09 16:15,-5.4,1000.599976,1.0,159,0,0.0,-5.25,30.75,1001.78,2.03,67.58,0.0,0.0,0.0,0.0
2019/02/09 16:30,-5.4,1000.599976,1.0,191,0,0.0,-5.33,31.6,1001.81,1.98,56.44,0.0,0.0,0.0,0.0
2019/02/09 16:45,-5.4,1000.599976,1.0,121,0,0.0,-5.41,32.32,1001.66,1.91,53.56,0.0,0.0,0.0,0.0
2019/02/09 17:00,-5.4,1000.599976,1.0,45,0,0.0,-5.51,33.11,1001.65,1.82,49.62,0.0,0.0,0.0,0.0
2019/02/09 17:15,-5.4,1000.599976,1.0,25,0,0.0,-5.59,33.56,1001.71,1.75,50.79,0.0,0.0,0.0,0.0
2019/02/09 17:30,-5.4,1000.599976,1.0,61,0,0.0,-5.68,34.03,1001.77,1.69,57.41,0.0,0.0,0.0,0.0
2019/02/09 17:45,-5.4,1000.599976,1.0,124,0,0.0,-5.74,34.34,1001.87,1.6,64.61,0.0,0.0,0.0,0.0
2019/02/09 18:00,-5.4,1000.599976,1.0,110,0,0.0,-5.82,34.68,1001.95,1.49,72.89,0.0,0.0,0.0,0.0
2019/02/09 18:15,-5.4,1000.599976,1.0,16,0,0.0,-5.91,34.96,1002.09,1.44,73.87,0.0,0.0,0.0,0.0
2019/02/09 18:30,-5.4,1000.599976,1.0,58,0,0.0,-6.04,35.05,1001.63,1.49,75.06,0.0,0.0,0.0,0.0
2019/02/09 18:45,-5.4,1000.599976,1.0,337,0,0.0,-6.13,35.0,1001.36,1.52,72.6,0.0,0.0,0.0,0.0
2019/02/09 19:00,-5.4,1000.599976,1.0,16,0,0.0,-6.22,35.1,1001.36,1.42,74.19,0.0,0.0,0.0,0.0
2019/02/10 08:00,-2.2,996.200012,1.1,250,270,78.480003,-1.26,64.33,996.97,6.09,143.75,121.62,17.120000000000005,104.5,4.972884
2019/02/10 08:15,-2.2,996.200012,0.0,111,218,69.120003,-1.33,65.36,997.01,6.13,143.28,104.07,15.209999999999994,88.86,3.935683
2019/02/10 08:30,-2.2,996.200012,1.7,270,95,59.040001,-1.39,66.35,996.96,6.12,142.81,94.43,15.240000000000007,79.19,3.125813
2019/02/10 08:45,-2.2,995.099976,0.7,228,71,47.52,-1.52,67.69,996.86,6.04,141.71,77.33,14.21,63.12,2.25911
2019/02/10 09:00,-2.2,995.099976,1.2,272,51,36.0,-1.69,69.28,996.74,5.84,139.92,65.6,13.489999999999997,52.11,1.491865
2019/02/10 09:15,-2.2,995.099976,0.7,271,33,25.92,-1.96,71.39,996.62,5.53,138.34,42.04,11.06,30.98,0.8524940000000001
2019/02/10 09:30,-2.2,995.099976,0.8,255,17,15.84,-2.23,73.39,996.5,5.11,137.55,25.78,8.510000000000002,17.27,0.355206
2019/02/10 09:45,-3.3,995.099976,0.9,207,0,0.0,-2.6,75.62,996.4,4.57,136.54,4.08,2.48,1.6,0.0
2019/02/10 10:00,-3.3,995.099976,0.9,114,0,0.0,-2.88,77.36,996.3,3.99,134.38,0.0,0.0,0.0,0.0
2019/02/10 10:15,-3.3,995.099976,0.8,193,0,0.0,-3.06,78.38,996.19,3.51,132.01,0.0,0.0,0.0,0.0
2019/02/10 10:30,-4.3,995.099976,0.8,179,0,0.0,-3.17,79.0,996.08,3.19,130.01,0.0,0.0,0.0,0.0
2019/02/10 10:45,-4.3,995.099976,0.8,129,0,0.0,-3.23,79.41,996.01,2.92,128.56,0.0,0.0,0.0,0.0
2019/02/10 11:00,-4.3,995.099976,0.8,36,0,0.0,-3.28,79.78,995.93,2.64,125.75,0.0,0.0,0.0,0.0
2019/02/10 11:15,-5.4,995.099976,0.8,162,0,0.0,-3.32,80.21,995.91,2.32,120.44,0.0,0.0,0.0,0.0
2019/02/10 11:30,-5.4,995.099976,0.8,10,0,0.0,-3.37,80.74,995.95,1.96,113.12,0.0,0.0,0.0,0.0
2019/02/10 11:45,-5.4,996.200012,0.8,15,0,0.0,-3.41,81.34,995.99,1.62,103.43,0.0,0.0,0.0,0.0
2019/02/10 12:00,-5.4,996.200012,0.8,24,0,0.0,-3.46,82.07,995.98,1.4,84.21,0.0,0.0,0.0,0.0
2019/02/10 12:15,-5.4,996.200012,0.8,30,0,0.0,-3.52,82.8,996.03,1.42,58.72,0.0,0.0,0.0,0.0
2019/02/10 12:30,-5.4,996.200012,0.8,7,0,0.0,-3.58,83.64,996.11,1.62,35.98,0.0,0.0,0.0,0.0
2019/02/10 12:45,-5.4,996.200012,0.8,136,0,0.0,-3.65,84.53,996.22,1.87,20.64,0.0,0.0,0.0,0.0
2019/02/10 13:00,-6.5,996.200012,0.8,130,0,0.0,-3.71,85.37,996.33,2.08,9.9,0.0,0.0,0.0,0.0
2019/02/10 13:15,-6.5,996.200012,0.8,127,0,0.0,-3.76,86.07,996.39,2.27,0.34,0.0,0.0,0.0,0.0
2019/02/10 13:30,-6.5,996.200012,0.8,92,0,0.0,-3.8,86.72,996.43,2.48,351.17,0.0,0.0,0.0,0.0
2019/02/10 13:45,-6.5,996.200012,0.8,90,0,0.0,-3.85,87.3,996.32,2.7,343.71,0.0,0.0,0.0,0.0
2019/02/10 14:00,-6.5,996.200012,0.8,128,0,0.0,-3.89,87.75,996.18,2.91,339.14,0.0,0.0,0.0,0.0
2019/02/10 14:15,-6.5,996.200012,0.8,34,0,0.0,-3.91,87.95,996.15,3.1,334.81,0.0,0.0,0.0,0.0
2019/02/10 14:30,-6.5,996.200012,0.8,119,0,0.0,-3.92,87.99,996.14,3.27,331.15,0.0,0.0,0.0,0.0
2019/02/10 14:45,-6.5,996.200012,0.8,21,0,0.0,-3.92,87.89,996.11,3.37,330.15,0.0,0.0,0.0,0.0
2019/02/10 15:00,-7.6,996.200012,0.8,99,0,0.0,-3.94,87.93,996.08,3.34,331.02,0.0,0.0,0.0,0.0
2019/02/10 15:15,-7.6,996.200012,0.8,121,0,0.0,-3.98,88.03,996.03,3.21,333.16,0.0,0.0,0.0,0.0
2019/02/10 15:30,-6.5,995.099976,0.8,77,0,0.0,-4.03,88.26,995.98,3.02,334.87,0.0,0.0,0.0,0.0
2019/02/10 15:45,-6.5,995.099976,0.8,76,0,0.0,-4.09,88.52,995.92,2.77,334.81,0.0,0.0,0.0,0.0
2019/02/10 16:00,-6.5,995.099976,0.8,41,0,0.0,-4.53,70.13,996.07,2.51,21.63,0.0,0.0,0.0,0.0
2019/02/10 16:15,-6.5,995.099976,0.8,27,0,0.0,-4.59,69.45,995.93,2.5,22.65,0.0,0.0,0.0,0.0
2019/02/10 16:30,-7.6,995.099976,0.8,116,0,0.0,-4.68,68.55,995.91,2.42,27.99,0.0,0.0,0.0,0.0
2019/02/10 16:45,-7.6,995.099976,0.8,51,0,0.0,-4.69,67.64,995.99,2.22,26.52,0.0,0.0,0.0,0.0
2019/02/10 17:00,-7.6,995.099976,0.8,165,0,0.0,-4.73,67.01,995.92,2.02,28.64,0.0,0.0,0.0,0.0
2019/02/10 17:15,-7.6,995.099976,0.8,149,0,0.0,-4.81,66.27,995.8,1.78,28.1,0.0,0.0,0.0,0.0
2019/02/10 17:30,-7.6,995.099976,0.8,125,0,0.0,-4.8,66.05,995.76,1.5,24.39,0.0,0.0,0.0,0.0
2019/02/10 17:45,-8.6,995.099976,0.8,34,0,0.0,-4.85,65.71,995.55,1.34,18.78,0.0,0.0,0.0,0.0
2019/02/10 18:00,-8.6,995.099976,0.8,126,0,0.0,-4.87,65.56,995.44,1.26,15.54,0.0,0.0,0.0,0.0
2019/02/10 18:15,-8.6,995.099976,0.8,49,0,0.0,-4.9,65.6,995.42,1.17,13.9,0.0,0.0,0.0,0.0
2019/02/10 18:30,-8.6,995.099976,0.8,82,0,0.0,-4.93,65.77,995.27,1.1,12.81,0.0,0.0,0.0,0.0
2019/02/10 18:45,-8.6,995.099976,0.8,83,0,0.0,-4.97,65.99,995.11,1.07,8.52,0.0,0.0,0.0,0.0
2019/02/10 19:00,-8.6,995.099976,0.8,29,0,0.0,-5.0,66.29,995.01,1.03,5.11,0.0,0.0,0.0,0.0
2019/02/11 08:00,2.0,994.0,1.4,270,172,112.32,2.18,24.92,997.12,6.21,107.58,217.34,27.47,189.87,3.31052
2019/02/11 08:15,2.0,994.0,1.0,287,172,79.920013,2.06,25.3,997.25,6.24,108.54,195.87,27.49000000000001,168.38,3.140021
2019/02/11 08:30,2.0,994.0,3.0,236,91,65.519997,1.93,25.64,997.28,6.16,109.23,182.08,27.75,154.33,2.173861
2019/02/11 08:45,2.0,992.900024,2.4,197,73,55.439999,1.77,25.99,997.32,6.0,109.54,147.23,26.079999999999984,121.15,1.662364
2019/02/11 09:00,0.9,994.0,1.8,154,49,39.599998,1.62,26.29,997.35,5.75,109.31,122.1,24.47999999999999,97.62,1.065618
2019/02/11 09:15,0.9,994.0,2.4,181,31,28.08,1.4,26.81,997.37,5.41,108.56,78.65,20.06,58.59,0.639371
2019/02/11 09:30,0.9,994.0,0.7,222,15,15.84,1.11,27.74,997.42,4.97,107.14,49.84,15.85,33.99,0.227332
2019/02/11 09:45,0.9,994.0,1.6,178,0,0.0,0.57,29.44,997.47,4.5,104.33,9.51,5.33,4.18,0.0
2019/02/11 10:00,0.9,994.0,1.6,174,0,0.0,0.02,31.29,997.54,4.12,100.33,0.0,0.0,0.0,0.0
2019/02/11 10:15,-0.1,994.0,0.4,184,0,0.0,-0.41,32.79,997.64,3.94,95.93,0.0,0.0,0.0,0.0
2019/02/11 10:30,-0.1,995.099976,1.3,140,0,0.0,-0.69,33.66,997.76,3.89,91.56,0.0,0.0,0.0,0.0
2019/02/11 10:45,-0.1,995.099976,1.7,244,0,0.0,-0.9,34.17,997.93,3.88,87.5,0.0,0.0,0.0,0.0
2019/02/11 11:00,-0.1,995.099976,0.5,243,0,0.0,-1.05,34.4,998.11,3.86,83.65,0.0,0.0,0.0,0.0
2019/02/11 11:15,-0.1,995.099976,0.7,137,0,0.0,-1.19,34.53,998.29,3.86,80.22,0.0,0.0,0.0,0.0
2019/02/11 11:30,-0.1,995.099976,1.7,181,0,0.0,-1.32,34.54,998.53,3.9,77.64,0.0,0.0,0.0,0.0
2019/02/11 11:45,-0.1,995.099976,0.6,145,0,0.0,-1.44,34.6,998.72,3.93,75.77,0.0,0.0,0.0,0.0
2019/02/11 12:00,-1.1,995.099976,0.6,33,0,0.0,-1.57,34.72,998.88,3.92,74.66,0.0,0.0,0.0,0.0
2019/02/11 12:15,-1.1,996.200012,0.6,332,0,0.0,-1.7,34.88,999.05,3.86,73.93,0.0,0.0,0.0,0.0
2019/02/11 12:30,-1.1,996.200012,0.6,73,0,0.0,-1.81,35.08,999.22,3.75,73.13,0.0,0.0,0.0,0.0
2019/02/11 12:45,-1.1,996.200012,0.6,354,0,0.0,-1.92,35.28,999.41,3.6,72.42,0.0,0.0,0.0,0.0
2019/02/11 13:00,-1.1,996.200012,0.6,92,0,0.0,-2.02,35.5,999.59,3.42,71.77,0.0,0.0,0.0,0.0
2019/02/11 13:15,-1.1,996.200012,0.6,116,0,0.0,-2.12,35.77,999.72,3.24,70.76,0.0,0.0,0.0,0.0
2019/02/11 13:30,-1.1,996.200012,0.6,115,0,0.0,-2.23,36.1,999.82,3.03,69.09,0.0,0.0,0.0,0.0
2019/02/11 13:45,-1.1,996.200012,0.6,342,0,0.0,-2.37,36.71,999.8,2.79,66.24,0.0,0.0,0.0,0.0
2019/02/11 14:00,-1.1,996.200012,0.6,163,0,0.0,-2.5,37.1,999.76,2.58,63.34,0.0,0.0,0.0,0.0
2019/02/11 14:15,-1.1,996.200012,0.6,138,0,0.0,-2.6,37.24,999.8,2.41,61.22,0.0,0.0,0.0,0.0
2019/02/11 14:30,-1.1,997.299988,0.7,147,0,0.0,-2.7,37.22,999.84,2.25,60.02,0.0,0.0,0.0,0.0
2019/02/11 14:45,-1.1,997.299988,0.8,106,0,0.0,-2.79,37.15,999.88,2.1,59.17,0.0,0.0,0.0,0.0
2019/02/11 15:00,-1.1,997.299988,2.4,222,0,0.0,-2.88,37.02,999.93,1.97,58.35,0.0,0.0,0.0,0.0
2019/02/11 15:15,-1.1,997.299988,1.2,249,0,0.0,-2.95,36.85,999.99,1.85,56.47,0.0,0.0,0.0,0.0
2019/02/11 15:30,-1.1,996.200012,0.0,140,0,0.0,-3.02,36.67,1000.06,1.71,52.65,0.0,0.0,0.0,0.0
2019/02/11 15:45,-1.1,996.200012,1.1,156,0,0.0,-3.08,36.5,1000.14,1.57,45.89,0.0,0.0,0.0,0.0
2019/02/11 16:00,-1.1,997.299988,0.0,86,0,0.0,-2.42,66.65,998.82,2.9,3.39,0.0,0.0,0.0,0.0
2019/02/11 16:15,-1.1,997.299988,0.4,242,0,0.0,-2.41,65.41,998.75,3.05,7.97,0.0,0.0,0.0,0.0
2019/02/11 16:30,-1.1,997.299988,0.7,184,0,0.0,-2.39,64.22,999.08,3.12,12.53,0.0,0.0,0.0,0.0
2019/02/11 16:45,-1.1,997.299988,1.7,111,0,0.0,-2.45,63.58,999.11,3.09,16.87,0.0,0.0,0.0,0.0
2019/02/11 17:00,-1.1,997.299988,0.5,300,0,0.0,-2.46,62.75,999.1,2.96,22.35,0.0,0.0,0.0,0.0
2019/02/11 17:15,-1.1,997.299988,0.4,134,0,0.0,-2.57,62.91,998.83,2.74,23.95,0.0,0.0,0.0,0.0
2019/02/11 17:30,-1.1,997.299988,0.7,103,0,0.0,-2.66,63.26,998.8,2.5,23.89,0.0,0.0,0.0,0.0
2019/02/11 17:45,-1.1,997.299988,0.7,113,0,0.0,-2.72,63.07,998.96,2.35,22.03,0.0,0.0,0.0,0.0
2019/02/11 18:00,-1.1,997.299988,0.4,146,0,0.0,-2.83,63.23,999.19,2.28,16.47,0.0,0.0,0.0,0.0
2019/02/11 18:15,-1.1,997.299988,0.4,21,0,0.0,-2.92,63.37,999.27,2.29,10.91,0.0,0.0,0.0,0.0
2019/02/11 18:30,-1.1,997.299988,0.4,17,0,0.0,-2.96,63.13,999.41,2.34,7.48,0.0,0.0,0.0,0.0
2019/02/11 18:45,-2.1,997.299988,0.4,173,0,0.0,-3.04,63.08,999.22,2.33,5.32,0.0,0.0,0.0,0.0
2019/02/11 19:00,-2.1,997.299988,0.4,22,0,0.0,-3.09,62.87,999.42,2.3,5.96,0.0,0.0,0.0,0.0
2019/02/12 08:00,-1.1,997.299988,2.1,322,177,107.279999,-0.74,51.91,1000.14,5.4,56.24,179.59,22.599999999999994,156.99,2.727982
2019/02/12 08:15,-1.1,997.299988,1.4,327,162,102.959999,-0.9,53.64,1000.37,5.38,56.65,139.14,19.39999999999999,119.74,1.818655
2019/02/12 08:30,-1.1,997.299988,3.6,224,92,74.160004,-1.04,55.53,1000.44,5.29,56.68,109.24,16.53,92.71,1.577115
2019/02/12 08:45,-2.1,997.299988,1.9,224,68,56.880001,-1.21,57.38,1000.45,5.18,56.62,76.77,13.47,63.3,1.420824
2019/02/12 09:00,-2.1,997.299988,3.1,259,48,41.040001,-1.36,58.95,1000.47,5.07,56.62,58.07,11.5,46.57,0.8524940000000001
2019/02/12 09:15,-2.1,998.400024,1.7,267,30,26.639999,-1.59,60.6,1000.5,4.98,56.74,35.69,8.95,26.74,0.511497
2019/02/12 09:30,-3.2,998.400024,1.5,221,16,15.12,-1.83,62.17,1000.57,4.84,56.67,22.09,7.0,15.09,0.2131239999999999
2019/02/12 09:45,-3.2,998.400024,2.3,260,0,0.0,-2.14,63.87,1000.65,4.61,56.15,4.64,2.88,1.76,0.0
2019/02/12 10:00,-3.2,998.400024,1.1,218,0,0.0,-2.39,65.25,1000.73,4.32,55.04,0.0,0.0,0.0,0.0
2019/02/12 10:15,-3.2,998.400024,0.6,253,0,0.0,-2.52,65.87,1000.84,4.2,53.51,0.0,0.0,0.0,0.0
2019/02/12 10:30,-3.2,998.400024,1.0,241,0,0.0,-2.38,64.64,1000.96,4.47,51.71,0.0,0.0,0.0,0.0
2019/02/12 10:45,-3.2,999.5,1.0,272,0,0.0,-2.48,64.48,1001.1,4.92,51.32,0.0,0.0,0.0,0.0
2019/02/12 11:00,-3.2,999.5,1.5,246,0,0.0,-2.6,65.22,1001.24,5.22,51.82,0.0,0.0,0.0,0.0
2019/02/12 11:15,-3.2,999.5,1.7,212,0,0.0,-2.76,66.62,1001.39,5.28,52.57,0.0,0.0,0.0,0.0
2019/02/12 11:30,-3.2,999.5,0.6,248,0,0.0,-2.91,67.94,1001.61,5.24,53.36,0.0,0.0,0.0,0.0
2019/02/12 11:45,-3.2,999.5,1.9,270,0,0.0,-3.04,68.85,1001.82,5.15,53.75,0.0,0.0,0.0,0.0
2019/02/12 12:00,-3.2,1000.599976,0.9,352,0,0.0,-3.18,69.69,1002.03,5.05,54.02,0.0,0.0,0.0,0.0
2019/02/12 12:15,-3.2,1000.599976,1.8,194,0,0.0,-3.27,70.59,1002.23,4.94,53.93,0.0,0.0,0.0,0.0
2019/02/12 12:30,-4.2,1000.599976,1.5,196,0,0.0,-3.38,72.12,1002.42,4.82,53.64,0.0,0.0,0.0,0.0
2019/02/12 12:45,-4.2,1000.599976,0.9,255,0,0.0,-3.49,74.25,1002.59,4.68,52.8,0.0,0.0,0.0,0.0
2019/02/12 13:00,-4.2,1000.599976,1.0,211,0,0.0,-3.59,76.57,1002.74,4.51,51.38,0.0,0.0,0.0,0.0
2019/02/12 13:15,-4.2,1000.599976,1.7,255,0,0.0,-3.66,78.85,1002.86,4.36,49.65,0.0,0.0,0.0,0.0
2019/02/12 13:30,-4.2,1000.599976,0.9,206,0,0.0,-3.74,81.04,1002.95,4.23,47.81,0.0,0.0,0.0,0.0
2019/02/12 13:45,-4.2,1000.599976,0.9,218,0,0.0,-3.82,83.01,1002.88,4.14,46.28,0.0,0.0,0.0,0.0
2019/02/12 14:00,-4.2,1001.700012,0.8,110,0,0.0,-3.87,84.54,1002.79,4.06,45.28,0.0,0.0,0.0,0.0
2019/02/12 14:15,-4.2,1001.700012,0.7,214,0,0.0,-3.91,85.71,1002.78,4.01,44.98,0.0,0.0,0.0,0.0
2019/02/12 14:30,-4.2,1001.700012,1.9,254,0,0.0,-3.95,86.42,1002.81,4.0,46.38,0.0,0.0,0.0,0.0
2019/02/12 14:45,-4.2,1001.700012,0.7,185,0,0.0,-3.96,86.71,1002.84,4.02,49.44,0.0,0.0,0.0,0.0
2019/02/12 15:00,-4.2,1001.700012,0.8,180,0,0.0,-4.01,86.87,1002.9,4.08,53.54,0.0,0.0,0.0,0.0
2019/02/12 15:15,-4.2,1001.700012,0.8,216,0,0.0,-4.08,86.91,1002.98,4.15,57.95,0.0,0.0,0.0,0.0
2019/02/12 15:30,-4.2,1001.700012,0.6,177,0,0.0,-4.16,86.78,1003.09,4.23,62.17,0.0,0.0,0.0,0.0
2019/02/12 15:45,-4.2,1001.700012,1.9,227,0,0.0,-4.29,86.69,1003.22,4.3,65.19,0.0,0.0,0.0,0.0
2019/02/12 16:00,-4.2,1001.700012,1.6,198,0,0.0,-4.48,77.19,1003.17,4.1,88.32,0.0,0.0,0.0,0.0
2019/02/12 16:15,-4.2,1001.700012,1.3,159,0,0.0,-4.54,77.09,1003.13,3.89,86.71,0.0,0.0,0.0,0.0
2019/02/12 16:30,-4.2,1001.700012,0.0,347,0,0.0,-4.59,76.89,1003.33,3.69,86.95,0.0,0.0,0.0,0.0
2019/02/12 16:45,-4.2,1001.700012,1.3,199,0,0.0,-4.64,76.72,1003.19,3.53,87.01,0.0,0.0,0.0,0.0
2019/02/12 17:00,-4.2,1001.700012,0.6,223,0,0.0,-4.7,76.66,1003.15,3.41,85.42,0.0,0.0,0.0,0.0
2019/02/12 17:15,-4.2,1001.700012,0.7,273,0,0.0,-4.73,76.44,1003.29,3.28,83.87,0.0,0.0,0.0,0.0
2019/02/12 17:30,-4.2,1001.700012,0.7,224,0,0.0,-4.74,76.26,1003.3,3.12,83.19,0.0,0.0,0.0,0.0
2019/02/12 17:45,-4.2,1001.700012,0.6,204,0,0.0,-4.84,76.28,1003.27,2.96,81.91,0.0,0.0,0.0,0.0
2019/02/12 18:00,-4.2,1001.700012,0.7,276,0,0.0,-4.88,76.17,1003.3,2.85,80.59,0.0,0.0,0.0,0.0
2019/02/12 18:15,-4.2,1001.700012,0.7,266,0,0.0,-4.97,76.1,1003.25,2.78,78.54,0.0,0.0,0.0,0.0
2019/02/12 18:30,-4.2,1001.700012,1.1,229,0,0.0,-5.06,76.12,1003.4,2.72,79.08,0.0,0.0,0.0,0.0
2019/02/12 18:45,-4.2,1001.700012,1.2,109,0,0.0,-5.06,75.93,1003.43,2.65,78.99,0.0,0.0,0.0,0.0
2019/02/12 19:00,-4.2,1001.700012,1.5,234,0,0.0,-5.1,75.89,1003.55,2.66,77.15,0.0,0.0,0.0,0.0
2019/02/13 08:00,-4.2,1000.599976,1.0,247,67,28.799999,-2.57,42.34,1002.45,4.27,91.07,90.46,57.71999999999999,32.74,0.156291
2019/02/13 08:15,-4.2,1000.599976,1.0,320,61,25.92,-2.62,42.45,1002.49,4.08,91.85,77.46,33.88999999999999,43.57,0.0
2019/02/13 08:30,-4.2,1000.599976,1.0,198,45,20.16,-2.8,43.98,1002.39,3.84,92.58,62.5,30.73,31.77,0.0
2019/02/13 08:45,-4.2,1000.599976,1.0,294,31,14.4,-3.04,46.81,1002.28,3.57,93.18,53.5,20.3,33.2,0.0
2019/02/13 09:00,-4.2,1000.599976,1.0,249,23,10.08,-3.34,50.8,1002.18,3.28,93.19,39.51,15.47,24.04,0.0
2019/02/13 09:15,-4.2,1000.599976,1.0,205,15,7.2,-3.67,55.57,1002.08,2.97,91.88,29.41,10.53,18.88,0.0
2019/02/13 09:30,-4.2,1000.599976,1.0,329,11,0.0,-4.01,60.73,1001.99,2.61,88.51,17.22,7.449999999999999,9.77,0.0
2019/02/13 09:45,-4.2,1000.599976,1.0,113,0,0.0,-4.3,65.43,1001.93,2.14,84.44,4.87,3.13,1.74,0.0
2019/02/13 10:00,-4.2,1000.599976,1.0,115,0,0.0,-4.49,69.12,1001.9,1.55,78.13,0.0,0.0,0.0,0.0
2019/02/13 10:15,-4.2,1000.599976,1.0,313,0,0.0,-4.59,71.97,1001.92,0.99,60.33,0.0,0.0,0.0,0.0
2019/02/13 10:30,-4.2,1000.599976,1.0,163,0,0.0,-4.7,74.67,1001.95,0.77,4.95,0.0,0.0,0.0,0.0
2019/02/13 10:45,-4.2,1000.599976,1.0,174,0,0.0,-4.76,76.97,1002.06,0.98,329.06,0.0,0.0,0.0,0.0
2019/02/13 11:00,-4.2,1000.599976,1.0,107,0,0.0,-4.83,79.27,1002.2,1.3,319.88,0.0,0.0,0.0,0.0
2019/02/13 11:15,-4.2,1000.599976,1.0,145,0,0.0,-4.96,81.65,1002.33,1.53,319.12,0.0,0.0,0.0,0.0
2019/02/13 11:30,-4.2,1000.599976,1.0,88,0,0.0,-5.04,84.75,1002.48,1.66,317.68,0.0,0.0,0.0,0.0
2019/02/13 11:45,-4.2,1000.599976,1.0,256,0,0.0,-5.17,86.78,1002.61,1.73,319.45,0.0,0.0,0.0,0.0
2019/02/13 12:00,-4.2,1000.599976,0.0,172,0,0.0,-5.21,88.74,1002.68,1.76,324.05,0.0,0.0,0.0,0.0
2019/02/13 12:15,-4.2,1000.599976,0.0,339,0,0.0,-5.19,89.88,1002.77,1.8,328.11,0.0,0.0,0.0,0.0
2019/02/13 12:30,-4.2,1000.599976,0.0,312,0,0.0,-5.2,90.12,1002.84,1.88,336.68,0.0,0.0,0.0,0.0
2019/02/13 12:45,-4.2,1000.599976,0.0,188,0,0.0,-5.21,90.24,1002.9,1.99,342.76,0.0,0.0,0.0,0.0
2019/02/13 13:00,-4.2,1000.599976,0.0,201,0,0.0,-5.15,90.5,1002.94,2.12,350.63,0.0,0.0,0.0,0.0
2019/02/13 13:15,-4.2,1001.700012,0.0,343,0,0.0,-5.08,90.94,1002.99,2.2,353.42,0.0,0.0,0.0,0.0
2019/02/13 13:30,-4.2,1001.700012,0.0,327,0,0.0,-5.06,91.61,1003.0,2.31,357.93,0.0,0.0,0.0,0.0
2019/02/13 13:45,-4.2,1001.700012,0.0,1,0,0.0,-5.04,91.48,1002.85,2.49,1.74,0.0,0.0,0.0,0.0
2019/02/13 14:00,-4.2,1001.700012,0.0,209,0,0.0,-5.02,92.22,1002.67,2.65,2.39,0.0,0.0,0.0,0.0
2019/02/13 14:15,-4.2,1001.700012,0.0,304,0,0.0,-5.02,92.13,1002.55,2.78,4.8,0.0,0.0,0.0,0.0
2019/02/13 14:30,-4.2,1001.700012,0.0,159,0,0.0,-4.99,92.57,1002.5,2.87,5.64,0.0,0.0,0.0,0.0
2019/02/13 14:45,-4.2,1001.700012,0.0,119,0,0.0,-5.04,92.86,1002.46,2.9,9.66,0.0,0.0,0.0,0.0
2019/02/13 15:00,-4.2,1001.700012,0.0,166,0,0.0,-5.09,93.29,1002.42,2.87,12.45,0.0,0.0,0.0,0.0
2019/02/13 15:15,-4.2,1001.700012,0.0,231,0,0.0,-5.14,93.52,1002.44,2.82,15.12,0.0,0.0,0.0,0.0
2019/02/13 15:30,-4.2,1001.700012,0.0,89,0,0.0,-5.12,93.29,1002.5,2.82,17.58,0.0,0.0,0.0,0.0
2019/02/13 15:45,-4.2,1001.700012,0.0,353,0,0.0,-5.2,93.65,1002.56,2.78,19.98,0.0,0.0,0.0,0.0
2019/02/13 16:00,-5.3,1001.700012,0.0,35,0,0.0,-5.1,52.15,1001.73,2.26,317.66,0.0,0.0,0.0,0.0
2019/02/13 16:15,-5.3,1001.700012,0.0,85,0,0.0,-5.08,51.84,1001.69,2.09,315.63,0.0,0.0,0.0,0.0
2019/02/13 16:30,-5.3,1001.700012,0.0,115,0,0.0,-5.02,51.64,1001.83,1.9,312.62,0.0,0.0,0.0,0.0
2019/02/13 16:45,-5.3,1001.700012,0.0,98,0,0.0,-5.03,51.67,1001.9,1.71,310.03,0.0,0.0,0.0,0.0
2019/02/13 17:00,-5.3,1001.700012,0.0,142,0,0.0,-5.02,51.65,1001.9,1.51,304.0,0.0,0.0,0.0,0.0
2019/02/13 17:15,-5.3,1001.700012,0.0,15,0,0.0,-5.03,51.84,1001.9,1.36,299.45,0.0,0.0,0.0,0.0
2019/02/13 17:30,-5.3,1001.700012,0.0,118,0,0.0,-5.07,52.21,1001.68,1.25,299.0,0.0,0.0,0.0,0.0
2019/02/13 17:45,-5.3,1000.599976,0.0,137,0,0.0,-5.1,52.5,1001.57,1.2,296.67,0.0,0.0,0.0,0.0
2019/02/13 18:00,-5.3,1000.599976,0.0,1,0,0.0,-5.09,53.06,1001.61,1.22,291.51,0.0,0.0,0.0,0.0
2019/02/13 18:15,-5.3,1000.599976,0.0,180,0,0.0,-5.1,53.69,1001.67,1.29,283.37,0.0,0.0,0.0,0.0
2019/02/13 18:30,-5.3,1000.599976,0.0,165,0,0.0,-5.13,54.33,1001.63,1.35,277.3,0.0,0.0,0.0,0.0
2019/02/13 18:45,-5.3,1000.599976,0.0,94,0,0.0,-5.18,55.04,1001.34,1.38,276.28,0.0,0.0,0.0,0.0
2019/02/13 19:00,-5.3,1000.599976,0.0,14,0,0.0,-5.22,55.9,1001.24,1.46,276.27,0.0,0.0,0.0,0.0
2019/02/14 08:00,-3.2,994.0,1.7,287,34,7.92,-2.49,76.29,993.77,3.99,107.03,79.69,78.87,0.82,0.0
2019/02/14 08:15,-3.2,992.900024,0.5,316,24,0.0,-2.52,77.46,993.74,3.84,104.38,64.65,62.78000000000001,1.87,0.0
2019/02/14 08:30,-4.2,992.900024,1.5,195,16,0.0,-2.56,78.49,993.57,3.66,101.94,56.89,55.56,1.33,0.0
2019/02/14 08:45,-4.2,992.900024,1.3,254,10,0.0,-2.63,79.55,993.38,3.46,98.88,45.18,45.06,0.12,0.0
2019/02/14 09:00,-4.2,992.900024,0.9,266,0,0.0,-2.7,80.49,993.18,3.29,95.08,36.8,36.79,0.01,0.0
2019/02/14 09:15,-4.2,992.900024,0.8,251,0,0.0,-2.8,81.74,992.99,2.99,91.7,22.44,22.44,0.0,0.0
2019/02/14 09:30,-4.2,992.900024,0.5,121,0,0.0,-2.77,83.08,993.05,2.54,79.2,11.82,11.82,0.0,0.0
2019/02/14 09:45,-4.2,992.900024,0.8,230,0,0.0,-2.86,84.99,992.9,2.27,73.82,3.4,3.4,0.0,0.0
2019/02/14 10:00,-4.2,992.900024,0.8,212,0,0.0,-2.96,87.2,992.81,2.09,63.58,0.0,0.0,0.0,0.0
2019/02/14 10:15,-4.2,992.900024,0.8,219,0,0.0,-3.03,88.6,992.86,1.9,53.9,0.0,0.0,0.0,0.0
2019/02/14 10:30,-4.2,992.900024,0.8,215,0,0.0,-3.08,89.86,992.87,1.75,46.39,0.0,0.0,0.0,0.0
2019/02/14 10:45,-4.2,992.900024,0.8,215,0,0.0,-3.11,90.77,992.94,1.6,41.53,0.0,0.0,0.0,0.0
2019/02/14 11:00,-4.2,992.900024,0.8,320,0,0.0,-3.19,91.97,993.05,1.45,34.81,0.0,0.0,0.0,0.0
2019/02/14 11:15,-4.2,992.900024,0.8,164,0,0.0,-3.31,93.07,993.15,1.35,26.9,0.0,0.0,0.0,0.0
2019/02/14 11:30,-4.2,992.900024,0.8,249,0,0.0,-3.4,93.95,993.27,1.32,16.09,0.0,0.0,0.0,0.0
2019/02/14 11:45,-4.2,992.900024,0.8,240,0,0.0,-3.45,94.56,993.41,1.34,5.46,0.0,0.0,0.0,0.0
2019/02/14 12:00,-4.2,992.900024,0.8,278,0,0.0,-3.41,94.76,993.51,1.42,358.35,0.0,0.0,0.0,0.0
2019/02/14 12:15,-4.2,992.900024,0.8,338,0,0.0,-3.53,95.17,993.6,1.53,354.13,0.0,0.0,0.0,0.0
2019/02/14 12:30,-4.2,992.900024,0.8,280,0,0.0,-3.62,95.25,993.67,1.62,349.35,0.0,0.0,0.0,0.0
2019/02/14 12:45,-4.2,992.900024,0.8,344,0,0.0,-3.71,95.55,993.76,1.65,342.7,0.0,0.0,0.0,0.0
2019/02/14 13:00,-4.2,992.900024,0.8,312,0,0.0,-3.73,95.62,993.83,1.69,336.88,0.0,0.0,0.0,0.0
2019/02/14 13:15,-4.2,992.900024,0.8,343,0,0.0,-3.77,95.0,993.85,1.74,331.59,0.0,0.0,0.0,0.0
2019/02/14 13:30,-4.2,992.900024,0.8,5,0,0.0,-4.0,94.44,993.83,1.69,327.35,0.0,0.0,0.0,0.0
2019/02/14 13:45,-4.2,992.900024,0.8,352,0,0.0,-4.21,93.3,993.61,1.6,322.55,0.0,0.0,0.0,0.0
2019/02/14 14:00,-4.2,992.900024,0.8,132,0,0.0,-4.32,91.79,993.39,1.51,316.61,0.0,0.0,0.0,0.0
2019/02/14 14:15,-4.2,992.900024,0.8,336,0,0.0,-4.38,89.79,993.28,1.45,306.87,0.0,0.0,0.0,0.0
2019/02/14 14:30,-4.2,992.900024,0.8,354,0,0.0,-4.41,87.25,993.26,1.44,296.9,0.0,0.0,0.0,0.0
2019/02/14 14:45,-4.2,992.900024,0.8,138,0,0.0,-4.41,84.47,993.23,1.46,291.0,0.0,0.0,0.0,0.0
2019/02/14 15:00,-4.2,992.900024,0.8,305,0,0.0,-4.4,81.76,993.22,1.51,289.14,0.0,0.0,0.0,0.0
2019/02/14 15:15,-4.2,992.900024,0.8,307,0,0.0,-4.4,79.35,993.25,1.68,289.09,0.0,0.0,0.0,0.0
2019/02/14 15:30,-4.2,992.900024,0.8,17,0,0.0,-4.43,77.13,993.32,1.98,288.92,0.0,0.0,0.0,0.0
2019/02/14 15:45,-4.2,992.900024,0.8,338,0,0.0,-4.47,74.77,993.39,2.4,288.09,0.0,0.0,0.0,0.0
2019/02/14 16:00,-4.2,992.900024,0.8,337,0,0.0,-7.04,91.13,995.78,2.47,190.98,0.0,0.0,0.0,0.0
2019/02/14 16:15,-4.2,992.900024,0.8,180,0,0.0,-7.08,90.46,995.48,2.61,190.99,0.0,0.0,0.0,0.0
2019/02/14 16:30,-4.2,992.900024,0.8,332,0,0.0,-7.04,89.19,995.44,2.71,191.13,0.0,0.0,0.0,0.0
2019/02/14 16:45,-4.2,992.900024,0.7,331,0,0.0,-6.92,87.43,995.46,2.81,192.87,0.0,0.0,0.0,0.0
2019/02/14 17:00,-4.2,992.900024,0.7,346,0,0.0,-6.77,85.39,995.02,2.86,195.88,0.0,0.0,0.0,0.0
2019/02/14 17:15,-4.2,992.900024,0.7,310,0,0.0,-6.58,82.93,994.78,2.88,201.41,0.0,0.0,0.0,0.0
2019/02/14 17:30,-4.2,992.900024,0.7,57,0,0.0,-6.37,80.13,994.77,2.87,206.41,0.0,0.0,0.0,0.0
2019/02/14 17:45,-5.3,992.900024,0.7,157,0,0.0,-6.19,77.35,994.73,2.84,211.75,0.0,0.0,0.0,0.0
2019/02/14 18:00,-5.3,992.900024,0.7,296,0,0.0,-6.04,74.59,994.73,2.82,220.6,0.0,0.0,0.0,0.0
2019/02/14 18:15,-5.3,992.900024,0.7,64,0,0.0,-5.95,72.13,994.65,2.8,228.27,0.0,0.0,0.0,0.0
2019/02/14 18:30,-6.4,992.900024,0.7,69,0,0.0,-5.87,69.89,994.6,2.81,236.64,0.0,0.0,0.0,0.0
2019/02/14 18:45,-7.5,992.900024,0.8,136,0,0.0,-5.78,67.59,994.46,2.91,247.26,0.0,0.0,0.0,0.0
2019/02/14 19:00,-7.5,992.900024,0.8,98,0,0.0,-5.66,65.15,994.37,3.12,258.8,0.0,0.0,0.0,0.0
2019/02/15 08:00,2.0,992.900024,1.6,307,433,18.719999,0.82,40.55,995.49,3.72,107.39,338.22,42.54000000000002,295.68,8.411278999999999
2019/02/15 08:15,2.0,992.900024,1.9,215,375,18.0,0.75,41.04,995.73,3.7,109.23,286.52,39.54999999999998,246.97,7.231994
2019/02/15 08:30,2.0,992.900024,2.4,289,75,18.0,0.66,41.98,995.83,3.55,110.31,250.81,37.25,213.56,6.010086
2019/02/15 08:45,0.9,992.900024,1.9,132,59,16.559998999999998,0.5,45.59,995.88,3.2,108.08,195.97,33.27000000000001,162.7,4.75976
2019/02/15 09:00,0.9,992.900024,1.8,262,45,15.12,0.24,49.41,995.92,2.83,104.98,158.95,30.119999999999976,128.83,3.4810190000000003
2019/02/15 09:15,0.9,992.900024,1.8,239,33,12.24,-0.25,51.83,995.95,2.72,102.94,103.72,24.28,79.44,2.159652
2019/02/15 09:30,0.9,992.900024,0.0,21,21,9.360001,-0.68,52.84,996.0,2.79,103.79,68.08,19.29,48.79,1.179284
2019/02/15 09:45,0.9,992.900024,1.7,168,9,0.0,-1.18,53.47,996.06,2.8,107.82,20.06,8.879999999999999,11.18,0.355206
2019/02/15 10:00,0.9,994.0,0.5,156,0,0.0,-1.6,54.15,996.12,2.75,114.85,0.0,0.0,0.0,0.0
2019/02/15 10:15,-0.1,994.0,0.7,17,0,0.0,-1.94,55.15,996.17,2.7,125.23,0.0,0.0,0.0,0.0
2019/02/15 10:30,-0.1,994.0,0.7,28,0,0.0,-2.21,56.41,996.26,2.63,137.94,0.0,0.0,0.0,0.0
2019/02/15 10:45,-1.1,994.0,0.7,138,0,0.0,-2.43,57.79,996.39,2.5,152.31,0.0,0.0,0.0,0.0
2019/02/15 11:00,-2.1,994.0,0.7,120,0,0.0,-2.55,58.71,996.57,2.34,170.24,0.0,0.0,0.0,0.0
2019/02/15 11:15,-2.1,995.099976,0.7,124,0,0.0,-2.65,59.3,996.73,2.28,193.5,0.0,0.0,0.0,0.0
2019/02/15 11:30,-2.1,995.099976,0.7,145,0,0.0,-2.72,59.49,996.96,2.4,217.5,0.0,0.0,0.0,0.0
2019/02/15 11:45,-2.1,995.099976,0.7,135,0,0.0,-2.74,59.09,997.2,2.65,236.44,0.0,0.0,0.0,0.0
2019/02/15 12:00,-2.1,995.099976,0.7,42,0,0.0,-2.73,58.11,997.41,2.91,250.4,0.0,0.0,0.0,0.0
2019/02/15 12:15,-1.1,995.099976,0.6,212,0,0.0,-2.7,56.73,997.61,3.1,260.71,0.0,0.0,0.0,0.0
2019/02/15 12:30,-2.1,995.099976,0.6,211,0,0.0,-2.67,55.18,997.81,3.22,268.74,0.0,0.0,0.0,0.0
2019/02/15 12:45,-3.2,996.200012,0.7,61,0,0.0,-2.67,53.57,998.02,3.31,275.85,0.0,0.0,0.0,0.0
2019/02/15 13:00,-3.2,996.200012,0.7,120,0,0.0,-2.72,52.21,998.21,3.33,281.97,0.0,0.0,0.0,0.0
2019/02/15 13:15,-3.2,996.200012,0.7,346,0,0.0,-2.81,51.27,998.35,3.23,286.94,0.0,0.0,0.0,0.0
2019/02/15 13:30,-4.2,996.200012,0.7,12,0,0.0,-2.92,50.83,998.45,2.99,290.44,0.0,0.0,0.0,0.0
2019/02/15 13:45,-4.2,996.200012,0.7,24,0,0.0,-3.02,50.69,998.43,2.68,292.82,0.0,0.0,0.0,0.0
2019/02/15 14:00,-4.2,996.200012,0.7,24,0,0.0,-3.1,50.7,998.42,2.36,298.27,0.0,0.0,0.0,0.0
2019/02/15 14:15,-4.2,996.200012,0.7,135,0,0.0,-3.18,50.99,998.49,2.05,306.88,0.0,0.0,0.0,0.0
2019/02/15 14:30,-4.2,997.299988,0.7,221,0,0.0,-3.28,51.57,998.6,1.71,316.4,0.0,0.0,0.0,0.0
2019/02/15 14:45,-4.2,997.299988,0.7,83,0,0.0,-3.36,52.12,998.71,1.3,326.56,0.0,0.0,0.0,0.0
2019/02/15 15:00,-4.2,997.299988,0.7,2,0,0.0,-3.46,52.88,998.81,0.78,342.31,0.0,0.0,0.0,0.0
2019/02/15 15:15,-5.3,997.299988,0.7,196,0,0.0,-3.56,53.67,998.94,0.44,46.32,0.0,0.0,0.0,0.0
2019/02/15 15:30,-5.3,997.299988,0.7,118,0,0.0,-3.65,54.3,999.09,0.55,139.09,0.0,0.0,0.0,0.0
2019/02/15 15:45,-5.3,997.299988,0.7,89,0,0.0,-3.76,54.65,999.26,0.91,167.66,0.0,0.0,0.0,0.0
2019/02/15 16:00,-5.3,997.299988,0.7,86,0,0.0,-3.64,50.19,999.45,3.34,309.54,0.0,0.0,0.0,0.0
2019/02/15 16:15,-5.3,997.299988,0.7,24,0,0.0,-3.73,49.85,999.1,3.44,309.71,0.0,0.0,0.0,0.0
2019/02/15 16:30,-4.2,997.299988,0.7,79,0,0.0,-3.76,49.38,999.45,3.64,312.01,0.0,0.0,0.0,0.0
2019/02/15 16:45,-4.2,997.299988,0.7,91,0,0.0,-3.81,49.04,999.63,3.85,312.68,0.0,0.0,0.0,0.0
2019/02/15 17:00,-4.2,997.299988,0.7,75,0,0.0,-3.88,48.82,999.4,4.03,312.21,0.0,0.0,0.0,0.0
2019/02/15 17:15,-4.2,997.299988,0.7,103,0,0.0,-3.92,48.85,999.35,3.98,315.12,0.0,0.0,0.0,0.0
2019/02/15 17:30,-4.2,997.299988,1.7,97,0,0.0,-3.97,49.66,999.59,3.62,319.33,0.0,0.0,0.0,0.0
2019/02/15 17:45,-4.2,997.299988,0.7,43,0,0.0,-4.05,50.53,999.61,3.15,321.97,0.0,0.0,0.0,0.0
2019/02/15 18:00,-5.3,997.299988,0.7,181,0,0.0,-4.08,50.93,999.73,2.78,322.69,0.0,0.0,0.0,0.0
2019/02/15 18:15,-6.4,997.299988,0.7,162,0,0.0,-4.11,50.96,999.87,2.45,319.15,0.0,0.0,0.0,0.0
2019/02/15 18:30,-6.4,997.299988,0.7,76,0,0.0,-4.14,50.56,999.78,2.15,308.18,0.0,0.0,0.0,0.0
2019/02/15 18:45,-5.3,997.299988,1.9,113,0,0.0,-4.19,49.98,999.72,1.99,290.47,0.0,0.0,0.0,0.0
2019/02/15 19:00,-5.3,997.299988,0.5,119,0,0.0,-4.25,49.47,999.86,2.03,275.47,0.0,0.0,0.0,0.0
2019/02/16 08:00,3.1,995.099976,2.0,205,498,28.08,1.04,22.53,998.48,2.16,123.91,347.51,41.68000000000001,305.83,1.477657
2019/02/16 08:15,3.1,995.099976,0.0,248,421,25.200001,1.0,22.68,998.61,2.32,121.69,295.07,38.88999999999999,256.18,1.605531
2019/02/16 08:30,3.1,995.099976,2.0,287,56,23.76,0.94,23.02,998.55,2.46,120.8,258.83,36.75999999999999,222.07,1.619739
2019/02/16 08:45,2.0,995.099976,1.7,240,52,25.200001,0.86,24.63,998.44,2.47,120.58,203.07,32.98999999999998,170.08,1.435032
2019/02/16 09:00,2.0,995.099976,1.0,5,50,28.08,0.75,28.43,998.3,2.36,118.69,165.39,30.0,135.39,1.065618
2019/02/16 09:15,2.0,995.099976,0.3,274,36,23.76,0.33,31.31,998.15,2.37,117.86,109.1,24.419999999999987,84.68,0.80987
2019/02/16 09:30,2.0,995.099976,0.3,19,18,12.24,-0.09,32.37,998.04,2.55,118.45,72.65,19.620000000000005,53.03,0.284165
2019/02/16 09:45,0.9,995.099976,0.0,350,12,12.24,-0.6,33.37,997.95,2.7,120.26,23.07,9.58,13.49,0.1847069999999999
2019/02/16 10:00,-0.1,995.099976,0.0,205,0,0.0,-1.05,34.51,997.87,2.72,122.85,0.45,0.43,0.02,0.0
2019/02/16 10:15,-0.1,995.099976,0.0,339,0,0.0,-1.39,35.65,997.84,2.65,126.74,0.0,0.0,0.0,0.0
2019/02/16 10:30,-0.1,995.099976,0.0,21,0,0.0,-1.66,36.68,997.83,2.53,132.17,0.0,0.0,0.0,0.0
2019/02/16 10:45,-1.1,995.099976,0.0,338,0,0.0,-1.86,37.67,997.9,2.37,139.49,0.0,0.0,0.0,0.0
2019/02/16 11:00,-1.1,995.099976,0.0,120,0,0.0,-2.01,38.63,998.01,2.19,148.12,0.0,0.0,0.0,0.0
2019/02/16 11:15,-2.1,995.099976,0.0,161,0,0.0,-2.12,39.51,998.12,1.99,157.97,0.0,0.0,0.0,0.0
2019/02/16 11:30,-2.1,995.099976,0.0,345,0,0.0,-2.19,40.26,998.33,1.78,169.71,0.0,0.0,0.0,0.0
2019/02/16 11:45,-2.1,995.099976,0.0,95,0,0.0,-2.22,40.86,998.53,1.58,183.69,0.0,0.0,0.0,0.0
2019/02/16 12:00,-2.1,995.099976,0.0,123,0,0.0,-2.23,41.22,998.7,1.43,199.93,0.0,0.0,0.0,0.0
2019/02/16 12:15,-2.1,995.099976,0.0,124,0,0.0,-2.2,41.39,998.86,1.36,216.89,0.0,0.0,0.0,0.0
2019/02/16 12:30,-2.1,995.099976,0.0,103,0,0.0,-2.16,41.41,999.0,1.36,231.67,0.0,0.0,0.0,0.0
2019/02/16 12:45,-2.1,995.099976,0.0,71,0,0.0,-2.1,41.24,999.14,1.38,243.77,0.0,0.0,0.0,0.0
2019/02/16 13:00,-2.1,996.200012,0.0,96,0,0.0,-2.04,40.96,999.27,1.4,253.35,0.0,0.0,0.0,0.0
2019/02/16 13:15,-1.1,996.200012,0.0,41,0,0.0,-1.97,40.62,999.35,1.42,261.3,0.0,0.0,0.0,0.0
2019/02/16 13:30,-2.1,996.200012,0.0,67,0,0.0,-1.91,40.26,999.38,1.43,268.08,0.0,0.0,0.0,0.0
2019/02/16 13:45,-3.2,996.200012,0.0,130,0,0.0,-1.87,40.11,999.23,1.44,273.37,0.0,0.0,0.0,0.0
2019/02/16 14:00,-3.2,996.200012,0.0,42,0,0.0,-1.85,39.96,999.08,1.45,278.37,0.0,0.0,0.0,0.0
2019/02/16 14:15,-3.2,996.200012,0.0,79,0,0.0,-1.85,39.94,999.03,1.47,284.39,0.0,0.0,0.0,0.0
2019/02/16 14:30,-3.2,996.200012,0.0,127,0,0.0,-1.88,40.22,999.03,1.51,290.61,0.0,0.0,0.0,0.0
2019/02/16 14:45,-3.2,996.200012,0.0,97,0,0.0,-1.93,40.58,999.02,1.57,296.81,0.0,0.0,0.0,0.0
2019/02/16 15:00,-4.2,996.200012,0.0,106,0,0.0,-2.0,40.97,998.98,1.65,302.78,0.0,0.0,0.0,0.0
2019/02/16 15:15,-4.2,996.200012,0.0,173,0,0.0,-2.05,41.41,998.98,1.75,307.07,0.0,0.0,0.0,0.0
2019/02/16 15:30,-4.2,996.200012,0.0,40,0,0.0,-2.12,41.67,999.03,1.86,309.79,0.0,0.0,0.0,0.0
2019/02/16 15:45,-4.2,997.299988,0.0,16,0,0.0,-2.16,41.86,999.1,1.93,310.49,0.0,0.0,0.0,0.0
2019/02/16 16:00,-4.2,997.299988,0.0,98,0,0.0,-2.83,52.83,998.82,1.4,14.08,0.0,0.0,0.0,0.0
2019/02/16 16:15,-4.2,997.299988,0.3,137,0,0.0,-2.82,52.91,998.77,1.24,1.51,0.0,0.0,0.0,0.0
2019/02/16 16:30,-4.2,997.299988,0.3,16,0,0.0,-2.78,52.48,998.84,1.17,336.91,0.0,0.0,0.0,0.0
2019/02/16 16:45,-5.3,997.299988,0.3,74,0,0.0,-2.77,51.96,998.69,1.27,312.67,0.0,0.0,0.0,0.0
2019/02/16 17:00,-5.3,997.299988,0.3,29,0,0.0,-2.75,51.77,998.51,1.5,293.3,0.0,0.0,0.0,0.0
2019/02/16 17:15,-5.3,997.299988,0.3,128,0,0.0,-2.76,51.56,998.61,1.81,279.44,0.0,0.0,0.0,0.0
2019/02/16 17:30,-5.3,997.299988,0.3,132,0,0.0,-2.76,51.41,998.44,2.12,271.28,0.0,0.0,0.0,0.0
2019/02/16 17:45,-5.3,997.299988,0.3,88,0,0.0,-2.76,51.05,998.34,2.35,264.04,0.0,0.0,0.0,0.0
2019/02/16 18:00,-5.3,997.299988,0.3,50,0,0.0,-2.73,50.5,998.5,2.53,256.59,0.0,0.0,0.0,0.0
2019/02/16 18:15,-5.3,997.299988,0.3,104,0,0.0,-2.72,49.96,998.31,2.71,252.61,0.0,0.0,0.0,0.0
2019/02/16 18:30,-5.3,997.299988,0.3,101,0,0.0,-2.74,49.5,998.34,2.85,250.5,0.0,0.0,0.0,0.0
2019/02/16 18:45,-5.3,997.299988,0.0,97,0,0.0,-2.73,49.03,998.3,2.91,248.31,0.0,0.0,0.0,0.0
2019/02/16 19:00,-5.3,997.299988,1.0,19,0,0.0,-2.75,48.7,998.28,2.91,247.94,0.0,0.0,0.0,0.0
2019/02/17 08:00,4.2,990.700012,2.1,251,348,115.199997,3.01,39.74,993.32,5.91,138.52,309.87,38.28000000000003,271.59,3.651518
2019/02/17 08:15,4.2,990.700012,1.4,255,246,85.68,2.95,40.73,993.41,5.75,138.36,256.26,36.50999999999999,219.75,2.415401
2019/02/17 08:30,4.2,990.700012,2.4,281,123,74.160004,2.85,41.84,993.35,5.51,138.43,219.85,33.53999999999999,186.31,2.656941
2019/02/17 08:45,4.2,990.700012,1.1,236,61,42.48,2.67,42.85,993.29,5.14,139.32,168.24,31.090000000000003,137.15,0.767245
2019/02/17 09:00,4.2,990.700012,1.6,303,61,49.68,2.48,43.95,993.23,4.59,139.38,133.38,26.5,106.88,0.80987
2019/02/17 09:15,3.2,990.700012,0.4,34,37,30.959999,2.1,46.41,993.11,3.88,136.25,85.05,20.28,64.77,0.3836219999999999
2019/02/17 09:30,3.2,990.700012,1.0,221,19,19.440001,1.59,49.33,993.0,3.26,129.34,54.7,16.020000000000003,38.68,0.1847069999999999
2019/02/17 09:45,3.2,990.700012,0.3,276,0,9.360001,0.94,51.51,992.9,2.92,123.73,16.06,7.879999999999999,8.18,0.0
2019/02/17 10:00,3.2,990.700012,0.0,165,0,0.0,0.46,52.9,992.79,2.7,121.03,1.03,0.9,0.13,0.0
2019/02/17 10:15,3.2,990.700012,0.0,156,0,0.0,0.11,53.93,992.69,2.42,119.64,0.0,0.0,0.0,0.0
2019/02/17 10:30,3.2,990.700012,0.0,167,0,0.0,-0.13,54.57,992.64,2.07,120.68,0.0,0.0,0.0,0.0
2019/02/17 10:45,2.1,990.700012,0.0,302,0,0.0,-0.26,54.88,992.72,1.69,124.14,0.0,0.0,0.0,0.0
2019/02/17 11:00,2.1,990.700012,0.0,1,0,0.0,-0.34,55.06,992.8,1.28,125.25,0.0,0.0,0.0,0.0
2019/02/17 11:15,2.1,990.700012,0.0,20,0,0.0,-0.37,55.0,992.89,0.88,123.08,0.0,0.0,0.0,0.0
2019/02/17 11:30,2.1,990.700012,0.0,94,0,0.0,-0.35,54.83,993.01,0.51,118.56,0.0,0.0,0.0,0.0
2019/02/17 11:45,2.1,990.700012,0.0,128,0,0.0,-0.34,54.73,993.13,0.27,88.83,0.0,0.0,0.0,0.0
2019/02/17 12:00,2.1,990.700012,0.0,109,0,0.0,-0.35,55.01,993.24,0.33,333.22,0.0,0.0,0.0,0.0
2019/02/17 12:15,2.1,990.700012,0.0,78,0,0.0,-0.36,55.53,993.36,0.67,319.96,0.0,0.0,0.0,0.0
2019/02/17 12:30,2.1,990.700012,0.0,31,0,0.0,-0.38,56.09,993.45,1.11,318.39,0.0,0.0,0.0,0.0
2019/02/17 12:45,2.1,990.700012,0.0,59,0,0.0,-0.43,56.78,993.53,1.54,319.97,0.0,0.0,0.0,0.0
2019/02/17 13:00,2.1,990.700012,0.0,71,0,0.0,-0.49,57.71,993.62,1.95,321.67,0.0,0.0,0.0,0.0
2019/02/17 13:15,2.1,990.700012,0.0,95,0,0.0,-0.56,58.77,993.68,2.29,324.16,0.0,0.0,0.0,0.0
2019/02/17 13:30,2.1,990.700012,0.0,110,0,0.0,-0.64,59.64,993.7,2.55,326.45,0.0,0.0,0.0,0.0
2019/02/17 13:45,1.1,990.700012,0.0,119,0,0.0,-0.69,60.28,993.54,2.68,327.96,0.0,0.0,0.0,0.0
2019/02/17 14:00,1.1,990.700012,0.0,21,0,0.0,-0.74,60.87,993.31,2.76,328.54,0.0,0.0,0.0,0.0
2019/02/17 14:15,1.1,990.700012,0.0,68,0,0.0,-0.82,61.34,993.17,2.83,329.38,0.0,0.0,0.0,0.0
2019/02/17 14:30,1.1,990.700012,0.0,155,0,0.0,-0.84,61.67,993.11,2.87,329.66,0.0,0.0,0.0,0.0
2019/02/17 14:45,1.1,990.700012,0.0,52,0,0.0,-0.89,61.97,993.04,2.9,330.2,0.0,0.0,0.0,0.0
2019/02/17 15:00,1.1,990.700012,0.0,322,0,0.0,-0.94,62.23,992.98,2.94,330.36,0.0,0.0,0.0,0.0
2019/02/17 15:15,1.1,990.700012,0.0,302,0,0.0,-0.97,62.32,992.96,2.96,330.43,0.0,0.0,0.0,0.0
2019/02/17 15:30,1.1,990.700012,0.0,63,0,0.0,-1.05,62.61,993.0,2.95,329.95,0.0,0.0,0.0,0.0
2019/02/17 15:45,1.1,990.700012,0.0,121,0,0.0,-1.06,62.55,993.05,2.91,328.27,0.0,0.0,0.0,0.0
2019/02/17 16:00,0.1,990.700012,0.0,125,0,0.0,-0.98,56.99,991.98,1.7,341.7,0.0,0.0,0.0,0.0
2019/02/17 16:15,0.1,990.700012,0.0,14,0,0.0,-0.99,57.05,991.83,1.46,344.41,0.0,0.0,0.0,0.0
2019/02/17 16:30,0.1,990.700012,0.0,87,0,0.0,-1.0,57.01,991.65,1.21,351.19,0.0,0.0,0.0,0.0
2019/02/17 16:45,0.1,989.599976,0.0,110,0,0.0,-0.99,56.94,991.81,1.0,357.61,0.0,0.0,0.0,0.0
2019/02/17 17:00,0.1,989.599976,0.0,190,0,0.0,-1.0,56.96,991.98,0.81,12.61,0.0,0.0,0.0,0.0
2019/02/17 17:15,0.1,989.599976,0.0,29,0,0.0,-1.05,57.2,991.8,0.62,25.89,0.0,0.0,0.0,0.0
2019/02/17 17:30,0.1,989.599976,0.0,136,0,0.0,-1.1,57.43,991.52,0.43,43.34,0.0,0.0,0.0,0.0
2019/02/17 17:45,0.1,989.599976,0.0,109,0,0.0,-1.14,57.53,991.41,0.24,57.56,0.0,0.0,0.0,0.0
2019/02/17 18:00,0.1,989.599976,0.3,119,0,0.0,-1.18,57.53,991.09,0.18,205.09,0.0,0.0,0.0,0.0
2019/02/17 18:15,0.1,989.599976,0.4,109,0,0.0,-1.19,57.31,990.87,0.32,230.12,0.0,0.0,0.0,0.0
2019/02/17 18:30,0.1,989.599976,0.4,85,0,0.0,-1.21,57.15,990.62,0.56,236.99,0.0,0.0,0.0,0.0
2019/02/17 18:45,-0.9,989.599976,0.4,110,0,0.0,-1.22,57.0,990.41,0.73,237.69,0.0,0.0,0.0,0.0
2019/02/17 19:00,-2.0,989.599976,0.4,328,0,0.0,-1.23,56.81,990.37,0.85,234.09,0.0,0.0,0.0,0.0
2019/02/18 08:00,2.1,986.200012,2.1,200,81,82.800003,0.2,84.03,987.98,3.36,104.27,86.87,51.55,35.32,1.719197
2019/02/18 08:15,2.1,986.200012,2.3,270,73,74.160004,0.18,83.7,988.07,3.39,108.1,70.21,38.56999999999999,31.64,1.577115
2019/02/18 08:30,2.1,986.200012,1.0,238,57,56.880001,0.15,83.29,987.98,3.38,109.91,62.98,31.059999999999995,31.92,1.2077
2019/02/18 08:45,1.1,986.200012,0.8,217,29,26.639999,0.13,83.22,987.84,3.3,110.26,56.47,22.39,34.08,0.625163
2019/02/18 09:00,1.1,986.200012,1.1,247,31,29.52,0.06,84.63,987.7,3.1,107.36,47.36,13.729999999999997,33.63,0.554121
2019/02/18 09:15,1.1,986.200012,1.3,152,25,26.639999,-0.07,86.94,987.55,2.82,99.74,27.55,11.58,15.97,0.454664
2019/02/18 09:30,0.1,986.200012,0.5,166,0,0.0,-0.23,89.77,987.39,2.62,89.67,18.53,9.37,9.16,0.0
2019/02/18 09:45,0.1,986.200012,0.4,317,0,0.0,-0.34,92.43,987.23,2.56,81.23,6.23,3.4300000000000006,2.8,0.0
2019/02/18 10:00,0.1,986.200012,0.5,276,0,0.0,-0.4,94.22,987.13,2.62,77.82,0.57,0.5499999999999999,0.02,0.0
2019/02/18 10:15,0.1,986.200012,0.5,163,0,0.0,-0.38,94.94,987.1,2.72,78.36,0.0,0.0,0.0,0.0
2019/02/18 10:30,0.1,986.200012,0.7,202,0,0.0,-0.33,95.18,987.1,2.74,83.13,0.0,0.0,0.0,0.0
2019/02/18 10:45,-0.9,986.200012,0.7,331,0,0.0,-0.39,96.09,987.2,2.7,87.09,0.0,0.0,0.0,0.0
2019/02/18 11:00,-0.9,986.200012,0.7,162,0,0.0,-0.31,96.13,987.3,2.65,90.89,0.0,0.0,0.0,0.0
2019/02/18 11:15,-0.9,986.200012,0.7,180,0,0.0,-0.29,96.46,987.41,2.6,94.98,0.0,0.0,0.0,0.0
2019/02/18 11:30,-0.9,986.200012,0.7,322,0,0.0,-0.33,96.88,987.52,2.53,100.43,0.0,0.0,0.0,0.0
2019/02/18 11:45,-0.9,986.200012,0.7,121,0,0.0,-0.37,96.9,987.63,2.45,104.32,0.0,0.0,0.0,0.0
2019/02/18 12:00,-0.9,986.200012,0.7,134,0,0.0,-0.5,97.22,987.75,2.29,103.51,0.0,0.0,0.0,0.0
2019/02/18 12:15,-0.9,986.200012,0.7,340,0,0.0,-0.68,97.67,987.86,2.13,97.38,0.0,0.0,0.0,0.0
2019/02/18 12:30,-0.9,986.200012,0.7,343,0,0.0,-0.91,98.15,987.96,2.03,86.3,0.0,0.0,0.0,0.0
2019/02/18 12:45,-0.9,986.200012,0.7,340,0,0.0,-0.99,98.33,988.07,1.99,78.37,0.0,0.0,0.0,0.0
2019/02/18 13:00,-0.9,986.200012,0.7,19,0,0.0,-1.02,98.49,988.16,1.98,69.14,0.0,0.0,0.0,0.0
2019/02/18 13:15,-0.9,986.200012,0.7,171,0,0.0,-1.17,98.48,988.2,2.06,56.45,0.0,0.0,0.0,0.0
2019/02/18 13:30,-0.9,986.200012,0.7,154,0,0.0,-1.28,98.5,988.22,2.11,46.46,0.0,0.0,0.0,0.0
2019/02/18 13:45,-0.9,986.200012,0.7,152,0,0.0,-1.34,98.81,988.06,2.1,40.63,0.0,0.0,0.0,0.0
2019/02/18 14:00,-0.9,986.200012,0.7,155,0,0.0,-1.48,98.92,987.86,2.07,40.04,0.0,0.0,0.0,0.0
2019/02/18 14:15,-0.9,986.200012,0.7,102,0,0.0,-1.52,99.05,987.72,2.05,42.0,0.0,0.0,0.0,0.0
2019/02/18 14:30,-0.9,986.200012,0.7,10,0,0.0,-1.65,99.07,987.65,2.05,43.01,0.0,0.0,0.0,0.0
2019/02/18 14:45,-0.9,986.200012,0.7,25,0,0.0,-1.65,99.1,987.6,2.07,41.61,0.0,0.0,0.0,0.0
2019/02/18 15:00,-0.9,986.200012,0.7,10,0,0.0,-1.66,99.05,987.57,2.13,38.1,0.0,0.0,0.0,0.0
2019/02/18 15:15,-0.9,986.200012,0.7,52,0,0.0,-1.61,98.94,987.56,2.2,32.92,0.0,0.0,0.0,0.0
2019/02/18 15:30,-0.9,986.200012,0.7,105,0,0.0,-1.67,98.75,987.59,2.21,26.43,0.0,0.0,0.0,0.0
2019/02/18 15:45,-0.9,986.200012,0.7,89,0,0.0,-1.64,98.71,987.63,2.22,18.83,0.0,0.0,0.0,0.0
2019/02/18 16:00,-0.9,986.200012,0.7,33,0,0.0,-1.8,87.97,987.07,0.69,280.66,0.0,0.0,0.0,0.0
2019/02/18 16:15,-0.9,986.200012,0.7,129,0,0.0,-1.85,88.68,987.02,0.66,275.93,0.0,0.0,0.0,0.0
2019/02/18 16:30,-2.0,986.200012,0.7,350,0,0.0,-1.9,89.12,986.93,0.62,271.4,0.0,0.0,0.0,0.0
2019/02/18 16:45,-2.0,986.200012,0.7,33,0,0.0,-1.93,89.33,986.72,0.62,256.82,0.0,0.0,0.0,0.0
2019/02/18 17:00,-2.0,986.200012,0.7,40,0,0.0,-1.97,89.35,986.55,0.62,236.05,0.0,0.0,0.0,0.0
2019/02/18 17:15,-2.0,986.200012,0.7,110,0,0.0,-2.01,89.46,986.47,0.57,225.13,0.0,0.0,0.0,0.0
2019/02/18 17:30,-2.0,985.099976,0.7,59,0,0.0,-2.04,89.55,986.32,0.52,207.95,0.0,0.0,0.0,0.0
2019/02/18 17:45,-2.0,985.099976,0.7,104,0,0.0,-2.07,89.65,986.14,0.51,190.66,0.0,0.0,0.0,0.0
2019/02/18 18:00,-2.0,985.099976,0.7,230,0,0.0,-2.08,89.65,986.24,0.58,183.22,0.0,0.0,0.0,0.0
2019/02/18 18:15,-2.0,985.099976,0.7,82,0,0.0,-2.1,89.7,986.27,0.72,180.67,0.0,0.0,0.0,0.0
2019/02/18 18:30,-2.0,985.099976,0.7,40,0,0.0,-2.14,89.87,986.11,0.88,180.95,0.0,0.0,0.0,0.0
2019/02/18 18:45,-2.0,985.099976,0.7,57,0,0.0,-2.2,90.04,985.88,1.02,185.69,0.0,0.0,0.0,0.0
2019/02/18 19:00,-2.0,985.099976,0.7,44,0,0.0,-2.22,89.92,985.93,1.14,191.27,0.0,0.0,0.0,0.0
2019/02/19 08:00,7.5,984.0,2.2,248,310,87.120003,7.78,19.99,987.53,3.33,308.95,358.31,41.74000000000001,316.57,6.791539
2019/02/19 08:15,6.4,984.0,0.9,277,252,79.199997,7.78,20.47,987.69,3.09,310.63,305.91,39.09000000000003,266.82,5.555422
2019/02/19 08:30,6.4,984.0,0.0,194,110,70.560013,7.75,21.25,987.71,2.7,315.06,269.67,37.06,232.61,4.617678
2019/02/19 08:45,5.3,984.0,1.1,273,88,57.599998,7.61,22.84,987.76,2.15,325.11,213.85,33.5,180.35,3.651518
2019/02/19 09:00,5.3,984.0,1.0,245,66,44.639999,7.38,26.64,987.87,1.67,351.81,176.07,30.680000000000007,145.39,2.5574830000000004
2019/02/19 09:15,4.2,984.0,1.0,281,44,31.68,6.92,28.83,987.99,1.63,29.57,119.48,25.460000000000008,94.02,1.591323
2019/02/19 09:30,4.2,985.099976,1.0,56,26,21.6,6.4,31.43,988.1,1.94,56.33,82.63,21.01,61.62,0.8809110000000001
2019/02/19 09:45,3.2,985.099976,1.0,245,10,11.52,5.7,34.17,988.2,2.24,71.38,31.5,11.82,19.68,0.326789
2019/02/19 10:00,3.2,985.099976,1.0,114,0,0.0,4.98,36.93,988.31,2.31,81.08,4.86,3.2,1.66,0.0
2019/02/19 10:15,2.1,985.099976,1.0,339,0,0.0,4.37,39.08,988.41,2.06,89.26,0.0,0.0,0.0,0.0
2019/02/19 10:30,2.1,986.200012,1.0,77,0,0.0,3.88,40.51,988.52,1.52,98.96,0.0,0.0,0.0,0.0
2019/02/19 10:45,1.1,986.200012,1.0,55,0,0.0,3.54,41.2,988.79,0.9,118.38,0.0,0.0,0.0,0.0
2019/02/19 11:00,1.1,986.200012,1.0,123,0,0.0,3.19,41.8,989.08,0.62,189.54,0.0,0.0,0.0,0.0
2019/02/19 11:15,1.1,986.200012,1.0,96,0,0.0,2.83,42.48,989.4,0.91,257.48,0.0,0.0,0.0,0.0
2019/02/19 11:30,1.1,986.200012,1.0,13,0,0.0,2.47,43.06,989.73,1.52,277.05,0.0,0.0,0.0,0.0
2019/02/19 11:45,1.1,987.299988,1.0,107,0,0.0,2.14,43.41,990.01,2.14,286.03,0.0,0.0,0.0,0.0
2019/02/19 12:00,0.1,987.299988,1.0,107,0,0.0,1.81,43.79,990.28,2.71,292.22,0.0,0.0,0.0,0.0
2019/02/19 12:15,0.1,987.299988,1.0,93,0,0.0,1.51,44.07,990.58,3.2,296.23,0.0,0.0,0.0,0.0
2019/02/19 12:30,0.1,988.400024,1.0,351,0,0.0,1.32,43.95,990.89,3.53,298.75,0.0,0.0,0.0,0.0
2019/02/19 12:45,0.1,988.400024,1.0,124,0,0.0,1.23,43.45,991.18,3.67,300.32,0.0,0.0,0.0,0.0
2019/02/19 13:00,0.1,988.400024,1.0,100,0,0.0,1.2,42.75,991.47,3.66,300.4,0.0,0.0,0.0,0.0
2019/02/19 13:15,-0.9,988.400024,1.0,46,0,0.0,1.19,42.12,991.7,3.57,298.76,0.0,0.0,0.0,0.0
2019/02/19 13:30,-0.9,989.5,1.0,23,0,0.0,1.16,41.69,991.88,3.45,295.18,0.0,0.0,0.0,0.0
2019/02/19 13:45,-0.9,989.5,1.0,127,0,0.0,1.11,41.52,991.92,3.36,289.75,0.0,0.0,0.0,0.0
2019/02/19 14:00,-0.9,989.5,1.0,16,0,0.0,1.02,41.59,991.96,3.31,283.41,0.0,0.0,0.0,0.0
2019/02/19 14:15,-0.9,989.5,1.0,81,0,0.0,0.93,41.74,992.08,3.29,277.02,0.0,0.0,0.0,0.0
2019/02/19 14:30,-2.0,989.5,1.0,93,0,0.0,0.87,41.83,992.26,3.27,271.18,0.0,0.0,0.0,0.0
2019/02/19 14:45,-2.0,989.5,1.0,152,0,0.0,0.82,41.82,992.44,3.22,266.41,0.0,0.0,0.0,0.0
2019/02/19 15:00,-3.1,990.599976,1.8,159,0,0.0,0.8,41.7,992.62,3.16,262.3,0.0,0.0,0.0,0.0
2019/02/19 15:15,-3.1,990.599976,0.7,252,0,0.0,0.78,41.49,992.8,3.12,258.71,0.0,0.0,0.0,0.0
2019/02/19 15:30,-3.1,990.599976,0.7,121,0,0.0,0.78,41.15,993.03,3.09,255.75,0.0,0.0,0.0,0.0
2019/02/19 15:45,-3.1,990.599976,0.7,223,0,0.0,0.8,40.68,993.27,3.07,253.3,0.0,0.0,0.0,0.0
2019/02/19 16:00,-3.1,990.599976,0.7,340,0,0.0,0.5,36.93,992.3,2.18,296.06,0.0,0.0,0.0,0.0
2019/02/19 16:15,-3.1,990.599976,0.7,153,0,0.0,0.5,36.4,992.67,1.98,296.36,0.0,0.0,0.0,0.0
2019/02/19 16:30,-3.1,990.599976,0.7,129,0,0.0,0.47,36.01,992.67,1.86,299.3,0.0,0.0,0.0,0.0
2019/02/19 16:45,-3.1,990.599976,0.7,116,0,0.0,0.41,35.64,992.38,1.81,301.01,0.0,0.0,0.0,0.0
2019/02/19 17:00,-3.1,990.599976,0.7,122,0,0.0,0.39,35.24,992.5,1.84,300.47,0.0,0.0,0.0,0.0
2019/02/19 17:15,-3.1,990.599976,0.7,148,0,0.0,0.34,34.95,992.54,1.94,295.94,0.0,0.0,0.0,0.0
2019/02/19 17:30,-3.1,990.599976,0.7,321,0,0.0,0.31,34.62,992.67,2.07,294.71,0.0,0.0,0.0,0.0
2019/02/19 17:45,-3.1,990.599976,0.7,11,0,0.0,0.27,34.39,992.71,2.21,294.48,0.0,0.0,0.0,0.0
2019/02/19 18:00,-3.1,990.599976,0.7,56,0,0.0,0.22,34.31,992.82,2.37,293.47,0.0,0.0,0.0,0.0
2019/02/19 18:15,-3.1,990.599976,0.7,315,0,0.0,0.17,34.25,992.98,2.54,292.54,0.0,0.0,0.0,0.0
2019/02/19 18:30,-3.1,990.599976,0.7,354,0,0.0,0.11,34.3,993.04,2.69,291.39,0.0,0.0,0.0,0.0
2019/02/19 18:45,-3.1,990.599976,0.7,41,0,0.0,0.07,34.32,993.21,2.83,290.1,0.0,0.0,0.0,0.0
2019/02/19 19:00,-3.1,990.599976,0.5,136,0,0.0,0.02,34.37,993.29,2.92,289.97,0.0,0.0,0.0,0.0
2019/02/20 08:00,5.3,992.799988,1.5,264,224,105.839996,6.92,33.6,994.82,3.92,129.52,360.81,41.29000000000002,319.52,5.157591
2019/02/20 08:15,5.3,992.799988,0.8,179,188,95.760002,6.9,33.99,994.96,3.99,129.93,308.51,38.76999999999998,269.74,4.219847
2019/02/20 08:30,5.3,992.799988,1.8,228,132,91.440002,6.85,34.43,994.99,4.01,130.3,272.38,36.84,235.54,3.750975
2019/02/20 08:45,5.3,992.799988,0.9,277,116,88.560013,6.73,35.07,995.0,3.99,130.63,216.78,33.43000000000001,183.35,3.239479
2019/02/20 09:00,5.3,992.799988,0.0,241,60,49.68,6.6,35.8,995.04,3.88,130.73,179.12,30.72,148.4,1.619739
2019/02/20 09:15,4.2,992.799988,1.9,219,40,30.959999,6.39,37.13,995.06,3.52,129.49,122.63,25.69,96.94,0.96616
2019/02/20 09:30,4.2,992.799988,1.7,203,26,20.879999,6.08,40.07,995.08,2.99,123.1,85.74,21.36999999999999,64.37,0.596746
2019/02/20 09:45,4.2,992.799988,0.6,335,12,12.24,5.49,42.62,995.12,2.72,116.16,34.26,12.47,21.79,0.284165
2019/02/20 10:00,3.2,992.799988,0.6,21,0,0.0,4.98,44.36,995.14,2.66,110.75,6.72,4.039999999999999,2.68,0.0
2019/02/20 10:15,3.2,992.799988,0.6,353,0,0.0,4.54,45.9,995.18,2.55,107.2,0.0,0.0,0.0,0.0
2019/02/20 10:30,2.1,992.799988,0.6,85,0,0.0,4.18,47.13,995.22,2.38,105.53,0.0,0.0,0.0,0.0
2019/02/20 10:45,2.1,992.799988,0.6,9,0,0.0,3.89,48.1,995.33,2.19,106.31,0.0,0.0,0.0,0.0
2019/02/20 11:00,2.1,992.799988,0.6,112,0,0.0,3.66,48.85,995.47,1.96,108.71,0.0,0.0,0.0,0.0
2019/02/20 11:15,1.1,993.900024,0.6,120,0,0.0,3.5,49.33,995.65,1.7,112.18,0.0,0.0,0.0,0.0
2019/02/20 11:30,1.1,993.900024,0.6,350,0,0.0,3.34,49.87,995.89,1.41,117.31,0.0,0.0,0.0,0.0
2019/02/20 11:45,1.1,993.900024,0.6,21,0,0.0,3.21,50.32,996.1,1.15,123.92,0.0,0.0,0.0,0.0
2019/02/20 12:00,0.1,993.900024,0.6,23,0,0.0,3.08,50.74,996.3,0.9,132.87,0.0,0.0,0.0,0.0
2019/02/20 12:15,0.1,993.900024,0.6,117,0,0.0,2.95,51.18,996.55,0.65,146.56,0.0,0.0,0.0,0.0
2019/02/20 12:30,0.1,995.0,0.6,22,0,0.0,2.83,51.63,996.8,0.48,175.58,0.0,0.0,0.0,0.0
2019/02/20 12:45,0.1,995.0,0.6,353,0,0.0,2.71,52.08,997.04,0.5,229.44,0.0,0.0,0.0,0.0
2019/02/20 13:00,0.1,995.0,0.6,120,0,0.0,2.59,52.54,997.25,0.75,261.05,0.0,0.0,0.0,0.0
2019/02/20 13:15,0.1,995.0,0.6,342,0,0.0,2.45,53.1,997.43,1.13,274.12,0.0,0.0,0.0,0.0
2019/02/20 13:30,0.1,995.0,0.6,164,0,0.0,2.32,53.59,997.59,1.54,281.2,0.0,0.0,0.0,0.0
2019/02/20 13:45,-0.9,995.0,0.6,87,0,0.0,2.17,54.11,997.51,1.93,284.64,0.0,0.0,0.0,0.0
2019/02/20 14:00,-0.9,996.099976,0.6,4,0,0.0,1.99,54.69,997.41,2.27,287.51,0.0,0.0,0.0,0.0
2019/02/20 14:15,-0.9,996.099976,0.6,352,0,0.0,1.86,55.09,997.33,2.51,289.66,0.0,0.0,0.0,0.0
2019/02/20 14:30,-0.9,996.099976,0.6,23,0,0.0,1.77,55.31,997.33,2.67,290.81,0.0,0.0,0.0,0.0
2019/02/20 14:45,-0.9,996.099976,0.6,125,0,0.0,1.69,55.42,997.33,2.75,291.1,0.0,0.0,0.0,0.0
2019/02/20 15:00,-0.9,996.099976,0.6,347,0,0.0,1.64,55.35,997.33,2.78,290.46,0.0,0.0,0.0,0.0
2019/02/20 15:15,-0.9,996.099976,0.6,77,0,0.0,1.62,55.14,997.36,2.74,288.79,0.0,0.0,0.0,0.0
2019/02/20 15:30,-0.9,996.099976,0.6,64,0,0.0,1.62,54.82,997.42,2.67,285.54,0.0,0.0,0.0,0.0
2019/02/20 15:45,-0.9,996.099976,0.6,94,0,0.0,1.63,54.44,997.54,2.58,280.12,0.0,0.0,0.0,0.0
2019/02/20 16:00,-0.9,996.099976,0.7,98,0,0.0,0.72,47.37,997.24,1.03,320.14,0.0,0.0,0.0,0.0
2019/02/20 16:15,-0.9,996.099976,0.7,59,0,0.0,0.69,47.2,997.18,1.02,306.16,0.0,0.0,0.0,0.0
2019/02/20 16:30,-0.9,996.099976,0.7,68,0,0.0,0.66,46.91,997.12,1.13,285.79,0.0,0.0,0.0,0.0
2019/02/20 16:45,-0.9,996.099976,0.7,71,0,0.0,0.64,46.55,997.2,1.32,267.05,0.0,0.0,0.0,0.0
2019/02/20 17:00,-0.9,996.099976,0.7,100,0,0.0,0.58,46.29,997.13,1.48,253.08,0.0,0.0,0.0,0.0
2019/02/20 17:15,-2.0,996.099976,0.7,8,0,0.0,0.54,45.98,996.96,1.58,245.18,0.0,0.0,0.0,0.0
2019/02/20 17:30,-2.0,996.099976,0.7,103,0,0.0,0.53,45.52,996.85,1.59,243.12,0.0,0.0,0.0,0.0
2019/02/20 17:45,-2.0,996.099976,0.7,57,0,0.0,0.55,44.92,996.51,1.55,240.57,0.0,0.0,0.0,0.0
2019/02/20 18:00,-2.0,996.099976,0.7,76,0,0.0,0.58,44.36,996.55,1.53,235.93,0.0,0.0,0.0,0.0
2019/02/20 18:15,-3.1,996.099976,0.7,46,0,0.0,0.59,43.89,996.44,1.56,231.93,0.0,0.0,0.0,0.0
2019/02/20 18:30,-2.0,996.099976,0.7,137,0,0.0,0.58,43.48,996.28,1.63,229.28,0.0,0.0,0.0,0.0
2019/02/20 18:45,-2.0,996.099976,0.7,34,0,0.0,0.58,43.01,996.09,1.69,229.98,0.0,0.0,0.0,0.0
2019/02/20 19:00,-2.0,996.099976,0.5,100,0,0.0,0.58,42.49,995.98,1.76,231.0,0.0,0.0,0.0,0.0
2019/02/21 08:00,8.6,990.599976,1.8,246,257,97.199997,9.13,32.93,992.54,3.83,130.01,257.07,113.76999999999998,143.3,5.81117
2019/02/21 08:15,8.6,990.599976,1.3,329,102,61.919998,9.07,33.7,992.52,3.95,129.13,219.54,102.66,116.88,2.671149
2019/02/21 08:30,7.6,990.599976,1.8,183,100,66.240013,9.02,34.38,992.35,4.06,128.75,215.12,64.67000000000002,150.45,2.543275
2019/02/21 08:45,7.6,990.599976,1.8,155,74,51.84,8.87,35.18,992.2,4.13,129.96,181.03,42.75999999999999,138.27,1.847071
2019/02/21 09:00,6.5,990.599976,1.8,225,64,48.959999,8.73,35.8,992.11,4.11,132.05,157.77,30.420000000000016,127.35,1.7618220000000002
2019/02/21 09:15,6.5,990.599976,0.9,8,46,38.880001,8.51,36.84,992.02,3.86,132.92,110.17,25.41,84.76,1.108243
2019/02/21 09:30,6.5,990.599976,0.9,185,30,25.92,8.15,38.84,991.93,3.41,129.89,81.15,20.190000000000005,60.96,0.7388279999999999
2019/02/21 09:45,6.5,990.599976,0.9,302,12,12.96,7.47,41.28,991.83,3.1,125.52,33.64,12.22,21.42,0.298373
2019/02/21 10:00,5.4,990.599976,0.9,29,0,0.0,6.89,42.94,991.73,3.01,122.34,7.9,4.48,3.42,0.0
2019/02/21 10:15,5.4,990.599976,0.9,141,0,0.0,6.38,44.37,991.64,2.91,120.42,0.0,0.0,0.0,0.0
2019/02/21 10:30,4.3,990.599976,0.9,21,0,0.0,5.97,45.52,991.58,2.72,120.04,0.0,0.0,0.0,0.0
2019/02/21 10:45,4.3,990.599976,0.9,352,0,0.0,5.65,46.37,991.62,2.47,120.87,0.0,0.0,0.0,0.0
2019/02/21 11:00,3.3,990.599976,0.9,97,0,0.0,5.43,46.87,991.69,2.14,121.32,0.0,0.0,0.0,0.0
2019/02/21 11:15,3.3,990.599976,0.9,121,0,0.0,5.28,47.07,991.8,1.77,122.01,0.0,0.0,0.0,0.0
2019/02/21 11:30,3.3,990.599976,0.9,121,0,0.0,5.18,47.22,991.98,1.4,124.01,0.0,0.0,0.0,0.0
2019/02/21 11:45,3.3,990.599976,0.9,33,0,0.0,5.09,47.37,992.16,1.04,127.4,0.0,0.0,0.0,0.0
2019/02/21 12:00,3.3,990.599976,0.9,351,0,0.0,5.0,47.58,992.28,0.66,132.35,0.0,0.0,0.0,0.0
2019/02/21 12:15,2.2,990.599976,0.9,20,0,0.0,4.87,47.91,992.37,0.38,149.19,0.0,0.0,0.0,0.0
2019/02/21 12:30,2.2,990.599976,0.9,122,0,0.0,4.73,48.36,992.49,0.5,294.1,0.0,0.0,0.0,0.0
2019/02/21 12:45,2.2,990.599976,0.9,112,0,0.0,4.46,49.44,992.61,1.13,307.29,0.0,0.0,0.0,0.0
2019/02/21 13:00,2.2,990.599976,0.9,65,0,0.0,4.17,50.59,992.71,1.98,311.5,0.0,0.0,0.0,0.0
2019/02/21 13:15,1.1,990.599976,0.9,105,0,0.0,3.76,52.22,992.78,2.76,313.21,0.0,0.0,0.0,0.0
2019/02/21 13:30,1.1,990.599976,0.9,337,0,0.0,3.37,53.75,992.8,3.35,314.37,0.0,0.0,0.0,0.0
2019/02/21 13:45,1.1,990.599976,0.9,113,0,0.0,3.05,54.8,992.58,3.72,314.59,0.0,0.0,0.0,0.0
2019/02/21 14:00,1.1,990.599976,0.9,33,0,0.0,2.82,55.35,992.31,3.88,314.05,0.0,0.0,0.0,0.0
2019/02/21 14:15,1.1,990.599976,0.9,206,0,0.0,2.68,55.49,992.07,3.9,312.71,0.0,0.0,0.0,0.0
2019/02/21 14:30,1.1,990.599976,0.9,106,0,0.0,2.56,55.43,991.94,3.88,310.75,0.0,0.0,0.0,0.0
2019/02/21 14:45,1.1,990.599976,0.9,93,0,0.0,2.41,55.44,991.84,3.83,308.42,0.0,0.0,0.0,0.0
2019/02/21 15:00,1.1,990.599976,0.9,38,0,0.0,2.32,55.27,991.71,3.73,305.96,0.0,0.0,0.0,0.0
2019/02/21 15:15,1.1,990.599976,0.9,36,0,0.0,2.23,55.08,991.63,3.59,303.44,0.0,0.0,0.0,0.0
2019/02/21 15:30,1.1,990.599976,0.9,72,0,0.0,2.21,54.67,991.64,3.41,300.6,0.0,0.0,0.0,0.0
2019/02/21 15:45,1.1,990.599976,0.9,33,0,0.0,2.21,54.2,991.69,3.22,297.03,0.0,0.0,0.0,0.0
2019/02/21 16:00,1.1,990.599976,0.9,153,0,0.0,2.47,49.17,991.97,1.62,311.41,0.0,0.0,0.0,0.0
2019/02/21 16:15,1.1,990.599976,0.9,2,0,0.0,2.38,49.14,991.81,1.53,305.38,0.0,0.0,0.0,0.0
2019/02/21 16:30,1.1,990.599976,0.9,62,0,0.0,2.3,49.02,991.87,1.53,296.59,0.0,0.0,0.0,0.0
2019/02/21 16:45,1.1,990.599976,0.9,91,0,0.0,2.22,48.82,991.81,1.63,289.03,0.0,0.0,0.0,0.0
2019/02/21 17:00,1.1,990.599976,0.9,104,0,0.0,2.14,48.53,991.68,1.77,280.74,0.0,0.0,0.0,0.0
2019/02/21 17:15,1.1,990.599976,0.9,95,0,0.0,2.02,48.4,991.33,1.96,274.18,0.0,0.0,0.0,0.0
2019/02/21 17:30,1.1,990.599976,0.9,107,0,0.0,1.92,48.16,991.14,2.1,268.46,0.0,0.0,0.0,0.0
2019/02/21 17:45,1.1,990.599976,0.9,99,0,0.0,1.9,47.63,991.14,2.13,267.35,0.0,0.0,0.0,0.0
2019/02/21 18:00,1.1,990.599976,0.9,61,0,0.0,1.88,47.15,991.11,2.14,266.45,0.0,0.0,0.0,0.0
2019/02/21 18:15,1.1,990.599976,0.9,260,0,0.0,1.86,46.64,990.87,2.14,265.45,0.0,0.0,0.0,0.0
2019/02/21 18:30,1.1,990.599976,0.9,118,0,0.0,1.86,46.1,990.78,2.16,264.5,0.0,0.0,0.0,0.0
2019/02/21 18:45,1.1,990.599976,0.9,24,0,0.0,1.85,45.59,990.81,2.17,264.26,0.0,0.0,0.0,0.0
2019/02/21 19:00,1.1,989.5,0.9,29,0,0.0,1.85,45.06,990.69,2.17,264.31,0.0,0.0,0.0,0.0
2019/02/22 08:00,10.8,990.599976,0.8,287,303,96.480003,9.78,24.44,991.75,2.16,79.35,214.08,35.920000000000016,178.16,7.018871000000001
2019/02/22 08:15,10.8,990.599976,1.7,302,247,79.199997,9.77,24.22,991.91,2.12,79.78,189.86,34.890000000000015,154.97,5.1718
2019/02/22 08:30,10.8,990.599976,1.8,263,114,72.0,9.76,24.06,991.94,2.08,79.8,182.82,25.340000000000003,157.48,4.830801999999999
2019/02/22 08:45,10.8,990.599976,1.7,264,92,61.919998,9.68,24.05,991.98,2.07,79.64,154.33,26.450000000000017,127.88,3.679934
2019/02/22 09:00,10.8,990.599976,1.7,269,68,46.080002,9.59,24.2,992.05,2.06,79.18,137.63,26.19999999999999,111.43,0.923536
2019/02/22 09:15,9.7,990.599976,0.7,158,38,28.799999,9.46,24.98,992.1,1.98,78.47,104.2,21.61,82.59,0.56833
2019/02/22 09:30,9.7,990.599976,0.7,135,22,20.16,9.23,27.26,992.14,1.93,77.46,79.97,19.65,60.32,0.426247
2019/02/22 09:45,8.6,990.599976,0.7,138,14,15.84,8.77,28.54,992.17,2.07,77.92,36.52,12.860000000000005,23.66,0.24154
2019/02/22 10:00,8.6,990.599976,0.7,166,0,0.0,8.33,29.78,992.22,2.19,79.68,10.23,5.49,4.74,0.0
2019/02/22 10:15,7.6,990.599976,0.7,138,0,0.0,7.91,31.0,992.3,2.19,82.63,0.0,0.0,0.0,0.0
2019/02/22 10:30,7.6,990.599976,0.7,54,0,0.0,7.57,32.03,992.38,2.1,86.95,0.0,0.0,0.0,0.0
2019/02/22 10:45,6.5,990.599976,0.7,134,0,0.0,7.3,32.82,992.54,1.93,93.14,0.0,0.0,0.0,0.0
2019/02/22 11:00,6.5,991.700012,0.7,45,0,0.0,7.1,33.35,992.75,1.71,100.59,0.0,0.0,0.0,0.0
2019/02/22 11:15,5.4,991.700012,0.7,101,0,0.0,6.9,33.85,992.98,1.45,109.77,0.0,0.0,0.0,0.0
2019/02/22 11:30,5.4,991.700012,0.7,30,0,0.0,6.74,34.26,993.23,1.18,123.64,0.0,0.0,0.0,0.0
2019/02/22 11:45,5.4,991.700012,0.7,131,0,0.0,6.55,34.73,993.48,0.97,146.27,0.0,0.0,0.0,0.0
2019/02/22 12:00,5.4,991.700012,0.7,21,0,0.0,6.37,35.14,993.71,0.92,180.22,0.0,0.0,0.0,0.0
2019/02/22 12:15,5.4,991.700012,0.7,325,0,0.0,6.18,35.55,993.96,1.1,212.95,0.0,0.0,0.0,0.0
2019/02/22 12:30,4.3,992.799988,0.7,89,0,0.0,5.94,36.15,994.21,1.46,233.5,0.0,0.0,0.0,0.0
2019/02/22 12:45,5.4,992.799988,0.7,107,0,0.0,5.65,36.84,994.43,1.87,245.93,0.0,0.0,0.0,0.0
2019/02/22 13:00,4.3,992.799988,0.7,78,0,0.0,5.34,37.61,994.61,2.22,254.03,0.0,0.0,0.0,0.0
2019/02/22 13:15,4.3,992.799988,0.7,143,0,0.0,5.08,38.16,994.75,2.47,260.02,0.0,0.0,0.0,0.0
2019/02/22 13:30,3.3,992.799988,0.7,118,0,0.0,4.87,38.55,994.83,2.61,264.36,0.0,0.0,0.0,0.0
2019/02/22 13:45,3.3,992.799988,0.7,224,0,0.0,4.7,38.81,994.76,2.67,266.92,0.0,0.0,0.0,0.0
2019/02/22 14:00,3.3,992.799988,0.7,52,0,0.0,4.56,38.99,994.69,2.69,268.78,0.0,0.0,0.0,0.0
2019/02/22 14:15,3.3,992.799988,0.7,131,0,0.0,4.43,39.08,994.68,2.68,270.78,0.0,0.0,0.0,0.0
2019/02/22 14:30,3.3,992.799988,0.7,42,0,0.0,4.32,39.14,994.75,2.68,273.01,0.0,0.0,0.0,0.0
2019/02/22 14:45,3.3,992.799988,0.7,116,0,0.0,4.2,39.23,994.8,2.69,275.64,0.0,0.0,0.0,0.0
2019/02/22 15:00,3.3,992.799988,0.7,110,0,0.0,4.06,39.37,994.81,2.72,278.46,0.0,0.0,0.0,0.0
2019/02/22 15:15,2.2,992.799988,0.7,102,0,0.0,3.91,39.54,994.87,2.79,281.48,0.0,0.0,0.0,0.0
2019/02/22 15:30,2.2,992.799988,0.7,132,0,0.0,3.75,39.75,994.96,2.88,284.58,0.0,0.0,0.0,0.0
2019/02/22 15:45,1.1,993.900024,0.7,145,0,0.0,3.59,39.97,995.08,2.99,287.25,0.0,0.0,0.0,0.0
2019/02/22 16:00,1.1,993.900024,0.7,21,0,0.0,3.4,40.26,994.92,2.74,296.54,0.0,0.0,0.0,0.0
2019/02/22 16:15,1.1,993.900024,0.5,119,0,0.0,3.3,40.38,995.05,2.69,291.47,0.0,0.0,0.0,0.0
2019/02/22 16:30,1.1,993.900024,0.5,135,0,0.0,3.2,40.51,995.12,2.66,286.38,0.0,0.0,0.0,0.0
2019/02/22 16:45,1.1,993.900024,0.5,19,0,0.0,3.07,40.73,994.95,2.67,278.45,0.0,0.0,0.0,0.0
2019/02/22 17:00,0.1,993.900024,0.5,132,0,0.0,2.95,40.92,994.82,2.71,273.35,0.0,0.0,0.0,0.0
2019/02/22 17:15,0.1,993.900024,0.5,115,0,0.0,2.86,41.03,994.71,2.7,272.27,0.0,0.0,0.0,0.0
2019/02/22 17:30,1.1,993.900024,0.4,47,0,0.0,2.83,40.95,994.72,2.61,272.42,0.0,0.0,0.0,0.0
2019/02/22 17:45,1.1,993.900024,1.3,125,0,0.0,2.83,40.79,994.63,2.47,271.89,0.0,0.0,0.0,0.0
2019/02/22 18:00,1.1,993.900024,0.3,75,0,0.0,2.87,40.52,994.89,2.35,270.83,0.0,0.0,0.0,0.0
2019/02/22 18:15,1.1,993.900024,0.3,118,0,0.0,2.9,40.27,995.01,2.26,271.46,0.0,0.0,0.0,0.0
2019/02/22 18:30,0.1,993.900024,0.0,349,0,0.0,2.93,40.02,994.95,2.19,270.83,0.0,0.0,0.0,0.0
2019/02/22 18:45,0.1,993.900024,1.3,56,0,0.0,2.97,39.75,995.04,2.12,269.86,0.0,0.0,0.0,0.0
2019/02/22 19:00,1.1,993.900024,0.0,76,0,0.0,2.99,39.54,995.02,2.04,267.11,0.0,0.0,0.0,0.0
2019/02/23 08:00,11.9,989.5,1.9,190,256,104.400002,11.52,25.92,990.81,5.23,134.78,363.77,41.589999999999975,322.18,5.612255
2019/02/23 08:15,11.9,988.400024,1.5,313,220,92.879997,11.5,26.16,990.88,5.43,135.12,312.24,39.160000000000025,273.08,4.702928
2019/02/23 08:30,11.9,988.400024,0.8,290,115,81.360001,11.45,26.47,990.82,5.59,135.42,276.64,37.28999999999999,239.35,3.822017
2019/02/23 08:45,10.8,988.400024,1.0,259,91,66.959999,11.32,26.83,990.73,5.66,136.45,221.83,34.0,187.83,2.855856
2019/02/23 09:00,10.8,988.400024,1.9,230,65,51.119999,11.21,27.16,990.66,5.59,137.83,184.69,31.389999999999983,153.3,1.889696
2019/02/23 09:15,10.8,988.400024,3.0,236,47,38.16,11.01,27.77,990.58,5.34,138.25,128.95,26.609999999999985,102.34,1.2077
2019/02/23 09:30,10.8,988.400024,1.5,182,29,25.200001,10.71,28.86,990.48,4.91,137.12,92.48,22.56,69.92,0.326789
2019/02/23 09:45,10.8,988.400024,1.5,176,13,13.68,10.12,30.75,990.38,4.38,135.25,41.17,14.290000000000004,26.88,0.0
2019/02/23 10:00,9.7,988.400024,0.7,154,0,0.0,9.41,32.83,990.29,3.88,133.66,12.48,6.44,6.04,0.0
2019/02/23 10:15,9.7,988.400024,0.7,194,0,0.0,8.77,34.55,990.2,3.5,131.93,0.0,0.0,0.0,0.0
2019/02/23 10:30,9.7,988.400024,1.3,152,0,0.0,8.3,35.83,990.15,3.24,131.02,0.0,0.0,0.0,0.0
2019/02/23 10:45,7.6,988.400024,0.0,13,0,0.0,7.93,36.86,990.18,3.0,130.88,0.0,0.0,0.0,0.0
2019/02/23 11:00,7.6,988.400024,0.0,12,0,0.0,7.64,37.57,990.24,2.72,130.94,0.0,0.0,0.0,0.0
2019/02/23 11:15,7.6,988.400024,0.0,4,0,0.0,7.43,37.97,990.32,2.38,131.38,0.0,0.0,0.0,0.0
2019/02/23 11:30,7.6,988.400024,0.0,58,0,0.0,7.3,38.13,990.48,2.01,130.47,0.0,0.0,0.0,0.0
2019/02/23 11:45,6.5,988.400024,0.0,124,0,0.0,7.16,38.31,990.58,1.64,127.32,0.0,0.0,0.0,0.0
2019/02/23 12:00,6.5,989.5,0.0,134,0,0.0,7.03,38.48,990.7,1.25,118.65,0.0,0.0,0.0,0.0
2019/02/23 12:15,6.5,989.5,0.0,103,0,0.0,6.9,38.77,990.83,0.9,93.5,0.0,0.0,0.0,0.0
2019/02/23 12:30,6.5,989.5,0.0,116,0,0.0,6.65,39.71,990.96,0.93,22.41,0.0,0.0,0.0,0.0
2019/02/23 12:45,6.5,989.5,0.0,143,0,0.0,6.27,41.38,991.11,1.55,337.7,0.0,0.0,0.0,0.0
2019/02/23 13:00,6.5,989.5,0.0,128,0,0.0,5.96,42.88,991.26,2.41,325.0,0.0,0.0,0.0,0.0
2019/02/23 13:15,5.4,989.5,0.0,165,0,0.0,5.51,44.92,991.37,3.16,319.11,0.0,0.0,0.0,0.0
2019/02/23 13:30,5.4,989.5,0.0,78,0,0.0,5.11,46.73,991.42,3.67,315.69,0.0,0.0,0.0,0.0
2019/02/23 13:45,5.4,989.5,0.0,239,0,0.0,4.8,48.08,991.28,3.95,312.33,0.0,0.0,0.0,0.0
2019/02/23 14:00,5.4,989.5,0.0,101,0,0.0,4.54,49.07,991.12,4.07,308.41,0.0,0.0,0.0,0.0
2019/02/23 14:15,5.4,989.5,0.0,129,0,0.0,4.34,49.7,991.03,4.11,303.9,0.0,0.0,0.0,0.0
2019/02/23 14:30,4.3,989.5,0.0,91,0,0.0,4.19,49.92,991.0,4.1,300.25,0.0,0.0,0.0,0.0
2019/02/23 14:45,4.3,989.5,0.0,118,0,0.0,4.1,49.88,990.95,4.03,297.89,0.0,0.0,0.0,0.0
2019/02/23 15:00,4.3,989.5,0.0,48,0,0.0,4.02,49.78,990.9,3.91,294.98,0.0,0.0,0.0,0.0
2019/02/23 15:15,4.3,989.5,0.0,78,0,0.0,3.93,49.69,990.87,3.75,289.82,0.0,0.0,0.0,0.0
2019/02/23 15:30,4.3,989.5,0.5,53,0,0.0,3.86,49.57,990.87,3.64,282.67,0.0,0.0,0.0,0.0
2019/02/23 15:45,4.3,989.5,0.3,5,0,0.0,3.79,49.36,990.9,3.6,274.54,0.0,0.0,0.0,0.0
2019/02/23 16:00,4.3,989.5,1.4,77,0,0.0,4.51,39.43,989.86,2.73,278.26,0.0,0.0,0.0,0.0
2019/02/23 16:15,4.3,989.5,1.1,54,0,0.0,4.4,38.9,989.77,2.87,279.46,0.0,0.0,0.0,0.0
2019/02/23 16:30,4.3,989.5,0.0,70,0,0.0,4.33,38.18,989.9,2.98,280.2,0.0,0.0,0.0,0.0
2019/02/23 16:45,3.3,989.5,0.0,98,0,0.0,4.21,37.67,989.94,3.16,271.83,0.0,0.0,0.0,0.0
2019/02/23 17:00,4.3,989.5,1.1,129,0,0.0,4.06,37.34,989.87,3.39,263.65,0.0,0.0,0.0,0.0
2019/02/23 17:15,4.3,988.400024,1.3,97,0,0.0,3.89,37.28,989.95,3.58,259.92,0.0,0.0,0.0,0.0
2019/02/23 17:30,4.3,988.400024,0.0,92,0,0.0,3.68,37.52,989.74,3.66,260.38,0.0,0.0,0.0,0.0
2019/02/23 17:45,4.3,988.400024,1.1,25,0,0.0,3.47,38.01,989.34,3.6,263.66,0.0,0.0,0.0,0.0
2019/02/23 18:00,4.3,988.400024,1.3,117,0,0.0,3.28,38.73,989.38,3.49,265.52,0.0,0.0,0.0,0.0
2019/02/23 18:15,3.3,988.400024,0.3,88,0,0.0,3.04,39.86,989.28,3.38,264.05,0.0,0.0,0.0,0.0
2019/02/23 18:30,3.3,988.400024,1.5,39,0,0.0,2.81,41.08,988.99,3.26,264.05,0.0,0.0,0.0,0.0
2019/02/23 18:45,3.3,988.400024,0.0,75,0,0.0,2.65,42.02,988.78,3.17,266.11,0.0,0.0,0.0,0.0
2019/02/23 19:00,3.3,988.400024,0.0,131,0,0.0,2.57,42.56,988.87,3.16,267.19,0.0,0.0,0.0,0.0
2019/02/24 08:00,9.7,986.200012,1.7,220,110,93.600014,11.67,25.9,988.2,3.84,57.68,363.0,41.47000000000003,321.53,2.600108
2019/02/24 08:15,9.7,986.200012,0.3,136,94,82.08000200000001,11.66,25.98,988.29,3.87,60.8,308.72,38.660000000000025,270.06,2.244902
2019/02/24 08:30,9.7,986.200012,0.0,211,88,77.760002,11.63,26.09,988.3,3.87,63.06,265.3,35.75,229.55,2.117028
2019/02/24 08:45,9.7,986.200012,0.0,149,82,72.0,11.55,26.29,988.29,3.81,64.62,203.62,34.97,168.65,1.974945
2019/02/24 09:00,9.7,986.200012,0.4,254,60,53.279999,11.44,26.54,988.28,3.71,65.67,160.77,32.980000000000004,127.79,1.392408
2019/02/24 09:15,9.7,986.200012,0.0,222,48,44.639999,11.28,27.0,988.27,3.47,66.58,107.15,27.77000000000001,79.38,1.122451
2019/02/24 09:30,9.7,986.200012,0.0,179,34,31.68,11.1,28.2,988.25,3.0,66.75,77.12,22.630000000000003,54.49,0.753037
2019/02/24 09:45,9.7,986.200012,0.0,68,20,20.16,10.63,30.19,988.23,2.55,65.41,32.03,14.560000000000002,17.47,0.440455
2019/02/24 10:00,9.7,986.200012,0.0,132,0,7.2,10.25,31.12,988.22,2.31,63.46,10.66,6.87,3.79,0.0
2019/02/24 10:15,8.6,986.200012,0.0,168,0,0.0,9.94,31.76,988.25,2.09,60.45,0.0,0.0,0.0,0.0
2019/02/24 10:30,7.6,987.299988,0.0,42,0,0.0,9.76,32.17,988.32,1.79,55.63,0.0,0.0,0.0,0.0
2019/02/24 10:45,7.6,987.299988,0.0,347,0,0.0,9.59,32.49,988.5,1.54,47.43,0.0,0.0,0.0,0.0
2019/02/24 11:00,7.6,987.299988,0.0,131,0,0.0,9.45,32.85,988.74,1.4,34.56,0.0,0.0,0.0,0.0
2019/02/24 11:15,7.6,987.299988,0.0,351,0,0.0,9.27,33.38,989.01,1.43,19.72,0.0,0.0,0.0,0.0
2019/02/24 11:30,6.5,987.299988,0.0,98,0,0.0,9.04,34.1,989.31,1.59,8.55,0.0,0.0,0.0,0.0
2019/02/24 11:45,6.5,987.299988,0.0,86,0,0.0,8.79,34.9,989.58,1.84,2.62,0.0,0.0,0.0,0.0
2019/02/24 12:00,6.5,988.400024,0.0,21,0,0.0,8.5,35.8,989.79,2.13,1.13,0.0,0.0,0.0,0.0
2019/02/24 12:15,6.5,988.400024,0.0,134,0,0.0,8.17,36.89,990.02,2.46,2.3,0.0,0.0,0.0,0.0
2019/02/24 12:30,6.5,988.400024,0.0,20,0,0.0,7.77,38.15,990.26,2.79,3.1,0.0,0.0,0.0,0.0
2019/02/24 12:45,6.5,988.400024,0.0,35,0,0.0,7.39,39.34,990.52,3.09,3.37,0.0,0.0,0.0,0.0
2019/02/24 13:00,6.5,988.400024,0.0,14,0,0.0,6.99,40.48,990.76,3.28,3.55,0.0,0.0,0.0,0.0
2019/02/24 13:15,6.5,988.400024,0.0,154,0,0.0,6.67,41.36,990.95,3.35,1.41,0.0,0.0,0.0,0.0
2019/02/24 13:30,6.5,988.400024,0.0,319,0,0.0,6.32,42.23,991.11,3.39,358.53,0.0,0.0,0.0,0.0
2019/02/24 13:45,6.5,988.400024,0.0,14,0,0.0,5.98,42.95,991.09,3.43,354.97,0.0,0.0,0.0,0.0
2019/02/24 14:00,6.5,988.400024,0.0,126,0,0.0,5.73,43.3,991.04,3.43,350.96,0.0,0.0,0.0,0.0
2019/02/24 14:15,6.5,988.400024,0.0,137,0,0.0,5.55,43.32,991.09,3.42,346.83,0.0,0.0,0.0,0.0
2019/02/24 14:30,5.4,988.400024,0.0,75,0,0.0,5.37,43.11,991.2,3.44,344.24,0.0,0.0,0.0,0.0
2019/02/24 14:45,4.3,989.5,0.0,129,0,0.0,5.18,42.83,991.34,3.46,343.07,0.0,0.0,0.0,0.0
2019/02/24 15:00,4.3,989.5,0.0,52,0,0.0,5.01,42.56,991.5,3.48,342.19,0.0,0.0,0.0,0.0
2019/02/24 15:15,4.3,989.5,0.0,90,0,0.0,4.84,42.31,991.71,3.5,340.38,0.0,0.0,0.0,0.0
2019/02/24 15:30,4.3,989.5,0.0,53,0,0.0,4.65,42.12,991.95,3.54,337.09,0.0,0.0,0.0,0.0
2019/02/24 15:45,4.3,989.5,0.0,50,0,0.0,4.5,41.8,992.24,3.59,332.01,0.0,0.0,0.0,0.0
2019/02/24 16:00,4.3,989.5,0.0,124,0,0.0,5.15,43.15,990.92,3.01,318.53,0.0,0.0,0.0,0.0
2019/02/24 16:15,4.3,989.5,0.0,21,0,0.0,5.04,43.25,990.94,3.07,319.58,0.0,0.0,0.0,0.0
2019/02/24 16:30,4.3,989.5,0.0,83,0,0.0,4.9,43.41,991.26,3.15,319.3,0.0,0.0,0.0,0.0
2019/02/24 16:45,3.3,989.5,0.0,68,0,0.0,4.74,43.61,990.87,3.2,318.63,0.0,0.0,0.0,0.0
2019/02/24 17:00,3.3,989.5,0.0,131,0,0.0,4.64,43.66,990.95,3.22,318.52,0.0,0.0,0.0,0.0
2019/02/24 17:15,3.3,989.5,0.0,141,0,0.0,4.48,43.82,990.8,3.27,316.62,0.0,0.0,0.0,0.0
2019/02/24 17:30,3.3,989.5,0.0,112,0,0.0,4.33,43.95,990.65,3.34,313.32,0.0,0.0,0.0,0.0
2019/02/24 17:45,3.3,989.5,0.0,63,0,0.0,4.24,43.95,990.93,3.41,309.28,0.0,0.0,0.0,0.0
2019/02/24 18:00,3.3,989.5,0.0,128,0,0.0,4.12,44.0,991.03,3.49,307.38,0.0,0.0,0.0,0.0
2019/02/24 18:15,2.2,989.5,0.0,47,0,0.0,3.98,44.11,991.02,3.52,306.05,0.0,0.0,0.0,0.0
2019/02/24 18:30,2.2,989.5,0.0,103,0,0.0,3.86,44.18,991.09,3.48,304.79,0.0,0.0,0.0,0.0
2019/02/24 18:45,2.2,989.5,0.0,177,0,0.0,3.79,44.15,991.18,3.39,305.5,0.0,0.0,0.0,0.0
2019/02/24 19:00,2.2,989.5,0.0,118,0,0.0,3.71,44.17,991.26,3.31,308.74,0.0,0.0,0.0,0.0
2019/02/25 08:00,9.7,989.5,1.8,236,211,123.839996,9.45,27.11,991.05,3.93,80.69,342.68,49.73000000000002,292.95,4.461388
2019/02/25 08:15,9.7,989.5,1.4,209,150,99.360001,9.45,26.97,991.05,4.05,83.18,291.33,43.50999999999999,247.82,3.324728
2019/02/25 08:30,9.7,989.5,0.7,189,99,76.32,9.44,26.82,990.98,4.11,85.95,260.32,35.73999999999998,224.58,2.372776
2019/02/25 08:45,9.7,989.5,0.4,241,61,48.959999,9.37,26.81,990.9,4.08,88.51,211.29,33.22999999999999,178.06,1.420824
2019/02/25 09:00,8.6,989.5,2.8,278,49,43.200001,9.31,26.83,990.86,3.97,90.37,171.53,34.08000000000001,137.45,1.136659
2019/02/25 09:15,8.6,989.5,1.3,189,37,34.560001,9.18,27.04,990.81,3.8,91.39,121.61,28.849999999999994,92.76,0.0
2019/02/25 09:30,8.6,989.5,0.8,287,23,21.6,9.06,27.36,990.76,3.43,91.25,91.51,22.08,69.43,0.0
2019/02/25 09:45,7.6,989.5,0.7,299,13,14.4,8.72,29.1,990.72,2.87,89.48,42.31,15.840000000000003,26.47,0.0
2019/02/25 10:00,7.6,989.5,0.7,197,0,0.0,8.32,30.4,990.72,2.43,86.68,15.66,7.540000000000001,8.12,0.0
2019/02/25 10:15,7.6,989.5,0.6,195,0,0.0,8.04,30.95,990.76,2.1,83.57,0.0,0.0,0.0,0.0
2019/02/25 10:30,7.6,989.5,0.6,131,0,0.0,7.88,31.22,990.79,1.75,79.42,0.0,0.0,0.0,0.0
2019/02/25 10:45,7.6,989.5,0.6,89,0,0.0,7.78,31.34,990.91,1.42,74.4,0.0,0.0,0.0,0.0
2019/02/25 11:00,6.5,989.5,0.6,118,0,0.0,7.66,31.54,991.09,1.08,67.27,0.0,0.0,0.0,0.0
2019/02/25 11:15,6.5,989.5,0.6,67,0,0.0,7.52,31.88,991.32,0.79,52.84,0.0,0.0,0.0,0.0
2019/02/25 11:30,5.4,989.5,0.6,107,0,0.0,7.4,32.16,991.55,0.67,23.57,0.0,0.0,0.0,0.0
2019/02/25 11:45,5.4,989.5,0.6,113,0,0.0,7.29,32.41,991.7,0.75,355.75,0.0,0.0,0.0,0.0
2019/02/25 12:00,5.4,990.599976,0.6,38,0,0.0,7.17,32.77,991.81,0.95,339.61,0.0,0.0,0.0,0.0
2019/02/25 12:15,5.4,990.599976,0.6,9,0,0.0,7.02,33.23,991.95,1.21,328.09,0.0,0.0,0.0,0.0
2019/02/25 12:30,5.4,990.599976,0.6,70,0,0.0,6.84,33.79,992.1,1.49,319.21,0.0,0.0,0.0,0.0
2019/02/25 12:45,5.4,990.599976,0.6,121,0,0.0,6.61,34.53,992.26,1.78,313.01,0.0,0.0,0.0,0.0
2019/02/25 13:00,4.3,990.599976,0.6,115,0,0.0,6.34,35.34,992.4,2.04,308.92,0.0,0.0,0.0,0.0
2019/02/25 13:15,4.3,990.599976,0.6,1,0,0.0,6.09,36.08,992.52,2.29,306.57,0.0,0.0,0.0,0.0
2019/02/25 13:30,4.3,990.599976,0.6,28,0,0.0,5.81,36.77,992.61,2.52,304.36,0.0,0.0,0.0,0.0
2019/02/25 13:45,4.3,990.599976,0.6,7,0,0.0,5.54,37.44,992.56,2.73,301.28,0.0,0.0,0.0,0.0
2019/02/25 14:00,4.3,990.599976,0.6,100,0,0.0,5.28,37.99,992.52,2.89,300.75,0.0,0.0,0.0,0.0
2019/02/25 14:15,4.3,990.599976,0.6,122,0,0.0,5.09,38.34,992.58,3.0,302.99,0.0,0.0,0.0,0.0
2019/02/25 14:30,4.3,990.599976,0.6,23,0,0.0,4.89,38.69,992.66,3.06,305.14,0.0,0.0,0.0,0.0
2019/02/25 14:45,4.3,990.599976,0.6,39,0,0.0,4.73,38.99,992.77,3.13,305.16,0.0,0.0,0.0,0.0
2019/02/25 15:00,4.3,990.599976,0.6,137,0,0.0,4.56,39.34,992.88,3.22,304.24,0.0,0.0,0.0,0.0
2019/02/25 15:15,3.3,991.700012,0.6,156,0,0.0,4.44,39.57,992.98,3.32,304.53,0.0,0.0,0.0,0.0
2019/02/25 15:30,3.3,991.700012,0.6,112,0,0.0,4.27,39.89,993.1,3.39,306.69,0.0,0.0,0.0,0.0
2019/02/25 15:45,3.3,991.700012,0.6,128,0,0.0,4.14,40.2,993.24,3.45,309.76,0.0,0.0,0.0,0.0
2019/02/25 16:00,3.3,991.700012,0.6,354,0,0.0,4.43,39.15,992.21,1.87,310.08,0.0,0.0,0.0,0.0
2019/02/25 16:15,3.3,991.700012,0.6,149,0,0.0,4.36,39.32,992.14,1.74,313.97,0.0,0.0,0.0,0.0
2019/02/25 16:30,3.3,991.700012,0.6,14,0,0.0,4.25,39.68,992.06,1.68,314.48,0.0,0.0,0.0,0.0
2019/02/25 16:45,3.3,991.700012,0.6,23,0,0.0,4.17,39.93,992.02,1.65,309.92,0.0,0.0,0.0,0.0
2019/02/25 17:00,3.3,991.700012,0.6,73,0,0.0,4.11,40.03,992.03,1.63,303.73,0.0,0.0,0.0,0.0
2019/02/25 17:15,3.3,991.700012,0.6,91,0,0.0,4.01,40.24,992.05,1.65,305.68,0.0,0.0,0.0,0.0
2019/02/25 17:30,3.3,991.700012,0.6,124,0,0.0,3.95,40.32,992.12,1.65,305.75,0.0,0.0,0.0,0.0
2019/02/25 17:45,3.3,991.700012,0.6,165,0,0.0,3.89,40.44,992.1,1.65,309.18,0.0,0.0,0.0,0.0
2019/02/25 18:00,3.3,991.700012,0.6,110,0,0.0,3.81,40.66,992.31,1.74,312.19,0.0,0.0,0.0,0.0
2019/02/25 18:15,3.3,991.700012,0.6,95,0,0.0,3.68,41.04,992.2,1.87,313.82,0.0,0.0,0.0,0.0
2019/02/25 18:30,3.3,991.700012,0.6,101,0,0.0,3.57,41.44,992.19,2.01,314.46,0.0,0.0,0.0,0.0
2019/02/25 18:45,3.3,990.599976,0.6,139,0,0.0,3.43,41.87,992.46,2.16,314.62,0.0,0.0,0.0,0.0
2019/02/25 19:00,3.3,990.599976,0.6,199,0,0.0,3.27,42.37,992.48,2.28,313.51,0.0,0.0,0.0,0.0
2019/02/26 08:00,7.6,989.5,1.0,143,111,87.120003,10.49,25.35,989.89,4.9,113.72,144.28,26.370000000000005,117.91,2.472234
2019/02/26 08:15,7.6,989.5,0.4,151,105,82.800003,10.5,25.27,989.92,4.91,115.96,121.08,21.340000000000003,99.74,2.244902
2019/02/26 08:30,7.6,989.5,1.3,68,81,68.400002,10.53,25.15,989.89,4.9,117.99,110.11,24.69,85.42,1.77603
2019/02/26 08:45,7.6,989.5,1.7,182,75,66.959999,10.48,25.16,989.9,4.88,120.09,87.57,28.41,59.16,1.704989
2019/02/26 09:00,7.6,989.5,1.0,193,59,52.560001,10.43,25.21,989.92,4.81,121.88,74.26,20.000000000000007,54.26,0.0
2019/02/26 09:15,7.6,989.5,0.7,235,45,41.040001,10.31,25.5,989.91,4.67,123.38,52.38,17.260000000000005,35.12,0.0
2019/02/26 09:30,7.6,989.5,0.8,280,25,25.200001,10.15,26.08,989.87,4.31,124.61,37.02,16.680000000000003,20.34,0.0
2019/02/26 09:45,7.6,989.5,1.6,217,15,15.12,9.78,27.59,989.81,3.65,125.49,18.05,8.540000000000001,9.51,0.0
2019/02/26 10:00,7.6,989.5,1.0,169,0,0.0,9.27,29.55,989.76,3.07,123.77,7.02,4.14,2.88,0.0
2019/02/26 10:15,6.5,989.5,1.0,180,0,0.0,8.85,30.6,989.73,2.82,121.66,0.0,0.0,0.0,0.0
2019/02/26 10:30,6.5,989.5,1.0,152,0,0.0,8.56,31.47,989.72,2.64,120.7,0.0,0.0,0.0,0.0
2019/02/26 10:45,6.5,989.5,1.0,134,0,0.0,8.3,32.25,989.78,2.41,121.62,0.0,0.0,0.0,0.0
2019/02/26 11:00,6.5,989.5,1.0,114,0,0.0,8.1,32.9,989.85,2.17,123.84,0.0,0.0,0.0,0.0
2019/02/26 11:15,6.5,989.5,1.0,137,0,0.0,7.94,33.41,989.98,1.92,125.75,0.0,0.0,0.0,0.0
2019/02/26 11:30,5.4,989.5,1.0,119,0,0.0,7.83,33.79,990.15,1.67,125.03,0.0,0.0,0.0,0.0
2019/02/26 11:45,5.4,989.5,1.0,119,0,0.0,7.69,34.25,990.29,1.44,119.41,0.0,0.0,0.0,0.0
2019/02/26 12:00,5.4,989.5,1.0,89,0,0.0,7.57,34.67,990.41,1.23,108.83,0.0,0.0,0.0,0.0
2019/02/26 12:15,5.4,989.5,1.0,125,0,0.0,7.43,35.12,990.55,1.04,93.1,0.0,0.0,0.0,0.0
2019/02/26 12:30,5.4,989.5,1.0,107,0,0.0,7.24,35.81,990.72,0.94,68.59,0.0,0.0,0.0,0.0
2019/02/26 12:45,5.4,989.5,1.0,27,0,0.0,7.0,36.65,990.9,1.01,39.2,0.0,0.0,0.0,0.0
2019/02/26 13:00,5.4,989.5,1.0,115,0,0.0,6.72,37.62,991.05,1.21,17.03,0.0,0.0,0.0,0.0
2019/02/26 13:15,5.4,989.5,1.0,24,0,0.0,6.41,38.63,991.17,1.46,0.99,0.0,0.0,0.0,0.0
2019/02/26 13:30,5.4,989.5,1.0,121,0,0.0,6.11,39.54,991.25,1.73,351.61,0.0,0.0,0.0,0.0
2019/02/26 13:45,5.4,990.599976,1.0,123,0,0.0,5.81,40.33,991.14,1.96,347.84,0.0,0.0,0.0,0.0
2019/02/26 14:00,5.4,990.599976,1.0,102,0,0.0,5.56,40.94,990.98,2.14,349.07,0.0,0.0,0.0,0.0
2019/02/26 14:15,5.4,990.599976,1.0,109,0,0.0,5.31,41.5,990.85,2.25,352.03,0.0,0.0,0.0,0.0
2019/02/26 14:30,5.4,990.599976,1.0,131,0,0.0,5.05,42.03,990.81,2.3,354.45,0.0,0.0,0.0,0.0
2019/02/26 14:45,5.4,990.599976,1.0,112,0,0.0,4.83,42.56,990.83,2.29,354.24,0.0,0.0,0.0,0.0
2019/02/26 15:00,5.4,990.599976,1.0,126,0,0.0,4.62,43.13,990.88,2.24,350.22,0.0,0.0,0.0,0.0
2019/02/26 15:15,4.3,990.599976,1.0,36,0,0.0,4.43,43.68,990.95,2.23,340.77,0.0,0.0,0.0,0.0
2019/02/26 15:30,4.3,990.599976,1.0,128,0,0.0,4.25,44.33,991.04,2.36,326.81,0.0,0.0,0.0,0.0
2019/02/26 15:45,4.3,990.599976,1.0,18,0,0.0,4.06,45.2,991.15,2.62,314.09,0.0,0.0,0.0,0.0
2019/02/26 16:00,4.3,990.599976,1.0,117,0,0.0,2.8,45.59,991.4,2.48,335.29,0.0,0.0,0.0,0.0
2019/02/26 16:15,4.3,990.599976,1.0,105,0,0.0,2.62,46.03,991.05,2.52,325.5,0.0,0.0,0.0,0.0
2019/02/26 16:30,4.3,990.599976,1.0,100,0,0.0,2.49,46.12,991.25,2.6,317.48,0.0,0.0,0.0,0.0
2019/02/26 16:45,4.3,990.599976,1.0,119,0,0.0,2.34,46.17,991.14,2.65,313.21,0.0,0.0,0.0,0.0
2019/02/26 17:00,3.3,990.599976,1.0,351,0,0.0,2.21,46.15,990.87,2.63,311.27,0.0,0.0,0.0,0.0
2019/02/26 17:15,3.3,990.599976,1.0,128,0,0.0,2.1,46.06,990.69,2.62,310.66,0.0,0.0,0.0,0.0
2019/02/26 17:30,3.3,990.599976,1.0,140,0,0.0,1.99,46.06,990.69,2.68,308.63,0.0,0.0,0.0,0.0
2019/02/26 17:45,3.3,990.599976,1.0,122,0,0.0,1.88,46.08,990.69,2.77,304.99,0.0,0.0,0.0,0.0
2019/02/26 18:00,3.3,989.5,1.0,102,0,0.0,1.8,46.03,990.95,2.8,301.86,0.0,0.0,0.0,0.0
2019/02/26 18:15,2.2,989.5,1.0,161,0,0.0,1.73,45.94,990.9,2.7,297.61,0.0,0.0,0.0,0.0
2019/02/26 18:30,2.2,989.5,1.0,153,0,0.0,1.7,45.78,990.81,2.57,296.84,0.0,0.0,0.0,0.0
2019/02/26 18:45,2.2,989.5,1.0,26,0,0.0,1.64,45.74,990.66,2.51,293.99,0.0,0.0,0.0,0.0
2019/02/26 19:00,2.2,989.5,1.0,73,0,0.0,1.58,45.77,990.71,2.48,287.97,0.0,0.0,0.0,0.0
2019/02/27 08:00,11.9,985.099976,1.5,229,292,95.760002,11.3,29.25,986.92,4.69,113.04,378.45,42.13,336.32,5.981669
2019/02/27 08:15,11.9,985.099976,1.0,196,226,87.120003,11.24,29.46,986.88,4.78,115.82,326.79,39.78000000000003,287.01,4.816594
2019/02/27 08:30,10.8,985.099976,1.2,235,136,75.600014,11.17,29.7,986.77,4.85,119.24,291.0,37.97,253.03,3.679934
2019/02/27 08:45,10.8,985.099976,1.7,284,88,61.200001,11.05,30.06,986.69,4.86,123.03,235.8,34.83000000000001,200.97,2.628525
2019/02/27 09:00,10.8,985.099976,2.2,263,66,48.240002,10.94,30.44,986.66,4.8,127.12,198.36,32.360000000000014,166.0,1.733405
2019/02/27 09:15,10.8,985.099976,0.7,34,50,36.720001,10.78,31.0,986.62,4.66,131.26,142.02,27.85000000000001,114.17,1.179284
2019/02/27 09:30,9.7,985.099976,0.4,253,24,20.879999,10.6,31.71,986.58,4.3,135.4,105.04,24.10000000000001,80.94,0.56833
2019/02/27 09:45,9.7,985.099976,0.7,126,12,13.68,10.23,33.47,986.53,3.65,138.11,52.34,16.560000000000002,35.78,0.355206
2019/02/27 10:00,8.6,985.099976,0.7,164,0,0.0,9.71,35.5,986.49,3.14,139.47,21.54,9.47,12.07,0.0
2019/02/27 10:15,8.6,985.099976,0.7,170,0,0.0,9.22,36.92,986.46,2.99,140.56,0.0,0.0,0.0,0.0
2019/02/27 10:30,8.6,985.099976,0.7,231,0,0.0,8.88,38.05,986.45,2.97,141.73,0.0,0.0,0.0,0.0
2019/02/27 10:45,7.6,985.099976,0.7,108,0,0.0,8.57,39.09,986.57,2.92,142.83,0.0,0.0,0.0,0.0
2019/02/27 11:00,7.6,985.099976,0.7,29,0,0.0,8.28,40.08,986.74,2.84,144.22,0.0,0.0,0.0,0.0
2019/02/27 11:15,7.6,985.099976,0.7,142,0,0.0,8.03,41.04,986.91,2.7,146.02,0.0,0.0,0.0,0.0
2019/02/27 11:30,6.5,985.099976,0.7,127,0,0.0,7.8,41.96,987.08,2.51,149.29,0.0,0.0,0.0,0.0
2019/02/27 11:45,6.5,985.099976,0.7,346,0,0.0,7.59,42.85,987.23,2.27,154.81,0.0,0.0,0.0,0.0
2019/02/27 12:00,6.5,985.099976,0.7,27,0,0.0,7.4,43.66,987.38,1.99,163.99,0.0,0.0,0.0,0.0
2019/02/27 12:15,6.5,986.200012,0.7,139,0,0.0,7.23,44.41,987.54,1.74,179.11,0.0,0.0,0.0,0.0
2019/02/27 12:30,5.4,986.200012,0.7,138,0,0.0,7.05,45.17,987.7,1.63,201.8,0.0,0.0,0.0,0.0
2019/02/27 12:45,5.4,986.200012,0.7,164,0,0.0,6.88,45.95,987.89,1.74,225.86,0.0,0.0,0.0,0.0
2019/02/27 13:00,5.4,986.200012,0.7,83,0,0.0,6.68,46.85,988.06,2.01,243.2,0.0,0.0,0.0,0.0
2019/02/27 13:15,5.4,986.200012,0.7,132,0,0.0,6.48,47.84,988.17,2.31,254.05,0.0,0.0,0.0,0.0
2019/02/27 13:30,5.4,986.200012,0.7,136,0,0.0,6.31,48.72,988.23,2.57,261.24,0.0,0.0,0.0,0.0
2019/02/27 13:45,5.4,986.200012,0.7,138,0,0.0,6.15,49.58,988.12,2.73,265.5,0.0,0.0,0.0,0.0
2019/02/27 14:00,5.4,986.200012,0.7,13,0,0.0,6.01,50.37,987.99,2.78,268.48,0.0,0.0,0.0,0.0
2019/02/27 14:15,5.4,986.200012,0.7,82,0,0.0,5.91,51.04,987.94,2.71,271.24,0.0,0.0,0.0,0.0
2019/02/27 14:30,5.4,986.200012,0.7,326,0,0.0,5.83,51.55,987.95,2.53,274.53,0.0,0.0,0.0,0.0
2019/02/27 14:45,4.3,986.200012,0.7,279,0,0.0,5.77,51.99,987.97,2.32,278.55,0.0,0.0,0.0,0.0
2019/02/27 15:00,4.3,986.200012,0.7,38,0,0.0,5.72,52.34,988.03,2.12,282.91,0.0,0.0,0.0,0.0
2019/02/27 15:15,4.3,986.200012,0.7,22,0,0.0,5.67,52.71,988.13,1.97,285.47,0.0,0.0,0.0,0.0
2019/02/27 15:30,4.3,986.200012,0.7,14,0,0.0,5.61,53.14,988.27,1.87,286.64,0.0,0.0,0.0,0.0
2019/02/27 15:45,4.3,986.200012,0.7,91,0,0.0,5.53,53.62,988.46,1.79,287.05,0.0,0.0,0.0,0.0
2019/02/27 16:00,4.3,986.200012,0.7,69,0,0.0,5.55,51.13,987.94,0.53,307.03,0.0,0.0,0.0,0.0
2019/02/27 16:15,4.3,986.200012,0.7,9,0,0.0,5.42,51.67,987.81,0.91,302.64,0.0,0.0,0.0,0.0
2019/02/27 16:30,4.3,986.200012,0.7,133,0,0.0,5.24,52.33,987.63,1.48,311.4,0.0,0.0,0.0,0.0
2019/02/27 16:45,4.3,986.200012,0.7,45,0,0.0,4.98,53.25,987.65,2.02,316.4,0.0,0.0,0.0,0.0
2019/02/27 17:00,3.3,986.200012,0.7,137,0,0.0,4.73,54.2,987.65,2.41,321.9,0.0,0.0,0.0,0.0
2019/02/27 17:15,3.3,986.200012,0.7,35,0,0.0,4.44,55.19,987.35,2.67,325.24,0.0,0.0,0.0,0.0
2019/02/27 17:30,3.3,986.200012,0.7,150,0,0.0,4.23,55.91,987.45,2.8,328.01,0.0,0.0,0.0,0.0
2019/02/27 17:45,3.3,986.200012,0.7,347,0,0.0,4.03,56.51,987.27,2.81,330.21,0.0,0.0,0.0,0.0
2019/02/27 18:00,3.3,986.200012,0.7,149,0,0.0,3.88,57.02,987.13,2.78,330.13,0.0,0.0,0.0,0.0
2019/02/27 18:15,3.3,986.200012,0.7,125,0,0.0,3.72,57.59,987.12,2.79,323.57,0.0,0.0,0.0,0.0
2019/02/27 18:30,3.3,986.200012,0.7,117,0,0.0,3.58,58.18,987.21,2.9,312.92,0.0,0.0,0.0,0.0
2019/02/27 18:45,3.3,986.200012,0.7,43,0,0.0,3.48,58.65,987.42,3.07,302.23,0.0,0.0,0.0,0.0
2019/02/27 19:00,2.2,986.200012,0.7,44,0,0.0,3.38,59.02,987.38,3.21,295.7,0.0,0.0,0.0,0.0
2019/02/28 08:00,11.9,984.0,2.4,236,221,108.0,13.41,31.29,985.65,4.53,135.25,381.89,42.25,339.64,4.5324290000000005
2019/02/28 08:15,11.9,984.0,1.4,243,177,96.480003,13.45,31.26,985.71,4.72,136.12,329.75,39.89999999999998,289.85,3.807808
2019/02/28 08:30,11.9,984.0,1.5,350,133,82.08000200000001,13.44,31.51,985.67,4.91,136.21,293.7,38.119999999999976,255.58,2.955314
2019/02/28 08:45,11.9,984.0,1.4,227,83,66.959999,13.37,32.08,985.62,5.07,135.4,238.27,35.02000000000001,203.25,2.244902
2019/02/28 09:00,11.9,984.0,1.3,330,63,52.560001,13.28,32.76,985.58,5.15,134.23,200.77,32.57000000000002,168.2,1.562907
2019/02/28 09:15,11.9,984.0,1.3,200,45,38.16,13.11,33.62,985.52,5.11,132.65,144.5,28.129999999999995,116.37,1.05141
2019/02/28 09:30,10.8,984.0,0.0,137,29,26.639999,12.92,34.66,985.47,4.84,130.26,107.58,24.429999999999996,83.15,0.681996
2019/02/28 09:45,10.8,984.0,1.4,185,15,16.559998999999998,12.5,36.46,985.44,4.29,126.61,54.88,17.080000000000005,37.8,0.355206
2019/02/28 10:00,10.8,984.0,1.3,163,0,0.0,11.87,38.97,985.46,3.68,120.6,23.8,10.17,13.63,0.0
2019/02/28 10:15,9.7,984.0,0.8,172,0,0.0,11.24,41.03,985.51,3.35,115.61,0.0,0.0,0.0,0.0
2019/02/28 10:30,9.7,984.0,0.8,172,0,0.0,10.83,42.45,985.58,3.26,112.47,0.0,0.0,0.0,0.0
2019/02/28 10:45,8.6,984.0,0.8,125,0,0.0,10.48,43.65,985.71,3.21,111.26,0.0,0.0,0.0,0.0
2019/02/28 11:00,8.6,984.0,0.8,154,0,0.0,10.18,44.73,985.84,3.11,111.96,0.0,0.0,0.0,0.0
2019/02/28 11:15,7.6,985.099976,0.8,11,0,0.0,9.92,45.68,986.03,2.9,114.8,0.0,0.0,0.0,0.0
2019/02/28 11:30,7.6,985.099976,0.8,47,0,0.0,9.72,46.42,986.26,2.58,119.91,0.0,0.0,0.0,0.0
2019/02/28 11:45,7.6,985.099976,0.8,164,0,0.0,9.58,46.96,986.5,2.16,127.11,0.0,0.0,0.0,0.0
2019/02/28 12:00,7.6,985.099976,0.8,163,0,0.0,9.43,47.53,986.72,1.73,138.18,0.0,0.0,0.0,0.0
2019/02/28 12:15,6.5,985.099976,0.8,114,0,0.0,9.34,47.87,986.96,1.36,158.75,0.0,0.0,0.0,0.0
2019/02/28 12:30,6.5,985.099976,0.8,121,0,0.0,9.25,48.18,987.19,1.2,191.67,0.0,0.0,0.0,0.0
2019/02/28 12:45,6.5,986.200012,0.8,151,0,0.0,9.09,48.8,987.42,1.29,227.32,0.0,0.0,0.0,0.0
2019/02/28 13:00,5.4,986.200012,0.8,9,0,0.0,8.96,49.21,987.65,1.58,251.77,0.0,0.0,0.0,0.0
2019/02/28 13:15,5.4,986.200012,0.8,126,0,0.0,8.82,49.61,987.85,1.86,266.13,0.0,0.0,0.0,0.0
2019/02/28 13:30,5.4,986.200012,0.8,138,0,0.0,8.66,49.99,988.0,2.0,277.4,0.0,0.0,0.0,0.0
2019/02/28 13:45,5.4,986.200012,0.8,135,0,0.0,8.55,50.21,987.95,2.01,289.01,0.0,0.0,0.0,0.0
2019/02/28 14:00,5.4,986.200012,0.8,18,0,0.0,8.43,50.39,987.91,1.99,302.35,0.0,0.0,0.0,0.0
2019/02/28 14:15,5.4,986.200012,0.8,25,0,0.0,8.26,50.82,987.93,2.02,315.54,0.0,0.0,0.0,0.0
2019/02/28 14:30,5.4,986.200012,0.8,141,0,0.0,8.01,51.59,987.96,2.14,324.86,0.0,0.0,0.0,0.0
2019/02/28 14:45,5.4,986.200012,0.8,128,0,0.0,7.68,52.71,987.98,2.32,331.03,0.0,0.0,0.0,0.0
2019/02/28 15:00,5.4,986.200012,0.8,24,0,0.0,7.28,54.19,988.02,2.49,332.68,0.0,0.0,0.0,0.0
2019/02/28 15:15,5.4,986.200012,0.8,202,0,0.0,6.91,55.57,988.1,2.65,329.05,0.0,0.0,0.0,0.0
2019/02/28 15:30,4.3,986.200012,0.8,126,0,0.0,6.6,56.76,988.2,2.8,322.3,0.0,0.0,0.0,0.0
2019/02/28 15:45,4.3,986.200012,0.8,114,0,0.0,6.36,57.62,988.31,2.93,315.61,0.0,0.0,0.0,0.0
2019/02/28 16:00,4.3,986.200012,0.8,21,0,0.0,7.03,61.94,988.41,1.64,317.68,0.0,0.0,0.0,0.0
2019/02/28 16:15,4.3,986.200012,0.8,21,0,0.0,6.82,62.6,988.01,1.67,311.49,0.0,0.0,0.0,0.0
2019/02/28 16:30,4.3,986.200012,0.8,21,0,0.0,6.65,63.15,988.03,1.71,310.17,0.0,0.0,0.0,0.0
2019/02/28 16:45,4.3,986.200012,0.8,21,0,0.0,6.51,63.54,988.39,1.74,305.03,0.0,0.0,0.0,0.0
2019/02/28 17:00,4.3,986.200012,0.8,72,0,0.0,6.35,63.94,988.41,1.78,303.62,0.0,0.0,0.0,0.0
2019/02/28 17:15,4.3,987.299988,0.8,13,0,0.0,6.19,64.38,988.44,1.82,305.17,0.0,0.0,0.0,0.0
2019/02/28 17:30,4.3,987.299988,0.8,131,0,0.0,6.05,64.68,988.51,1.83,301.95,0.0,0.0,0.0,0.0
2019/02/28 17:45,4.3,987.299988,0.8,145,0,0.0,5.93,64.87,988.61,1.82,297.72,0.0,0.0,0.0,0.0
2019/02/28 18:00,3.3,987.299988,0.8,60,0,0.0,5.81,65.06,988.66,1.86,296.25,0.0,0.0,0.0,0.0
2019/02/28 18:15,3.3,987.299988,0.8,112,0,0.0,5.67,65.32,988.65,1.96,294.86,0.0,0.0,0.0,0.0
2019/02/28 18:30,2.2,987.299988,0.8,67,0,0.0,5.51,65.59,988.7,2.1,292.25,0.0,0.0,0.0,0.0
2019/02/28 18:45,2.2,987.299988,0.8,85,0,0.0,5.38,65.78,988.91,2.22,286.0,0.0,0.0,0.0,0.0
2019/02/28 19:00,2.2,987.299988,0.8,65,0,0.0,5.22,66.07,988.99,2.36,277.84,0.0,0.0,0.0,0.0
2019/03/01 08:00,11.9,986.200012,2.4,285,173,102.239998,14.44,32.0,987.8,6.0,136.73,379.89,42.39999999999998,337.49,3.87885
2019/03/01 08:15,11.9,986.200012,2.0,244,135,83.519997,14.44,30.51,987.85,6.42,140.41,329.16,40.08000000000004,289.08,2.997939
2019/03/01 08:30,11.9,986.200012,1.7,227,117,79.199997,14.38,29.39,987.78,6.77,142.66,294.07,38.31999999999999,255.75,2.543275
2019/03/01 08:45,11.9,986.200012,2.4,197,75,60.48,14.21,28.79,987.72,7.01,144.02,239.87,35.28999999999999,204.58,1.790238
2019/03/01 09:00,11.9,986.200012,2.2,266,53,43.200001,14.02,28.66,987.68,7.12,145.04,202.95,32.81999999999999,170.13,1.179284
2019/03/01 09:15,11.9,986.200012,0.0,169,35,31.68,13.75,28.95,987.63,7.03,146.0,147.2,28.439999999999984,118.76,0.8524940000000001
2019/03/01 09:30,11.9,986.200012,1.4,166,21,20.16,13.48,29.4,987.57,6.72,146.95,110.41,24.789999999999992,85.62,0.454664
2019/03/01 09:45,10.8,986.200012,0.0,143,11,12.96,13.04,30.34,987.51,6.22,147.61,57.6,17.590000000000003,40.01,0.24154
2019/03/01 10:00,10.8,986.200012,0.0,25,0,8.64,12.46,31.77,987.47,5.64,148.09,26.17,10.800000000000002,15.37,0.0
2019/03/01 10:15,10.8,986.200012,0.0,136,0,0.0,11.75,33.5,987.46,5.09,148.84,0.0,0.0,0.0,0.0
2019/03/01 10:30,9.7,986.200012,0.0,20,0,0.0,11.2,34.94,987.46,4.64,149.9,0.0,0.0,0.0,0.0
2019/03/01 10:45,9.7,986.200012,0.0,123,0,0.0,10.72,36.28,987.49,4.3,151.57,0.0,0.0,0.0,0.0
2019/03/01 11:00,8.6,986.200012,0.0,9,0,0.0,10.29,37.5,987.49,4.02,153.93,0.0,0.0,0.0,0.0
2019/03/01 11:15,8.6,986.200012,0.0,102,0,0.0,9.92,38.62,987.58,3.8,156.73,0.0,0.0,0.0,0.0
2019/03/01 11:30,8.6,986.200012,0.0,120,0,0.0,9.58,39.62,987.75,3.63,160.16,0.0,0.0,0.0,0.0
2019/03/01 11:45,8.6,986.200012,0.0,12,0,0.0,9.28,40.54,987.92,3.49,164.1,0.0,0.0,0.0,0.0
2019/03/01 12:00,8.6,986.200012,0.0,134,0,0.0,9.0,41.46,988.05,3.36,168.66,0.0,0.0,0.0,0.0
2019/03/01 12:15,8.6,986.200012,0.0,134,0,0.0,8.76,42.36,988.21,3.22,174.1,0.0,0.0,0.0,0.0
2019/03/01 12:30,8.6,986.200012,0.0,134,0,0.0,8.54,43.28,988.37,3.08,180.77,0.0,0.0,0.0,0.0
2019/03/01 12:45,8.6,986.200012,0.0,134,0,0.0,8.33,44.18,988.56,2.91,189.47,0.0,0.0,0.0,0.0
2019/03/01 13:00,8.6,986.200012,0.0,134,0,0.0,8.17,44.93,988.73,2.74,199.77,0.0,0.0,0.0,0.0
2019/03/01 13:15,7.3,987.299988,0.0,121,0,0.0,8.03,45.54,988.86,2.59,210.38,0.0,0.0,0.0,0.0
2019/03/01 13:30,7.3,987.299988,0.0,121,0,0.0,7.92,45.99,988.93,2.51,220.66,0.0,0.0,0.0,0.0
2019/03/01 13:45,7.3,987.299988,0.0,121,0,0.0,7.81,46.39,988.85,2.47,228.17,0.0,0.0,0.0,0.0
2019/03/01 14:00,6.2,987.299988,0.0,130,0,0.0,7.69,46.82,988.73,2.46,232.55,0.0,0.0,0.0,0.0
2019/03/01 14:15,6.2,987.299988,0.0,116,0,0.0,7.58,47.26,988.61,2.43,233.95,0.0,0.0,0.0,0.0
2019/03/01 14:30,6.2,987.299988,1.1,142,0,0.0,7.45,47.75,988.52,2.4,233.79,0.0,0.0,0.0,0.0
2019/03/01 14:45,6.2,987.299988,0.0,31,0,0.0,7.31,48.32,988.46,2.39,233.68,0.0,0.0,0.0,0.0
2019/03/01 15:00,6.2,987.299988,0.0,135,0,0.0,7.14,49.01,988.4,2.39,234.71,0.0,0.0,0.0,0.0
2019/03/01 15:15,6.2,987.299988,0.0,154,0,0.0,6.94,49.8,988.35,2.44,236.94,0.0,0.0,0.0,0.0
2019/03/01 15:30,6.2,987.299988,0.0,22,0,0.0,6.71,50.66,988.34,2.53,239.22,0.0,0.0,0.0,0.0
2019/03/01 15:45,5.1,987.299988,0.0,10,0,0.0,6.46,51.6,988.4,2.66,240.94,0.0,0.0,0.0,0.0
2019/03/01 16:00,5.1,987.299988,0.0,63,0,0.0,6.03,49.94,987.92,2.29,272.49,0.0,0.0,0.0,0.0
2019/03/01 16:15,5.1,987.299988,0.0,96,0,0.0,5.75,50.85,988.05,2.64,275.39,0.0,0.0,0.0,0.0
2019/03/01 16:30,5.1,987.299988,0.0,140,0,0.0,5.51,51.63,988.15,2.88,274.71,0.0,0.0,0.0,0.0
2019/03/01 16:45,5.1,987.299988,0.0,50,0,0.0,5.3,52.22,988.06,2.99,278.1,0.0,0.0,0.0,0.0
2019/03/01 17:00,5.1,987.299988,0.0,122,0,0.0,5.12,52.65,987.95,3.0,282.2,0.0,0.0,0.0,0.0
2019/03/01 17:15,4.0,987.299988,0.0,33,0,0.0,4.97,53.01,987.85,2.95,283.28,0.0,0.0,0.0,0.0
2019/03/01 17:30,4.0,987.299988,0.0,197,0,0.0,4.81,53.37,987.77,2.9,280.15,0.0,0.0,0.0,0.0
2019/03/01 17:45,4.0,987.299988,0.0,23,0,0.0,4.65,53.76,987.58,2.88,276.66,0.0,0.0,0.0,0.0
2019/03/01 18:00,4.0,987.299988,1.1,117,0,0.0,4.51,54.01,987.67,2.89,274.29,0.0,0.0,0.0,0.0
2019/03/01 18:15,4.0,987.299988,0.0,75,0,0.0,4.39,54.2,987.73,2.9,271.33,0.0,0.0,0.0,0.0
2019/03/01 18:30,4.0,987.299988,0.0,135,0,0.0,4.28,54.31,987.64,2.9,270.32,0.0,0.0,0.0,0.0
2019/03/01 18:45,4.0,987.299988,0.0,147,0,0.0,4.18,54.38,987.47,2.89,272.17,0.0,0.0,0.0,0.0
2019/03/01 19:00,4.0,986.200012,0.0,125,0,0.0,4.1,54.38,987.51,2.92,273.68,0.0,0.0,0.0,0.0
2019/03/02 08:00,13.9,981.799988,1.7,165,275,126.0,14.37,23.59,982.53,4.71,145.21,298.4,86.25999999999999,212.14,6.450541
2019/03/02 08:15,13.9,981.799988,1.9,180,150,97.199997,14.29,24.16,982.58,4.87,146.56,256.82,79.44,177.38,3.722559
2019/03/02 08:30,13.9,981.799988,1.1,290,120,87.120003,14.16,25.13,982.52,5.05,147.38,217.7,94.68999999999998,123.01,2.799023
2019/03/02 08:45,13.9,981.799988,1.1,279,86,69.839996,13.98,26.5,982.45,5.24,148.1,177.14,71.03999999999999,106.1,1.974945
2019/03/02 09:00,13.9,981.799988,1.2,278,70,61.200001,13.8,28.17,982.43,5.39,148.97,149.64,60.81999999999999,88.82,1.577115
2019/03/02 09:15,13.9,981.799988,1.2,228,52,46.799999,13.56,30.07,982.44,5.47,149.52,108.93,45.3,63.63,1.150867
2019/03/02 09:30,13.9,981.799988,1.3,183,32,30.959999,13.29,32.06,982.41,5.44,149.62,77.69,37.88,39.81,0.7246199999999999
2019/03/02 09:45,12.8,981.799988,0.8,268,20,20.879999,12.81,34.59,982.35,5.28,149.19,39.85,23.5,16.35,0.426247
2019/03/02 10:00,12.8,981.799988,0.8,23,0,9.360001,12.3,37.08,982.31,5.06,148.65,19.6,12.400000000000002,7.2,0.0
2019/03/02 10:15,12.8,981.799988,0.8,152,0,0.0,11.63,39.6,982.26,4.83,148.02,0.0,0.0,0.0,0.0
2019/03/02 10:30,11.7,981.799988,0.7,192,0,0.0,11.13,41.47,982.21,4.65,147.65,0.0,0.0,0.0,0.0
2019/03/02 10:45,11.7,981.799988,0.7,203,0,0.0,10.73,42.93,982.26,4.53,148.02,0.0,0.0,0.0,0.0
2019/03/02 11:00,11.7,981.799988,0.7,329,0,0.0,10.36,44.3,982.32,4.43,149.48,0.0,0.0,0.0,0.0
2019/03/02 11:15,10.6,981.799988,0.7,134,0,0.0,10.07,45.47,982.38,4.34,151.49,0.0,0.0,0.0,0.0
2019/03/02 11:30,10.6,981.799988,0.7,109,0,0.0,9.81,46.64,982.5,4.21,154.42,0.0,0.0,0.0,0.0
2019/03/02 11:45,10.6,981.799988,0.7,350,0,0.0,9.51,48.01,982.6,4.0,158.45,0.0,0.0,0.0,0.0
2019/03/02 12:00,10.6,981.799988,0.7,139,0,0.0,9.27,49.18,982.66,3.69,163.32,0.0,0.0,0.0,0.0
2019/03/02 12:15,9.5,981.799988,0.7,110,0,0.0,8.99,50.4,982.74,3.3,169.77,0.0,0.0,0.0,0.0
2019/03/02 12:30,9.5,981.799988,0.7,5,0,0.0,8.75,51.39,982.87,2.86,178.56,0.0,0.0,0.0,0.0
2019/03/02 12:45,9.5,981.799988,0.7,89,0,0.0,8.57,52.09,983.05,2.46,188.69,0.0,0.0,0.0,0.0
2019/03/02 13:00,9.5,981.799988,0.7,70,0,0.0,8.47,52.34,983.21,2.13,199.52,0.0,0.0,0.0,0.0
2019/03/02 13:15,9.5,981.799988,0.7,332,0,0.0,8.39,52.36,983.31,1.94,207.81,0.0,0.0,0.0,0.0
2019/03/02 13:30,8.400001,981.799988,0.7,355,0,0.0,8.31,52.26,983.34,1.89,212.31,0.0,0.0,0.0,0.0
2019/03/02 13:45,8.400001,981.799988,0.7,167,0,0.0,8.15,52.36,983.11,1.95,216.02,0.0,0.0,0.0,0.0
2019/03/02 14:00,8.400001,981.799988,0.7,134,0,0.0,7.92,52.72,982.88,2.02,223.22,0.0,0.0,0.0,0.0
2019/03/02 14:15,8.400001,981.799988,0.7,25,0,0.0,7.66,53.14,982.71,2.05,235.1,0.0,0.0,0.0,0.0
2019/03/02 14:30,8.400001,981.799988,0.7,122,0,0.0,7.41,53.44,982.63,2.13,252.8,0.0,0.0,0.0,0.0
2019/03/02 14:45,8.400001,981.799988,0.7,136,0,0.0,7.2,53.52,982.57,2.26,269.29,0.0,0.0,0.0,0.0
2019/03/02 15:00,8.400001,981.799988,0.7,8,0,0.0,7.02,53.39,982.49,2.42,281.2,0.0,0.0,0.0,0.0
2019/03/02 15:15,7.4,981.799988,0.7,31,0,0.0,6.84,53.3,982.44,2.57,287.91,0.0,0.0,0.0,0.0
2019/03/02 15:30,7.4,981.799988,0.7,141,0,0.0,6.64,53.34,982.43,2.68,291.37,0.0,0.0,0.0,0.0
2019/03/02 15:45,7.4,981.799988,0.7,117,0,0.0,6.45,53.42,982.48,2.75,293.39,0.0,0.0,0.0,0.0
2019/03/02 16:00,8.400001,981.799988,0.7,160,0,0.0,6.83,40.73,982.42,3.11,292.17,0.0,0.0,0.0,0.0
2019/03/02 16:15,7.4,981.799988,0.7,148,0,0.0,6.64,40.45,982.47,3.19,295.15,0.0,0.0,0.0,0.0
2019/03/02 16:30,7.4,981.799988,0.7,21,0,0.0,6.49,40.11,982.43,3.21,293.58,0.0,0.0,0.0,0.0
2019/03/02 16:45,6.3,981.799988,0.7,25,0,0.0,6.32,39.81,982.13,3.19,291.25,0.0,0.0,0.0,0.0
2019/03/02 17:00,6.3,981.799988,0.7,37,0,0.0,6.18,39.48,982.01,3.16,286.51,0.0,0.0,0.0,0.0
2019/03/02 17:15,6.3,981.799988,0.7,24,0,0.0,6.03,39.2,981.92,3.15,282.13,0.0,0.0,0.0,0.0
2019/03/02 17:30,6.3,981.799988,0.7,114,0,0.0,5.89,38.96,982.0,3.18,277.56,0.0,0.0,0.0,0.0
2019/03/02 17:45,6.3,981.799988,0.7,319,0,0.0,5.75,38.77,981.65,3.2,272.21,0.0,0.0,0.0,0.0
2019/03/02 18:00,6.3,981.799988,0.7,119,0,0.0,5.62,38.63,981.53,3.2,268.97,0.0,0.0,0.0,0.0
2019/03/02 18:15,6.3,980.700012,0.7,107,0,0.0,5.55,38.37,981.43,3.19,268.27,0.0,0.0,0.0,0.0
2019/03/02 18:30,6.3,980.700012,0.7,120,0,0.0,5.44,38.18,981.29,3.14,267.69,0.0,0.0,0.0,0.0
2019/03/02 18:45,6.3,980.700012,0.7,14,0,0.0,5.36,37.96,981.1,3.01,266.95,0.0,0.0,0.0,0.0
2019/03/02 19:00,6.3,980.700012,0.7,145,0,0.0,5.28,37.78,980.99,2.82,265.25,0.0,0.0,0.0,0.0
2019/03/03 08:00,13.9,976.299988,1.7,255,240,113.760002,16.31,25.51,977.93,4.35,146.15,388.11,42.410000000000025,345.7,4.916051
2019/03/03 08:15,13.9,976.299988,1.4,352,192,99.360001,16.32,25.64,977.96,4.62,147.75,336.71,40.14999999999998,296.56,3.978307
2019/03/03 08:30,13.9,976.299988,1.8,291,152,84.96000699999999,16.31,25.82,977.88,4.88,150.05,301.2,38.420000000000016,262.78,3.111605
2019/03/03 08:45,13.9,976.299988,0.8,116,92,70.560013,16.24,26.13,977.84,5.09,153.41,246.46,35.43000000000001,211.03,2.386984
2019/03/03 09:00,13.9,976.299988,0.0,61,70,57.599998,16.17,26.58,977.85,5.2,157.27,209.28,33.09,176.19,1.790238
2019/03/03 09:15,13.9,976.299988,1.0,243,52,43.200001,16.0,27.33,977.87,5.2,160.45,153.19,28.849999999999994,124.34,1.250325
2019/03/03 09:30,12.8,976.299988,1.0,168,36,31.68,15.77,28.43,977.87,5.07,161.52,116.2,25.35000000000001,90.85,0.8240780000000001
2019/03/03 09:45,12.8,976.299988,1.0,135,20,18.719999,15.29,30.26,977.83,4.79,160.03,63.0,18.48,44.52,0.454664
2019/03/03 10:00,12.8,976.299988,0.0,109,0,8.64,14.62,32.55,977.82,4.47,156.48,30.95,12.11,18.84,0.0
2019/03/03 10:15,11.7,976.299988,0.0,77,0,0.0,13.81,34.9,977.83,4.21,153.44,0.0,0.0,0.0,0.0
2019/03/03 10:30,11.7,976.299988,0.0,78,0,0.0,13.17,36.87,977.85,3.99,152.04,0.0,0.0,0.0,0.0
2019/03/03 10:45,10.6,976.299988,0.0,103,0,0.0,12.62,38.6,977.98,3.79,153.81,0.0,0.0,0.0,0.0
2019/03/03 11:00,10.6,976.299988,0.0,4,0,0.0,12.16,40.02,978.18,3.61,159.13,0.0,0.0,0.0,0.0
2019/03/03 11:15,9.5,977.400024,0.0,10,0,0.0,11.79,41.14,978.4,3.45,167.19,0.0,0.0,0.0,0.0
2019/03/03 11:30,9.5,977.400024,0.0,13,0,0.0,11.47,42.11,978.62,3.25,175.98,0.0,0.0,0.0,0.0
2019/03/03 11:45,9.5,977.400024,0.0,16,0,0.0,11.19,42.93,978.82,3.02,184.2,0.0,0.0,0.0,0.0
2019/03/03 12:00,9.5,977.400024,0.0,124,0,0.0,10.97,43.54,978.98,2.79,191.45,0.0,0.0,0.0,0.0
2019/03/03 12:15,8.400001,977.400024,0.0,23,0,0.0,10.77,44.04,979.15,2.56,200.08,0.0,0.0,0.0,0.0
2019/03/03 12:30,8.400001,977.400024,0.0,108,0,0.0,10.61,44.4,979.33,2.38,213.35,0.0,0.0,0.0,0.0
2019/03/03 12:45,8.400001,977.400024,0.0,116,0,0.0,10.48,44.57,979.49,2.38,228.41,0.0,0.0,0.0,0.0
2019/03/03 13:00,8.400001,978.5,0.0,212,0,0.0,10.36,44.6,979.63,2.53,240.04,0.0,0.0,0.0,0.0
2019/03/03 13:15,8.400001,978.5,0.0,125,0,0.0,10.23,44.59,979.75,2.7,247.54,0.0,0.0,0.0,0.0
2019/03/03 13:30,8.400001,978.5,0.0,108,0,0.0,10.05,44.71,979.82,2.83,254.28,0.0,0.0,0.0,0.0
2019/03/03 13:45,8.400001,978.5,0.0,7,0,0.0,9.79,45.15,979.7,2.9,262.81,0.0,0.0,0.0,0.0
2019/03/03 14:00,8.400001,978.5,0.0,124,0,0.0,9.49,45.8,979.59,2.91,274.47,0.0,0.0,0.0,0.0
2019/03/03 14:15,7.4,978.5,0.0,298,0,0.0,9.21,46.48,979.6,2.86,287.11,0.0,0.0,0.0,0.0
2019/03/03 14:30,7.4,978.5,0.0,83,0,0.0,8.99,46.94,979.7,2.8,298.07,0.0,0.0,0.0,0.0
2019/03/03 14:45,7.4,978.5,0.0,120,0,0.0,8.83,47.13,979.79,2.74,305.54,0.0,0.0,0.0,0.0
2019/03/03 15:00,7.4,978.5,0.0,25,0,0.0,8.73,47.04,979.87,2.7,308.27,0.0,0.0,0.0,0.0
2019/03/03 15:15,7.4,978.5,0.0,128,0,0.0,8.67,46.74,979.97,2.68,307.07,0.0,0.0,0.0,0.0
2019/03/03 15:30,7.4,978.5,0.0,53,0,0.0,8.61,46.4,980.1,2.71,303.55,0.0,0.0,0.0,0.0
2019/03/03 15:45,6.3,978.5,0.0,139,0,0.0,8.52,46.16,980.29,2.78,298.58,0.0,0.0,0.0,0.0
2019/03/03 16:00,6.3,978.5,0.0,127,0,0.0,7.96,43.73,980.0,2.85,290.16,0.0,0.0,0.0,0.0
2019/03/03 16:15,6.3,978.5,0.0,102,0,0.0,7.83,43.61,980.01,2.86,284.98,0.0,0.0,0.0,0.0
2019/03/03 16:30,6.3,978.5,0.0,91,0,0.0,7.69,43.63,980.2,2.96,281.7,0.0,0.0,0.0,0.0
2019/03/03 16:45,6.3,978.5,0.0,71,0,0.0,7.5,43.83,980.05,3.08,277.88,0.0,0.0,0.0,0.0
2019/03/03 17:00,6.3,978.5,1.1,46,0,0.0,7.34,44.05,980.15,3.16,276.39,0.0,0.0,0.0,0.0
2019/03/03 17:15,6.3,978.5,0.0,18,0,0.0,7.17,44.32,980.13,3.23,277.12,0.0,0.0,0.0,0.0
2019/03/03 17:30,5.2,978.5,0.0,124,0,0.0,7.01,44.59,980.04,3.26,278.93,0.0,0.0,0.0,0.0
2019/03/03 17:45,5.2,979.599976,1.3,99,0,0.0,6.91,44.72,980.18,3.26,281.48,0.0,0.0,0.0,0.0
2019/03/03 18:00,5.2,979.599976,0.0,125,0,0.0,6.83,44.83,980.32,3.26,282.01,0.0,0.0,0.0,0.0
2019/03/03 18:15,5.2,979.599976,1.2,110,0,0.0,6.72,45.06,980.23,3.31,281.31,0.0,0.0,0.0,0.0
2019/03/03 18:30,5.2,979.599976,1.1,93,0,0.0,6.62,45.3,980.39,3.39,279.5,0.0,0.0,0.0,0.0
2019/03/03 18:45,5.2,979.599976,1.2,36,0,0.0,6.53,45.56,980.38,3.43,277.56,0.0,0.0,0.0,0.0
2019/03/03 19:00,5.2,979.599976,0.0,43,0,0.0,6.44,45.87,980.19,3.46,274.45,0.0,0.0,0.0,0.0
2019/03/04 08:00,15.0,979.599976,1.9,204,202,113.040001,16.05,30.25,981.68,4.94,95.25,390.61,42.660000000000025,347.95,4.106182
2019/03/04 08:15,15.0,979.599976,3.2,250,166,98.640007,16.05,30.02,981.73,4.93,98.15,339.08,40.38999999999999,298.69,3.324728
2019/03/04 08:30,15.0,979.599976,1.6,246,102,68.400002,16.04,29.75,981.65,4.89,98.99,303.48,38.670000000000016,264.81,2.117028
2019/03/04 08:45,15.0,979.599976,1.7,277,82,62.639999,15.97,29.69,981.6,4.81,99.37,248.56,35.69,212.87,1.818655
2019/03/04 09:00,13.9,979.599976,1.3,283,48,41.040001,15.9,29.88,981.58,4.69,101.4,211.27,33.360000000000014,177.91,1.221909
2019/03/04 09:15,13.9,979.599976,2.4,228,30,25.200001,15.75,30.41,981.61,4.52,105.37,155.14,29.169999999999987,125.97,0.56833
2019/03/04 09:30,13.9,979.599976,2.9,199,30,26.639999,15.59,31.18,981.64,4.18,109.52,118.18,25.700000000000003,92.48,0.610954
2019/03/04 09:45,13.9,979.599976,1.2,192,20,19.440001,15.22,32.74,981.67,3.57,111.83,65.06,18.940000000000005,46.12,0.412039
2019/03/04 10:00,12.8,979.599976,1.8,174,0,9.360001,14.66,34.93,981.68,3.0,110.31,32.96,12.7,20.26,0.0
2019/03/04 10:15,12.8,979.599976,0.7,197,0,0.0,14.15,36.35,981.69,2.75,107.93,0.0,0.0,0.0,0.0
2019/03/04 10:30,12.8,979.599976,0.7,233,0,0.0,13.79,37.46,981.69,2.56,105.84,0.0,0.0,0.0,0.0
2019/03/04 10:45,12.8,979.599976,0.7,47,0,0.0,13.49,38.35,981.79,2.33,103.96,0.0,0.0,0.0,0.0
2019/03/04 11:00,11.7,979.599976,0.7,334,0,0.0,13.25,38.99,981.94,2.08,101.57,0.0,0.0,0.0,0.0
2019/03/04 11:15,10.6,980.700012,1.7,211,0,0.0,13.07,39.4,982.09,1.76,98.55,0.0,0.0,0.0,0.0
2019/03/04 11:30,10.6,980.700012,0.5,10,0,0.0,12.91,39.8,982.26,1.38,93.74,0.0,0.0,0.0,0.0
2019/03/04 11:45,10.6,980.700012,0.5,28,0,0.0,12.77,40.09,982.38,1.02,80.27,0.0,0.0,0.0,0.0
2019/03/04 12:00,10.6,980.700012,0.5,93,0,0.0,12.59,40.57,982.45,0.86,43.91,0.0,0.0,0.0,0.0
2019/03/04 12:15,10.6,980.700012,0.5,5,0,0.0,12.38,41.13,982.53,1.07,5.04,0.0,0.0,0.0,0.0
2019/03/04 12:30,10.6,980.700012,0.5,16,0,0.0,12.13,41.88,982.6,1.57,350.51,0.0,0.0,0.0,0.0
2019/03/04 12:45,10.6,980.700012,0.5,248,0,0.0,11.74,43.16,982.72,2.16,345.14,0.0,0.0,0.0,0.0
2019/03/04 13:00,10.6,980.700012,0.5,119,0,0.0,11.31,44.59,982.84,2.72,341.45,0.0,0.0,0.0,0.0
2019/03/04 13:15,10.6,980.700012,0.5,178,0,0.0,10.89,45.92,982.93,3.16,337.94,0.0,0.0,0.0,0.0
2019/03/04 13:30,10.6,980.700012,0.5,73,0,0.0,10.49,47.07,982.99,3.43,333.79,0.0,0.0,0.0,0.0
2019/03/04 13:45,10.6,980.700012,0.5,10,0,0.0,10.12,47.97,982.88,3.57,328.94,0.0,0.0,0.0,0.0
2019/03/04 14:00,10.6,981.799988,0.5,24,0,0.0,9.82,48.57,982.78,3.64,323.58,0.0,0.0,0.0,0.0
2019/03/04 14:15,10.6,981.799988,0.5,10,0,0.0,9.58,48.93,982.74,3.7,318.68,0.0,0.0,0.0,0.0
2019/03/04 14:30,9.5,981.799988,0.5,136,0,0.0,9.39,49.18,982.8,3.75,315.04,0.0,0.0,0.0,0.0
2019/03/04 14:45,9.5,981.799988,0.5,113,0,0.0,9.22,49.4,982.85,3.82,312.96,0.0,0.0,0.0,0.0
2019/03/04 15:00,9.5,981.799988,0.5,7,0,0.0,9.08,49.51,982.86,3.9,313.29,0.0,0.0,0.0,0.0
2019/03/04 15:15,8.400001,981.799988,0.5,83,0,0.0,8.97,49.61,982.88,3.99,314.92,0.0,0.0,0.0,0.0
2019/03/04 15:30,8.400001,981.799988,0.5,50,0,0.0,8.86,49.7,982.94,4.07,316.67,0.0,0.0,0.0,0.0
2019/03/04 15:45,8.400001,981.799988,0.5,82,0,0.0,8.73,49.9,983.03,4.11,317.22,0.0,0.0,0.0,0.0
2019/03/04 16:00,8.400001,981.799988,0.5,157,0,0.0,8.65,49.58,983.04,3.14,321.28,0.0,0.0,0.0,0.0
2019/03/04 16:15,7.4,981.799988,0.5,25,0,0.0,8.41,50.26,982.91,3.18,319.83,0.0,0.0,0.0,0.0
2019/03/04 16:30,7.4,981.799988,0.5,117,0,0.0,8.2,50.77,982.92,3.22,316.5,0.0,0.0,0.0,0.0
2019/03/04 16:45,7.4,981.799988,0.5,52,0,0.0,8.04,51.15,983.0,3.24,312.64,0.0,0.0,0.0,0.0
2019/03/04 17:00,7.4,981.799988,0.5,91,0,0.0,7.89,51.41,983.14,3.25,307.41,0.0,0.0,0.0,0.0
2019/03/04 17:15,7.4,981.799988,0.5,129,0,0.0,7.77,51.55,983.14,3.22,302.16,0.0,0.0,0.0,0.0
2019/03/04 17:30,7.4,981.799988,0.5,344,0,0.0,7.69,51.55,983.04,3.15,295.58,0.0,0.0,0.0,0.0
2019/03/04 17:45,7.4,981.799988,0.5,139,0,0.0,7.64,51.45,983.13,3.1,288.23,0.0,0.0,0.0,0.0
2019/03/04 18:00,7.4,981.799988,0.5,104,0,0.0,7.56,51.46,983.07,3.13,280.67,0.0,0.0,0.0,0.0
2019/03/04 18:15,7.4,981.799988,0.5,119,0,0.0,7.46,51.59,982.97,3.24,273.62,0.0,0.0,0.0,0.0
2019/03/04 18:30,7.4,981.799988,0.5,116,0,0.0,7.36,51.75,982.81,3.41,268.61,0.0,0.0,0.0,0.0
2019/03/04 18:45,7.4,981.799988,0.5,12,0,0.0,7.28,51.81,982.63,3.57,266.85,0.0,0.0,0.0,0.0
2019/03/04 19:00,7.4,981.799988,0.5,32,0,0.0,7.2,51.87,982.49,3.68,265.75,0.0,0.0,0.0,0.0
2019/03/05 08:00,17.200001,982.900024,2.2,237,387,69.839996,15.77,12.91,985.23,8.92,21.45,409.15,43.06,366.09,7.572992
2019/03/05 08:15,17.200001,982.900024,3.0,173,339,64.800003,15.64,13.3,985.4,9.06,20.33,356.21,40.81999999999999,315.39,6.436333
2019/03/05 08:30,17.200001,982.900024,1.8,271,254,59.759998,15.5,13.7,985.44,9.1,19.47,319.57,39.089999999999975,280.48,5.356507
2019/03/05 08:45,17.200001,982.900024,1.4,238,91,50.400002,15.3,14.15,985.51,9.05,18.58,263.08,36.13,226.95,4.319305
2019/03/05 09:00,17.200001,982.900024,0.6,107,70,43.200001,15.12,14.58,985.64,8.88,17.66,224.68,33.81999999999999,190.86,3.196854
2019/03/05 09:15,17.200001,982.900024,2.2,201,56,36.0,14.86,15.12,985.73,8.57,16.58,166.66,29.65000000000001,137.01,2.34436
2019/03/05 09:30,16.1,982.900024,2.7,215,42,28.799999,14.57,15.77,985.87,8.04,15.46,128.25,26.25,102.0,1.491865
2019/03/05 09:45,16.1,982.900024,2.6,167,26,20.16,14.11,16.78,986.02,7.25,14.02,72.49,19.58,52.91,0.781453
2019/03/05 10:00,16.1,982.900024,1.7,245,12,11.52,13.54,18.08,986.15,6.31,11.87,38.25,13.48,24.77,0.326789
2019/03/05 10:15,15.0,982.900024,1.6,159,0,0.0,12.74,19.64,986.26,5.38,8.91,0.48,0.4599999999999999,0.02,0.0
2019/03/05 10:30,15.0,984.0,0.0,120,0,0.0,12.11,21.06,986.35,4.63,5.05,0.0,0.0,0.0,0.0
2019/03/05 10:45,13.9,984.0,0.0,307,0,0.0,11.58,22.3,986.49,4.16,1.01,0.0,0.0,0.0,0.0
2019/03/05 11:00,13.9,984.0,0.0,103,0,0.0,11.12,23.36,986.71,3.95,357.7,0.0,0.0,0.0,0.0
2019/03/05 11:15,12.8,984.0,0.0,332,0,0.0,10.69,24.43,986.97,3.91,355.5,0.0,0.0,0.0,0.0
2019/03/05 11:30,12.8,985.099976,0.0,118,0,0.0,10.3,25.55,987.28,3.98,353.77,0.0,0.0,0.0,0.0
2019/03/05 11:45,11.7,985.099976,0.0,113,0,0.0,9.92,26.67,987.57,4.12,351.76,0.0,0.0,0.0,0.0
2019/03/05 12:00,11.7,985.099976,0.0,122,0,0.0,9.58,27.75,987.86,4.29,349.12,0.0,0.0,0.0,0.0
2019/03/05 12:15,11.7,985.099976,0.0,351,0,0.0,9.27,28.73,988.17,4.44,346.69,0.0,0.0,0.0,0.0
2019/03/05 12:30,10.6,985.099976,0.5,42,0,0.0,8.98,29.63,988.48,4.54,344.59,0.0,0.0,0.0,0.0
2019/03/05 12:45,11.7,985.099976,0.5,79,0,0.0,8.71,30.52,988.81,4.59,342.36,0.0,0.0,0.0,0.0
2019/03/05 13:00,12.8,985.099976,0.8,347,0,0.0,8.43,31.41,989.13,4.6,339.91,0.0,0.0,0.0,0.0
2019/03/05 13:15,11.7,986.200012,0.8,138,0,0.0,8.16,32.31,989.39,4.6,337.75,0.0,0.0,0.0,0.0
2019/03/05 13:30,11.7,986.200012,0.8,136,0,0.0,7.9,33.18,989.59,4.6,336.32,0.0,0.0,0.0,0.0
2019/03/05 13:45,10.6,986.200012,0.8,173,0,0.0,7.65,34.04,989.64,4.6,335.35,0.0,0.0,0.0,0.0
2019/03/05 14:00,9.5,986.200012,0.8,136,0,0.0,7.4,34.86,989.72,4.6,334.92,0.0,0.0,0.0,0.0
2019/03/05 14:15,9.5,986.200012,0.8,121,0,0.0,7.18,35.6,989.88,4.61,334.64,0.0,0.0,0.0,0.0
2019/03/05 14:30,9.5,987.299988,0.8,114,0,0.0,6.98,36.26,990.03,4.59,334.48,0.0,0.0,0.0,0.0
2019/03/05 14:45,8.400001,987.299988,0.8,125,0,0.0,6.79,36.83,990.22,4.55,334.75,0.0,0.0,0.0,0.0
2019/03/05 15:00,8.400001,987.299988,0.8,232,0,0.0,6.62,37.33,990.43,4.49,335.25,0.0,0.0,0.0,0.0
2019/03/05 15:15,8.400001,987.299988,0.6,24,0,0.0,6.46,37.8,990.63,4.4,335.9,0.0,0.0,0.0,0.0
2019/03/05 15:30,10.6,987.299988,1.3,166,0,0.0,6.31,38.23,990.83,4.31,336.67,0.0,0.0,0.0,0.0
2019/03/05 15:45,10.6,987.299988,1.1,207,0,0.0,6.16,38.67,991.01,4.2,337.23,0.0,0.0,0.0,0.0
2019/03/05 16:00,10.6,987.299988,1.0,128,0,0.0,7.82,25.58,990.72,4.95,352.31,0.0,0.0,0.0,0.0
2019/03/05 16:15,9.5,988.400024,0.9,18,0,0.0,7.49,26.1,990.76,4.72,350.35,0.0,0.0,0.0,0.0
2019/03/05 16:30,8.400001,988.400024,0.9,51,0,0.0,7.19,26.54,991.03,4.55,347.27,0.0,0.0,0.0,0.0
2019/03/05 16:45,7.4,988.400024,0.9,85,0,0.0,6.91,26.84,990.96,4.42,342.35,0.0,0.0,0.0,0.0
2019/03/05 17:00,6.3,988.400024,0.9,125,0,0.0,6.7,26.95,990.95,4.37,336.65,0.0,0.0,0.0,0.0
2019/03/05 17:15,6.3,988.400024,0.9,28,0,0.0,6.5,27.08,990.98,4.37,331.28,0.0,0.0,0.0,0.0
2019/03/05 17:30,6.3,988.400024,0.9,71,0,0.0,6.29,27.33,990.93,4.41,326.09,0.0,0.0,0.0,0.0
2019/03/05 17:45,7.4,989.5,0.9,336,0,0.0,6.06,27.73,990.8,4.46,322.09,0.0,0.0,0.0,0.0
2019/03/05 18:00,6.3,989.5,0.9,131,0,0.0,5.86,28.16,991.01,4.5,319.95,0.0,0.0,0.0,0.0
2019/03/05 18:15,6.3,989.5,0.9,120,0,0.0,5.63,28.74,991.15,4.47,319.64,0.0,0.0,0.0,0.0
2019/03/05 18:30,6.3,989.5,0.9,126,0,0.0,5.41,29.31,991.31,4.37,319.93,0.0,0.0,0.0,0.0
2019/03/05 18:45,5.2,989.5,0.9,127,0,0.0,5.21,29.85,991.39,4.26,320.35,0.0,0.0,0.0,0.0
2019/03/05 19:00,4.1,989.5,0.9,133,0,0.0,5.04,30.31,991.47,4.15,320.38,0.0,0.0,0.0,0.0
2019/03/06 08:00,12.8,990.599976,1.7,205,488,28.08,11.22,14.11,993.9,6.56,51.09,418.68,43.50999999999999,375.17,9.349022
2019/03/06 08:15,12.8,990.599976,3.1,237,425,28.799999,11.14,14.07,994.08,6.32,53.4,365.36,41.25999999999999,324.1,8.112906
2019/03/06 08:30,12.8,990.599976,4.5,220,356,26.639999,11.07,14.05,994.14,6.15,56.47,328.38,39.55000000000001,288.83,6.834164
2019/03/06 08:45,12.8,990.599976,4.2,216,65,27.360001,10.92,14.15,994.2,6.09,62.16,271.17,36.58000000000001,234.59,5.555422
2019/03/06 09:00,12.8,990.599976,2.6,120,50,24.48,10.69,14.44,994.3,6.21,73.0,232.21,34.27000000000001,197.94,4.390347
2019/03/06 09:15,12.8,990.599976,1.8,176,42,21.6,10.21,15.02,994.42,6.57,87.05,173.26,30.120000000000005,143.14,3.140021
2019/03/06 09:30,11.7,990.599976,2.6,195,32,17.280001000000002,9.59,15.69,994.56,6.88,97.13,134.2,26.72999999999999,107.47,2.003362
2019/03/06 09:45,11.7,990.599976,2.7,313,22,14.4,8.98,16.27,994.69,6.73,99.62,77.33,20.14,57.19,1.079826
2019/03/06 10:00,11.7,991.700012,2.5,182,12,8.64,8.54,16.85,994.82,6.07,96.93,42.11,14.15,27.96,0.397831
2019/03/06 10:15,11.7,991.700012,2.1,321,0,0.0,7.97,18.01,994.92,5.23,94.37,1.6,1.36,0.24,0.0
2019/03/06 10:30,10.6,991.700012,2.1,44,0,0.0,7.46,19.41,995.03,4.65,94.77,0.0,0.0,0.0,0.0
2019/03/06 10:45,10.6,991.700012,1.7,193,0,0.0,7.0,20.82,995.22,4.53,97.29,0.0,0.0,0.0,0.0
2019/03/06 11:00,9.5,992.799988,3.3,217,0,0.0,6.58,22.05,995.48,4.78,99.51,0.0,0.0,0.0,0.0
2019/03/06 11:15,8.400001,992.799988,4.7,228,0,0.0,6.18,23.05,995.76,5.02,101.38,0.0,0.0,0.0,0.0
2019/03/06 11:30,8.400001,992.799988,3.7,171,0,0.0,5.8,23.89,996.06,4.91,103.69,0.0,0.0,0.0,0.0
2019/03/06 11:45,8.400001,993.900024,2.2,189,0,0.0,5.43,24.66,996.33,4.46,106.11,0.0,0.0,0.0,0.0
2019/03/06 12:00,8.400001,993.900024,1.4,171,0,0.0,5.08,25.32,996.61,3.89,108.37,0.0,0.0,0.0,0.0
2019/03/06 12:15,7.4,993.900024,2.8,193,0,0.0,4.76,25.87,996.92,3.34,110.95,0.0,0.0,0.0,0.0
2019/03/06 12:30,7.4,993.900024,1.8,194,0,0.0,4.51,26.2,997.22,2.87,114.32,0.0,0.0,0.0,0.0
2019/03/06 12:45,7.4,995.0,3.2,197,0,0.0,4.36,26.18,997.51,2.41,118.98,0.0,0.0,0.0,0.0
2019/03/06 13:00,7.4,995.0,2.0,263,0,0.0,4.29,25.92,997.77,1.93,125.87,0.0,0.0,0.0,0.0
2019/03/06 13:15,7.4,995.0,2.1,162,0,0.0,4.25,25.59,997.98,1.5,138.24,0.0,0.0,0.0,0.0
2019/03/06 13:30,7.4,995.0,0.6,175,0,0.0,4.19,25.35,998.12,1.22,161.13,0.0,0.0,0.0,0.0
2019/03/06 13:45,6.3,995.0,0.6,38,0,0.0,4.03,25.41,998.03,1.25,195.85,0.0,0.0,0.0,0.0
2019/03/06 14:00,6.3,996.099976,0.6,128,0,0.0,3.82,25.69,997.94,1.6,224.98,0.0,0.0,0.0,0.0
2019/03/06 14:15,5.2,996.099976,0.6,114,0,0.0,3.53,26.16,997.9,2.1,238.89,0.0,0.0,0.0,0.0
2019/03/06 14:30,5.2,996.099976,0.6,55,0,0.0,3.26,26.6,997.9,2.55,245.97,0.0,0.0,0.0,0.0
2019/03/06 14:45,5.2,996.099976,0.6,89,0,0.0,3.03,26.93,997.91,2.87,250.21,0.0,0.0,0.0,0.0
2019/03/06 15:00,5.2,996.099976,0.6,31,0,0.0,2.83,27.14,997.91,3.09,252.96,0.0,0.0,0.0,0.0
2019/03/06 15:15,5.2,996.099976,0.6,5,0,0.0,2.67,27.27,997.93,3.22,254.61,0.0,0.0,0.0,0.0
2019/03/06 15:30,4.1,996.099976,0.6,155,0,0.0,2.51,27.41,997.98,3.29,255.73,0.0,0.0,0.0,0.0
2019/03/06 15:45,4.1,996.099976,0.6,136,0,0.0,2.37,27.55,998.05,3.33,256.72,0.0,0.0,0.0,0.0
2019/03/06 16:00,3.0,996.099976,0.6,77,0,0.0,3.81,22.9,996.65,2.05,267.93,0.0,0.0,0.0,0.0
2019/03/06 16:15,3.0,996.099976,0.6,122,0,0.0,3.6,23.21,996.78,2.18,268.66,0.0,0.0,0.0,0.0
2019/03/06 16:30,3.0,996.099976,0.6,33,0,0.0,3.42,23.45,996.87,2.26,267.97,0.0,0.0,0.0,0.0
2019/03/06 16:45,3.0,996.099976,0.6,122,0,0.0,3.25,23.59,996.94,2.32,264.05,0.0,0.0,0.0,0.0
2019/03/06 17:00,3.0,996.099976,0.6,23,0,0.0,3.09,23.7,997.14,2.38,262.17,0.0,0.0,0.0,0.0
2019/03/06 17:15,3.0,996.099976,0.6,89,0,0.0,2.93,23.8,997.15,2.4,261.43,0.0,0.0,0.0,0.0
2019/03/06 17:30,4.1,996.099976,0.6,74,0,0.0,2.79,23.87,997.0,2.34,259.24,0.0,0.0,0.0,0.0
2019/03/06 17:45,4.1,996.099976,0.6,30,0,0.0,2.66,23.95,996.72,2.24,256.04,0.0,0.0,0.0,0.0
2019/03/06 18:00,3.0,996.099976,0.6,51,0,0.0,2.55,24.04,996.71,2.17,254.68,0.0,0.0,0.0,0.0
2019/03/06 18:15,1.9,996.099976,0.6,99,0,0.0,2.41,24.24,996.62,2.15,250.99,0.0,0.0,0.0,0.0
2019/03/06 18:30,1.9,996.099976,0.6,112,0,0.0,2.26,24.51,996.64,2.17,245.89,0.0,0.0,0.0,0.0
2019/03/06 18:45,1.9,996.099976,0.6,147,0,0.0,2.09,24.87,996.74,2.23,242.03,0.0,0.0,0.0,0.0
2019/03/06 19:00,0.8,996.099976,0.6,346,0,0.0,1.9,25.27,996.69,2.33,239.63,0.0,0.0,0.0,0.0
2019/03/07 08:00,13.9,989.5,1.6,264,449,40.32,13.4,16.09,990.89,8.0,151.55,420.11,43.53000000000003,376.58,8.780693
2019/03/07 08:15,13.9,989.5,3.4,253,397,38.16,13.37,16.49,990.95,8.26,150.87,366.7,41.30000000000001,325.4,7.729283000000001
2019/03/07 08:30,12.8,989.5,0.7,178,308,36.0,13.28,17.15,990.85,8.54,149.81,329.68,39.60000000000002,290.08,6.53579
2019/03/07 08:45,12.8,989.5,2.1,221,73,33.84,13.06,17.89,990.74,8.76,149.56,272.56,36.66,235.9,5.242841
2019/03/07 09:00,12.8,988.400024,3.1,285,57,30.24,12.87,18.38,990.61,8.82,150.26,233.74,34.379999999999995,199.36,4.077765
2019/03/07 09:15,12.8,988.400024,3.0,232,47,25.92,12.6,18.89,990.45,8.73,150.41,174.89,30.30999999999997,144.58,2.955314
2019/03/07 09:30,12.8,988.400024,2.6,242,33,21.6,12.26,19.48,990.28,8.53,150.11,133.77,29.65000000000001,104.12,1.818655
2019/03/07 09:45,11.7,988.400024,1.4,268,23,15.84,11.81,20.14,990.13,8.26,150.26,79.32,20.50999999999999,58.81,0.994577
2019/03/07 10:00,11.7,988.400024,1.0,245,11,10.08,11.32,20.91,990.0,7.91,150.55,44.15,14.669999999999998,29.48,0.340998
2019/03/07 10:15,11.7,988.400024,0.0,330,0,0.0,10.69,21.92,989.89,7.53,150.74,2.85,2.16,0.69,0.0
2019/03/07 10:30,10.6,988.400024,0.4,183,0,0.0,10.17,22.91,989.81,7.2,151.13,0.0,0.0,0.0,0.0
2019/03/07 10:45,10.6,988.400024,1.1,257,0,0.0,9.76,23.81,989.74,6.92,152.53,0.0,0.0,0.0,0.0
2019/03/07 11:00,9.5,988.400024,0.0,130,0,0.0,9.41,24.69,989.67,6.63,154.59,0.0,0.0,0.0,0.0
2019/03/07 11:15,9.5,988.400024,0.0,16,0,0.0,9.09,25.58,989.63,6.28,157.39,0.0,0.0,0.0,0.0
2019/03/07 11:30,8.400001,988.400024,0.0,155,0,0.0,8.79,26.47,989.72,5.85,160.96,0.0,0.0,0.0,0.0
2019/03/07 11:45,8.400001,988.400024,0.0,5,0,0.0,8.5,27.37,989.81,5.3,164.92,0.0,0.0,0.0,0.0
2019/03/07 12:00,7.4,988.400024,0.0,96,0,0.0,8.2,28.3,989.87,4.68,169.2,0.0,0.0,0.0,0.0
2019/03/07 12:15,7.4,988.400024,0.0,20,0,0.0,7.96,29.09,989.96,4.02,174.82,0.0,0.0,0.0,0.0
2019/03/07 12:30,7.4,988.400024,0.0,115,0,0.0,7.75,29.79,990.07,3.27,184.11,0.0,0.0,0.0,0.0
2019/03/07 12:45,6.3,989.5,0.0,111,0,0.0,7.54,30.52,990.22,2.55,203.74,0.0,0.0,0.0,0.0
2019/03/07 13:00,6.3,989.5,0.0,348,0,0.0,7.29,31.39,990.4,2.16,243.17,0.0,0.0,0.0,0.0
2019/03/07 13:15,6.3,989.5,0.0,124,0,0.0,7.1,32.07,990.54,2.28,279.64,0.0,0.0,0.0,0.0
2019/03/07 13:30,6.3,989.5,0.0,136,0,0.0,6.8,33.0,990.6,2.69,294.91,0.0,0.0,0.0,0.0
2019/03/07 13:45,6.3,989.5,0.0,125,0,0.0,6.46,33.96,990.52,3.14,300.36,0.0,0.0,0.0,0.0
2019/03/07 14:00,6.3,989.5,0.0,353,0,0.0,6.14,34.82,990.48,3.57,303.2,0.0,0.0,0.0,0.0
2019/03/07 14:15,6.3,989.5,0.0,129,0,0.0,5.87,35.5,990.5,3.9,304.25,0.0,0.0,0.0,0.0
2019/03/07 14:30,5.2,989.5,0.0,120,0,0.0,5.61,36.09,990.54,4.03,304.16,0.0,0.0,0.0,0.0
2019/03/07 14:45,5.2,989.5,0.0,120,0,0.0,5.38,36.52,990.57,3.99,303.12,0.0,0.0,0.0,0.0
2019/03/07 15:00,5.2,989.5,0.0,178,0,0.0,5.17,36.79,990.57,3.89,302.04,0.0,0.0,0.0,0.0
2019/03/07 15:15,5.2,989.5,0.0,113,0,0.0,5.02,36.89,990.56,3.78,301.09,0.0,0.0,0.0,0.0
2019/03/07 15:30,5.2,989.5,0.0,80,0,0.0,4.89,36.9,990.57,3.67,300.01,0.0,0.0,0.0,0.0
2019/03/07 15:45,4.1,989.5,0.0,101,0,0.0,4.81,36.78,990.63,3.61,296.96,0.0,0.0,0.0,0.0
2019/03/07 16:00,4.1,989.5,0.0,79,0,0.0,4.55,34.27,989.95,3.2,315.27,0.0,0.0,0.0,0.0
2019/03/07 16:15,4.1,989.5,0.0,21,0,0.0,4.39,34.47,990.12,3.28,311.01,0.0,0.0,0.0,0.0
2019/03/07 16:30,4.1,989.5,0.0,15,0,0.0,4.26,34.45,990.24,3.33,307.48,0.0,0.0,0.0,0.0
2019/03/07 16:45,4.1,989.5,0.0,38,0,0.0,4.14,34.32,989.79,3.32,305.33,0.0,0.0,0.0,0.0
2019/03/07 17:00,3.0,989.5,0.0,34,0,0.0,4.07,34.08,989.71,3.24,305.83,0.0,0.0,0.0,0.0
2019/03/07 17:15,3.0,989.5,0.0,90,0,0.0,4.01,33.91,989.68,3.09,306.22,0.0,0.0,0.0,0.0
2019/03/07 17:30,3.0,989.5,0.0,1,0,0.0,3.93,33.84,989.44,2.92,304.27,0.0,0.0,0.0,0.0
2019/03/07 17:45,3.0,989.5,0.0,105,0,0.0,3.86,33.82,989.35,2.83,296.98,0.0,0.0,0.0,0.0
2019/03/07 18:00,4.1,989.5,0.0,29,0,0.0,3.79,33.86,989.39,2.81,291.8,0.0,0.0,0.0,0.0
2019/03/07 18:15,3.0,989.5,0.0,19,0,0.0,3.72,34.0,989.38,2.85,283.63,0.0,0.0,0.0,0.0
2019/03/07 18:30,3.0,988.400024,1.2,116,0,0.0,3.64,34.19,989.19,2.89,276.31,0.0,0.0,0.0,0.0
2019/03/07 18:45,3.0,988.400024,1.1,71,0,0.0,3.57,34.41,989.02,2.92,271.81,0.0,0.0,0.0,0.0
2019/03/07 19:00,3.0,988.400024,1.1,79,0,0.0,3.52,34.65,988.96,2.96,266.28,0.0,0.0,0.0,0.0
2019/03/08 08:00,12.4,982.700012,2.8,191,228,84.96000699999999,15.58,19.93,983.36,8.22,149.16,362.93,38.31,324.62,5.853795
2019/03/08 08:15,12.4,982.700012,1.3,275,286,81.360001,15.45,20.16,983.35,8.58,149.99,323.19,37.079999999999984,286.11,4.731344
2019/03/08 08:30,12.4,982.700012,2.4,172,177,65.519997,15.26,20.45,983.27,8.88,151.07,292.6,35.81,256.79,4.347722
2019/03/08 08:45,12.4,982.700012,1.4,188,100,62.639999,14.99,20.83,983.21,9.05,152.05,241.04,33.06,207.98,3.282104
2019/03/08 09:00,12.4,982.700012,2.0,181,80,51.119999,14.73,21.32,983.15,9.14,152.25,204.73,30.72,174.01,1.960737
2019/03/08 09:15,12.4,982.700012,1.8,232,42,28.08,14.35,21.98,983.06,9.13,152.22,151.84,26.840000000000003,125.0,0.909327
2019/03/08 09:30,12.4,982.700012,2.3,205,24,18.0,13.99,22.49,982.94,8.98,153.01,117.23,23.730000000000004,93.5,0.440455
2019/03/08 09:45,12.4,982.700012,2.8,204,18,16.559998999999998,13.55,23.16,982.84,8.66,153.87,68.4,18.06,50.34,0.340998
2019/03/08 10:00,12.4,982.700012,2.9,164,10,10.8,13.05,24.02,982.77,8.29,154.59,38.39,13.010000000000002,25.38,0.156291
2019/03/08 10:15,12.4,982.700012,2.1,233,0,0.0,12.43,25.08,982.71,7.95,155.48,3.46,2.45,1.01,0.0
2019/03/08 10:30,12.4,982.700012,0.5,158,0,0.0,11.9,26.0,982.64,7.68,156.59,0.0,0.0,0.0,0.0
2019/03/08 10:45,11.3,982.700012,1.4,196,0,0.0,11.5,26.73,982.67,7.49,158.06,0.0,0.0,0.0,0.0
2019/03/08 11:00,11.3,982.700012,1.5,192,0,0.0,11.16,27.39,982.71,7.36,159.65,0.0,0.0,0.0,0.0
2019/03/08 11:15,11.3,982.700012,0.8,149,0,0.0,10.84,28.06,982.73,7.21,160.93,0.0,0.0,0.0,0.0
2019/03/08 11:30,10.2,982.700012,0.8,175,0,0.0,10.54,28.8,982.81,7.01,161.76,0.0,0.0,0.0,0.0
2019/03/08 11:45,10.2,982.700012,0.6,102,0,0.0,10.21,29.65,982.86,6.75,162.1,0.0,0.0,0.0,0.0
2019/03/08 12:00,10.2,982.700012,0.7,195,0,0.0,9.88,30.56,982.88,6.42,162.43,0.0,0.0,0.0,0.0
2019/03/08 12:15,10.2,982.700012,0.7,207,0,0.0,9.56,31.48,982.92,5.99,163.05,0.0,0.0,0.0,0.0
2019/03/08 12:30,10.2,982.700012,1.0,131,0,0.0,9.27,32.38,982.99,5.46,164.02,0.0,0.0,0.0,0.0
2019/03/08 12:45,9.1,982.700012,1.0,355,0,0.0,8.98,33.31,983.06,4.84,165.41,0.0,0.0,0.0,0.0
2019/03/08 13:00,9.1,982.700012,1.0,147,0,0.0,8.75,34.1,983.11,3.96,168.3,0.0,0.0,0.0,0.0
2019/03/08 13:15,9.1,982.700012,1.0,355,0,0.0,8.6,34.65,983.18,2.75,179.5,0.0,0.0,0.0,0.0
2019/03/08 13:30,8.0,982.700012,1.0,41,0,0.0,8.19,36.06,983.26,1.83,222.19,0.0,0.0,0.0,0.0
2019/03/08 13:45,8.0,982.700012,1.0,114,0,0.0,8.0,36.81,983.11,1.8,275.12,0.0,0.0,0.0,0.0
2019/03/08 14:00,8.0,982.700012,1.0,123,0,0.0,7.79,37.62,982.96,2.4,297.96,0.0,0.0,0.0,0.0
2019/03/08 14:15,8.0,983.799988,1.0,114,0,0.0,7.43,38.92,982.88,3.11,304.92,0.0,0.0,0.0,0.0
2019/03/08 14:30,8.0,983.799988,1.0,27,0,0.0,7.12,39.99,982.91,3.73,307.84,0.0,0.0,0.0,0.0
2019/03/08 14:45,8.0,983.799988,1.0,2,0,0.0,6.89,40.77,982.94,4.23,310.48,0.0,0.0,0.0,0.0
2019/03/08 15:00,8.0,983.799988,1.0,20,0,0.0,6.72,41.26,982.95,4.62,313.25,0.0,0.0,0.0,0.0
2019/03/08 15:15,8.0,983.799988,1.0,16,0,0.0,6.51,41.8,983.02,4.87,315.18,0.0,0.0,0.0,0.0
2019/03/08 15:30,8.0,983.799988,1.0,261,0,0.0,6.28,42.27,983.13,4.97,316.47,0.0,0.0,0.0,0.0
2019/03/08 15:45,8.0,983.799988,1.0,52,0,0.0,6.08,42.59,983.31,4.97,315.52,0.0,0.0,0.0,0.0
2019/03/08 16:00,8.0,983.799988,1.0,105,0,0.0,5.68,38.9,984.0,3.82,316.93,0.0,0.0,0.0,0.0
2019/03/08 16:15,8.0,983.799988,1.0,29,0,0.0,5.53,39.17,984.22,3.84,316.63,0.0,0.0,0.0,0.0
2019/03/08 16:30,8.0,983.799988,1.0,7,0,0.0,5.39,39.4,984.09,3.8,316.03,0.0,0.0,0.0,0.0
2019/03/08 16:45,8.0,983.799988,1.0,103,0,0.0,5.29,39.5,983.95,3.77,314.34,0.0,0.0,0.0,0.0
2019/03/08 17:00,8.0,983.799988,1.0,54,0,0.0,5.17,39.67,983.76,3.77,315.11,0.0,0.0,0.0,0.0
2019/03/08 17:15,8.0,983.799988,1.0,198,0,0.0,5.14,39.64,983.65,3.74,315.52,0.0,0.0,0.0,0.0
2019/03/08 17:30,8.0,983.799988,1.0,121,0,0.0,5.06,39.78,983.83,3.66,315.55,0.0,0.0,0.0,0.0
2019/03/08 17:45,8.0,983.799988,1.0,14,0,0.0,4.98,39.9,983.68,3.57,315.49,0.0,0.0,0.0,0.0
2019/03/08 18:00,8.0,983.799988,1.0,268,0,0.0,4.88,40.03,983.72,3.53,314.58,0.0,0.0,0.0,0.0
2019/03/08 18:15,6.9,982.700012,1.0,71,0,0.0,4.67,40.42,983.76,3.53,311.21,0.0,0.0,0.0,0.0
2019/03/08 18:30,6.9,982.700012,1.0,128,0,0.0,4.52,40.6,983.54,3.56,308.76,0.0,0.0,0.0,0.0
2019/03/08 18:45,6.9,982.700012,1.0,27,0,0.0,4.35,40.78,983.36,3.61,305.26,0.0,0.0,0.0,0.0
2019/03/08 19:00,6.9,982.700012,1.0,67,0,0.0,4.3,40.66,983.34,3.65,299.99,0.0,0.0,0.0,0.0
2019/03/09 08:00,13.5,980.5,1.8,296,283,96.480003,14.4,21.32,981.96,4.84,84.57,332.7,35.15999999999997,297.54,5.7543370000000005
2019/03/09 08:15,13.5,980.5,1.6,252,237,90.720001,14.37,21.42,982.01,4.67,84.21,277.05,31.82000000000002,245.23,4.802385
2019/03/09 08:30,13.5,980.5,1.3,286,191,80.639999,14.32,21.52,981.96,4.54,83.67,248.94,30.47999999999999,218.46,3.907266
2019/03/09 08:45,13.5,980.5,0.8,213,100,69.839996,14.23,21.64,981.96,4.4,83.07,218.4,29.91,188.49,3.06898
2019/03/09 09:00,13.5,980.5,1.3,288,82,61.200001,14.13,21.76,982.0,4.24,83.09,204.07,30.53,173.54,2.330151
2019/03/09 09:15,13.5,980.5,1.6,240,62,48.240002,13.96,21.99,982.02,4.08,83.38,164.78,28.94,135.84,1.733405
2019/03/09 09:30,13.5,980.5,0.5,217,44,35.279999,13.8,22.28,982.02,3.88,84.01,134.0,26.870000000000005,107.13,1.136659
2019/03/09 09:45,12.4,981.599976,1.7,219,26,22.32,13.53,22.91,982.02,3.47,84.63,81.05,21.09,59.96,0.610954
2019/03/09 10:00,12.4,981.599976,1.4,204,12,10.8,13.12,24.64,982.06,2.93,83.89,47.07,15.61,31.46,0.227332
2019/03/09 10:15,12.4,981.599976,1.9,180,0,0.0,12.55,25.94,982.14,2.63,82.41,5.61,3.67,1.94,0.0
2019/03/09 10:30,11.3,981.599976,1.4,156,0,0.0,12.18,26.83,982.23,2.46,79.8,0.0,0.0,0.0,0.0
2019/03/09 10:45,11.3,981.599976,1.3,185,0,0.0,11.87,27.67,982.44,2.27,76.25,0.0,0.0,0.0,0.0
2019/03/09 11:00,11.3,982.700012,0.0,245,0,0.0,11.62,28.4,982.65,2.11,72.75,0.0,0.0,0.0,0.0
2019/03/09 11:15,11.3,982.700012,1.6,183,0,0.0,11.39,29.04,982.88,1.97,69.17,0.0,0.0,0.0,0.0
2019/03/09 11:30,11.3,982.700012,0.8,139,0,0.0,11.21,29.57,983.17,1.86,64.02,0.0,0.0,0.0,0.0
2019/03/09 11:45,10.2,982.700012,0.6,39,0,0.0,11.02,30.07,983.47,1.79,56.93,0.0,0.0,0.0,0.0
2019/03/09 12:00,10.2,982.700012,0.6,22,0,0.0,10.84,30.57,983.74,1.74,48.3,0.0,0.0,0.0,0.0
2019/03/09 12:15,9.1,983.799988,1.9,126,0,0.0,10.69,31.02,984.02,1.65,38.95,0.0,0.0,0.0,0.0
2019/03/09 12:30,9.1,983.799988,0.7,210,0,0.0,10.54,31.44,984.27,1.56,28.15,0.0,0.0,0.0,0.0
2019/03/09 12:45,9.1,983.799988,0.7,38,0,0.0,10.38,31.9,984.49,1.52,15.13,0.0,0.0,0.0,0.0
2019/03/09 13:00,9.1,983.799988,0.7,98,0,0.0,10.19,32.47,984.67,1.58,1.99,0.0,0.0,0.0,0.0
2019/03/09 13:15,9.1,983.799988,0.7,143,0,0.0,9.95,33.14,984.82,1.74,351.96,0.0,0.0,0.0,0.0
2019/03/09 13:30,8.0,983.799988,0.7,13,0,0.0,9.69,33.84,984.95,1.94,345.34,0.0,0.0,0.0,0.0
2019/03/09 13:45,8.0,984.900024,0.7,49,0,0.0,9.42,34.52,984.9,2.13,341.54,0.0,0.0,0.0,0.0
2019/03/09 14:00,8.0,984.900024,0.7,67,0,0.0,9.13,35.2,984.86,2.32,337.51,0.0,0.0,0.0,0.0
2019/03/09 14:15,8.0,984.900024,0.7,313,0,0.0,8.82,35.88,984.94,2.52,332.4,0.0,0.0,0.0,0.0
2019/03/09 14:30,6.9,984.900024,0.7,30,0,0.0,8.54,36.46,985.07,2.72,329.74,0.0,0.0,0.0,0.0
2019/03/09 14:45,6.9,984.900024,0.7,55,0,0.0,8.25,37.01,985.2,2.9,327.73,0.0,0.0,0.0,0.0
2019/03/09 15:00,6.9,984.900024,0.7,43,0,0.0,7.96,37.53,985.34,3.06,324.59,0.0,0.0,0.0,0.0
2019/03/09 15:15,6.9,984.900024,0.7,111,0,0.0,7.69,38.01,985.5,3.22,320.6,0.0,0.0,0.0,0.0
2019/03/09 15:30,6.9,984.900024,0.7,156,0,0.0,7.45,38.44,985.7,3.38,316.66,0.0,0.0,0.0,0.0
2019/03/09 15:45,6.9,984.900024,0.7,127,0,0.0,7.24,38.82,985.92,3.51,313.59,0.0,0.0,0.0,0.0
2019/03/09 16:00,5.8,984.900024,0.7,97,0,0.0,7.26,33.43,986.14,2.28,291.73,0.0,0.0,0.0,0.0
2019/03/09 16:15,5.8,984.900024,0.7,62,0,0.0,7.18,33.39,986.13,2.18,295.28,0.0,0.0,0.0,0.0
2019/03/09 16:30,5.8,984.900024,0.7,21,0,0.0,7.14,33.28,986.27,2.02,297.41,0.0,0.0,0.0,0.0
2019/03/09 16:45,5.8,984.900024,0.7,11,0,0.0,7.07,33.25,986.03,1.86,295.54,0.0,0.0,0.0,0.0
2019/03/09 17:00,5.8,984.900024,0.7,105,0,0.0,7.01,33.25,986.16,1.74,293.98,0.0,0.0,0.0,0.0
2019/03/09 17:15,5.8,984.900024,0.7,115,0,0.0,6.92,33.36,986.34,1.71,289.69,0.0,0.0,0.0,0.0
2019/03/09 17:30,5.8,984.900024,0.7,136,0,0.0,6.81,33.51,986.29,1.75,286.3,0.0,0.0,0.0,0.0
2019/03/09 17:45,5.8,984.900024,0.7,49,0,0.0,6.68,33.7,986.03,1.8,280.04,0.0,0.0,0.0,0.0
2019/03/09 18:00,4.7,984.900024,0.7,18,0,0.0,6.56,33.87,986.01,1.83,277.68,0.0,0.0,0.0,0.0
2019/03/09 18:15,4.7,984.900024,0.7,86,0,0.0,6.47,34.0,986.02,1.8,273.85,0.0,0.0,0.0,0.0
2019/03/09 18:30,4.7,984.900024,0.7,47,0,0.0,6.38,34.13,986.04,1.7,268.42,0.0,0.0,0.0,0.0
2019/03/09 18:45,4.7,984.900024,0.7,326,0,0.0,6.27,34.33,985.88,1.63,263.68,0.0,0.0,0.0,0.0
2019/03/09 19:00,4.7,984.900024,0.7,92,0,0.0,6.15,34.55,985.81,1.62,258.29,0.0,0.0,0.0,0.0
2019/03/10 08:00,11.3,978.299988,0.5,182,217,122.400002,17.09,10.81,978.41,9.8,269.35,420.38,42.80000000000001,377.58,3.978307
2019/03/10 08:15,11.3,978.299988,0.9,248,93,76.32,16.88,11.35,978.6,10.31,278.94,371.85,41.13,330.72,1.974945
2019/03/10 08:30,11.3,978.299988,0.9,92,91,73.440002,16.47,11.99,978.73,11.07,278.14,335.54,39.55000000000001,295.99,2.01757
2019/03/10 08:45,11.3,978.299988,2.0,169,119,97.920013,15.94,12.81,978.83,12.08,282.34,277.71,36.63999999999999,241.07,2.642733
2019/03/10 09:00,11.3,978.299988,1.0,60,41,37.439999,15.16,13.81,979.15,13.14,288.34,238.96,34.43000000000001,204.53,0.8667030000000001
2019/03/10 09:15,11.3,978.299988,0.7,110,29,28.799999,14.48,14.68,979.43,13.19,286.28,182.09,30.64000000000001,151.45,0.539913
2019/03/10 09:30,11.3,978.299988,1.2,198,31,31.68,14.12,15.55,979.53,12.31,287.76,144.05,27.590000000000018,116.46,0.681996
2019/03/10 09:45,11.3,979.400024,0.7,144,37,34.560001,13.66,16.7,979.6,11.42,293.74,87.08,21.58,65.5,0.696204
2019/03/10 10:00,11.3,979.400024,1.7,137,19,17.280001000000002,13.13,17.29,979.7,10.73,301.98,51.57,16.18,35.39,0.326789
2019/03/10 10:15,11.3,979.400024,0.3,166,0,8.64,12.48,18.17,979.81,10.23,306.71,7.54,4.45,3.09,0.0
2019/03/10 10:30,11.3,979.400024,1.0,269,0,0.0,11.95,20.45,979.93,9.85,306.43,0.0,0.0,0.0,0.0
2019/03/10 10:45,10.2,979.400024,0.0,114,0,0.0,11.5,22.64,980.13,9.29,304.44,0.0,0.0,0.0,0.0
2019/03/10 11:00,10.2,979.400024,3.1,117,0,0.0,11.05,23.64,980.24,8.43,302.29,0.0,0.0,0.0,0.0
2019/03/10 11:15,11.3,980.5,1.6,139,0,0.0,10.6,24.42,980.25,7.37,301.05,0.0,0.0,0.0,0.0
2019/03/10 11:30,11.3,980.5,2.2,169,0,0.0,10.15,25.36,980.28,6.32,298.71,0.0,0.0,0.0,0.0
2019/03/10 11:45,11.3,980.5,1.8,127,0,0.0,9.78,26.18,980.33,5.61,294.85,0.0,0.0,0.0,0.0
2019/03/10 12:00,11.3,980.5,1.7,167,0,0.0,9.49,26.85,980.37,5.36,292.04,0.0,0.0,0.0,0.0
2019/03/10 12:15,11.3,980.5,0.9,354,0,0.0,9.34,27.56,980.44,5.49,293.01,0.0,0.0,0.0,0.0
2019/03/10 12:30,11.3,980.5,1.9,270,0,0.0,9.25,28.86,980.46,5.78,296.06,0.0,0.0,0.0,0.0
2019/03/10 12:45,11.3,980.5,1.2,97,0,0.0,9.14,30.68,980.51,5.97,299.23,0.0,0.0,0.0,0.0
2019/03/10 13:00,11.3,980.5,2.9,143,0,0.0,8.94,32.45,980.66,5.89,304.63,0.0,0.0,0.0,0.0
2019/03/10 13:15,10.2,980.5,1.9,85,0,0.0,8.63,34.23,980.84,5.66,311.93,0.0,0.0,0.0,0.0
2019/03/10 13:30,10.2,980.5,0.6,80,0,0.0,8.25,36.34,980.98,5.55,320.18,0.0,0.0,0.0,0.0
2019/03/10 13:45,10.2,980.5,0.3,74,0,0.0,7.93,38.69,980.97,5.72,324.2,0.0,0.0,0.0,0.0
2019/03/10 14:00,10.2,981.599976,1.6,153,0,0.0,7.74,40.88,980.98,6.25,322.35,0.0,0.0,0.0,0.0
2019/03/10 14:15,10.2,981.599976,0.8,103,0,0.0,7.71,42.93,981.06,7.09,316.22,0.0,0.0,0.0,0.0
2019/03/10 14:30,10.2,981.599976,0.4,91,0,0.0,7.82,44.98,981.18,8.05,309.47,0.0,0.0,0.0,0.0
2019/03/10 14:45,10.2,981.599976,1.7,152,0,0.0,8.01,46.34,981.29,8.7,305.65,0.0,0.0,0.0,0.0
2019/03/10 15:00,10.2,981.599976,1.6,109,0,0.0,8.0,47.12,981.39,8.85,303.81,0.0,0.0,0.0,0.0
2019/03/10 15:15,10.2,981.599976,0.0,326,0,0.0,7.87,47.43,981.56,8.86,303.35,0.0,0.0,0.0,0.0
2019/03/10 15:30,10.2,981.599976,0.4,84,0,0.0,7.87,46.66,981.83,9.08,307.42,0.0,0.0,0.0,0.0
2019/03/10 15:45,10.2,981.599976,0.7,64,0,0.0,8.09,44.36,982.22,9.37,319.14,0.0,0.0,0.0,0.0
2019/03/10 16:00,9.1,981.599976,0.5,65,0,0.0,8.16,35.58,983.19,10.94,310.57,0.0,0.0,0.0,0.0
2019/03/10 16:15,9.1,981.599976,1.7,138,0,0.0,7.99,35.08,983.39,10.64,308.63,0.0,0.0,0.0,0.0
2019/03/10 16:30,9.1,981.599976,0.7,79,0,0.0,7.8,34.23,983.71,10.31,307.25,0.0,0.0,0.0,0.0
2019/03/10 16:45,9.1,981.599976,1.3,56,0,0.0,7.57,32.94,983.66,10.03,306.2,0.0,0.0,0.0,0.0
2019/03/10 17:00,9.1,981.599976,0.7,338,0,0.0,7.38,31.0,983.77,9.83,305.94,0.0,0.0,0.0,0.0
2019/03/10 17:15,9.1,981.599976,0.6,42,0,0.0,7.2,28.79,983.85,9.65,305.92,0.0,0.0,0.0,0.0
2019/03/10 17:30,9.1,981.599976,0.7,33,0,0.0,7.02,26.85,983.75,9.44,305.85,0.0,0.0,0.0,0.0
2019/03/10 17:45,9.1,981.599976,0.5,103,0,0.0,6.84,25.56,983.68,9.18,304.96,0.0,0.0,0.0,0.0
2019/03/10 18:00,8.0,981.599976,1.6,53,0,0.0,6.69,24.91,983.64,8.88,303.79,0.0,0.0,0.0,0.0
2019/03/10 18:15,8.0,981.599976,0.5,72,0,0.0,6.55,24.83,983.78,8.56,301.79,0.0,0.0,0.0,0.0
2019/03/10 18:30,8.0,981.599976,0.5,108,0,0.0,6.41,25.18,983.8,8.23,299.37,0.0,0.0,0.0,0.0
2019/03/10 18:45,8.0,981.599976,1.2,132,0,0.0,6.28,25.81,983.68,7.94,296.65,0.0,0.0,0.0,0.0
2019/03/10 19:00,8.0,981.599976,1.1,85,0,0.0,6.18,26.53,983.63,7.74,294.11,0.0,0.0,0.0,0.0
2019/03/11 08:00,16.700001,977.200012,2.4,150,238,79.199997,16.19,12.19,979.84,10.02,308.27,430.59,43.67999999999995,386.91,7.615616999999999
2019/03/11 08:15,16.700001,977.200012,2.6,116,414,41.759998,16.1,12.37,979.94,9.96,308.57,377.35,41.52000000000004,335.83,8.326029
2019/03/11 08:30,17.799999,977.200012,2.2,347,304,34.560001,15.97,12.57,979.88,9.93,308.55,340.54,39.900000000000034,300.64,7.047287
2019/03/11 08:45,17.799999,977.200012,1.8,252,144,33.119999,15.79,12.77,979.8,9.86,308.42,283.78,37.089999999999975,246.69,5.7401290000000005
2019/03/11 09:00,16.700001,977.200012,0.8,70,58,28.799999,15.61,12.97,979.74,9.74,308.23,245.17,34.92999999999998,210.24,4.589262000000001
2019/03/11 09:15,16.700001,977.200012,0.7,331,48,25.92,15.34,13.24,979.66,9.51,308.19,186.67,31.069999999999997,155.6,3.367353
2019/03/11 09:30,16.700001,977.200012,0.0,279,34,20.16,15.07,13.48,979.58,9.15,308.25,147.78,27.950000000000003,119.83,2.188069
2019/03/11 09:45,16.700001,977.200012,3.0,7,24,15.84,14.67,13.82,979.55,8.61,308.2,90.75,22.0,68.75,1.122451
2019/03/11 10:00,16.700001,977.200012,1.4,125,12,10.08,14.2,14.24,979.55,7.97,307.77,54.85,16.68,38.17,0.397831
2019/03/11 10:15,15.7,977.200012,1.9,96,0,0.0,13.53,14.86,979.58,7.35,306.86,9.5,5.21,4.29,0.0
2019/03/11 10:30,15.7,977.200012,0.3,33,0,0.0,12.9,15.48,979.64,6.84,305.62,0.0,0.0,0.0,0.0
2019/03/11 10:45,15.7,977.200012,2.9,97,0,0.0,12.4,16.03,979.81,6.5,304.27,0.0,0.0,0.0,0.0
2019/03/11 11:00,15.7,977.200012,3.2,151,0,0.0,11.97,16.53,980.08,6.28,302.98,0.0,0.0,0.0,0.0
2019/03/11 11:15,15.7,978.299988,0.0,69,0,0.0,11.56,17.02,980.35,6.13,301.83,0.0,0.0,0.0,0.0
2019/03/11 11:30,15.7,978.299988,1.1,53,0,0.0,11.17,17.51,980.69,5.99,301.0,0.0,0.0,0.0,0.0
2019/03/11 11:45,14.6,978.299988,2.9,138,0,0.0,10.77,18.04,981.01,5.84,300.87,0.0,0.0,0.0,0.0
2019/03/11 12:00,13.5,978.299988,0.6,47,0,0.0,10.36,18.61,981.26,5.66,301.01,0.0,0.0,0.0,0.0
2019/03/11 12:15,13.5,978.299988,0.6,108,0,0.0,9.97,19.19,981.55,5.51,301.06,0.0,0.0,0.0,0.0
2019/03/11 12:30,13.5,978.299988,0.6,121,0,0.0,9.61,19.73,981.85,5.39,300.77,0.0,0.0,0.0,0.0
2019/03/11 12:45,13.5,978.299988,0.6,94,0,0.0,9.3,20.18,982.12,5.32,299.88,0.0,0.0,0.0,0.0
2019/03/11 13:00,13.5,978.299988,0.6,109,0,0.0,9.04,20.57,982.33,5.35,299.18,0.0,0.0,0.0,0.0
2019/03/11 13:15,12.4,978.299988,0.6,117,0,0.0,8.8,20.97,982.52,5.47,300.22,0.0,0.0,0.0,0.0
2019/03/11 13:30,12.4,978.299988,1.2,119,0,0.0,8.52,21.58,982.76,5.65,306.74,0.0,0.0,0.0,0.0
2019/03/11 13:45,12.4,978.299988,1.5,83,0,0.0,8.25,22.41,982.96,5.84,316.46,0.0,0.0,0.0,0.0
2019/03/11 14:00,13.5,979.400024,0.4,86,0,0.0,8.17,23.28,983.13,5.97,325.83,0.0,0.0,0.0,0.0
2019/03/11 14:15,12.4,979.400024,2.0,91,0,0.0,7.91,24.98,983.38,5.93,332.74,0.0,0.0,0.0,0.0
2019/03/11 14:30,13.5,979.400024,0.0,103,0,0.0,7.54,26.85,983.66,5.84,338.14,0.0,0.0,0.0,0.0
2019/03/11 14:45,13.5,979.400024,0.0,74,0,0.0,7.19,28.41,983.9,5.83,343.27,0.0,0.0,0.0,0.0
2019/03/11 15:00,13.5,979.400024,2.1,211,0,0.0,6.87,29.64,984.11,5.86,347.64,0.0,0.0,0.0,0.0
2019/03/11 15:15,13.5,979.400024,1.0,45,0,0.0,6.53,30.99,984.38,5.77,352.0,0.0,0.0,0.0,0.0
2019/03/11 15:30,13.5,979.400024,0.6,34,0,0.0,6.12,32.75,984.7,5.51,356.71,0.0,0.0,0.0,0.0
2019/03/11 15:45,12.4,979.400024,1.0,63,0,0.0,5.7,34.73,985.06,5.14,1.5,0.0,0.0,0.0,0.0
2019/03/11 16:00,12.4,980.5,1.0,243,0,0.0,7.35,27.55,983.37,5.88,327.78,0.0,0.0,0.0,0.0
2019/03/11 16:15,12.4,980.5,1.5,141,0,0.0,7.16,27.81,983.78,5.55,335.94,0.0,0.0,0.0,0.0
2019/03/11 16:30,12.4,980.5,2.4,250,0,0.0,6.8,28.5,984.36,5.09,344.6,0.0,0.0,0.0,0.0
2019/03/11 16:45,12.4,980.5,2.4,154,0,0.0,6.35,29.5,984.77,4.55,354.18,0.0,0.0,0.0,0.0
2019/03/11 17:00,12.4,980.5,1.3,152,0,0.0,5.96,30.45,985.11,4.05,4.68,0.0,0.0,0.0,0.0
2019/03/11 17:15,11.3,981.599976,0.0,213,0,0.0,5.61,31.42,985.48,3.64,18.23,0.0,0.0,0.0,0.0
2019/03/11 17:30,10.2,981.599976,1.1,147,0,0.0,5.27,32.37,985.7,3.4,32.44,0.0,0.0,0.0,0.0
2019/03/11 17:45,10.2,981.599976,1.0,72,0,0.0,4.9,33.33,985.99,3.25,45.69,0.0,0.0,0.0,0.0
2019/03/11 18:00,10.2,981.599976,0.0,297,0,0.0,4.53,34.21,986.2,3.12,54.0,0.0,0.0,0.0,0.0
2019/03/11 18:15,9.1,981.599976,0.7,208,0,0.0,4.17,34.96,986.26,2.97,57.1,0.0,0.0,0.0,0.0
2019/03/11 18:30,9.1,981.599976,2.1,148,0,0.0,3.86,35.46,986.37,2.88,55.8,0.0,0.0,0.0,0.0
2019/03/11 18:45,10.2,981.599976,0.0,199,0,0.0,3.59,35.7,986.46,2.84,52.97,0.0,0.0,0.0,0.0
2019/03/11 19:00,8.0,982.700012,0.5,116,0,0.0,3.33,35.86,986.49,2.76,50.4,0.0,0.0,0.0,0.0
2019/03/12 08:00,14.6,982.700012,3.0,321,522,20.879999,12.07,7.59,985.03,9.19,300.57,448.21,44.089999999999975,404.12,10.05943
2019/03/12 08:15,14.6,982.700012,1.7,30,472,20.16,12.07,7.6,985.06,9.15,301.85,393.76,41.920000000000016,351.84,9.008024
2019/03/12 08:30,14.6,982.700012,3.0,66,325,18.719999,12.07,7.67,985.01,9.02,303.38,356.0,40.30000000000001,315.7,7.700866
2019/03/12 08:45,13.5,982.700012,0.6,133,282,18.719999,12.0,7.81,984.96,8.8,305.19,297.58,37.5,260.08,6.251626
2019/03/12 09:00,13.5,982.700012,0.5,112,44,18.719999,11.93,7.97,984.97,8.47,307.13,257.77,35.329999999999984,222.44,4.916051
2019/03/12 09:15,13.5,982.700012,1.0,77,34,17.280001000000002,11.78,8.19,984.98,8.02,309.16,197.41,31.5,165.91,3.55206
2019/03/12 09:30,12.4,982.700012,0.5,128,28,14.4,11.62,8.46,984.99,7.41,311.07,157.18,28.40000000000001,128.78,2.386984
2019/03/12 09:45,12.4,982.700012,0.0,203,20,12.96,11.31,8.94,985.01,6.59,312.84,98.01,22.510000000000005,75.5,1.435032
2019/03/12 10:00,12.4,982.700012,0.0,345,10,8.64,10.85,9.72,985.05,5.6,314.43,60.54,17.299999999999997,43.24,0.696204
2019/03/12 10:15,12.4,982.700012,0.0,138,0,0.0,10.04,10.8,985.11,4.65,315.34,12.13,6.0200000000000005,6.11,0.170499
2019/03/12 10:30,12.4,982.700012,0.6,132,0,0.0,9.33,11.77,985.23,3.98,314.3,0.0,0.0,0.0,0.0
2019/03/12 10:45,11.3,982.700012,0.7,118,0,0.0,8.82,12.61,985.48,3.63,311.43,0.0,0.0,0.0,0.0
2019/03/12 11:00,11.3,983.799988,0.7,74,0,0.0,8.37,13.4,985.85,3.49,306.93,0.0,0.0,0.0,0.0
2019/03/12 11:15,11.3,983.799988,0.7,49,0,0.0,7.95,14.14,986.24,3.52,302.33,0.0,0.0,0.0,0.0
2019/03/12 11:30,11.3,983.799988,0.7,95,0,0.0,7.52,14.82,986.63,3.7,298.73,0.0,0.0,0.0,0.0
2019/03/12 11:45,11.3,983.799988,0.7,129,0,0.0,7.11,15.42,986.98,3.91,297.18,0.0,0.0,0.0,0.0
2019/03/12 12:00,10.2,983.799988,0.7,119,0,0.0,6.73,15.92,987.28,4.1,297.52,0.0,0.0,0.0,0.0
2019/03/12 12:15,10.2,984.900024,0.6,94,0,0.0,6.41,16.33,987.58,4.31,298.84,0.0,0.0,0.0,0.0
2019/03/12 12:30,10.2,984.900024,0.6,107,0,0.0,6.18,16.63,987.85,4.56,300.07,0.0,0.0,0.0,0.0
2019/03/12 12:45,9.1,984.900024,0.6,88,0,0.0,5.98,16.91,988.1,4.81,300.82,0.0,0.0,0.0,0.0
2019/03/12 13:00,10.2,984.900024,0.7,184,0,0.0,5.82,17.16,988.32,4.99,301.44,0.0,0.0,0.0,0.0
2019/03/12 13:15,8.0,986.0,0.7,87,0,0.0,5.65,17.46,988.52,5.11,302.17,0.0,0.0,0.0,0.0
2019/03/12 13:30,8.0,986.0,0.7,25,0,0.0,5.48,17.8,988.66,5.21,302.98,0.0,0.0,0.0,0.0
2019/03/12 13:45,8.0,986.0,2.0,125,0,0.0,5.33,18.18,988.69,5.33,303.4,0.0,0.0,0.0,0.0
2019/03/12 14:00,9.1,986.0,1.1,53,0,0.0,5.19,18.58,988.67,5.47,303.38,0.0,0.0,0.0,0.0
2019/03/12 14:15,8.0,986.0,0.0,107,0,0.0,5.08,19.0,988.78,5.61,303.05,0.0,0.0,0.0,0.0
2019/03/12 14:30,6.9,986.0,1.0,144,0,0.0,4.98,19.42,988.93,5.72,302.33,0.0,0.0,0.0,0.0
2019/03/12 14:45,5.8,987.099976,1.0,26,0,0.0,4.87,19.86,989.07,5.82,301.41,0.0,0.0,0.0,0.0
2019/03/12 15:00,5.8,987.099976,1.0,5,0,0.0,4.76,20.33,989.23,5.9,300.36,0.0,0.0,0.0,0.0
2019/03/12 15:15,5.8,987.099976,1.0,354,0,0.0,4.66,20.81,989.41,5.96,299.49,0.0,0.0,0.0,0.0
2019/03/12 15:30,5.8,987.099976,1.0,191,0,0.0,4.57,21.27,989.61,6.01,298.99,0.0,0.0,0.0,0.0
2019/03/12 15:45,5.8,987.099976,1.0,128,0,0.0,4.48,21.71,989.83,6.03,298.83,0.0,0.0,0.0,0.0
2019/03/12 16:00,5.8,987.099976,1.0,47,0,0.0,5.12,18.7,988.99,5.93,301.7,0.0,0.0,0.0,0.0
2019/03/12 16:15,4.7,987.099976,1.0,127,0,0.0,4.93,19.47,989.17,5.73,301.65,0.0,0.0,0.0,0.0
2019/03/12 16:30,4.7,987.099976,1.0,68,0,0.0,4.76,20.22,989.04,5.68,300.37,0.0,0.0,0.0,0.0
2019/03/12 16:45,5.8,987.099976,1.0,84,0,0.0,4.63,20.91,989.05,5.71,299.12,0.0,0.0,0.0,0.0
2019/03/12 17:00,4.7,987.099976,1.0,165,0,0.0,4.53,21.47,989.25,5.7,299.19,0.0,0.0,0.0,0.0
2019/03/12 17:15,4.7,987.099976,1.9,92,0,0.0,4.38,22.08,989.4,5.56,299.53,0.0,0.0,0.0,0.0
2019/03/12 17:30,5.8,987.099976,1.8,80,0,0.0,4.15,22.8,989.62,5.28,299.51,0.0,0.0,0.0,0.0
2019/03/12 17:45,5.8,987.099976,1.8,115,0,0.0,3.86,23.65,989.64,4.94,300.0,0.0,0.0,0.0,0.0
2019/03/12 18:00,5.8,987.099976,0.7,162,0,0.0,3.57,24.49,989.91,4.61,300.78,0.0,0.0,0.0,0.0
2019/03/12 18:15,3.7,987.099976,0.8,81,0,0.0,3.28,25.35,989.96,4.27,301.3,0.0,0.0,0.0,0.0
2019/03/12 18:30,3.7,987.099976,1.7,104,0,0.0,3.01,26.13,990.16,3.85,299.47,0.0,0.0,0.0,0.0
2019/03/12 18:45,4.7,987.099976,0.7,6,0,0.0,2.78,26.78,990.33,3.41,294.18,0.0,0.0,0.0,0.0
2019/03/12 19:00,3.7,987.099976,1.7,177,0,0.0,2.57,27.28,990.36,3.06,285.35,0.0,0.0,0.0,0.0
2019/03/13 08:00,17.799999,984.900024,2.4,121,482,29.52,15.98,10.54,987.62,6.87,290.62,440.77,44.20999999999998,396.56,9.618979
2019/03/13 08:15,17.799999,984.900024,0.0,113,436,28.08,16.11,10.41,987.57,7.04,292.38,387.2,42.05000000000001,345.15,8.510736
2019/03/13 08:30,17.799999,984.900024,1.1,139,301,28.08,16.15,10.3,987.47,7.26,296.29,350.28,40.41999999999996,309.86,7.317244
2019/03/13 08:45,17.799999,984.900024,0.3,182,306,26.639999,16.09,10.3,987.38,7.21,300.13,293.19,37.650000000000006,255.54,6.13796
2019/03/13 09:00,17.799999,984.900024,1.0,101,49,23.76,16.06,10.34,987.28,6.95,303.5,254.19,35.5,218.69,4.84501
2019/03/13 09:15,16.700001,984.900024,2.1,87,41,20.879999,15.94,10.48,987.18,6.64,305.8,195.03,31.680000000000007,163.35,3.679934
2019/03/13 09:30,16.700001,984.900024,0.7,261,33,19.440001,15.77,10.74,987.13,6.26,308.18,155.65,28.63000000000001,127.02,2.443817
2019/03/13 09:45,16.700001,984.900024,1.3,123,23,16.559998999999998,15.36,11.29,987.12,5.82,311.98,97.78,22.840000000000003,74.94,1.420824
2019/03/13 10:00,16.700001,984.900024,1.0,117,15,12.24,14.77,12.08,987.14,5.47,316.04,61.12,17.71,43.41,0.625163
2019/03/13 10:15,16.700001,984.900024,0.9,57,0,0.0,13.92,12.98,987.2,5.34,318.63,13.64,6.710000000000001,6.93,0.0
2019/03/13 10:30,15.7,984.900024,0.9,65,0,0.0,13.27,13.6,987.28,5.34,318.32,0.0,0.0,0.0,0.0
2019/03/13 10:45,15.7,984.900024,1.3,104,0,0.0,12.79,14.24,987.44,5.29,315.67,0.0,0.0,0.0,0.0
2019/03/13 11:00,14.6,984.900024,0.0,76,0,0.0,12.39,14.93,987.65,5.18,311.58,0.0,0.0,0.0,0.0
2019/03/13 11:15,14.6,984.900024,0.0,34,0,0.0,12.03,15.6,987.82,5.16,307.47,0.0,0.0,0.0,0.0
2019/03/13 11:30,13.5,986.0,0.0,134,0,0.0,11.72,16.23,988.04,5.25,303.8,0.0,0.0,0.0,0.0
2019/03/13 11:45,13.5,986.0,0.0,59,0,0.0,11.4,16.9,988.25,5.32,301.04,0.0,0.0,0.0,0.0
2019/03/13 12:00,13.5,986.0,0.0,112,0,0.0,11.0,17.68,988.42,5.32,299.77,0.0,0.0,0.0,0.0
2019/03/13 12:15,12.4,986.0,0.0,182,0,0.0,10.55,18.59,988.6,5.38,300.28,0.0,0.0,0.0,0.0
2019/03/13 12:30,13.5,986.0,0.3,100,0,0.0,10.1,19.58,988.8,5.55,302.12,0.0,0.0,0.0,0.0
2019/03/13 12:45,13.5,986.0,1.4,108,0,0.0,9.72,20.46,989.02,5.72,303.34,0.0,0.0,0.0,0.0
2019/03/13 13:00,13.5,986.0,1.3,77,0,0.0,9.44,21.12,989.2,5.8,302.73,0.0,0.0,0.0,0.0
2019/03/13 13:15,13.5,986.0,1.4,74,0,0.0,9.19,21.6,989.37,5.77,300.41,0.0,0.0,0.0,0.0
2019/03/13 13:30,13.5,986.0,1.4,76,0,0.0,8.93,22.07,989.49,5.72,297.18,0.0,0.0,0.0,0.0
2019/03/13 13:45,12.4,986.0,1.4,105,0,0.0,8.67,22.51,989.46,5.7,293.33,0.0,0.0,0.0,0.0
2019/03/13 14:00,12.4,987.099976,0.0,120,0,0.0,8.44,22.9,989.41,5.8,290.52,0.0,0.0,0.0,0.0
2019/03/13 14:15,13.5,987.099976,0.0,122,0,0.0,8.32,23.08,989.44,5.97,290.05,0.0,0.0,0.0,0.0
2019/03/13 14:30,10.2,987.099976,1.2,148,0,0.0,8.22,23.22,989.52,6.11,290.1,0.0,0.0,0.0,0.0
2019/03/13 14:45,10.2,987.099976,1.0,37,0,0.0,8.11,23.38,989.54,6.17,289.95,0.0,0.0,0.0,0.0
2019/03/13 15:00,9.1,987.099976,1.0,129,0,0.0,7.97,23.62,989.52,6.2,289.52,0.0,0.0,0.0,0.0
2019/03/13 15:15,9.1,987.099976,1.0,149,0,0.0,7.82,23.92,989.52,6.24,289.31,0.0,0.0,0.0,0.0
2019/03/13 15:30,8.0,987.099976,1.0,119,0,0.0,7.68,24.2,989.56,6.3,289.58,0.0,0.0,0.0,0.0
2019/03/13 15:45,8.0,987.099976,1.0,67,0,0.0,7.56,24.45,989.64,6.45,290.88,0.0,0.0,0.0,0.0
2019/03/13 16:00,9.1,987.099976,1.0,132,0,0.0,7.64,24.54,988.89,5.98,294.73,0.0,0.0,0.0,0.0
2019/03/13 16:15,9.1,987.099976,1.0,38,0,0.0,7.3,25.42,989.04,5.69,291.79,0.0,0.0,0.0,0.0
2019/03/13 16:30,8.0,987.099976,1.0,127,0,0.0,6.93,26.37,989.3,5.34,289.02,0.0,0.0,0.0,0.0
2019/03/13 16:45,8.0,987.099976,1.0,54,0,0.0,6.52,27.42,989.18,4.95,287.08,0.0,0.0,0.0,0.0
2019/03/13 17:00,8.0,987.099976,1.0,334,0,0.0,6.13,28.39,989.1,4.58,286.81,0.0,0.0,0.0,0.0
2019/03/13 17:15,8.0,987.099976,1.0,107,0,0.0,5.83,29.12,989.17,4.26,286.39,0.0,0.0,0.0,0.0
2019/03/13 17:30,8.0,987.099976,1.0,62,0,0.0,5.63,29.53,989.45,3.97,287.21,0.0,0.0,0.0,0.0
2019/03/13 17:45,9.1,987.099976,1.0,108,0,0.0,5.52,29.62,989.55,3.72,289.55,0.0,0.0,0.0,0.0
2019/03/13 18:00,6.9,987.099976,1.6,128,0,0.0,5.44,29.55,989.35,3.62,292.84,0.0,0.0,0.0,0.0
2019/03/13 18:15,6.9,987.099976,0.0,82,0,0.0,5.39,29.4,989.37,3.62,295.82,0.0,0.0,0.0,0.0
2019/03/13 18:30,5.8,987.099976,0.0,138,0,0.0,5.33,29.24,989.32,3.61,298.05,0.0,0.0,0.0,0.0
2019/03/13 18:45,5.8,987.099976,0.0,139,0,0.0,5.26,29.11,989.29,3.58,297.87,0.0,0.0,0.0,0.0
2019/03/13 19:00,5.8,987.099976,0.0,121,0,0.0,5.15,29.11,989.29,3.51,294.87,0.0,0.0,0.0,0.0
2019/03/14 08:00,17.799999,984.900024,2.6,312,481,62.639999,15.52,12.72,987.77,9.8,321.17,442.48,44.31,398.17,9.860518
2019/03/14 08:15,17.799999,984.900024,1.0,268,417,50.400002,15.42,12.81,987.9,9.94,320.97,389.12,42.170000000000016,346.95,8.254988
2019/03/14 08:30,17.799999,984.900024,0.5,127,301,41.759998,15.31,12.8,987.92,10.09,321.3,352.3,40.56999999999999,311.73,7.175161
2019/03/14 08:45,17.799999,984.900024,3.2,174,283,36.0,15.14,12.79,987.95,10.19,322.46,295.43,37.80000000000001,257.63,5.89642
2019/03/14 09:00,16.700001,986.0,1.5,35,66,34.560001,14.97,12.84,988.01,10.2,324.08,256.66,35.690000000000026,220.97,4.688719
2019/03/14 09:15,16.700001,986.0,0.7,137,50,28.799999,14.72,13.09,988.06,10.09,325.56,197.67,31.92999999999998,165.74,3.608893
2019/03/14 09:30,16.700001,986.0,0.6,102,38,23.040001,14.47,13.53,988.14,9.79,326.4,158.21,28.90000000000001,129.31,2.358568
2019/03/14 09:45,16.700001,986.0,1.9,263,26,17.280001000000002,14.13,14.23,988.22,9.3,326.14,100.13,23.19,76.94,1.420824
2019/03/14 10:00,15.7,987.099976,1.1,74,16,12.96,13.75,15.09,988.3,8.69,325.3,63.37,18.16,45.21,0.681996
2019/03/14 10:15,15.7,987.099976,1.3,74,0,7.2,13.18,16.03,988.39,8.0,324.65,15.54,7.399999999999999,8.14,0.198915
2019/03/14 10:30,15.7,987.099976,2.8,139,0,0.0,12.58,16.93,988.47,7.22,323.87,0.0,0.0,0.0,0.0
2019/03/14 10:45,15.7,987.099976,0.0,86,0,0.0,12.04,17.81,988.61,6.41,322.3,0.0,0.0,0.0,0.0
2019/03/14 11:00,15.7,988.200012,0.8,109,0,0.0,11.54,18.68,988.84,5.7,319.7,0.0,0.0,0.0,0.0
2019/03/14 11:15,14.6,988.200012,1.2,156,0,0.0,11.05,19.53,989.09,5.14,315.98,0.0,0.0,0.0,0.0
2019/03/14 11:30,14.6,988.200012,1.2,127,0,0.0,10.61,20.3,989.37,4.76,311.26,0.0,0.0,0.0,0.0
2019/03/14 11:45,14.6,988.200012,1.8,119,0,0.0,10.23,20.95,989.61,4.53,306.18,0.0,0.0,0.0,0.0
2019/03/14 12:00,13.5,989.299988,0.8,117,0,0.0,9.91,21.45,989.82,4.42,302.0,0.0,0.0,0.0,0.0
2019/03/14 12:15,13.5,989.299988,0.8,112,0,0.0,9.64,21.9,990.03,4.35,299.32,0.0,0.0,0.0,0.0
2019/03/14 12:30,13.5,989.299988,1.1,41,0,0.0,9.38,22.36,990.24,4.26,297.95,0.0,0.0,0.0,0.0
2019/03/14 12:45,13.5,989.299988,1.5,85,0,0.0,9.12,22.92,990.41,4.18,296.22,0.0,0.0,0.0,0.0
2019/03/14 13:00,13.5,989.299988,0.0,130,0,0.0,8.84,23.61,990.56,4.24,292.56,0.0,0.0,0.0,0.0
2019/03/14 13:15,13.5,989.299988,0.0,91,0,0.0,8.56,24.39,990.72,4.39,289.46,0.0,0.0,0.0,0.0
2019/03/14 13:30,12.4,989.299988,0.0,62,0,0.0,8.29,25.22,990.85,4.49,289.43,0.0,0.0,0.0,0.0
2019/03/14 13:45,12.4,989.299988,0.3,96,0,0.0,8.01,26.06,990.84,4.53,290.0,0.0,0.0,0.0,0.0
2019/03/14 14:00,12.4,989.299988,1.1,89,0,0.0,7.76,26.87,990.85,4.61,289.32,0.0,0.0,0.0,0.0
2019/03/14 14:15,12.4,989.299988,0.3,33,0,0.0,7.57,27.56,990.95,4.71,289.23,0.0,0.0,0.0,0.0
2019/03/14 14:30,12.4,989.299988,0.3,113,0,0.0,7.44,28.07,991.06,4.81,290.08,0.0,0.0,0.0,0.0
2019/03/14 14:45,12.4,989.299988,0.3,95,0,0.0,7.33,28.46,991.12,4.9,291.18,0.0,0.0,0.0,0.0
2019/03/14 15:00,12.4,989.299988,0.0,113,0,0.0,7.21,28.82,991.19,4.99,291.58,0.0,0.0,0.0,0.0
2019/03/14 15:15,12.4,989.299988,0.0,121,0,0.0,7.07,29.19,991.28,5.02,290.86,0.0,0.0,0.0,0.0
2019/03/14 15:30,12.4,989.299988,0.0,66,0,0.0,6.92,29.54,991.41,4.99,289.74,0.0,0.0,0.0,0.0
2019/03/14 15:45,12.4,989.299988,0.0,45,0,0.0,6.77,29.9,991.57,4.93,288.15,0.0,0.0,0.0,0.0
2019/03/14 16:00,11.3,989.299988,0.0,103,0,0.0,7.38,24.19,990.67,4.63,286.69,0.0,0.0,0.0,0.0
2019/03/14 16:15,11.3,989.299988,0.7,80,0,0.0,7.38,24.27,990.81,4.81,287.94,0.0,0.0,0.0,0.0
2019/03/14 16:30,10.2,989.299988,1.0,18,0,0.0,7.38,24.31,991.0,4.95,287.48,0.0,0.0,0.0,0.0
2019/03/14 16:45,10.2,989.299988,1.0,128,0,0.0,7.31,24.47,991.01,5.05,285.81,0.0,0.0,0.0,0.0
2019/03/14 17:00,10.2,989.299988,1.1,77,0,0.0,7.18,24.81,990.98,5.1,282.43,0.0,0.0,0.0,0.0
2019/03/14 17:15,10.2,989.299988,0.8,43,0,0.0,7.03,25.24,991.03,5.09,278.15,0.0,0.0,0.0,0.0
2019/03/14 17:30,10.2,989.299988,0.8,58,0,0.0,6.85,25.73,991.18,5.02,272.93,0.0,0.0,0.0,0.0
2019/03/14 17:45,10.2,989.299988,0.9,121,0,0.0,6.64,26.3,990.99,4.93,267.47,0.0,0.0,0.0,0.0
2019/03/14 18:00,10.2,989.299988,2.0,122,0,0.0,6.48,26.8,990.85,4.89,264.2,0.0,0.0,0.0,0.0
2019/03/14 18:15,10.2,989.299988,2.2,142,0,0.0,6.35,27.24,990.72,4.89,262.65,0.0,0.0,0.0,0.0
2019/03/14 18:30,9.1,989.299988,1.8,130,0,0.0,6.26,27.63,990.84,4.99,261.68,0.0,0.0,0.0,0.0
2019/03/14 18:45,9.1,989.299988,2.2,82,0,0.0,6.18,28.01,990.82,5.18,262.07,0.0,0.0,0.0,0.0
2019/03/14 19:00,9.1,989.299988,1.7,128,0,0.0,6.15,28.31,990.86,5.43,263.0,0.0,0.0,0.0,0.0
2019/03/15 08:00,16.700001,984.799988,1.3,254,433,47.52,15.58,17.69,987.95,7.86,150.79,440.11,44.38,395.73,8.837525
2019/03/15 08:15,16.700001,984.799988,1.9,266,392,45.360001,15.61,17.75,987.73,8.12,151.9,387.37,42.25,345.12,7.729283000000001
2019/03/15 08:30,16.700001,984.799988,1.3,343,277,41.040001,15.67,17.82,987.43,8.35,153.1,350.87,40.64999999999998,310.22,6.606832000000001
2019/03/15 08:45,16.700001,984.799988,1.8,234,259,38.16,15.63,18.1,987.16,8.57,153.72,294.48,37.900000000000034,256.58,5.455964
2019/03/15 09:00,16.700001,984.799988,1.8,210,68,34.560001,15.54,18.39,986.93,8.72,155.1,256.06,35.80000000000001,220.26,4.376138
2019/03/15 09:15,16.700001,984.799988,2.0,195,54,30.24,15.4,18.74,986.72,8.74,157.04,197.74,32.08000000000001,165.66,3.253687
2019/03/15 09:30,16.700001,984.799988,1.0,222,42,24.48,15.17,19.32,986.53,8.66,157.29,158.85,29.099999999999994,129.75,2.188069
2019/03/15 09:45,16.700001,984.799988,1.5,170,30,20.16,14.78,20.04,986.35,8.5,157.68,101.6,23.47999999999999,78.12,1.349783
2019/03/15 10:00,15.7,984.799988,1.0,159,18,14.4,14.39,20.7,986.19,8.19,159.14,65.21,18.569999999999997,46.64,0.653579
2019/03/15 10:15,15.7,984.799988,1.0,293,0,8.64,13.86,21.54,986.08,7.65,160.26,17.39,8.07,9.32,0.2131239999999999
2019/03/15 10:30,15.7,984.799988,1.0,306,0,0.0,13.26,22.59,986.04,6.9,161.42,0.0,0.0,0.0,0.0
2019/03/15 10:45,14.6,984.799988,1.0,101,0,0.0,12.78,23.54,986.07,6.06,164.74,0.0,0.0,0.0,0.0
2019/03/15 11:00,13.5,984.799988,1.0,142,0,0.0,12.38,24.31,986.19,5.09,171.97,0.0,0.0,0.0,0.0
2019/03/15 11:15,13.5,984.799988,1.0,338,0,0.0,11.91,25.33,986.28,4.06,186.38,0.0,0.0,0.0,0.0
2019/03/15 11:30,13.5,984.799988,1.0,15,0,0.0,11.47,26.33,986.42,3.33,213.07,0.0,0.0,0.0,0.0
2019/03/15 11:45,12.4,984.799988,1.0,76,0,0.0,11.19,26.95,986.53,3.23,242.39,0.0,0.0,0.0,0.0
2019/03/15 12:00,12.4,984.799988,1.0,348,0,0.0,11.04,27.15,986.6,3.55,264.24,0.0,0.0,0.0,0.0
2019/03/15 12:15,12.4,984.799988,1.0,29,0,0.0,10.88,27.18,986.68,3.86,275.14,0.0,0.0,0.0,0.0
2019/03/15 12:30,12.4,984.799988,1.0,52,0,0.0,10.7,27.18,986.74,4.02,279.34,0.0,0.0,0.0,0.0
2019/03/15 12:45,12.4,984.799988,1.0,97,0,0.0,10.41,27.42,986.82,4.07,279.22,0.0,0.0,0.0,0.0
2019/03/15 13:00,11.3,984.799988,1.0,355,0,0.0,10.08,27.83,986.89,4.06,276.23,0.0,0.0,0.0,0.0
2019/03/15 13:15,11.3,984.799988,1.0,86,0,0.0,9.78,28.23,986.92,4.03,272.44,0.0,0.0,0.0,0.0
2019/03/15 13:30,11.3,984.799988,1.0,184,0,0.0,9.51,28.62,986.92,3.99,269.57,0.0,0.0,0.0,0.0
2019/03/15 13:45,11.3,984.799988,1.0,124,0,0.0,9.33,28.8,986.8,4.03,269.01,0.0,0.0,0.0,0.0
2019/03/15 14:00,10.2,984.799988,1.0,139,0,0.0,9.31,28.44,986.64,4.22,270.53,0.0,0.0,0.0,0.0
2019/03/15 14:15,10.2,984.799988,1.0,86,0,0.0,9.49,27.47,986.57,4.59,273.85,0.0,0.0,0.0,0.0
2019/03/15 14:30,10.2,984.799988,1.0,81,0,0.0,9.79,26.19,986.55,5.04,276.89,0.0,0.0,0.0,0.0
2019/03/15 14:45,10.2,984.799988,1.0,328,0,0.0,10.06,24.99,986.52,5.43,278.73,0.0,0.0,0.0,0.0
2019/03/15 15:00,9.1,984.799988,1.0,45,0,0.0,10.3,23.98,986.47,5.78,279.94,0.0,0.0,0.0,0.0
2019/03/15 15:15,9.1,984.799988,1.0,111,0,0.0,10.53,23.09,986.45,6.1,281.03,0.0,0.0,0.0,0.0
2019/03/15 15:30,9.1,984.799988,1.0,53,0,0.0,10.71,22.4,986.45,6.36,282.15,0.0,0.0,0.0,0.0
2019/03/15 15:45,9.1,984.799988,1.0,130,0,0.0,10.81,21.94,986.5,6.54,283.54,0.0,0.0,0.0,0.0
2019/03/15 16:00,9.1,984.799988,1.0,71,0,0.0,9.25,25.18,985.72,1.29,205.08,0.0,0.0,0.0,0.0
2019/03/15 16:15,8.0,984.799988,1.0,328,0,0.0,9.19,25.12,985.68,1.25,202.48,0.0,0.0,0.0,0.0
2019/03/15 16:30,8.0,984.799988,1.0,20,0,0.0,9.2,24.78,985.86,1.25,219.83,0.0,0.0,0.0,0.0
2019/03/15 16:45,8.0,984.799988,1.0,104,0,0.0,9.29,24.17,985.81,1.38,243.81,0.0,0.0,0.0,0.0
2019/03/15 17:00,8.0,984.799988,1.0,159,0,0.0,9.44,23.39,985.79,1.64,257.66,0.0,0.0,0.0,0.0
2019/03/15 17:15,6.9,984.799988,1.0,78,0,0.0,9.5,22.81,985.54,1.86,263.12,0.0,0.0,0.0,0.0
2019/03/15 17:30,9.1,984.799988,1.0,73,0,0.0,9.46,22.45,985.39,1.96,268.72,0.0,0.0,0.0,0.0
2019/03/15 17:45,9.1,983.700012,2.2,147,0,0.0,9.36,22.3,985.36,2.0,272.52,0.0,0.0,0.0,0.0
2019/03/15 18:00,10.2,983.700012,2.4,116,0,0.0,9.23,22.25,985.25,2.08,273.45,0.0,0.0,0.0,0.0
2019/03/15 18:15,10.2,983.700012,1.8,54,0,0.0,9.1,22.23,985.1,2.21,273.7,0.0,0.0,0.0,0.0
2019/03/15 18:30,10.2,983.700012,1.9,123,0,0.0,9.03,22.14,985.18,2.31,274.99,0.0,0.0,0.0,0.0
2019/03/15 18:45,10.2,983.700012,1.6,136,0,0.0,8.94,22.1,985.04,2.34,272.3,0.0,0.0,0.0,0.0
2019/03/15 19:00,10.2,983.700012,1.7,112,0,0.0,8.77,22.27,984.84,2.32,265.35,0.0,0.0,0.0,0.0
2019/03/16 08:00,23.299999,982.599976,1.0,350,464,43.919998,19.8,14.53,985.71,3.8,32.2,441.72,44.400000000000034,397.32,9.121691
2019/03/16 08:15,23.299999,982.599976,2.5,167,412,42.48,19.78,14.66,985.79,3.66,34.74,388.58,42.30000000000001,346.28,8.013448
2019/03/16 08:30,23.299999,982.599976,1.3,273,335,41.040001,19.76,14.76,985.75,3.57,38.55,351.88,40.70999999999998,311.17,6.819955
2019/03/16 08:45,23.299999,982.599976,2.6,113,258,39.599998,19.68,14.85,985.71,3.51,42.94,295.29,37.99000000000001,257.3,5.56963
2019/03/16 09:00,22.200001,982.599976,0.6,248,68,36.0,19.63,14.86,985.73,3.5,47.24,256.84,35.91999999999999,220.92,4.489804
2019/03/16 09:15,22.200001,982.599976,0.7,51,54,33.119999,19.53,14.84,985.76,3.55,50.01,198.62,32.23000000000002,166.39,3.267895
2019/03/16 09:30,22.200001,982.599976,1.7,139,46,28.799999,19.43,14.82,985.8,3.62,49.98,159.9,29.30000000000001,130.6,2.244902
2019/03/16 09:45,21.1,982.599976,1.7,219,34,23.040001,19.12,15.26,985.85,3.56,47.84,102.98,23.77000000000001,79.21,1.378199
2019/03/16 10:00,21.1,982.599976,1.7,290,20,17.280001000000002,18.53,16.49,985.92,3.37,46.23,66.82,18.959999999999997,47.86,0.696204
2019/03/16 10:15,20.0,983.700012,1.6,241,0,10.08,17.69,17.9,986.03,3.24,48.34,19.1,8.71,10.39,0.24154
2019/03/16 10:30,20.0,983.700012,3.0,158,0,0.0,17.06,18.85,986.14,3.15,51.76,0.0,0.0,0.0,0.0
2019/03/16 10:45,20.0,983.700012,0.8,236,0,0.0,16.62,19.65,986.32,2.91,56.41,0.0,0.0,0.0,0.0
2019/03/16 11:00,20.0,983.700012,1.0,176,0,0.0,16.35,20.14,986.6,2.56,61.21,0.0,0.0,0.0,0.0
2019/03/16 11:15,18.9,983.700012,0.0,293,0,0.0,16.18,20.4,986.9,2.22,65.38,0.0,0.0,0.0,0.0
2019/03/16 11:30,17.799999,984.799988,0.0,107,0,0.0,16.04,20.59,987.23,2.01,66.71,0.0,0.0,0.0,0.0
2019/03/16 11:45,17.799999,984.799988,0.0,240,0,0.0,15.84,20.88,987.51,1.94,63.29,0.0,0.0,0.0,0.0
2019/03/16 12:00,16.700001,984.799988,0.0,107,0,0.0,15.59,21.24,987.77,1.92,57.32,0.0,0.0,0.0,0.0
2019/03/16 12:15,16.700001,984.799988,0.0,90,0,0.0,15.32,21.64,988.04,1.87,51.24,0.0,0.0,0.0,0.0
2019/03/16 12:30,16.700001,984.799988,0.0,52,0,0.0,15.07,22.04,988.29,1.77,44.59,0.0,0.0,0.0,0.0
2019/03/16 12:45,16.700001,984.799988,0.0,147,0,0.0,14.82,22.43,988.56,1.71,33.93,0.0,0.0,0.0,0.0
2019/03/16 13:00,15.7,985.900024,0.0,90,0,0.0,14.57,22.85,988.84,1.85,20.71,0.0,0.0,0.0,0.0
2019/03/16 13:15,15.7,985.900024,0.0,10,0,0.0,14.2,23.5,989.13,2.23,13.19,0.0,0.0,0.0,0.0
2019/03/16 13:30,15.7,985.900024,0.0,133,0,0.0,13.82,24.21,989.34,2.65,11.35,0.0,0.0,0.0,0.0
2019/03/16 13:45,14.6,985.900024,0.0,16,0,0.0,13.52,24.81,989.35,2.94,11.4,0.0,0.0,0.0,0.0
2019/03/16 14:00,14.6,985.900024,0.0,120,0,0.0,13.27,25.3,989.37,3.09,12.82,0.0,0.0,0.0,0.0
2019/03/16 14:15,14.6,987.0,0.0,16,0,0.0,13.07,25.71,989.51,3.13,13.72,0.0,0.0,0.0,0.0
2019/03/16 14:30,13.5,987.0,0.0,74,0,0.0,12.88,26.1,989.69,3.1,12.96,0.0,0.0,0.0,0.0
2019/03/16 14:45,13.5,987.0,0.0,67,0,0.0,12.68,26.52,989.86,3.02,10.19,0.0,0.0,0.0,0.0
2019/03/16 15:00,13.5,987.0,0.0,105,0,0.0,12.45,27.01,990.04,3.03,4.76,0.0,0.0,0.0,0.0
2019/03/16 15:15,13.5,987.0,0.0,86,0,0.0,12.15,27.72,990.24,3.27,359.06,0.0,0.0,0.0,0.0
2019/03/16 15:30,12.4,987.0,0.0,65,0,0.0,11.7,28.97,990.55,3.85,7.45,0.0,0.0,0.0,0.0
2019/03/16 15:45,12.4,987.0,1.1,75,0,0.0,11.34,30.28,990.9,4.53,18.08,0.0,0.0,0.0,0.0
2019/03/16 16:00,12.4,988.099976,0.0,120,0,0.0,10.85,28.4,989.12,3.07,332.37,0.0,0.0,0.0,0.0
2019/03/16 16:15,12.4,988.099976,1.1,115,0,0.0,10.62,28.7,989.01,3.23,323.08,0.0,0.0,0.0,0.0
2019/03/16 16:30,11.3,988.099976,0.6,138,0,0.0,10.44,28.9,989.33,3.37,317.8,0.0,0.0,0.0,0.0
2019/03/16 16:45,11.3,988.099976,0.6,69,0,0.0,10.28,29.04,989.23,3.4,314.0,0.0,0.0,0.0,0.0
2019/03/16 17:00,11.3,988.099976,0.7,95,0,0.0,10.21,29.05,989.55,3.28,310.76,0.0,0.0,0.0,0.0
2019/03/16 17:15,11.3,988.099976,0.7,121,0,0.0,10.18,28.98,989.7,2.99,309.89,0.0,0.0,0.0,0.0
2019/03/16 17:30,11.3,988.099976,0.7,15,0,0.0,10.19,28.85,989.87,2.61,310.79,0.0,0.0,0.0,0.0
2019/03/16 17:45,10.2,988.099976,0.7,151,0,0.0,10.19,28.79,989.99,2.25,312.84,0.0,0.0,0.0,0.0
2019/03/16 18:00,10.2,988.099976,0.7,58,0,0.0,10.16,28.82,990.24,2.03,316.83,0.0,0.0,0.0,0.0
2019/03/16 18:15,10.2,988.099976,0.7,142,0,0.0,10.03,29.08,990.27,2.05,313.6,0.0,0.0,0.0,0.0
2019/03/16 18:30,10.2,988.099976,0.7,148,0,0.0,9.8,29.59,990.34,2.31,315.85,0.0,0.0,0.0,0.0
2019/03/16 18:45,9.1,988.099976,0.7,145,0,0.0,9.51,30.29,990.38,2.73,328.32,0.0,0.0,0.0,0.0
2019/03/16 19:00,9.1,988.099976,0.7,353,0,0.0,9.11,31.35,990.34,3.17,336.84,0.0,0.0,0.0,0.0
2019/03/17 08:00,20.0,983.700012,1.5,196,223,117.360001,18.89,18.51,985.17,7.69,143.02,448.57,44.52999999999997,404.04,4.830801999999999
2019/03/17 08:15,20.0,982.599976,0.7,212,189,115.919998,18.78,19.03,985.04,7.96,143.91,395.06,42.43000000000001,352.63,4.148806
2019/03/17 08:30,20.0,982.599976,3.0,271,155,105.839996,18.68,19.54,984.78,8.08,144.86,358.16,40.84000000000003,317.32,3.424186
2019/03/17 08:45,20.0,982.599976,2.1,261,137,97.199997,18.55,20.14,984.58,8.03,145.98,301.15,38.13999999999999,263.01,3.040563
2019/03/17 09:00,18.9,982.599976,0.7,190,97,78.480003,18.43,20.85,984.42,7.85,146.8,262.32,36.079999999999984,226.24,2.358568
2019/03/17 09:15,18.9,982.599976,1.7,248,67,58.32,18.22,21.7,984.21,7.61,147.32,203.51,32.44999999999999,171.06,1.548698
2019/03/17 09:30,18.9,982.599976,0.7,313,47,43.919998,18.03,22.52,983.97,7.27,148.3,164.37,29.539999999999992,134.83,1.065618
2019/03/17 09:45,18.9,982.599976,0.0,149,31,29.52,17.7,23.49,983.78,6.76,149.76,106.8,24.099999999999994,82.7,0.639371
2019/03/17 10:00,17.799999,982.599976,0.6,314,15,16.559998999999998,17.27,24.74,983.59,6.05,150.41,70.15,19.360000000000007,50.79,0.312581
2019/03/17 10:15,17.799999,982.599976,0.8,248,0,7.92,16.53,26.58,983.42,5.23,151.06,21.43,9.36,12.07,0.0
2019/03/17 10:30,17.799999,982.599976,0.8,119,0,0.0,15.73,28.48,983.36,4.46,153.45,0.13,0.13,0.0,0.0
2019/03/17 10:45,17.799999,982.599976,0.0,163,0,0.0,15.12,30.01,983.4,3.85,156.84,0.0,0.0,0.0,0.0
2019/03/17 11:00,16.700001,982.599976,0.0,14,0,0.0,14.66,31.21,983.51,3.42,161.01,0.0,0.0,0.0,0.0
2019/03/17 11:15,16.700001,982.599976,0.0,108,0,0.0,14.34,32.06,983.59,3.11,166.23,0.0,0.0,0.0,0.0
2019/03/17 11:30,15.7,982.599976,0.0,136,0,0.0,14.12,32.66,983.68,2.85,171.07,0.0,0.0,0.0,0.0
2019/03/17 11:45,15.7,982.599976,0.0,94,0,0.0,13.96,33.06,983.74,2.55,175.93,0.0,0.0,0.0,0.0
2019/03/17 12:00,15.7,982.599976,0.0,354,0,0.0,13.87,33.26,983.77,2.16,182.92,0.0,0.0,0.0,0.0
2019/03/17 12:15,15.7,982.599976,0.0,355,0,0.0,13.81,33.32,983.83,1.77,199.25,0.0,0.0,0.0,0.0
2019/03/17 12:30,15.7,982.599976,0.0,121,0,0.0,13.75,33.32,983.88,1.56,227.17,0.0,0.0,0.0,0.0
2019/03/17 12:45,14.6,982.599976,0.0,331,0,0.0,13.62,33.44,983.91,1.62,256.94,0.0,0.0,0.0,0.0
2019/03/17 13:00,14.6,982.599976,0.0,86,0,0.0,13.42,33.67,983.91,1.92,281.52,0.0,0.0,0.0,0.0
2019/03/17 13:15,14.6,982.599976,0.0,113,0,0.0,13.02,34.36,983.89,2.41,296.68,0.0,0.0,0.0,0.0
2019/03/17 13:30,14.6,982.599976,0.0,135,0,0.0,12.47,35.37,983.84,2.98,305.9,0.0,0.0,0.0,0.0
2019/03/17 13:45,14.6,982.599976,0.0,49,0,0.0,11.91,36.32,983.64,3.43,308.19,0.0,0.0,0.0,0.0
2019/03/17 14:00,14.6,982.599976,0.0,36,0,0.0,11.54,36.57,983.51,3.63,305.26,0.0,0.0,0.0,0.0
2019/03/17 14:15,14.6,982.599976,0.3,2,0,0.0,11.4,36.04,983.41,3.64,305.68,0.0,0.0,0.0,0.0
2019/03/17 14:30,14.6,982.599976,0.3,59,0,0.0,11.35,35.27,983.26,3.64,312.79,0.0,0.0,0.0,0.0
2019/03/17 14:45,14.6,982.599976,1.4,107,0,0.0,11.21,34.83,983.15,3.7,313.64,0.0,0.0,0.0,0.0
2019/03/17 15:00,15.7,982.599976,0.0,352,0,0.0,11.06,34.38,983.09,3.81,307.84,0.0,0.0,0.0,0.0
2019/03/17 15:15,14.6,982.599976,0.0,126,0,0.0,10.95,33.79,983.08,3.88,304.09,0.0,0.0,0.0,0.0
2019/03/17 15:30,13.5,982.599976,1.1,134,0,0.0,10.91,33.17,983.07,3.82,302.88,0.0,0.0,0.0,0.0
2019/03/17 15:45,13.5,982.599976,0.0,151,0,0.0,10.85,32.89,983.13,3.72,297.99,0.0,0.0,0.0,0.0
2019/03/17 16:00,13.5,982.599976,0.0,23,0,0.0,11.5,42.08,982.53,1.87,275.72,0.0,0.0,0.0,0.0
2019/03/17 16:15,13.5,981.5,0.0,16,0,0.0,11.24,42.67,982.43,2.28,266.29,0.0,0.0,0.0,0.0
2019/03/17 16:30,13.5,981.5,0.0,45,0,0.0,10.98,43.2,982.53,2.74,255.09,0.0,0.0,0.0,0.0
2019/03/17 16:45,13.5,981.5,0.0,67,0,0.0,10.73,43.67,982.51,3.09,250.26,0.0,0.0,0.0,0.0
2019/03/17 17:00,12.4,981.5,0.0,81,0,0.0,10.52,43.99,982.45,3.29,250.77,0.0,0.0,0.0,0.0
2019/03/17 17:15,12.4,981.5,0.3,55,0,0.0,10.33,44.11,982.21,3.39,253.04,0.0,0.0,0.0,0.0
2019/03/17 17:30,12.4,981.5,1.3,43,0,0.0,10.13,44.11,981.97,3.5,254.38,0.0,0.0,0.0,0.0
2019/03/17 17:45,12.4,981.5,1.1,81,0,0.0,9.9,44.05,981.87,3.67,256.47,0.0,0.0,0.0,0.0
2019/03/17 18:00,12.4,981.5,0.0,320,0,0.0,9.74,43.56,981.75,3.78,261.41,0.0,0.0,0.0,0.0
2019/03/17 18:15,12.4,981.5,0.0,26,0,0.0,9.58,42.7,981.6,3.79,265.21,0.0,0.0,0.0,0.0
2019/03/17 18:30,12.4,980.400024,0.0,114,0,0.0,9.4,41.64,981.23,3.75,267.68,0.0,0.0,0.0,0.0
2019/03/17 18:45,12.4,980.400024,0.0,50,0,0.0,9.22,40.48,980.92,3.76,268.73,0.0,0.0,0.0,0.0
2019/03/17 19:00,12.4,980.400024,0.0,147,0,0.0,9.09,39.3,980.69,3.89,267.89,0.0,0.0,0.0,0.0
2019/03/18 08:00,24.4,973.799988,2.2,271,423,56.16,22.73,17.04,975.49,3.01,279.01,259.37,26.47,232.9,8.39707
2019/03/18 08:15,24.4,973.799988,1.8,352,379,51.119999,22.7,16.8,975.45,2.8,294.69,262.45,28.549999999999983,233.9,7.473535000000001
2019/03/18 08:30,24.4,973.799988,1.3,266,321,48.240002,22.67,16.46,975.29,2.81,312.61,274.37,31.66,242.71,6.578415
2019/03/18 08:45,24.4,973.799988,2.9,296,233,43.919998,22.6,16.17,975.16,2.94,325.72,259.38,33.19,226.19,5.427548000000001
2019/03/18 09:00,23.299999,973.799988,0.4,35,69,38.16,22.52,15.96,975.08,3.06,334.7,243.97,33.849999999999994,210.12,4.51822
2019/03/18 09:15,23.299999,973.799988,0.0,108,55,32.400002,22.38,15.89,974.99,3.12,342.3,197.68,31.72,165.96,3.196854
2019/03/18 09:30,23.299999,973.799988,0.0,134,43,28.08,22.22,15.82,974.89,3.06,348.91,162.89,29.389999999999983,133.5,2.230694
2019/03/18 09:45,22.200001,973.799988,0.0,250,31,23.76,21.86,16.21,974.79,2.88,352.63,107.55,24.239999999999995,83.31,1.349783
2019/03/18 10:00,21.1,973.799988,0.0,134,19,18.0,21.32,16.82,974.73,2.59,354.79,71.79,19.680000000000007,52.11,0.667787
2019/03/18 10:15,21.1,973.799988,1.3,152,0,9.360001,20.85,16.77,974.72,2.15,356.23,23.49,9.989999999999998,13.5,0.24154
2019/03/18 10:30,21.1,973.799988,1.5,218,0,0.0,20.62,16.46,974.71,1.54,355.31,1.09,0.99,0.1,0.0
2019/03/18 10:45,21.1,973.799988,0.4,239,0,0.0,20.27,16.57,974.79,0.91,349.23,0.0,0.0,0.0,0.0
2019/03/18 11:00,20.0,973.799988,1.0,95,0,0.0,19.92,16.84,974.95,0.56,310.36,0.0,0.0,0.0,0.0
2019/03/18 11:15,18.9,973.799988,2.1,150,0,0.0,19.58,17.17,975.06,0.73,240.93,0.0,0.0,0.0,0.0
2019/03/18 11:30,18.9,973.799988,1.0,355,0,0.0,19.06,17.85,975.21,1.38,235.05,0.0,0.0,0.0,0.0
2019/03/18 11:45,18.9,973.799988,1.0,127,0,0.0,18.37,18.87,975.37,2.31,239.33,0.0,0.0,0.0,0.0
2019/03/18 12:00,16.700001,973.799988,1.0,144,0,0.0,17.41,20.38,975.52,3.25,240.66,0.0,0.0,0.0,0.0
2019/03/18 12:15,16.700001,973.799988,1.0,126,0,0.0,16.58,21.84,975.68,3.93,241.37,0.0,0.0,0.0,0.0
2019/03/18 12:30,16.700001,973.799988,1.0,85,0,0.0,15.91,23.2,975.79,4.25,240.41,0.0,0.0,0.0,0.0
2019/03/18 12:45,16.700001,973.799988,1.0,81,0,0.0,15.34,24.72,975.91,4.37,238.4,0.0,0.0,0.0,0.0
2019/03/18 13:00,17.799999,973.799988,1.0,80,0,0.0,14.84,26.17,976.02,4.43,236.53,0.0,0.0,0.0,0.0
2019/03/18 13:15,17.799999,973.799988,1.3,81,0,0.0,14.49,27.04,976.05,4.41,236.69,0.0,0.0,0.0,0.0
2019/03/18 13:30,17.799999,973.799988,1.5,117,0,0.0,14.26,27.27,976.01,4.38,240.35,0.0,0.0,0.0,0.0
2019/03/18 13:45,17.799999,973.799988,1.5,114,0,0.0,14.01,27.3,975.84,4.36,244.59,0.0,0.0,0.0,0.0
2019/03/18 14:00,17.799999,973.799988,1.3,119,0,0.0,13.65,27.63,975.71,4.28,246.45,0.0,0.0,0.0,0.0
2019/03/18 14:15,17.799999,973.799988,1.3,69,0,0.0,13.22,28.37,975.63,4.2,244.79,0.0,0.0,0.0,0.0
2019/03/18 14:30,17.799999,973.799988,0.0,69,0,0.0,12.9,29.06,975.59,4.19,242.97,0.0,0.0,0.0,0.0
2019/03/18 14:45,17.799999,973.799988,1.4,112,0,0.0,12.71,29.49,975.57,4.22,243.77,0.0,0.0,0.0,0.0
2019/03/18 15:00,17.799999,973.799988,0.9,127,0,0.0,12.52,29.98,975.55,4.27,243.85,0.0,0.0,0.0,0.0
2019/03/18 15:15,17.799999,973.799988,1.1,94,0,0.0,12.26,30.67,975.6,4.41,242.24,0.0,0.0,0.0,0.0
2019/03/18 15:30,16.700001,973.799988,0.7,284,0,0.0,12.03,31.25,975.73,4.61,239.41,0.0,0.0,0.0,0.0
2019/03/18 15:45,16.700001,973.799988,0.7,4,0,0.0,11.85,31.65,975.91,4.77,236.58,0.0,0.0,0.0,0.0
2019/03/18 16:00,16.700001,973.799988,1.3,116,0,0.0,12.09,31.81,975.76,3.97,236.0,0.0,0.0,0.0,0.0
2019/03/18 16:15,16.700001,973.799988,0.4,154,0,0.0,11.84,31.88,975.83,3.97,240.52,0.0,0.0,0.0,0.0
2019/03/18 16:30,16.700001,973.799988,0.6,22,0,0.0,11.65,31.75,975.82,3.92,244.86,0.0,0.0,0.0,0.0
2019/03/18 16:45,16.700001,974.900024,1.4,173,0,0.0,11.55,31.44,975.94,3.86,246.62,0.0,0.0,0.0,0.0
2019/03/18 17:00,16.700001,974.900024,2.0,118,0,0.0,11.49,31.15,975.92,3.82,246.05,0.0,0.0,0.0,0.0
2019/03/18 17:15,15.7,974.900024,1.7,89,0,0.0,11.42,31.08,975.93,3.92,243.2,0.0,0.0,0.0,0.0
2019/03/18 17:30,15.7,974.900024,0.3,343,0,0.0,11.42,31.05,975.88,4.15,240.2,0.0,0.0,0.0,0.0
2019/03/18 17:45,15.7,974.900024,1.4,113,0,0.0,11.53,30.92,976.03,4.4,239.45,0.0,0.0,0.0,0.0
2019/03/18 18:00,15.7,974.900024,2.4,82,0,0.0,11.67,30.72,976.18,4.61,239.86,0.0,0.0,0.0,0.0
2019/03/18 18:15,15.7,974.900024,1.1,75,0,0.0,11.76,30.56,976.29,4.77,240.47,0.0,0.0,0.0,0.0
2019/03/18 18:30,15.7,974.900024,3.5,115,0,0.0,11.82,30.4,976.27,4.91,241.1,0.0,0.0,0.0,0.0
2019/03/18 18:45,15.7,974.900024,2.4,121,0,0.0,11.85,30.24,976.12,5.08,241.56,0.0,0.0,0.0,0.0
2019/03/18 19:00,15.7,974.900024,2.4,113,0,0.0,11.87,30.09,975.99,5.3,242.39,0.0,0.0,0.0,0.0
2019/03/19 08:00,24.4,969.400024,1.1,153,107,100.800003,26.97,12.24,970.03,7.68,195.6,326.06,33.73000000000002,292.33,2.458026
2019/03/19 08:15,24.4,969.400024,3.3,19,111,89.280006,26.71,13.55,969.96,8.09,187.31,278.76,35.84,242.92,2.330151
2019/03/19 08:30,24.4,969.400024,4.9,108,269,129.600006,26.43,14.9,969.87,8.72,179.29,244.32,29.44,214.88,5.967461
2019/03/19 08:45,24.4,969.400024,2.6,273,93,79.199997,25.92,16.47,969.83,9.76,168.66,191.88,27.840000000000003,164.04,2.472234
2019/03/19 09:00,23.299999,969.400024,3.7,239,65,60.48,25.26,18.2,969.8,11.05,160.09,148.33,20.66000000000001,127.67,1.548698
2019/03/19 09:15,23.299999,969.400024,2.1,201,57,51.84,24.63,20.08,969.79,12.05,159.05,97.32,15.58999999999999,81.73,1.307158
2019/03/19 09:30,23.299999,969.400024,1.0,189,61,57.599998,24.19,21.62,969.73,12.5,161.77,65.31,14.71,50.6,1.335575
2019/03/19 09:45,22.200001,969.400024,3.5,223,23,25.92,23.72,22.85,969.76,12.28,164.42,35.72,10.529999999999998,25.19,0.554121
2019/03/19 10:00,22.200001,969.400024,1.4,123,0,8.64,23.29,24.15,969.87,11.13,162.89,25.07,8.91,16.16,0.0
2019/03/19 10:15,22.200001,969.400024,2.4,213,0,0.0,22.75,25.82,969.9,9.46,157.89,6.57,5.09,1.48,0.0
2019/03/19 10:30,22.200001,969.400024,1.1,209,0,0.0,22.31,27.19,969.86,8.1,156.86,0.59,0.59,0.0,0.0
2019/03/19 10:45,21.1,969.400024,1.0,180,0,0.0,22.02,28.03,970.0,7.25,162.46,0.0,0.0,0.0,0.0
2019/03/19 11:00,21.1,969.400024,1.0,187,0,0.0,21.74,28.66,970.19,6.75,170.29,0.0,0.0,0.0,0.0
2019/03/19 11:15,21.1,969.400024,0.0,306,0,0.0,21.49,29.06,970.41,6.42,178.08,0.0,0.0,0.0,0.0
2019/03/19 11:30,21.1,970.5,0.0,125,0,0.0,21.19,29.58,970.62,5.95,181.38,0.0,0.0,0.0,0.0
2019/03/19 11:45,21.1,970.5,0.0,171,0,0.0,20.78,30.57,970.74,5.3,180.18,0.0,0.0,0.0,0.0
2019/03/19 12:00,21.1,970.5,0.9,249,0,0.0,20.43,31.62,970.83,4.8,175.32,0.0,0.0,0.0,0.0
2019/03/19 12:15,20.0,970.5,0.9,190,0,0.0,20.27,32.46,970.98,4.54,168.47,0.0,0.0,0.0,0.0
2019/03/19 12:30,20.0,970.5,0.9,192,0,0.0,20.06,33.42,971.14,4.27,165.01,0.0,0.0,0.0,0.0
2019/03/19 12:45,20.0,970.5,0.9,238,0,0.0,19.71,34.58,971.26,4.11,165.53,0.0,0.0,0.0,0.0
2019/03/19 13:00,20.0,970.5,1.0,6,0,0.0,19.37,35.69,971.39,4.62,172.32,0.0,0.0,0.0,0.0
2019/03/19 13:15,20.0,970.5,1.0,144,0,0.0,19.25,36.28,971.53,5.75,184.0,0.0,0.0,0.0,0.0
2019/03/19 13:30,20.0,970.5,1.0,227,0,0.0,19.38,36.27,971.64,6.77,192.15,0.0,0.0,0.0,0.0
2019/03/19 13:45,20.0,970.5,1.0,91,0,0.0,19.37,36.53,971.61,7.37,192.48,0.0,0.0,0.0,0.0
2019/03/19 14:00,20.0,970.5,2.1,132,0,0.0,19.57,36.1,971.62,7.62,194.81,0.0,0.0,0.0,0.0
2019/03/19 14:15,18.9,970.5,0.0,139,0,0.0,19.16,38.5,971.68,7.1,197.39,0.0,0.0,0.0,0.0
2019/03/19 14:30,18.9,970.5,0.8,157,0,0.0,18.55,42.39,971.74,5.91,196.4,0.0,0.0,0.0,0.0
2019/03/19 14:45,18.9,970.5,0.3,191,0,0.0,17.97,46.33,971.72,4.72,194.38,0.0,0.0,0.0,0.0
2019/03/19 15:00,18.9,970.5,1.7,141,0,0.0,17.44,50.04,971.69,3.78,190.16,0.0,0.0,0.0,0.0
2019/03/19 15:15,18.9,970.5,1.0,274,0,0.0,16.98,53.46,971.65,3.1,181.26,0.0,0.0,0.0,0.0
2019/03/19 15:30,18.9,970.5,1.1,153,0,0.0,16.54,56.88,971.66,2.86,162.75,0.0,0.0,0.0,0.0
2019/03/19 15:45,18.9,970.5,2.0,116,0,0.0,16.06,60.59,971.67,3.14,138.69,0.0,0.0,0.0,0.0
2019/03/19 16:00,18.9,970.5,0.7,101,0,0.0,14.78,46.03,971.44,2.36,318.38,0.0,0.0,0.0,0.0
2019/03/19 16:15,18.9,970.5,0.8,118,0,0.0,14.36,46.8,971.15,2.84,317.56,0.0,0.0,0.0,0.0
2019/03/19 16:30,17.799999,970.5,0.7,355,0,0.0,13.98,47.59,971.39,3.18,316.48,0.0,0.0,0.0,0.0
2019/03/19 16:45,17.799999,970.5,0.0,53,0,0.0,13.54,48.65,971.28,3.44,316.32,0.0,0.0,0.0,0.0
2019/03/19 17:00,17.799999,970.5,0.0,78,0,0.0,13.16,49.62,970.88,3.61,318.01,0.0,0.0,0.0,0.0
2019/03/19 17:15,17.799999,970.5,0.0,113,0,0.0,12.86,50.4,970.85,3.63,318.86,0.0,0.0,0.0,0.0
2019/03/19 17:30,16.700001,970.5,0.0,128,0,0.0,12.62,51.09,970.77,3.58,318.44,0.0,0.0,0.0,0.0
2019/03/19 17:45,16.700001,970.5,0.0,14,0,0.0,12.37,51.86,970.69,3.56,316.57,0.0,0.0,0.0,0.0
2019/03/19 18:00,16.700001,970.5,0.0,12,0,0.0,12.14,52.57,970.82,3.59,313.97,0.0,0.0,0.0,0.0
2019/03/19 18:15,16.700001,970.5,0.0,91,0,0.0,11.98,53.05,970.6,3.6,311.19,0.0,0.0,0.0,0.0
2019/03/19 18:30,16.700001,970.5,0.0,65,0,0.0,11.81,53.59,970.32,3.57,309.54,0.0,0.0,0.0,0.0
2019/03/19 18:45,16.700001,969.400024,0.0,147,0,0.0,11.58,54.32,970.12,3.54,309.09,0.0,0.0,0.0,0.0
2019/03/19 19:00,16.700001,969.400024,0.0,75,0,0.0,11.4,54.94,970.14,3.56,307.78,0.0,0.0,0.0,0.0
2019/03/20 08:00,21.1,968.299988,3.4,152,348,86.400002,22.46,22.98,969.02,3.91,298.48,270.08,26.96999999999997,243.11,7.885573
2019/03/20 08:15,21.1,968.299988,3.2,155,304,87.120003,22.83,20.17,969.02,5.24,308.37,265.91,28.620000000000037,237.29,6.649457000000001
2019/03/20 08:30,21.1,968.299988,1.0,92,126,79.199997,22.81,20.12,969.1,6.47,325.95,264.97,30.24000000000004,234.73,4.589262000000001
2019/03/20 08:45,21.1,968.299988,0.6,72,156,70.560013,22.24,24.09,969.41,6.81,348.11,238.63,30.289999999999992,208.34,3.55206
2019/03/20 09:00,21.1,969.400024,1.0,26,54,43.200001,21.73,27.35,969.86,6.79,354.92,214.38,29.569999999999997,184.81,1.449241
2019/03/20 09:15,20.0,970.5,3.3,284,34,27.360001,21.36,27.5,970.37,7.74,333.09,164.3,26.28,138.02,0.653579
2019/03/20 09:30,20.0,970.5,1.2,31,30,27.360001,20.87,25.43,970.84,9.93,313.74,125.6,22.58,103.02,0.625163
2019/03/20 09:45,20.0,970.5,1.7,278,34,31.68,19.9,25.3,971.14,11.84,308.1,75.21,16.809999999999995,58.4,0.8667030000000001
2019/03/20 10:00,18.9,970.5,1.7,12,30,27.360001,19.09,26.54,971.37,12.4,305.48,44.43,12.04,32.39,0.681996
2019/03/20 10:15,18.9,971.599976,1.3,197,14,14.4,18.46,27.22,971.53,12.28,302.11,14.17,5.869999999999999,8.3,0.284165
2019/03/20 10:30,18.9,971.599976,1.4,115,0,0.0,17.92,27.47,971.71,12.31,299.88,1.71,1.29,0.42,0.0
2019/03/20 10:45,18.9,971.599976,1.8,152,0,0.0,17.49,27.58,972.15,12.35,299.32,0.0,0.0,0.0,0.0
2019/03/20 11:00,18.9,972.700012,1.0,58,0,0.0,16.98,27.66,972.62,12.33,299.27,0.0,0.0,0.0,0.0
2019/03/20 11:15,18.9,972.700012,0.3,240,0,0.0,16.37,27.91,973.04,12.54,300.86,0.0,0.0,0.0,0.0
2019/03/20 11:30,17.799999,973.799988,1.2,120,0,0.0,15.85,28.39,973.52,12.82,303.48,0.0,0.0,0.0,0.0
2019/03/20 11:45,17.799999,973.799988,2.7,180,0,0.0,15.37,28.23,974.0,12.89,305.57,0.0,0.0,0.0,0.0
2019/03/20 12:00,17.799999,973.799988,0.0,114,0,0.0,14.96,25.42,974.53,12.97,305.68,0.0,0.0,0.0,0.0
2019/03/20 12:15,16.700001,974.900024,0.0,9,0,0.0,14.38,22.0,975.17,13.13,303.05,0.0,0.0,0.0,0.0
2019/03/20 12:30,16.700001,974.900024,1.7,135,0,0.0,13.78,21.64,975.77,13.1,301.52,0.0,0.0,0.0,0.0
2019/03/20 12:45,16.700001,976.0,0.7,126,0,0.0,13.23,22.23,976.27,12.98,301.15,0.0,0.0,0.0,0.0
2019/03/20 13:00,15.7,976.0,2.9,335,0,0.0,12.75,22.89,976.6,13.04,301.42,0.0,0.0,0.0,0.0
2019/03/20 13:15,15.7,977.099976,2.4,153,0,0.0,12.34,23.52,976.81,13.45,302.2,0.0,0.0,0.0,0.0
2019/03/20 13:30,14.6,978.200012,3.1,151,0,0.0,12.01,24.14,976.94,14.23,303.06,0.0,0.0,0.0,0.0
2019/03/20 13:45,14.6,978.200012,0.9,142,0,0.0,11.71,24.71,976.98,14.94,304.57,0.0,0.0,0.0,0.0
2019/03/20 14:00,13.5,978.200012,1.6,46,0,0.0,11.42,25.36,977.32,15.09,308.22,0.0,0.0,0.0,0.0
2019/03/20 14:15,13.5,979.299988,0.5,116,0,0.0,11.13,26.76,978.01,14.61,313.99,0.0,0.0,0.0,0.0
2019/03/20 14:30,13.5,979.299988,1.1,23,0,0.0,10.82,29.79,978.59,13.89,317.81,0.0,0.0,0.0,0.0
2019/03/20 14:45,13.5,979.299988,0.3,321,0,0.0,10.48,34.2,978.89,13.22,317.37,0.0,0.0,0.0,0.0
2019/03/20 15:00,12.4,980.400024,0.0,248,0,0.0,10.13,38.8,979.22,12.64,317.22,0.0,0.0,0.0,0.0
2019/03/20 15:15,12.4,980.400024,2.5,107,0,0.0,9.82,41.71,979.67,12.1,318.93,0.0,0.0,0.0,0.0
2019/03/20 15:30,12.4,980.400024,1.3,48,0,0.0,9.55,41.61,980.15,11.66,321.02,0.0,0.0,0.0,0.0
2019/03/20 15:45,12.4,980.400024,3.6,26,0,0.0,9.28,38.94,980.6,11.34,322.32,0.0,0.0,0.0,0.0
2019/03/20 16:00,11.3,981.5,1.2,40,0,0.0,8.7,25.53,983.47,10.51,321.18,0.0,0.0,0.0,0.0
2019/03/20 16:15,11.3,981.5,0.4,297,0,0.0,8.39,26.41,983.71,10.46,320.17,0.0,0.0,0.0,0.0
2019/03/20 16:30,11.3,981.5,2.4,352,0,0.0,8.06,27.16,983.97,10.51,319.28,0.0,0.0,0.0,0.0
2019/03/20 16:45,11.3,982.599976,2.4,252,0,0.0,7.72,27.72,984.12,10.45,318.66,0.0,0.0,0.0,0.0
2019/03/20 17:00,11.3,982.599976,1.9,21,0,0.0,7.42,28.19,984.44,10.19,318.73,0.0,0.0,0.0,0.0
2019/03/20 17:15,10.2,982.599976,1.4,188,0,0.0,7.14,28.79,984.67,9.73,318.85,0.0,0.0,0.0,0.0
2019/03/20 17:30,10.2,982.599976,3.3,134,0,0.0,6.88,29.56,985.18,9.15,319.41,0.0,0.0,0.0,0.0
2019/03/20 17:45,10.2,983.700012,3.0,43,0,0.0,6.61,30.52,985.55,8.53,319.67,0.0,0.0,0.0,0.0
2019/03/20 18:00,10.2,983.700012,1.7,281,0,0.0,6.33,31.58,985.98,7.9,320.51,0.0,0.0,0.0,0.0
2019/03/20 18:15,10.2,983.700012,0.6,283,0,0.0,6.03,32.59,986.35,7.28,321.39,0.0,0.0,0.0,0.0
2019/03/20 18:30,9.1,983.700012,0.0,47,0,0.0,5.72,33.48,986.6,6.65,322.65,0.0,0.0,0.0,0.0
2019/03/20 18:45,9.1,983.700012,3.5,90,0,0.0,5.38,34.25,986.53,6.07,324.75,0.0,0.0,0.0,0.0
2019/03/20 19:00,9.1,984.799988,2.4,143,0,0.0,5.06,34.73,986.72,5.54,327.04,0.0,0.0,0.0,0.0
2019/03/21 08:00,12.4,985.900024,2.5,302,422,46.799999,11.56,14.08,988.9,3.7,16.14,471.42,45.13,426.29,9.235356
2019/03/21 08:15,12.4,985.900024,3.3,231,433,36.0,11.61,14.09,988.88,3.9,16.58,417.03,43.06999999999999,373.96,9.050649
2019/03/21 08:30,12.4,985.900024,2.4,189,366,29.52,11.65,14.09,988.78,4.02,17.76,379.44,41.54000000000002,337.9,7.800324000000001
2019/03/21 08:45,12.4,985.900024,1.9,279,301,29.52,11.63,14.14,988.73,4.01,19.12,321.41,38.900000000000034,282.51,6.365292
2019/03/21 09:00,12.4,985.900024,2.0,186,60,26.639999,11.6,14.21,988.73,3.91,21.28,281.91,36.910000000000025,245.0,4.944468
2019/03/21 09:15,12.4,985.900024,2.4,283,44,22.32,11.51,14.37,988.71,3.75,24.92,221.91,33.400000000000006,188.51,2.969522
2019/03/21 09:30,11.3,985.900024,2.4,324,36,19.440001,11.41,14.56,988.66,3.54,29.75,181.82,30.629999999999995,151.19,2.10282
2019/03/21 09:45,11.3,985.900024,0.7,257,28,16.559998999999998,11.24,14.86,988.57,3.3,36.51,122.46,25.47999999999999,96.98,1.690781
2019/03/21 10:00,11.3,985.900024,2.3,189,14,10.8,11.06,15.29,988.47,2.91,45.76,84.25,21.07,63.18,0.397831
2019/03/21 10:15,11.3,987.0,1.8,181,0,6.48,10.58,16.87,988.42,2.44,58.71,31.89,11.91,19.98,0.269957
2019/03/21 10:30,11.3,987.0,1.7,192,0,0.0,10.23,17.17,988.4,2.11,71.52,5.0,3.26,1.74,0.0
2019/03/21 10:45,11.3,987.0,1.8,195,0,0.0,10.0,17.45,988.57,1.95,86.48,0.0,0.0,0.0,0.0
2019/03/21 11:00,10.2,987.0,0.8,98,0,0.0,9.77,17.85,988.8,1.91,102.11,0.0,0.0,0.0,0.0
2019/03/21 11:15,10.2,987.0,0.8,155,0,0.0,9.5,18.3,989.04,1.99,116.14,0.0,0.0,0.0,0.0
2019/03/21 11:30,10.2,988.099976,0.8,15,0,0.0,9.21,18.78,989.27,2.1,129.13,0.0,0.0,0.0,0.0
2019/03/21 11:45,9.1,988.099976,0.8,87,0,0.0,8.87,19.35,989.49,2.21,141.62,0.0,0.0,0.0,0.0
2019/03/21 12:00,9.1,988.099976,0.8,27,0,0.0,8.46,20.15,989.72,2.37,149.45,0.0,0.0,0.0,0.0
2019/03/21 12:15,9.1,988.099976,0.8,324,0,0.0,7.98,21.15,990.0,2.56,149.73,0.0,0.0,0.0,0.0
2019/03/21 12:30,8.0,988.099976,0.8,92,0,0.0,7.51,22.1,990.31,2.87,145.64,0.0,0.0,0.0,0.0
2019/03/21 12:45,8.0,989.200012,0.8,108,0,0.0,7.13,22.76,990.61,3.33,144.32,0.0,0.0,0.0,0.0
2019/03/21 13:00,8.0,989.200012,0.8,64,0,0.0,6.8,23.23,990.88,3.73,149.67,0.0,0.0,0.0,0.0
2019/03/21 13:15,8.0,989.200012,0.8,104,0,0.0,6.51,23.54,991.04,3.89,159.2,0.0,0.0,0.0,0.0
2019/03/21 13:30,6.9,989.200012,0.8,85,0,0.0,6.24,23.81,991.11,3.88,170.94,0.0,0.0,0.0,0.0
2019/03/21 13:45,6.9,989.200012,0.8,16,0,0.0,5.97,24.07,991.04,3.78,183.67,0.0,0.0,0.0,0.0
2019/03/21 14:00,6.9,989.200012,0.8,121,0,0.0,5.71,24.37,990.99,3.65,196.09,0.0,0.0,0.0,0.0
2019/03/21 14:15,6.9,989.200012,0.8,40,0,0.0,5.48,24.7,991.04,3.52,207.27,0.0,0.0,0.0,0.0
2019/03/21 14:30,6.9,989.200012,0.8,123,0,0.0,5.29,24.97,991.13,3.37,216.11,0.0,0.0,0.0,0.0
2019/03/21 14:45,6.9,989.200012,0.8,147,0,0.0,5.12,25.17,991.21,3.13,223.61,0.0,0.0,0.0,0.0
2019/03/21 15:00,5.8,989.200012,0.8,96,0,0.0,5.0,25.27,991.29,2.85,230.54,0.0,0.0,0.0,0.0
2019/03/21 15:15,5.8,989.200012,0.8,92,0,0.0,4.9,25.33,991.4,2.6,237.79,0.0,0.0,0.0,0.0
2019/03/21 15:30,5.8,989.200012,0.8,72,0,0.0,4.81,25.39,991.52,2.42,242.29,0.0,0.0,0.0,0.0
2019/03/21 15:45,5.8,989.200012,0.8,54,0,0.0,4.72,25.44,991.66,2.28,244.29,0.0,0.0,0.0,0.0
2019/03/21 16:00,5.8,989.200012,0.8,149,0,0.0,5.55,26.9,991.04,1.97,318.96,0.0,0.0,0.0,0.0
2019/03/21 16:15,5.8,989.200012,0.8,72,0,0.0,5.05,28.6,991.2,2.51,338.46,0.0,0.0,0.0,0.0
2019/03/21 16:30,6.9,989.200012,0.8,30,0,0.0,4.54,30.34,991.21,2.97,344.65,0.0,0.0,0.0,0.0
2019/03/21 16:45,6.9,989.200012,0.8,235,0,0.0,4.17,31.45,991.21,3.12,344.29,0.0,0.0,0.0,0.0
2019/03/21 17:00,4.7,989.200012,0.8,156,0,0.0,3.89,32.03,991.04,3.06,339.61,0.0,0.0,0.0,0.0
2019/03/21 17:15,4.7,989.200012,0.8,126,0,0.0,3.69,32.18,991.07,2.98,333.47,0.0,0.0,0.0,0.0
2019/03/21 17:30,4.7,990.299988,0.8,130,0,0.0,3.52,32.09,991.24,2.97,326.24,0.0,0.0,0.0,0.0
2019/03/21 17:45,4.7,990.299988,0.8,126,0,0.0,3.34,31.93,991.06,3.06,319.53,0.0,0.0,0.0,0.0
2019/03/21 18:00,3.7,990.299988,0.8,127,0,0.0,3.18,31.66,991.11,3.24,314.38,0.0,0.0,0.0,0.0
2019/03/21 18:15,3.7,990.299988,0.8,25,0,0.0,3.04,31.33,991.17,3.45,310.67,0.0,0.0,0.0,0.0
2019/03/21 18:30,4.7,990.299988,0.8,106,0,0.0,2.91,31.01,991.15,3.61,308.1,0.0,0.0,0.0,0.0
2019/03/21 18:45,4.7,990.299988,0.8,125,0,0.0,2.78,30.73,991.09,3.7,305.13,0.0,0.0,0.0,0.0
2019/03/21 19:00,4.7,990.299988,0.0,348,0,0.0,2.69,30.44,991.31,3.75,301.34,0.0,0.0,0.0,0.0
2019/03/22 08:00,15.7,985.900024,0.3,135,444,59.040001,14.13,11.73,988.69,8.1,303.3,473.9,45.20999999999998,428.69,9.576353999999998
2019/03/22 08:15,15.7,985.900024,1.7,39,310,80.639999,14.09,11.89,988.75,7.98,304.14,419.57,43.18000000000001,376.39,7.473535000000001
2019/03/22 08:30,15.7,985.900024,2.9,179,381,47.52,14.06,11.99,988.72,7.79,305.22,382.0,41.63999999999999,340.36,7.67245
2019/03/22 08:45,15.7,985.900024,2.4,146,321,35.279999,14.0,12.09,988.64,7.59,306.85,324.02,39.02999999999997,284.99,6.9336210000000005
2019/03/22 09:00,15.7,985.900024,1.7,86,75,41.040001,13.96,12.13,988.56,7.41,308.94,284.53,37.04999999999998,247.48,4.091973
2019/03/22 09:15,15.7,985.900024,0.8,179,63,35.279999,13.88,12.19,988.5,7.28,311.02,224.58,33.58000000000001,191.0,3.822017
2019/03/22 09:30,15.7,985.900024,0.0,124,47,26.639999,13.8,12.25,988.48,7.16,312.2,184.52,30.840000000000003,153.68,2.997939
2019/03/22 09:45,14.6,985.900024,0.0,73,31,19.440001,13.6,12.46,988.45,7.05,312.5,125.15,25.75,99.4,1.861279
2019/03/22 10:00,14.6,985.900024,0.0,150,21,15.12,13.31,12.85,988.44,6.88,312.05,86.88,21.429999999999996,65.45,0.937744
2019/03/22 10:15,14.6,985.900024,1.3,126,0,9.360001,12.78,13.5,988.48,6.64,310.75,34.19,12.47,21.72,0.340998
2019/03/22 10:30,14.6,985.900024,0.0,92,0,0.0,12.16,14.18,988.53,6.41,308.64,6.56,3.98,2.58,0.0
2019/03/22 10:45,13.5,985.900024,0.0,43,0,0.0,11.64,14.74,988.75,6.33,305.66,0.0,0.0,0.0,0.0
2019/03/22 11:00,12.4,985.900024,0.0,9,0,0.0,11.3,15.17,989.07,6.38,302.46,0.0,0.0,0.0,0.0
2019/03/22 11:15,11.3,985.900024,1.4,167,0,0.0,11.01,15.58,989.38,6.42,299.89,0.0,0.0,0.0,0.0
2019/03/22 11:30,11.3,987.0,0.0,186,0,0.0,10.72,16.05,989.68,6.37,298.4,0.0,0.0,0.0,0.0
2019/03/22 11:45,11.3,987.0,0.5,133,0,0.0,10.42,16.58,989.89,6.27,298.17,0.0,0.0,0.0,0.0
2019/03/22 12:00,11.3,987.0,0.0,129,0,0.0,10.11,17.13,990.07,6.15,298.35,0.0,0.0,0.0,0.0
2019/03/22 12:15,10.2,987.0,0.0,31,0,0.0,9.81,17.69,990.25,6.07,298.52,0.0,0.0,0.0,0.0
2019/03/22 12:30,10.2,987.0,0.0,21,0,0.0,9.51,18.24,990.47,6.04,299.2,0.0,0.0,0.0,0.0
2019/03/22 12:45,10.2,987.0,0.4,347,0,0.0,9.2,18.82,990.71,5.93,300.4,0.0,0.0,0.0,0.0
2019/03/22 13:00,9.1,988.099976,0.4,8,0,0.0,8.86,19.46,990.9,5.69,299.97,0.0,0.0,0.0,0.0
2019/03/22 13:15,9.1,988.099976,0.4,352,0,0.0,8.52,20.08,991.05,5.47,297.4,0.0,0.0,0.0,0.0
2019/03/22 13:30,9.1,988.099976,0.4,145,0,0.0,8.25,20.57,991.14,5.39,294.23,0.0,0.0,0.0,0.0
2019/03/22 13:45,9.1,988.099976,0.4,17,0,0.0,8.04,20.96,991.0,5.42,291.65,0.0,0.0,0.0,0.0
2019/03/22 14:00,9.1,988.099976,0.4,136,0,0.0,7.89,21.23,990.83,5.55,290.77,0.0,0.0,0.0,0.0
2019/03/22 14:15,8.0,988.099976,0.4,23,0,0.0,7.81,21.41,990.81,5.8,292.87,0.0,0.0,0.0,0.0
2019/03/22 14:30,8.0,989.200012,0.4,116,0,0.0,7.74,21.62,990.95,6.19,298.64,0.0,0.0,0.0,0.0
2019/03/22 14:45,8.0,989.200012,0.4,125,0,0.0,7.63,21.94,991.18,6.68,305.22,0.0,0.0,0.0,0.0
2019/03/22 15:00,8.0,989.200012,0.4,19,0,0.0,7.49,22.32,991.43,7.06,309.58,0.0,0.0,0.0,0.0
2019/03/22 15:15,8.0,989.200012,0.4,57,0,0.0,7.24,23.01,991.8,7.11,313.84,0.0,0.0,0.0,0.0
2019/03/22 15:30,8.0,989.200012,0.4,76,0,0.0,7.0,23.79,992.21,6.82,317.25,0.0,0.0,0.0,0.0
2019/03/22 15:45,10.2,989.200012,0.8,135,0,0.0,6.81,24.57,992.62,6.38,319.95,0.0,0.0,0.0,0.0
2019/03/22 16:00,10.2,990.299988,1.7,89,0,0.0,6.92,26.13,993.05,5.68,355.0,0.0,0.0,0.0,0.0
2019/03/22 16:15,10.2,990.299988,1.0,113,0,0.0,6.43,27.71,993.0,5.21,353.65,0.0,0.0,0.0,0.0
2019/03/22 16:30,10.2,990.299988,2.4,204,0,0.0,6.1,28.5,993.4,4.76,348.2,0.0,0.0,0.0,0.0
2019/03/22 16:45,10.2,990.299988,1.6,109,0,0.0,5.84,28.87,993.7,4.4,342.7,0.0,0.0,0.0,0.0
2019/03/22 17:00,9.1,991.400024,0.7,188,0,0.0,5.64,29.1,993.97,4.21,339.58,0.0,0.0,0.0,0.0
2019/03/22 17:15,9.1,991.400024,0.9,188,0,0.0,5.46,29.3,994.0,4.15,338.44,0.0,0.0,0.0,0.0
2019/03/22 17:30,9.1,991.400024,1.5,148,0,0.0,5.27,29.56,994.06,4.12,337.34,0.0,0.0,0.0,0.0
2019/03/22 17:45,9.1,991.400024,0.5,234,0,0.0,5.07,29.83,994.17,4.05,337.71,0.0,0.0,0.0,0.0
2019/03/22 18:00,9.1,991.400024,1.2,243,0,0.0,4.87,30.02,994.52,3.95,338.57,0.0,0.0,0.0,0.0
2019/03/22 18:15,9.1,992.5,0.0,145,0,0.0,4.62,30.28,994.88,3.82,338.5,0.0,0.0,0.0,0.0
2019/03/22 18:30,8.0,992.5,0.0,24,0,0.0,4.37,30.53,995.18,3.71,337.37,0.0,0.0,0.0,0.0
2019/03/22 18:45,8.0,992.5,0.3,169,0,0.0,4.1,30.84,995.4,3.64,335.52,0.0,0.0,0.0,0.0
2019/03/22 19:00,8.0,992.5,0.0,322,0,0.0,3.86,31.13,995.71,3.6,333.68,0.0,0.0,0.0,0.0
2019/03/23 08:00,11.3,990.299988,2.0,216,449,33.119999,10.72,15.43,992.46,5.91,131.98,482.86,45.46000000000004,437.4,9.860518
2019/03/23 08:15,11.3,990.299988,1.7,270,407,32.400002,10.57,16.08,992.35,6.62,133.67,427.89,43.41999999999996,384.47,8.752276
2019/03/23 08:30,11.3,990.299988,2.8,193,353,31.68,10.44,16.41,992.19,7.2,138.24,389.94,41.89999999999998,348.04,7.516159
2019/03/23 08:45,11.3,989.200012,4.2,202,286,29.52,10.31,16.4,992.01,7.6,142.91,331.43,39.30000000000001,292.13,6.280042
2019/03/23 09:00,11.3,989.200012,1.7,306,59,26.639999,10.27,16.11,991.82,7.81,145.6,291.58,37.31999999999999,254.26,5.058134
2019/03/23 09:15,11.3,989.200012,1.1,352,47,23.76,10.2,15.85,991.61,7.94,146.42,230.98,33.869999999999976,197.11,3.935683
2019/03/23 09:30,11.3,989.200012,1.1,15,39,20.879999,10.07,15.76,991.37,7.99,146.84,190.41,31.139999999999983,159.27,2.841648
2019/03/23 09:45,10.2,989.200012,2.4,216,31,18.0,9.81,15.99,991.11,7.94,147.77,130.21,26.110000000000014,104.1,1.77603
2019/03/23 10:00,10.2,989.200012,1.9,324,21,15.12,9.47,16.46,990.87,7.74,149.5,91.31,21.85000000000001,69.46,0.923536
2019/03/23 10:15,10.2,989.200012,1.6,200,11,10.08,8.95,17.07,990.65,7.34,152.44,37.42,13.07,24.35,0.340998
2019/03/23 10:30,10.2,989.200012,1.5,267,0,0.0,8.38,17.7,990.45,6.78,154.14,8.47,4.73,3.74,0.0
2019/03/23 10:45,10.2,989.200012,0.7,160,0,0.0,7.88,18.26,990.51,6.19,153.15,0.0,0.0,0.0,0.0
2019/03/23 11:00,9.1,989.200012,0.7,293,0,0.0,7.5,18.76,990.6,5.65,151.93,0.0,0.0,0.0,0.0
2019/03/23 11:15,9.1,989.200012,0.7,180,0,0.0,7.21,19.22,990.65,5.15,151.78,0.0,0.0,0.0,0.0
2019/03/23 11:30,9.1,989.200012,0.7,241,0,0.0,6.95,19.76,990.71,4.65,152.79,0.0,0.0,0.0,0.0
2019/03/23 11:45,8.0,989.200012,0.7,97,0,0.0,6.71,20.34,990.74,4.18,155.0,0.0,0.0,0.0,0.0
2019/03/23 12:00,6.9,989.200012,0.7,88,0,0.0,6.5,20.89,990.72,3.72,158.3,0.0,0.0,0.0,0.0
2019/03/23 12:15,6.9,989.200012,0.7,87,0,0.0,6.32,21.4,990.71,3.13,161.35,0.0,0.0,0.0,0.0
2019/03/23 12:30,6.9,989.200012,0.7,118,0,0.0,6.23,21.71,990.7,2.36,164.88,0.0,0.0,0.0,0.0
2019/03/23 12:45,6.9,989.200012,0.7,27,0,0.0,6.07,22.13,990.71,1.54,178.78,0.0,0.0,0.0,0.0
2019/03/23 13:00,6.9,989.200012,0.7,185,0,0.0,5.75,23.0,990.74,1.37,279.4,0.0,0.0,0.0,0.0
2019/03/23 13:15,5.8,989.200012,0.7,99,0,0.0,5.38,24.05,990.74,2.16,312.08,0.0,0.0,0.0,0.0
2019/03/23 13:30,5.8,989.200012,0.7,328,0,0.0,4.87,25.41,990.67,3.2,316.54,0.0,0.0,0.0,0.0
2019/03/23 13:45,5.8,989.200012,0.7,123,0,0.0,4.48,26.51,990.48,3.91,316.49,0.0,0.0,0.0,0.0
2019/03/23 14:00,5.8,989.200012,0.7,89,0,0.0,4.24,27.13,990.28,4.36,314.84,0.0,0.0,0.0,0.0
2019/03/23 14:15,5.8,989.200012,0.7,295,0,0.0,4.13,27.33,990.17,4.59,313.67,0.0,0.0,0.0,0.0
2019/03/23 14:30,5.8,989.200012,0.7,68,0,0.0,4.0,27.52,990.14,4.51,312.11,0.0,0.0,0.0,0.0
2019/03/23 14:45,5.8,989.200012,0.7,137,0,0.0,3.81,27.73,990.08,4.14,309.33,0.0,0.0,0.0,0.0
2019/03/23 15:00,5.8,989.200012,0.7,40,0,0.0,3.58,27.98,989.99,3.63,302.78,0.0,0.0,0.0,0.0
2019/03/23 15:15,5.8,989.200012,0.7,24,0,0.0,3.39,28.16,989.96,3.17,287.98,0.0,0.0,0.0,0.0
2019/03/23 15:30,4.7,989.200012,0.7,10,0,0.0,3.23,28.29,990.02,3.0,263.84,0.0,0.0,0.0,0.0
2019/03/23 15:45,4.7,989.200012,0.7,52,0,0.0,3.06,28.39,990.13,3.16,243.08,0.0,0.0,0.0,0.0
2019/03/23 16:00,4.7,988.099976,0.7,282,0,0.0,3.61,32.85,989.3,3.64,318.27,0.0,0.0,0.0,0.0
2019/03/23 16:15,4.7,988.099976,0.7,42,0,0.0,3.51,32.59,989.07,3.49,315.54,0.0,0.0,0.0,0.0
2019/03/23 16:30,4.7,988.099976,0.7,110,0,0.0,3.45,32.11,988.94,3.34,311.93,0.0,0.0,0.0,0.0
2019/03/23 16:45,3.7,988.099976,0.7,174,0,0.0,3.43,31.47,988.91,3.15,305.44,0.0,0.0,0.0,0.0
2019/03/23 17:00,3.7,988.099976,0.7,134,0,0.0,3.43,30.77,988.88,2.92,294.75,0.0,0.0,0.0,0.0
2019/03/23 17:15,3.7,988.099976,0.7,336,0,0.0,3.42,30.08,988.68,2.8,276.38,0.0,0.0,0.0,0.0
2019/03/23 17:30,3.7,988.099976,0.7,138,0,0.0,3.4,29.45,988.64,2.84,259.96,0.0,0.0,0.0,0.0
2019/03/23 17:45,2.6,987.0,0.7,42,0,0.0,3.35,28.87,988.33,2.96,248.56,0.0,0.0,0.0,0.0
2019/03/23 18:00,3.7,987.0,0.7,45,0,0.0,3.33,28.22,988.29,3.05,242.63,0.0,0.0,0.0,0.0
2019/03/23 18:15,3.7,987.0,0.6,27,0,0.0,3.32,27.54,988.11,3.06,241.3,0.0,0.0,0.0,0.0
2019/03/23 18:30,3.7,987.0,0.6,102,0,0.0,3.32,26.77,987.99,2.99,244.0,0.0,0.0,0.0,0.0
2019/03/23 18:45,3.7,987.0,0.6,110,0,0.0,3.31,26.06,987.8,2.9,248.78,0.0,0.0,0.0,0.0
2019/03/23 19:00,3.7,987.0,1.1,65,0,0.0,3.29,25.38,987.73,2.86,252.93,0.0,0.0,0.0,0.0
2019/03/24 08:00,21.1,977.099976,3.0,269,326,90.720001,21.03,8.56,978.58,4.18,329.96,289.57,144.95999999999998,144.61,6.791539
2019/03/24 08:15,21.1,977.099976,1.9,270,316,81.360001,20.97,8.56,978.52,4.57,333.97,234.52,100.79000000000002,133.73,6.734706
2019/03/24 08:30,21.1,977.099976,3.3,169,266,74.160004,20.85,8.49,978.38,5.06,336.79,183.97,86.89,97.08,5.6975050000000005
2019/03/24 08:45,20.0,977.099976,2.4,220,80,53.279999,20.68,8.39,978.28,5.52,336.9,133.36,72.55000000000001,60.81,1.875488
2019/03/24 09:00,20.0,977.099976,2.2,117,78,57.599998,20.5,8.3,978.24,5.79,335.19,97.54,69.13000000000001,28.41,1.747614
2019/03/24 09:15,20.0,977.099976,1.3,302,62,53.279999,20.32,8.3,978.18,5.75,332.38,70.49,56.94,13.55,1.349783
2019/03/24 09:30,18.9,977.099976,2.4,211,68,57.599998,20.12,8.49,978.07,5.37,330.52,54.64,45.46,9.18,1.506073
2019/03/24 09:45,18.9,977.099976,2.3,207,46,41.759998,19.75,9.0,977.97,4.73,330.18,38.04,27.73,10.31,1.193492
2019/03/24 10:00,18.9,977.099976,0.7,204,28,25.92,19.17,9.79,977.89,4.07,330.31,26.36,19.59,6.77,0.653579
2019/03/24 10:15,18.9,977.099976,1.0,193,10,11.52,18.31,10.59,977.84,3.63,329.57,12.25,8.72,3.53,0.24154
2019/03/24 10:30,17.799999,977.099976,0.9,157,0,0.0,17.74,10.94,977.82,3.36,326.95,3.5,2.78,0.72,0.0
2019/03/24 10:45,17.799999,977.099976,0.7,157,0,0.0,17.18,11.16,977.97,3.19,318.79,0.0,0.0,0.0,0.0
2019/03/24 11:00,16.700001,977.099976,0.7,136,0,0.0,16.63,11.63,978.2,3.32,302.94,0.0,0.0,0.0,0.0
2019/03/24 11:15,15.7,977.099976,0.7,34,0,0.0,15.99,12.21,978.46,3.78,289.05,0.0,0.0,0.0,0.0
2019/03/24 11:30,15.7,977.099976,0.7,19,0,0.0,15.37,12.8,978.71,4.26,282.77,0.0,0.0,0.0,0.0
2019/03/24 11:45,14.6,977.099976,0.6,330,0,0.0,14.78,13.37,978.89,4.55,280.71,0.0,0.0,0.0,0.0
2019/03/24 12:00,14.6,978.200012,0.6,58,0,0.0,14.28,13.9,979.0,4.76,281.59,0.0,0.0,0.0,0.0
2019/03/24 12:15,15.7,978.200012,0.6,108,0,0.0,13.84,14.44,979.14,4.94,282.94,0.0,0.0,0.0,0.0
2019/03/24 12:30,15.7,978.200012,0.6,159,0,0.0,13.48,14.93,979.28,5.08,284.46,0.0,0.0,0.0,0.0
2019/03/24 12:45,15.7,978.200012,0.6,155,0,0.0,13.2,15.25,979.43,5.14,286.61,0.0,0.0,0.0,0.0
2019/03/24 13:00,14.6,978.200012,0.6,167,0,0.0,12.98,15.36,979.6,5.15,287.88,0.0,0.0,0.0,0.0
2019/03/24 13:15,14.6,978.200012,1.7,142,0,0.0,12.77,15.4,979.75,5.09,288.07,0.0,0.0,0.0,0.0
2019/03/24 13:30,15.7,978.200012,0.0,115,0,0.0,12.52,15.51,979.84,4.96,287.67,0.0,0.0,0.0,0.0
2019/03/24 13:45,15.7,978.200012,0.0,321,0,0.0,12.25,15.75,979.75,4.8,287.0,0.0,0.0,0.0,0.0
2019/03/24 14:00,14.6,978.200012,0.0,355,0,0.0,12.02,16.05,979.65,4.66,285.89,0.0,0.0,0.0,0.0
2019/03/24 14:15,14.6,978.200012,0.7,16,0,0.0,11.79,16.42,979.62,4.53,284.15,0.0,0.0,0.0,0.0
2019/03/24 14:30,13.5,978.200012,0.8,106,0,0.0,11.52,16.93,979.64,4.42,281.56,0.0,0.0,0.0,0.0
2019/03/24 14:45,13.5,978.200012,0.8,33,0,0.0,11.19,17.55,979.68,4.33,278.83,0.0,0.0,0.0,0.0
2019/03/24 15:00,13.5,978.200012,1.7,73,0,0.0,10.83,18.25,979.71,4.26,276.61,0.0,0.0,0.0,0.0
2019/03/24 15:15,12.4,978.200012,0.5,353,0,0.0,10.51,18.87,979.79,4.26,275.55,0.0,0.0,0.0,0.0
2019/03/24 15:30,12.4,978.200012,0.5,115,0,0.0,10.29,19.24,979.9,4.39,277.88,0.0,0.0,0.0,0.0
2019/03/24 15:45,11.3,978.200012,0.5,142,0,0.0,10.14,19.37,980.03,4.6,281.62,0.0,0.0,0.0,0.0
2019/03/24 16:00,11.3,978.200012,0.9,270,0,0.0,9.76,20.02,979.39,3.6,264.12,0.0,0.0,0.0,0.0
2019/03/24 16:15,11.3,978.200012,0.9,142,0,0.0,9.65,20.12,979.38,3.45,265.65,0.0,0.0,0.0,0.0
2019/03/24 16:30,10.2,978.200012,0.9,15,0,0.0,9.59,20.06,979.34,3.52,272.08,0.0,0.0,0.0,0.0
2019/03/24 16:45,10.2,978.200012,1.1,90,0,0.0,9.57,19.89,979.42,3.79,279.18,0.0,0.0,0.0,0.0
2019/03/24 17:00,11.3,978.200012,1.2,115,0,0.0,9.46,19.89,979.58,4.03,278.96,0.0,0.0,0.0,0.0
2019/03/24 17:15,11.3,978.200012,1.2,124,0,0.0,9.22,20.14,979.42,4.08,273.39,0.0,0.0,0.0,0.0
2019/03/24 17:30,11.3,978.200012,1.4,138,0,0.0,8.96,20.49,979.36,4.01,267.7,0.0,0.0,0.0,0.0
2019/03/24 17:45,12.4,978.200012,1.7,84,0,0.0,8.68,20.92,979.31,3.96,263.35,0.0,0.0,0.0,0.0
2019/03/24 18:00,12.4,978.200012,1.6,79,0,0.0,8.4,21.38,979.44,4.01,260.77,0.0,0.0,0.0,0.0
2019/03/24 18:15,11.3,978.200012,1.6,94,0,0.0,8.09,21.89,979.21,4.11,259.56,0.0,0.0,0.0,0.0
2019/03/24 18:30,11.3,978.200012,1.6,86,0,0.0,7.8,22.34,979.12,4.17,260.55,0.0,0.0,0.0,0.0
2019/03/24 18:45,11.3,978.200012,1.5,46,0,0.0,7.55,22.71,979.23,4.18,262.84,0.0,0.0,0.0,0.0
2019/03/24 19:00,11.3,978.200012,1.5,64,0,0.0,7.33,22.9,979.14,4.16,268.29,0.0,0.0,0.0,0.0
2019/03/25 08:00,24.4,976.0,0.7,171,431,52.560001,21.98,5.5,978.67,8.01,317.4,490.54,45.21000000000004,445.33,9.121691
2019/03/25 08:15,24.4,976.0,0.7,114,391,49.68,21.92,5.54,978.62,7.66,317.15,435.39,43.20999999999998,392.18,8.226571
2019/03/25 08:30,24.4,976.0,0.5,277,337,46.080002,21.87,5.66,978.48,7.31,316.78,397.12,41.72000000000003,355.4,7.217786
2019/03/25 08:45,24.4,976.0,1.0,312,244,43.200001,21.76,5.79,978.39,7.0,316.39,338.07,39.19999999999999,298.87,5.967461
2019/03/25 09:00,24.4,976.0,3.7,35,76,42.48,21.65,5.87,978.38,6.67,316.19,297.88,37.27999999999997,260.6,4.617678
2019/03/25 09:15,23.299999,976.0,2.1,165,62,38.880001,21.46,5.97,978.36,6.22,316.07,236.95,33.94,203.01,3.537852
2019/03/25 09:30,23.299999,976.0,0.8,30,48,33.119999,21.25,6.14,978.33,5.62,315.43,196.29,31.31,164.98,2.543275
2019/03/25 09:45,22.200001,976.0,0.3,103,38,27.360001,20.82,6.57,978.34,4.89,313.52,136.01,26.489999999999995,109.52,1.690781
2019/03/25 10:00,22.200001,976.0,0.0,127,24,20.16,20.19,7.22,978.39,4.22,310.38,96.97,22.41,74.56,0.951952
2019/03/25 10:15,22.200001,976.0,0.0,57,12,12.96,19.27,7.79,978.48,3.84,306.71,42.44,14.06,28.38,0.412039
2019/03/25 10:30,21.1,976.0,0.0,128,0,0.0,18.61,7.75,978.6,3.74,304.55,12.2,6.1,6.1,0.0
2019/03/25 10:45,21.1,976.0,0.0,83,0,0.0,18.04,7.55,978.78,3.74,304.04,0.0,0.0,0.0,0.0
2019/03/25 11:00,21.1,977.099976,1.1,84,0,0.0,17.56,7.61,979.04,3.74,304.02,0.0,0.0,0.0,0.0
2019/03/25 11:15,20.0,977.099976,1.1,139,0,0.0,17.05,7.83,979.29,3.76,301.12,0.0,0.0,0.0,0.0
2019/03/25 11:30,18.9,977.099976,0.0,126,0,0.0,16.43,8.26,979.57,3.9,293.04,0.0,0.0,0.0,0.0
2019/03/25 11:45,16.700001,977.099976,0.9,152,0,0.0,15.77,8.8,979.84,4.17,283.81,0.0,0.0,0.0,0.0
2019/03/25 12:00,16.700001,978.200012,0.9,141,0,0.0,15.15,9.36,980.09,4.39,279.05,0.0,0.0,0.0,0.0
2019/03/25 12:15,16.700001,978.200012,0.9,75,0,0.0,14.69,9.81,980.33,4.47,278.7,0.0,0.0,0.0,0.0
2019/03/25 12:30,16.700001,978.200012,0.9,182,0,0.0,14.3,10.23,980.56,4.46,279.1,0.0,0.0,0.0,0.0
2019/03/25 12:45,16.700001,978.200012,0.9,2,0,0.0,13.91,10.69,980.77,4.43,277.89,0.0,0.0,0.0,0.0
2019/03/25 13:00,16.700001,978.200012,0.9,16,0,0.0,13.54,11.15,980.97,4.38,275.97,0.0,0.0,0.0,0.0
2019/03/25 13:15,15.7,979.299988,0.9,135,0,0.0,13.2,11.63,981.16,4.33,275.32,0.0,0.0,0.0,0.0
2019/03/25 13:30,15.7,979.299988,0.9,143,0,0.0,12.85,12.14,981.32,4.3,274.61,0.0,0.0,0.0,0.0
2019/03/25 13:45,15.7,979.299988,0.9,118,0,0.0,12.5,12.69,981.31,4.29,273.21,0.0,0.0,0.0,0.0
2019/03/25 14:00,15.7,979.299988,0.9,44,0,0.0,12.23,13.15,981.28,4.28,272.48,0.0,0.0,0.0,0.0
2019/03/25 14:15,15.7,979.299988,0.9,32,0,0.0,12.04,13.53,981.31,4.31,272.92,0.0,0.0,0.0,0.0
2019/03/25 14:30,15.7,979.299988,0.9,128,0,0.0,11.81,13.98,981.41,4.39,273.73,0.0,0.0,0.0,0.0
2019/03/25 14:45,14.6,979.299988,1.1,140,0,0.0,11.51,14.62,981.51,4.51,272.33,0.0,0.0,0.0,0.0
2019/03/25 15:00,14.6,979.299988,1.4,7,0,0.0,11.13,15.45,981.61,4.59,269.29,0.0,0.0,0.0,0.0
2019/03/25 15:15,13.5,979.299988,1.3,131,0,0.0,10.81,16.21,981.75,4.56,268.43,0.0,0.0,0.0,0.0
2019/03/25 15:30,13.5,979.299988,1.2,99,0,0.0,10.57,16.76,981.93,4.47,269.89,0.0,0.0,0.0,0.0
2019/03/25 15:45,13.5,979.299988,2.6,120,0,0.0,10.34,17.22,982.14,4.3,271.39,0.0,0.0,0.0,0.0
2019/03/25 16:00,13.5,979.299988,1.7,89,0,0.0,10.64,16.01,981.02,3.08,243.44,0.0,0.0,0.0,0.0
2019/03/25 16:15,13.5,980.400024,1.7,101,0,0.0,10.52,16.01,980.79,2.97,241.96,0.0,0.0,0.0,0.0
2019/03/25 16:30,12.4,980.400024,0.5,131,0,0.0,10.27,16.21,981.16,3.04,237.06,0.0,0.0,0.0,0.0
2019/03/25 16:45,12.4,980.400024,0.5,117,0,0.0,9.87,16.62,981.0,3.24,234.7,0.0,0.0,0.0,0.0
2019/03/25 17:00,13.5,980.400024,1.6,88,0,0.0,9.56,16.91,980.98,3.46,241.22,0.0,0.0,0.0,0.0
2019/03/25 17:15,13.5,980.400024,1.7,82,0,0.0,9.41,16.94,980.96,3.55,244.41,0.0,0.0,0.0,0.0
2019/03/25 17:30,13.5,980.400024,0.4,121,0,0.0,9.3,16.95,981.0,3.47,240.22,0.0,0.0,0.0,0.0
2019/03/25 17:45,12.4,980.400024,0.4,88,0,0.0,9.18,17.03,981.16,3.35,237.3,0.0,0.0,0.0,0.0
2019/03/25 18:00,12.4,980.400024,1.6,116,0,0.0,8.98,17.3,981.24,3.28,235.93,0.0,0.0,0.0,0.0
2019/03/25 18:15,12.4,980.400024,1.5,65,0,0.0,8.76,17.66,981.15,3.2,237.24,0.0,0.0,0.0,0.0
2019/03/25 18:30,12.4,980.400024,2.4,138,0,0.0,8.56,18.02,981.12,3.12,238.71,0.0,0.0,0.0,0.0
2019/03/25 18:45,12.4,980.400024,1.3,123,0,0.0,8.4,18.31,980.99,3.11,240.96,0.0,0.0,0.0,0.0
2019/03/25 19:00,12.4,980.400024,1.3,143,0,0.0,8.28,18.54,981.01,3.06,243.54,0.0,0.0,0.0,0.0
2019/03/26 08:00,24.4,976.0,4.3,277,364,91.440002,25.97,5.97,977.68,6.74,283.02,423.44,65.67000000000002,357.77,7.743491000000001
2019/03/26 08:15,24.4,976.0,2.4,221,224,84.240013,25.9,6.06,977.61,6.88,279.94,370.25,89.94,280.31,4.702928
2019/03/26 08:30,24.4,976.0,2.6,158,266,82.08000200000001,25.88,6.1,977.45,6.79,278.43,346.24,53.63999999999999,292.6,5.81117
2019/03/26 08:45,24.4,976.0,1.9,242,190,72.0,25.82,6.05,977.28,6.62,280.69,290.49,44.860000000000014,245.63,4.631886
2019/03/26 09:00,24.4,976.0,1.4,291,80,64.800003,25.82,5.87,977.16,6.66,287.63,266.19,35.31999999999999,230.87,2.074403
2019/03/26 09:15,23.299999,976.0,3.5,293,70,60.48,25.57,5.83,977.07,6.82,293.73,204.08,43.25,160.83,1.619739
2019/03/26 09:30,23.299999,976.0,0.8,288,56,46.080002,25.27,5.97,976.99,6.76,294.32,180.23,30.66,149.57,1.392408
2019/03/26 09:45,23.299999,976.0,0.3,208,46,41.759998,24.7,6.4,976.93,6.34,292.48,126.62,26.72,99.9,1.079826
2019/03/26 10:00,22.200001,976.0,1.1,149,18,17.280001000000002,23.98,7.01,976.9,5.8,290.91,92.7,21.65000000000001,71.05,0.440455
2019/03/26 10:15,22.200001,976.0,0.0,113,12,14.4,22.91,7.73,976.88,5.32,289.02,41.67,13.900000000000002,27.77,0.284165
2019/03/26 10:30,21.1,976.0,0.0,170,0,0.0,21.86,8.21,976.88,5.02,285.73,12.97,6.410000000000001,6.56,0.0
2019/03/26 10:45,21.1,976.0,0.0,57,0,0.0,20.97,8.42,977.02,4.89,280.95,0.0,0.0,0.0,0.0
2019/03/26 11:00,22.200001,976.0,1.2,66,0,0.0,20.26,8.83,977.2,4.91,276.18,0.0,0.0,0.0,0.0
2019/03/26 11:15,22.200001,976.0,0.0,329,0,0.0,19.66,9.37,977.4,5.11,273.55,0.0,0.0,0.0,0.0
2019/03/26 11:30,22.200001,976.0,1.5,94,0,0.0,19.13,9.98,977.67,5.39,274.33,0.0,0.0,0.0,0.0
2019/03/26 11:45,22.200001,976.0,1.7,46,0,0.0,18.65,10.59,977.9,5.55,275.97,0.0,0.0,0.0,0.0
2019/03/26 12:00,23.299999,976.0,1.0,140,0,0.0,18.25,11.1,978.08,5.63,275.74,0.0,0.0,0.0,0.0
2019/03/26 12:15,23.299999,976.0,1.0,73,0,0.0,17.99,11.47,978.3,5.84,274.22,0.0,0.0,0.0,0.0
2019/03/26 12:30,23.299999,976.0,1.0,109,0,0.0,17.96,11.58,978.55,6.22,273.08,0.0,0.0,0.0,0.0
2019/03/26 12:45,23.299999,976.0,1.0,97,0,0.0,18.13,11.43,978.8,6.6,273.29,0.0,0.0,0.0,0.0
2019/03/26 13:00,23.299999,977.099976,0.7,23,0,0.0,18.22,11.31,979.01,6.63,274.72,0.0,0.0,0.0,0.0
2019/03/26 13:15,23.299999,977.099976,1.5,126,0,0.0,17.83,11.73,979.17,6.21,274.3,0.0,0.0,0.0,0.0
2019/03/26 13:30,22.200001,977.099976,1.7,99,0,0.0,17.01,12.72,979.28,5.73,266.09,0.0,0.0,0.0,0.0
2019/03/26 13:45,22.200001,977.099976,0.7,113,0,0.0,16.33,13.74,979.19,5.51,255.47,0.0,0.0,0.0,0.0
2019/03/26 14:00,22.200001,977.099976,0.8,224,0,0.0,15.86,14.67,979.04,5.64,249.68,0.0,0.0,0.0,0.0
2019/03/26 14:15,22.200001,977.099976,0.8,35,0,0.0,15.64,15.44,979.06,6.08,243.67,0.0,0.0,0.0,0.0
2019/03/26 14:30,22.200001,978.200012,0.6,353,0,0.0,15.56,16.01,979.11,6.53,237.99,0.0,0.0,0.0,0.0
2019/03/26 14:45,16.700001,978.200012,0.9,175,0,0.0,15.48,16.51,979.11,6.8,237.2,0.0,0.0,0.0,0.0
2019/03/26 15:00,15.7,978.200012,0.9,179,0,0.0,15.37,16.97,979.11,6.95,238.61,0.0,0.0,0.0,0.0
2019/03/26 15:15,15.7,978.200012,0.9,137,0,0.0,15.24,17.42,979.14,6.96,239.84,0.0,0.0,0.0,0.0
2019/03/26 15:30,14.6,978.200012,0.9,152,0,0.0,15.07,17.85,979.19,6.84,241.88,0.0,0.0,0.0,0.0
2019/03/26 15:45,14.6,978.200012,0.9,218,0,0.0,14.9,18.17,979.29,6.65,244.94,0.0,0.0,0.0,0.0
2019/03/26 16:00,14.6,978.200012,0.9,135,0,0.0,13.69,15.02,979.41,2.38,236.2,0.0,0.0,0.0,0.0
2019/03/26 16:15,14.6,978.200012,0.9,142,0,0.0,13.57,15.17,979.38,2.53,241.14,0.0,0.0,0.0,0.0
2019/03/26 16:30,14.6,978.200012,0.9,15,0,0.0,13.47,15.32,979.78,2.87,240.95,0.0,0.0,0.0,0.0
2019/03/26 16:45,13.5,978.200012,0.9,73,0,0.0,13.35,15.47,979.73,3.4,243.08,0.0,0.0,0.0,0.0
2019/03/26 17:00,13.5,978.200012,0.9,27,0,0.0,13.17,15.74,979.59,4.04,243.6,0.0,0.0,0.0,0.0
2019/03/26 17:15,13.5,978.200012,0.9,76,0,0.0,12.97,16.06,979.64,4.66,243.36,0.0,0.0,0.0,0.0
2019/03/26 17:30,12.4,978.200012,0.9,266,0,0.0,12.81,16.3,979.69,5.16,243.34,0.0,0.0,0.0,0.0
2019/03/26 17:45,12.4,978.200012,0.9,6,0,0.0,12.73,16.41,979.83,5.5,244.77,0.0,0.0,0.0,0.0
2019/03/26 18:00,13.5,978.200012,0.9,32,0,0.0,12.62,16.57,980.12,5.57,248.22,0.0,0.0,0.0,0.0
2019/03/26 18:15,13.5,978.200012,0.9,130,0,0.0,12.44,16.91,980.33,5.35,252.54,0.0,0.0,0.0,0.0
2019/03/26 18:30,13.5,978.200012,0.9,351,0,0.0,12.16,17.45,980.44,5.03,259.34,0.0,0.0,0.0,0.0
2019/03/26 18:45,13.5,978.200012,0.9,76,0,0.0,11.89,18.03,980.43,4.89,266.04,0.0,0.0,0.0,0.0
2019/03/26 19:00,14.6,978.200012,0.9,329,0,0.0,11.71,18.53,980.52,4.97,271.99,0.0,0.0,0.0,0.0
2019/03/27 08:00,21.1,976.0,1.9,102,136,115.919998,21.28,15.06,979.44,9.25,103.02,434.72,44.450000000000045,390.27,3.026355
2019/03/27 08:15,21.1,976.0,2.4,253,138,110.879997,21.08,15.48,979.72,8.89,101.92,377.59,42.25,335.34,3.040563
2019/03/27 08:30,21.1,976.0,3.8,227,104,88.560013,20.88,15.86,979.9,8.61,99.54,328.72,38.73000000000002,289.99,2.34436
2019/03/27 08:45,21.1,976.0,1.4,215,98,84.240013,20.59,16.33,980.08,8.45,96.63,250.8,38.30000000000001,212.5,2.060195
2019/03/27 09:00,21.1,976.0,1.5,243,86,74.160004,20.3,16.79,980.22,8.41,95.21,202.6,31.44999999999999,171.15,1.989154
2019/03/27 09:15,21.1,976.0,2.1,327,62,55.439999,19.91,17.19,980.29,8.37,94.01,145.63,24.61,121.02,1.363991
2019/03/27 09:30,21.1,976.0,2.4,250,50,46.799999,19.55,17.41,980.42,8.16,93.63,111.91,20.429999999999996,91.48,1.094035
2019/03/27 09:45,20.0,976.0,1.5,94,28,26.639999,19.13,17.72,980.54,7.73,92.83,72.57,14.769999999999996,57.8,0.539913
2019/03/27 10:00,20.0,976.0,0.8,315,16,16.559998999999998,18.71,18.27,980.67,7.03,92.23,49.58,12.04,37.54,0.326789
2019/03/27 10:15,20.0,977.099976,1.7,242,0,9.360001,18.11,19.3,980.76,6.18,90.37,21.08,7.219999999999999,13.86,0.0
2019/03/27 10:30,20.0,977.099976,0.7,216,0,0.0,17.36,20.84,981.0,6.34,87.47,6.65,3.3300000000000005,3.32,0.0
2019/03/27 10:45,18.9,977.099976,1.9,205,0,0.0,16.37,22.99,981.51,7.86,96.51,0.0,0.0,0.0,0.0
2019/03/27 11:00,18.9,977.099976,1.8,173,0,0.0,15.16,25.11,982.08,8.78,102.32,0.0,0.0,0.0,0.0
2019/03/27 11:15,18.9,977.099976,1.7,187,0,0.0,14.64,24.91,982.58,8.61,101.25,0.0,0.0,0.0,0.0
2019/03/27 11:30,18.9,978.200012,2.5,191,0,0.0,14.12,24.81,983.14,8.63,101.38,0.0,0.0,0.0,0.0
2019/03/27 11:45,18.9,978.200012,3.8,215,0,0.0,13.33,26.06,983.66,8.77,102.43,0.0,0.0,0.0,0.0
2019/03/27 12:00,18.9,979.299988,2.5,220,0,0.0,12.61,27.0,984.23,8.38,103.73,0.0,0.0,0.0,0.0
2019/03/27 12:15,17.799999,979.299988,2.7,214,0,0.0,12.06,27.48,984.84,7.7,105.33,0.0,0.0,0.0,0.0
2019/03/27 12:30,17.799999,979.299988,3.7,207,0,0.0,11.55,28.17,985.37,7.18,108.23,0.0,0.0,0.0,0.0
2019/03/27 12:45,17.799999,980.400024,3.1,144,0,0.0,11.02,28.79,985.9,6.84,111.81,0.0,0.0,0.0,0.0
2019/03/27 13:00,17.799999,980.400024,1.5,212,0,0.0,10.49,28.82,986.35,6.39,112.58,0.0,0.0,0.0,0.0
2019/03/27 13:15,16.700001,980.400024,1.7,152,0,0.0,10.0,28.68,986.76,5.73,109.6,0.0,0.0,0.0,0.0
2019/03/27 13:30,16.700001,980.400024,2.4,255,0,0.0,9.57,28.73,987.14,5.06,107.15,0.0,0.0,0.0,0.0
2019/03/27 13:45,15.7,981.5,3.9,209,0,0.0,9.14,28.98,987.28,4.43,105.93,0.0,0.0,0.0,0.0
2019/03/27 14:00,14.6,981.5,5.3,201,0,0.0,8.74,29.36,987.35,3.79,101.44,0.0,0.0,0.0,0.0
2019/03/27 14:15,14.6,981.5,4.1,203,0,0.0,8.37,29.86,987.43,3.23,97.5,0.0,0.0,0.0,0.0
2019/03/27 14:30,13.5,982.599976,3.1,243,0,0.0,8.02,30.47,987.55,2.83,92.64,0.0,0.0,0.0,0.0
2019/03/27 14:45,12.4,982.599976,5.7,192,0,0.0,7.68,31.21,987.73,2.55,79.03,0.0,0.0,0.0,0.0
2019/03/27 15:00,12.4,982.599976,4.7,216,0,0.0,7.35,32.04,987.86,2.48,63.45,0.0,0.0,0.0,0.0
2019/03/27 15:15,11.3,983.700012,6.0,226,0,0.0,7.04,32.87,987.97,2.61,54.43,0.0,0.0,0.0,0.0
2019/03/27 15:30,11.3,983.700012,2.9,173,0,0.0,6.74,33.7,988.06,2.82,53.95,0.0,0.0,0.0,0.0
2019/03/27 15:45,10.2,984.799988,3.8,229,0,0.0,6.43,34.53,988.19,3.01,57.18,0.0,0.0,0.0,0.0
2019/03/27 16:00,10.2,984.799988,3.5,189,0,0.0,8.12,31.08,985.48,5.24,60.91,0.0,0.0,0.0,0.0
2019/03/27 16:15,9.1,984.799988,2.1,132,0,0.0,7.72,31.44,985.86,4.94,59.48,0.0,0.0,0.0,0.0
2019/03/27 16:30,9.1,984.799988,2.4,192,0,0.0,7.36,31.87,986.37,4.44,60.39,0.0,0.0,0.0,0.0
2019/03/27 16:45,9.1,984.799988,1.6,197,0,0.0,7.01,32.43,986.67,3.9,58.41,0.0,0.0,0.0,0.0
2019/03/27 17:00,8.0,984.799988,2.3,152,0,0.0,6.69,33.07,987.08,3.42,57.56,0.0,0.0,0.0,0.0
2019/03/27 17:15,8.0,984.799988,2.6,152,0,0.0,6.37,33.81,987.07,3.0,53.13,0.0,0.0,0.0,0.0
2019/03/27 17:30,8.0,985.900024,2.1,205,0,0.0,6.05,34.8,987.26,2.73,42.53,0.0,0.0,0.0,0.0
2019/03/27 17:45,8.0,985.900024,3.1,204,0,0.0,5.77,35.79,987.18,2.67,30.59,0.0,0.0,0.0,0.0
2019/03/27 18:00,8.0,985.900024,1.3,239,0,0.0,5.52,36.83,987.18,2.75,23.36,0.0,0.0,0.0,0.0
2019/03/27 18:15,6.9,985.900024,2.3,212,0,0.0,5.26,37.96,987.14,2.86,19.11,0.0,0.0,0.0,0.0
2019/03/27 18:30,6.9,985.900024,1.7,185,0,0.0,5.01,39.16,987.33,2.96,17.79,0.0,0.0,0.0,0.0
2019/03/27 18:45,6.9,985.900024,3.1,210,0,0.0,4.73,40.44,987.06,3.06,17.69,0.0,0.0,0.0,0.0
2019/03/27 19:00,6.9,985.900024,1.9,139,0,0.0,4.48,41.66,986.91,3.2,18.89,0.0,0.0,0.0,0.0
2019/03/28 08:00,9.1,981.5,1.4,233,367,77.760002,10.98,26.63,981.83,3.12,82.21,319.96,82.21999999999997,237.74,8.169738
2019/03/28 08:15,9.1,981.5,1.4,300,332,72.720001,11.04,26.29,981.75,3.15,77.78,318.1,32.58000000000004,285.52,7.459326
2019/03/28 08:30,9.1,981.5,0.8,221,288,65.519997,11.06,26.03,981.62,3.03,74.74,279.49,30.29000000000002,249.2,6.308459
2019/03/28 08:45,9.1,981.5,0.0,340,210,58.32,11.05,25.83,981.45,2.87,83.59,216.99,25.930000000000007,191.06,4.461388
2019/03/28 09:00,9.1,981.5,2.3,166,92,51.84,11.05,25.62,981.27,2.76,93.39,175.39,22.579999999999984,152.81,4.177223000000001
2019/03/28 09:15,9.1,981.5,0.5,233,74,44.639999,11.01,25.47,981.16,2.63,99.16,137.91,21.50999999999999,116.4,3.0831880000000003
2019/03/28 09:30,9.1,981.5,1.7,241,58,37.439999,10.96,25.35,981.05,2.51,100.69,126.3,26.44,99.86,2.188069
2019/03/28 09:45,9.1,981.5,3.0,250,48,31.68,10.85,25.3,980.88,2.61,92.21,109.2,21.66,87.54,1.562907
2019/03/28 10:00,9.1,981.5,2.3,210,32,23.040001,10.73,25.27,980.74,2.78,81.5,91.14,21.320000000000007,69.82,0.895119
2019/03/28 10:15,8.0,981.5,2.3,128,18,14.4,10.46,25.82,980.74,2.69,77.06,45.73,15.089999999999996,30.64,0.412039
2019/03/28 10:30,8.0,981.5,1.9,224,0,0.0,10.01,27.03,980.83,2.47,72.7,16.73,7.92,8.81,0.0
2019/03/28 10:45,8.0,981.5,1.9,109,0,0.0,9.64,27.5,981.06,2.45,64.63,0.0,0.0,0.0,0.0
2019/03/28 11:00,8.0,981.5,1.7,180,0,0.0,9.29,28.5,981.34,2.61,49.09,0.0,0.0,0.0,0.0
2019/03/28 11:15,8.0,981.5,2.6,209,0,0.0,8.91,29.94,981.64,2.79,34.49,0.0,0.0,0.0,0.0
2019/03/28 11:30,8.0,981.5,1.3,160,0,0.0,8.52,31.64,981.89,2.9,24.18,0.0,0.0,0.0,0.0
2019/03/28 11:45,6.9,981.5,0.0,220,0,0.0,8.15,33.25,982.09,2.93,19.03,0.0,0.0,0.0,0.0
2019/03/28 12:00,6.9,981.5,0.0,169,0,0.0,7.84,34.56,982.26,2.92,17.58,0.0,0.0,0.0,0.0
2019/03/28 12:15,6.9,982.599976,0.0,354,0,0.0,7.55,35.59,982.41,2.9,18.94,0.0,0.0,0.0,0.0
2019/03/28 12:30,5.8,982.599976,0.0,156,0,0.0,7.27,36.41,982.56,2.91,22.12,0.0,0.0,0.0,0.0
2019/03/28 12:45,5.8,982.599976,0.0,16,0,0.0,6.99,37.1,982.69,2.93,25.96,0.0,0.0,0.0,0.0
2019/03/28 13:00,5.8,982.599976,0.0,27,0,0.0,6.71,37.69,982.82,2.91,28.26,0.0,0.0,0.0,0.0
2019/03/28 13:15,5.8,982.599976,0.0,27,0,0.0,6.45,38.2,982.93,2.82,27.49,0.0,0.0,0.0,0.0
2019/03/28 13:30,5.8,982.599976,0.0,84,0,0.0,6.22,38.63,983.0,2.66,24.11,0.0,0.0,0.0,0.0
2019/03/28 13:45,5.8,982.599976,0.0,86,0,0.0,6.0,39.06,982.86,2.47,17.93,0.0,0.0,0.0,0.0
2019/03/28 14:00,5.8,982.599976,0.0,81,0,0.0,5.81,39.56,982.74,2.39,6.2,0.0,0.0,0.0,0.0
2019/03/28 14:15,5.8,982.599976,0.0,130,0,0.0,5.46,40.76,982.71,2.57,5.48,0.0,0.0,0.0,0.0
2019/03/28 14:30,4.7,982.599976,0.0,85,0,0.0,4.99,41.37,982.85,2.84,22.68,0.0,0.0,0.0,0.0
2019/03/28 14:45,4.7,982.599976,0.0,116,0,0.0,4.54,40.58,982.95,3.11,49.91,0.0,0.0,0.0,0.0
2019/03/28 15:00,4.7,982.599976,0.0,122,0,0.0,4.07,39.82,983.02,3.37,72.77,0.0,0.0,0.0,0.0
2019/03/28 15:15,4.7,982.599976,0.0,117,0,0.0,3.66,39.47,983.11,3.45,86.15,0.0,0.0,0.0,0.0
2019/03/28 15:30,4.7,982.599976,0.0,90,0,0.0,3.34,39.52,983.26,3.25,92.62,0.0,0.0,0.0,0.0
2019/03/28 15:45,4.7,982.599976,0.0,144,0,0.0,3.04,40.04,983.44,2.84,91.76,0.0,0.0,0.0,0.0
2019/03/28 16:00,4.7,982.599976,0.0,38,0,0.0,4.45,34.7,983.14,1.24,321.94,0.0,0.0,0.0,0.0
2019/03/28 16:15,4.7,982.599976,0.0,139,0,0.0,4.33,35.3,983.13,1.1,342.11,0.0,0.0,0.0,0.0
2019/03/28 16:30,3.7,982.599976,0.0,119,0,0.0,4.19,35.97,983.12,1.07,3.78,0.0,0.0,0.0,0.0
2019/03/28 16:45,3.7,982.599976,0.0,17,0,0.0,4.0,36.79,983.07,1.13,5.95,0.0,0.0,0.0,0.0
2019/03/28 17:00,3.7,982.599976,0.0,303,0,0.0,3.82,37.52,982.9,1.1,2.14,0.0,0.0,0.0,0.0
2019/03/28 17:15,3.7,982.599976,0.0,45,0,0.0,3.67,38.08,982.98,0.99,5.33,0.0,0.0,0.0,0.0
2019/03/28 17:30,3.7,982.599976,0.0,80,0,0.0,3.51,38.61,983.05,0.83,10.56,0.0,0.0,0.0,0.0
2019/03/28 17:45,3.7,981.5,0.0,120,0,0.0,3.32,39.12,982.77,0.63,18.92,0.0,0.0,0.0,0.0
2019/03/28 18:00,3.7,981.5,0.0,2,0,0.0,3.17,39.47,982.74,0.46,16.28,0.0,0.0,0.0,0.0
2019/03/28 18:15,3.7,981.5,0.0,150,0,0.0,3.02,39.77,982.39,0.45,340.43,0.0,0.0,0.0,0.0
2019/03/28 18:30,3.7,981.5,0.0,8,0,0.0,2.9,39.95,982.28,0.64,317.23,0.0,0.0,0.0,0.0
2019/03/28 18:45,3.7,981.5,0.0,89,0,0.0,2.8,40.1,982.04,0.98,300.65,0.0,0.0,0.0,0.0
2019/03/28 19:00,2.6,981.5,0.0,248,0,0.0,2.65,40.39,981.84,1.39,293.37,0.0,0.0,0.0,0.0
2019/03/29 08:00,16.700001,977.099976,1.9,67,425,48.240002,15.82,9.5,978.66,13.96,306.22,500.23,45.49000000000001,454.74,9.263773
2019/03/29 08:15,16.700001,978.200012,1.6,180,146,49.68,15.65,9.2,978.76,13.6,304.48,448.09,43.579999999999984,404.51,4.290889
2019/03/29 08:30,15.7,978.200012,0.4,126,259,46.080002,15.5,9.13,978.78,13.06,303.5,410.63,42.13,368.5,5.924836
2019/03/29 08:45,16.700001,978.200012,2.8,134,259,54.720001,15.3,9.28,978.83,12.43,303.82,351.38,39.68000000000001,311.7,5.612255
2019/03/29 09:00,16.700001,978.200012,1.0,320,95,49.68,15.11,9.76,978.92,11.72,306.64,310.43,37.81999999999999,272.61,4.347722
2019/03/29 09:15,16.700001,978.200012,1.3,125,71,43.200001,14.82,10.65,979.03,11.13,313.82,248.12,34.59,213.53,3.466811
2019/03/29 09:30,16.700001,979.299988,1.2,305,53,34.560001,14.44,11.73,979.21,10.93,324.14,206.77,32.06,174.71,2.372776
2019/03/29 09:45,15.7,979.299988,1.5,89,41,28.799999,13.88,12.74,979.41,11.06,329.76,146.04,27.489999999999995,118.55,1.53449
2019/03/29 10:00,15.7,979.299988,1.7,141,27,20.16,13.36,13.55,979.66,11.0,329.24,106.86,23.66,83.2,0.8382860000000001
2019/03/29 10:15,15.7,979.299988,3.2,120,15,12.96,12.83,14.38,979.92,10.46,327.15,51.7,15.980000000000004,35.72,0.3694139999999999
2019/03/29 10:30,15.7,980.400024,3.8,103,0,0.0,12.28,15.31,980.18,9.65,327.19,19.93,8.709999999999999,11.22,0.0
2019/03/29 10:45,14.6,980.400024,1.0,106,0,0.0,11.68,16.4,980.56,8.97,330.54,0.0,0.0,0.0,0.0
2019/03/29 11:00,14.6,980.400024,2.4,49,0,0.0,11.17,17.6,981.05,8.65,334.58,0.0,0.0,0.0,0.0
2019/03/29 11:15,14.6,980.400024,2.3,136,0,0.0,10.75,18.61,981.54,8.76,337.09,0.0,0.0,0.0,0.0
2019/03/29 11:30,14.6,981.5,2.9,141,0,0.0,10.39,19.2,982.02,9.1,337.66,0.0,0.0,0.0,0.0
2019/03/29 11:45,14.6,981.5,1.5,148,0,0.0,10.04,19.42,982.46,9.39,336.46,0.0,0.0,0.0,0.0
2019/03/29 12:00,13.5,981.5,1.0,50,0,0.0,9.71,19.4,982.85,9.51,334.26,0.0,0.0,0.0,0.0
2019/03/29 12:15,13.5,981.5,1.0,71,0,0.0,9.38,19.31,983.24,9.49,331.34,0.0,0.0,0.0,0.0
2019/03/29 12:30,13.5,982.599976,3.0,112,0,0.0,9.07,19.35,983.62,9.35,327.76,0.0,0.0,0.0,0.0
2019/03/29 12:45,13.5,982.599976,1.4,121,0,0.0,8.73,19.68,983.96,9.1,324.3,0.0,0.0,0.0,0.0
2019/03/29 13:00,13.5,983.700012,3.4,107,0,0.0,8.39,20.18,984.26,8.78,321.81,0.0,0.0,0.0,0.0
2019/03/29 13:15,12.4,983.700012,1.3,88,0,0.0,8.05,20.77,984.52,8.42,320.03,0.0,0.0,0.0,0.0
2019/03/29 13:30,12.4,983.700012,2.7,110,0,0.0,7.72,21.36,984.72,8.07,318.69,0.0,0.0,0.0,0.0
2019/03/29 13:45,12.4,983.700012,1.7,83,0,0.0,7.4,21.95,984.76,7.74,317.47,0.0,0.0,0.0,0.0
2019/03/29 14:00,12.4,983.700012,2.4,22,0,0.0,7.08,22.54,984.82,7.47,316.03,0.0,0.0,0.0,0.0
2019/03/29 14:15,11.3,983.700012,1.9,119,0,0.0,6.81,23.02,984.96,7.31,314.2,0.0,0.0,0.0,0.0
2019/03/29 14:30,11.3,984.799988,2.4,109,0,0.0,6.57,23.34,985.16,7.3,312.31,0.0,0.0,0.0,0.0
2019/03/29 14:45,11.3,984.799988,1.4,261,0,0.0,6.36,23.61,985.33,7.37,310.91,0.0,0.0,0.0,0.0
2019/03/29 15:00,11.3,984.799988,0.0,297,0,0.0,6.17,23.9,985.46,7.44,309.89,0.0,0.0,0.0,0.0
2019/03/29 15:15,11.3,984.799988,2.7,181,0,0.0,5.96,24.2,985.63,7.46,309.02,0.0,0.0,0.0,0.0
2019/03/29 15:30,10.2,984.799988,1.6,145,0,0.0,5.76,24.51,985.84,7.44,308.33,0.0,0.0,0.0,0.0
2019/03/29 15:45,10.2,984.799988,1.7,150,0,0.0,5.54,24.81,986.06,7.39,307.91,0.0,0.0,0.0,0.0
2019/03/29 16:00,10.2,984.799988,0.7,131,0,0.0,5.29,23.42,987.08,5.11,314.28,0.0,0.0,0.0,0.0
2019/03/29 16:15,10.2,984.799988,1.7,45,0,0.0,4.96,23.9,987.17,4.87,311.38,0.0,0.0,0.0,0.0
2019/03/29 16:30,10.2,984.799988,0.0,207,0,0.0,4.67,24.31,987.59,4.7,307.53,0.0,0.0,0.0,0.0
2019/03/29 16:45,10.2,984.799988,1.5,106,0,0.0,4.41,24.59,987.75,4.64,303.77,0.0,0.0,0.0,0.0
2019/03/29 17:00,9.1,984.799988,0.5,241,0,0.0,4.21,24.7,987.96,4.62,301.95,0.0,0.0,0.0,0.0
2019/03/29 17:15,9.1,984.799988,3.5,143,0,0.0,4.01,24.75,987.96,4.58,300.74,0.0,0.0,0.0,0.0
2019/03/29 17:30,9.1,984.799988,1.8,110,0,0.0,3.81,24.8,988.0,4.5,297.83,0.0,0.0,0.0,0.0
2019/03/29 17:45,9.1,985.900024,0.8,185,0,0.0,3.61,24.9,988.09,4.45,293.97,0.0,0.0,0.0,0.0
2019/03/29 18:00,9.1,985.900024,2.9,315,0,0.0,3.43,25.04,988.36,4.5,291.24,0.0,0.0,0.0,0.0
2019/03/29 18:15,9.1,985.900024,3.6,72,0,0.0,3.25,25.26,988.65,4.58,290.16,0.0,0.0,0.0,0.0
2019/03/29 18:30,9.1,985.900024,1.6,27,0,0.0,3.03,25.61,988.68,4.6,288.45,0.0,0.0,0.0,0.0
2019/03/29 18:45,9.1,985.900024,0.9,17,0,0.0,2.83,26.01,988.63,4.62,286.19,0.0,0.0,0.0,0.0
2019/03/29 19:00,8.0,985.900024,2.5,200,0,0.0,2.66,26.36,988.65,4.68,285.25,0.0,0.0,0.0,0.0
2019/03/30 08:00,13.5,985.900024,2.1,197,451,30.959999,11.87,11.21,988.15,7.41,325.65,503.62,45.88999999999999,457.73,9.945768
2019/03/30 08:15,13.5,985.900024,1.2,325,399,32.400002,11.87,11.19,988.18,7.35,326.46,448.91,43.94,404.97,8.766484
2019/03/30 08:30,13.5,985.900024,1.3,65,354,28.799999,11.86,11.18,988.11,7.29,327.15,411.05,42.48000000000002,368.57,7.572992
2019/03/30 08:45,13.5,985.900024,1.3,182,296,28.799999,11.8,11.2,988.1,7.24,327.56,352.55,40.04000000000002,312.51,6.3795
2019/03/30 09:00,13.5,985.900024,0.0,211,60,26.639999,11.75,11.24,988.12,7.18,327.77,312.63,38.170000000000016,274.46,5.186008
2019/03/30 09:15,13.5,985.900024,0.4,141,48,25.200001,11.63,11.36,988.16,7.07,327.73,251.87,34.95000000000002,216.92,4.006724
2019/03/30 09:30,12.4,985.900024,1.2,106,40,22.32,11.51,11.58,988.17,6.86,327.75,211.13,32.44999999999999,178.68,2.926898
2019/03/30 09:45,12.4,985.900024,0.5,149,32,19.440001,11.3,11.96,988.2,6.48,328.03,150.43,27.88000000000001,122.55,1.974945
2019/03/30 10:00,12.4,985.900024,1.2,72,24,16.559998999999998,11.07,12.49,988.24,5.88,328.75,110.92,24.08,86.84,1.179284
2019/03/30 10:15,12.4,985.900024,0.7,14,14,12.24,10.59,13.36,988.28,5.11,330.46,55.04,16.5,38.54,0.511497
2019/03/30 10:30,12.4,987.0,2.3,34,0,6.48,9.86,14.58,988.37,4.34,332.81,22.48,9.39,13.09,0.170499
2019/03/30 10:45,12.4,987.0,0.8,81,0,0.0,9.07,15.49,988.56,3.7,334.65,0.0,0.0,0.0,0.0
2019/03/30 11:00,12.4,987.0,0.0,57,0,0.0,8.55,16.27,988.88,3.19,334.1,0.0,0.0,0.0,0.0
2019/03/30 11:15,11.3,987.0,0.0,129,0,0.0,8.16,16.85,989.2,2.84,329.84,0.0,0.0,0.0,0.0
2019/03/30 11:30,11.3,987.0,0.0,126,0,0.0,7.8,17.3,989.54,2.7,322.15,0.0,0.0,0.0,0.0
2019/03/30 11:45,10.2,988.099976,0.3,292,0,0.0,7.46,17.67,989.85,2.75,314.14,0.0,0.0,0.0,0.0
2019/03/30 12:00,10.2,988.099976,1.4,175,0,0.0,7.1,18.03,990.14,2.91,307.15,0.0,0.0,0.0,0.0
2019/03/30 12:15,10.2,988.099976,0.0,297,0,0.0,6.72,18.43,990.44,3.11,301.25,0.0,0.0,0.0,0.0
2019/03/30 12:30,9.1,988.099976,0.0,79,0,0.0,6.35,18.88,990.75,3.28,295.95,0.0,0.0,0.0,0.0
2019/03/30 12:45,9.1,989.200012,0.0,15,0,0.0,6.02,19.32,991.06,3.39,291.29,0.0,0.0,0.0,0.0
2019/03/30 13:00,8.0,989.200012,0.0,24,0,0.0,5.73,19.75,991.34,3.48,286.59,0.0,0.0,0.0,0.0
2019/03/30 13:15,8.0,989.200012,1.1,69,0,0.0,5.47,20.16,991.57,3.55,283.36,0.0,0.0,0.0,0.0
2019/03/30 13:30,8.0,989.200012,0.0,155,0,0.0,5.22,20.57,991.75,3.6,281.27,0.0,0.0,0.0,0.0
2019/03/30 13:45,8.0,989.200012,0.0,48,0,0.0,4.99,20.97,991.85,3.66,279.45,0.0,0.0,0.0,0.0
2019/03/30 14:00,8.0,990.299988,0.0,94,0,0.0,4.77,21.36,991.95,3.73,278.22,0.0,0.0,0.0,0.0
2019/03/30 14:15,6.9,990.299988,0.0,15,0,0.0,4.56,21.75,992.12,3.79,277.86,0.0,0.0,0.0,0.0
2019/03/30 14:30,6.9,990.299988,0.0,111,0,0.0,4.37,22.13,992.31,3.86,277.89,0.0,0.0,0.0,0.0
2019/03/30 14:45,8.0,990.299988,0.0,66,0,0.0,4.16,22.51,992.46,3.9,278.02,0.0,0.0,0.0,0.0
2019/03/30 15:00,6.9,990.299988,0.0,102,0,0.0,3.96,22.9,992.6,3.9,277.66,0.0,0.0,0.0,0.0
2019/03/30 15:15,6.9,990.299988,0.0,75,0,0.0,3.75,23.31,992.76,3.86,276.45,0.0,0.0,0.0,0.0
2019/03/30 15:30,6.9,990.299988,0.0,69,0,0.0,3.52,23.76,992.93,3.74,274.66,0.0,0.0,0.0,0.0
2019/03/30 15:45,6.9,990.299988,0.0,339,0,0.0,3.3,24.23,993.12,3.55,272.58,0.0,0.0,0.0,0.0
2019/03/30 16:00,5.8,990.299988,0.0,109,0,0.0,3.96,19.62,991.92,3.3,297.16,0.0,0.0,0.0,0.0
2019/03/30 16:15,5.8,990.299988,0.0,111,0,0.0,3.77,20.07,991.88,3.84,304.85,0.0,0.0,0.0,0.0
2019/03/30 16:30,6.9,990.299988,0.0,106,0,0.0,3.67,20.38,992.35,4.23,312.48,0.0,0.0,0.0,0.0
2019/03/30 16:45,6.9,990.299988,1.2,197,0,0.0,3.58,20.62,992.56,4.35,317.2,0.0,0.0,0.0,0.0
2019/03/30 17:00,5.8,990.299988,2.1,153,0,0.0,3.44,20.89,992.71,4.29,317.24,0.0,0.0,0.0,0.0
2019/03/30 17:15,4.7,990.299988,0.0,23,0,0.0,3.32,21.07,992.77,4.2,315.26,0.0,0.0,0.0,0.0
2019/03/30 17:30,4.7,990.299988,0.0,50,0,0.0,3.22,21.22,993.02,4.17,313.72,0.0,0.0,0.0,0.0
2019/03/30 17:45,4.7,990.299988,1.1,116,0,0.0,3.1,21.43,993.02,4.19,312.46,0.0,0.0,0.0,0.0
2019/03/30 18:00,4.7,990.299988,1.1,95,0,0.0,2.97,21.68,992.88,4.23,310.31,0.0,0.0,0.0,0.0
2019/03/30 18:15,4.7,990.299988,0.0,65,0,0.0,2.83,21.95,992.93,4.25,309.15,0.0,0.0,0.0,0.0
2019/03/30 18:30,3.7,990.299988,1.1,125,0,0.0,2.69,22.27,993.08,4.26,307.73,0.0,0.0,0.0,0.0
2019/03/30 18:45,3.7,990.299988,0.0,149,0,0.0,2.56,22.57,993.12,4.26,306.55,0.0,0.0,0.0,0.0
2019/03/30 19:00,2.6,990.299988,0.8,245,0,0.0,2.42,22.86,993.08,4.28,305.61,0.0,0.0,0.0,0.0
2019/03/31 08:00,17.799999,985.900024,1.8,88,417,28.799999,15.73,11.48,988.05,1.21,27.52,499.39,45.90999999999997,453.48,9.022233
2019/03/31 08:15,17.799999,985.900024,0.0,311,344,43.200001,15.82,11.46,987.89,1.27,65.34,445.24,43.96000000000004,401.28,7.430910000000001
2019/03/31 08:30,17.799999,985.900024,1.5,257,262,57.599998,15.89,11.47,987.64,1.72,83.89,407.83,42.51999999999998,365.31,5.598047
2019/03/31 08:45,17.799999,984.799988,0.9,31,207,37.439999,15.88,11.68,987.38,2.45,88.49,350.02,40.06999999999999,309.95,4.390347
2019/03/31 09:00,17.799999,984.799988,1.3,106,69,38.16,15.79,12.21,987.19,3.32,93.42,310.58,38.21999999999997,272.36,4.063557
2019/03/31 09:15,17.799999,984.799988,1.0,303,61,35.279999,15.49,13.05,987.05,4.21,102.7,250.61,35.04000000000002,215.57,3.566268
2019/03/31 09:30,17.799999,984.799988,0.3,275,43,23.76,15.11,14.01,986.92,5.09,113.88,210.46,32.55000000000001,177.91,3.06898
2019/03/31 09:45,15.7,984.799988,5.0,326,37,20.879999,14.63,15.0,986.75,5.86,122.64,150.72,28.05,122.67,1.7618220000000002
2019/03/31 10:00,14.6,984.799988,1.8,240,29,19.440001,14.13,15.89,986.58,6.38,128.29,111.81,24.31,87.5,1.136659
2019/03/31 10:15,14.6,984.799988,1.4,206,17,13.68,13.47,16.76,986.45,6.61,131.98,56.6,16.89,39.71,0.497288
2019/03/31 10:30,14.6,984.799988,1.6,158,0,7.92,12.79,17.29,986.35,6.74,135.74,24.2,9.94,14.26,0.1847069999999999
2019/03/31 10:45,13.5,984.799988,1.2,216,0,0.0,12.11,17.57,986.36,6.9,139.85,0.0,0.0,0.0,0.0
2019/03/31 11:00,13.5,984.799988,0.0,30,0,0.0,11.68,17.69,986.53,7.05,143.54,0.0,0.0,0.0,0.0
2019/03/31 11:15,12.4,984.799988,0.0,105,0,0.0,11.35,17.8,986.7,6.97,147.29,0.0,0.0,0.0,0.0
2019/03/31 11:30,12.4,985.900024,0.0,144,0,0.0,11.04,17.99,986.87,6.5,152.63,0.0,0.0,0.0,0.0
2019/03/31 11:45,11.3,985.900024,0.0,169,0,0.0,10.71,18.33,987.01,5.69,160.89,0.0,0.0,0.0,0.0
2019/03/31 12:00,11.3,985.900024,0.0,84,0,0.0,10.39,18.65,987.17,4.68,174.12,0.0,0.0,0.0,0.0
2019/03/31 12:15,10.2,985.900024,0.0,111,0,0.0,10.1,18.89,987.35,3.65,193.54,0.0,0.0,0.0,0.0
2019/03/31 12:30,11.3,985.900024,0.0,65,0,0.0,9.75,19.22,987.46,3.01,215.27,0.0,0.0,0.0,0.0
2019/03/31 12:45,10.2,985.900024,0.0,157,0,0.0,9.48,19.38,987.57,2.85,230.39,0.0,0.0,0.0,0.0
2019/03/31 13:00,10.2,985.900024,0.0,100,0,0.0,9.21,19.57,987.65,2.98,238.05,0.0,0.0,0.0,0.0
2019/03/31 13:15,10.2,985.900024,0.0,33,0,0.0,8.98,19.79,987.68,3.19,240.88,0.0,0.0,0.0,0.0
2019/03/31 13:30,11.3,985.900024,1.1,77,0,0.0,8.81,19.99,987.7,3.38,247.25,0.0,0.0,0.0,0.0
2019/03/31 13:45,11.3,985.900024,1.0,129,0,0.0,8.71,20.15,987.66,3.53,260.59,0.0,0.0,0.0,0.0
2019/03/31 14:00,11.3,985.900024,0.0,95,0,0.0,8.68,20.17,987.61,3.74,271.71,0.0,0.0,0.0,0.0
2019/03/31 14:15,11.3,985.900024,0.0,80,0,0.0,8.67,20.18,987.61,4.05,274.41,0.0,0.0,0.0,0.0
2019/03/31 14:30,11.3,985.900024,1.2,86,0,0.0,8.63,20.29,987.65,4.38,274.88,0.0,0.0,0.0,0.0
2019/03/31 14:45,10.2,985.900024,0.0,65,0,0.0,8.56,20.48,987.71,4.67,277.8,0.0,0.0,0.0,0.0
2019/03/31 15:00,10.2,985.900024,0.0,208,0,0.0,8.48,20.67,987.83,4.9,284.94,0.0,0.0,0.0,0.0
2019/03/31 15:15,9.1,985.900024,0.0,122,0,0.0,8.34,20.98,988.09,5.07,298.47,0.0,0.0,0.0,0.0
2019/03/31 15:30,9.1,985.900024,0.0,109,0,0.0,8.22,21.23,988.45,5.27,311.41,0.0,0.0,0.0,0.0
2019/03/31 15:45,9.1,985.900024,0.0,224,0,0.0,8.25,21.16,988.76,5.58,313.16,0.0,0.0,0.0,0.0
2019/03/31 16:00,8.0,985.900024,0.0,68,0,0.0,7.09,21.57,988.23,3.38,300.51,0.0,0.0,0.0,0.0
2019/03/31 16:15,8.0,985.900024,0.0,94,0,0.0,6.86,22.1,988.43,3.62,312.24,0.0,0.0,0.0,0.0
2019/03/31 16:30,8.0,987.0,1.1,131,0,0.0,6.62,22.67,988.81,3.99,324.7,0.0,0.0,0.0,0.0
2019/03/31 16:45,9.1,987.0,1.6,318,0,0.0,6.49,23.02,988.72,4.36,330.1,0.0,0.0,0.0,0.0
2019/03/31 17:00,10.2,987.0,2.2,122,0,0.0,6.42,23.35,988.68,4.57,331.91,0.0,0.0,0.0,0.0
2019/03/31 17:15,10.2,987.0,2.6,123,0,0.0,6.34,23.87,988.65,4.59,336.0,0.0,0.0,0.0,0.0
2019/03/31 17:30,10.2,987.0,1.9,97,0,0.0,6.27,24.49,988.7,4.48,342.91,0.0,0.0,0.0,0.0
2019/03/31 17:45,10.2,987.0,2.8,164,0,0.0,6.2,25.15,988.98,4.26,348.0,0.0,0.0,0.0,0.0
2019/03/31 18:00,10.2,988.099976,0.8,173,0,0.0,6.13,25.68,989.5,3.99,347.05,0.0,0.0,0.0,0.0
2019/03/31 18:15,10.2,988.099976,0.9,127,0,0.0,6.1,25.87,989.72,3.83,339.9,0.0,0.0,0.0,0.0
2019/03/31 18:30,10.2,988.099976,1.0,281,0,0.0,6.07,25.87,989.89,3.8,330.99,0.0,0.0,0.0,0.0
2019/03/31 18:45,9.1,988.099976,1.0,184,0,0.0,6.03,25.74,990.19,3.84,321.99,0.0,0.0,0.0,0.0
2019/03/31 19:00,9.1,988.099976,1.0,59,0,0.0,5.97,25.58,990.27,3.89,316.64,0.0,0.0,0.0,0.0
2019/04/01 08:00,16.700001,985.900024,2.7,289,442,73.440002,15.21,17.05,988.18,6.89,132.45,498.01,45.95999999999998,452.05,9.732645
2019/04/01 08:15,16.700001,985.900024,2.0,135,370,52.560001,15.21,17.15,988.09,6.94,134.7,443.45,44.00999999999999,399.44,8.183947
2019/04/01 08:30,16.700001,984.799988,3.8,232,289,47.52,15.19,17.17,987.94,6.99,136.15,405.8,42.56999999999999,363.23,6.308459
2019/04/01 08:45,15.7,984.799988,2.9,291,267,45.360001,15.13,17.17,987.84,7.03,136.8,347.94,40.13,307.81,5.7401290000000005
2019/04/01 09:00,15.7,984.799988,2.8,324,92,41.040001,15.06,17.02,987.74,7.01,136.3,308.71,38.29999999999996,270.41,4.504012
2019/04/01 09:15,15.7,984.799988,2.5,233,66,36.720001,14.92,16.8,987.65,6.89,135.78,249.26,35.139999999999986,214.12,3.211062
2019/04/01 09:30,15.7,984.799988,2.1,229,48,30.959999,14.81,16.54,987.53,6.68,135.78,209.51,32.66999999999999,176.84,2.145444
2019/04/01 09:45,15.7,984.799988,0.9,247,48,35.279999,14.62,16.43,987.39,6.38,135.73,150.44,28.230000000000004,122.21,1.491865
2019/04/01 10:00,15.7,984.799988,1.7,195,46,35.279999,14.37,16.61,987.24,5.94,134.92,112.02,24.55,87.47,1.321366
2019/04/01 10:15,15.7,984.799988,2.1,314,22,20.879999,13.85,17.41,987.1,5.33,133.0,57.56,17.260000000000005,40.3,0.554121
2019/04/01 10:30,14.6,984.799988,2.1,243,0,7.92,13.12,18.67,987.0,4.62,130.19,25.55,10.48,15.07,0.0
2019/04/01 10:45,14.6,984.799988,1.0,313,0,0.0,12.26,19.81,986.99,4.0,126.59,0.0,0.0,0.0,0.0
2019/04/01 11:00,14.6,984.799988,0.0,218,0,0.0,11.69,20.82,987.09,3.57,123.53,0.0,0.0,0.0,0.0
2019/04/01 11:15,14.6,984.799988,0.4,26,0,0.0,11.25,21.68,987.22,3.25,123.06,0.0,0.0,0.0,0.0
2019/04/01 11:30,13.5,985.900024,0.4,13,0,0.0,10.92,22.37,987.42,2.95,124.92,0.0,0.0,0.0,0.0
2019/04/01 11:45,13.5,985.900024,0.4,139,0,0.0,10.69,22.86,987.58,2.57,127.53,0.0,0.0,0.0,0.0
2019/04/01 12:00,13.5,985.900024,0.0,5,0,0.0,10.54,23.18,987.73,2.05,130.29,0.0,0.0,0.0,0.0
2019/04/01 12:15,12.4,985.900024,0.0,189,0,0.0,10.44,23.35,987.89,1.42,134.02,0.0,0.0,0.0,0.0
2019/04/01 12:30,12.4,985.900024,1.2,180,0,0.0,10.38,23.4,988.03,0.8,139.52,0.0,0.0,0.0,0.0
2019/04/01 12:45,12.4,985.900024,0.0,318,0,0.0,10.26,23.55,988.19,0.4,164.02,0.0,0.0,0.0,0.0
2019/04/01 13:00,12.4,985.900024,0.0,32,0,0.0,10.14,23.65,988.34,0.44,294.98,0.0,0.0,0.0,0.0
2019/04/01 13:15,12.4,985.900024,0.3,111,0,0.0,10.05,23.62,988.43,0.81,311.05,0.0,0.0,0.0,0.0
2019/04/01 13:30,11.3,985.900024,0.3,344,0,0.0,9.9,23.71,988.46,1.2,318.18,0.0,0.0,0.0,0.0
2019/04/01 13:45,11.3,987.0,0.3,92,0,0.0,9.73,23.85,988.39,1.53,320.93,0.0,0.0,0.0,0.0
2019/04/01 14:00,11.3,987.0,0.0,17,0,0.0,9.5,24.08,988.33,1.8,322.79,0.0,0.0,0.0,0.0
2019/04/01 14:15,11.3,987.0,0.0,15,0,0.0,9.27,24.35,988.36,2.04,325.28,0.0,0.0,0.0,0.0
2019/04/01 14:30,11.3,987.0,0.0,270,0,0.0,9.05,24.6,988.41,2.21,329.02,0.0,0.0,0.0,0.0
2019/04/01 14:45,10.2,987.0,0.0,128,0,0.0,8.83,24.87,988.44,2.3,333.87,0.0,0.0,0.0,0.0
2019/04/01 15:00,10.2,987.0,0.0,141,0,0.0,8.62,25.17,988.48,2.31,337.42,0.0,0.0,0.0,0.0
2019/04/01 15:15,10.2,987.0,0.0,123,0,0.0,8.43,25.47,988.56,2.29,338.87,0.0,0.0,0.0,0.0
2019/04/01 15:30,10.2,987.0,0.0,78,0,0.0,8.24,25.8,988.68,2.28,338.97,0.0,0.0,0.0,0.0
2019/04/01 15:45,9.1,987.0,0.0,115,0,0.0,8.05,26.16,988.84,2.29,340.33,0.0,0.0,0.0,0.0
2019/04/01 16:00,9.1,987.0,0.0,74,0,0.0,7.69,28.2,987.71,2.52,318.95,0.0,0.0,0.0,0.0
2019/04/01 16:15,9.1,987.0,0.0,74,0,0.0,7.5,28.54,987.71,2.59,314.59,0.0,0.0,0.0,0.0
2019/04/01 16:30,9.1,987.0,0.0,114,0,0.0,7.35,28.79,987.9,2.73,309.13,0.0,0.0,0.0,0.0
2019/04/01 16:45,9.1,987.0,0.0,124,0,0.0,7.16,29.07,987.77,2.9,307.65,0.0,0.0,0.0,0.0
2019/04/01 17:00,9.1,987.0,0.0,123,0,0.0,6.98,29.29,987.86,3.03,306.09,0.0,0.0,0.0,0.0
2019/04/01 17:15,9.1,987.0,0.0,161,0,0.0,6.84,29.44,987.79,3.1,306.3,0.0,0.0,0.0,0.0
2019/04/01 17:30,8.0,987.0,0.0,109,0,0.0,6.71,29.57,987.62,3.15,308.02,0.0,0.0,0.0,0.0
2019/04/01 17:45,8.0,987.0,0.0,169,0,0.0,6.61,29.64,987.72,3.15,306.89,0.0,0.0,0.0,0.0
2019/04/01 18:00,8.0,987.0,0.0,83,0,0.0,6.55,29.64,987.7,3.1,302.46,0.0,0.0,0.0,0.0
2019/04/01 18:15,8.0,987.0,0.0,33,0,0.0,6.47,29.66,987.52,3.05,297.73,0.0,0.0,0.0,0.0
2019/04/01 18:30,8.0,987.0,0.0,121,0,0.0,6.4,29.68,987.41,3.05,294.66,0.0,0.0,0.0,0.0
2019/04/01 18:45,8.0,987.0,0.0,78,0,0.0,6.3,29.75,987.37,3.09,293.4,0.0,0.0,0.0,0.0
2019/04/01 19:00,8.0,987.0,0.0,158,0,0.0,6.21,29.86,987.51,3.17,291.52,0.0,0.0,0.0,0.0
2019/04/02 08:00,16.700001,988.099976,1.4,267,351,72.720001,17.11,16.12,990.34,6.3,85.97,502.78,46.099999999999966,456.68,7.644033
2019/04/02 08:15,16.700001,988.099976,3.1,264,282,78.480003,17.05,16.1,990.47,6.27,87.13,448.93,44.19,404.74,5.939044
2019/04/02 08:30,16.700001,988.099976,1.0,137,254,72.0,16.99,16.08,990.5,6.19,87.87,411.69,42.75999999999999,368.93,5.441756
2019/04/02 08:45,16.700001,988.099976,1.9,199,224,61.919998,16.87,16.1,990.55,6.03,88.27,354.2,40.360000000000014,313.84,5.08655
2019/04/02 09:00,16.700001,988.099976,1.1,268,154,55.439999,16.77,16.13,990.63,5.81,88.13,315.0,38.54000000000002,276.46,3.850433
2019/04/02 09:15,16.700001,988.099976,4.5,238,88,54.720001,16.6,16.24,990.69,5.57,87.69,255.32,35.400000000000006,219.92,3.182646
2019/04/02 09:30,16.700001,988.099976,2.4,241,68,43.200001,16.43,16.37,990.75,5.29,87.21,215.28,32.96000000000001,182.32,2.401193
2019/04/02 09:45,16.700001,988.099976,2.3,205,48,33.119999,16.17,16.72,990.77,4.91,86.77,155.58,28.560000000000016,127.02,1.577115
2019/04/02 10:00,16.700001,988.099976,1.8,217,32,24.48,15.86,17.45,990.78,4.31,85.8,116.63,24.929999999999996,91.7,0.8524940000000001
2019/04/02 10:15,16.700001,988.099976,1.8,198,22,18.719999,15.12,19.47,990.79,3.59,83.24,61.2,17.760000000000005,43.44,0.56833
2019/04/02 10:30,15.7,988.099976,2.3,224,0,7.2,14.36,21.24,990.83,3.14,78.44,28.34,11.12,17.22,0.156291
2019/04/02 10:45,15.7,988.099976,0.6,133,0,0.0,13.72,22.07,990.97,2.93,73.37,0.0,0.0,0.0,0.0
2019/04/02 11:00,15.7,988.099976,0.6,25,0,0.0,13.26,23.01,991.17,2.78,69.23,0.0,0.0,0.0,0.0
2019/04/02 11:15,15.7,989.200012,0.6,116,0,0.0,12.88,23.76,991.39,2.67,66.61,0.0,0.0,0.0,0.0
2019/04/02 11:30,14.6,989.200012,0.6,83,0,0.0,12.56,24.36,991.64,2.6,65.44,0.0,0.0,0.0,0.0
2019/04/02 11:45,14.6,989.200012,0.6,131,0,0.0,12.28,24.86,991.86,2.52,65.59,0.0,0.0,0.0,0.0
2019/04/02 12:00,14.6,989.200012,0.6,169,0,0.0,12.02,25.27,992.08,2.42,67.22,0.0,0.0,0.0,0.0
2019/04/02 12:15,13.5,990.299988,0.6,31,0,0.0,11.78,25.65,992.31,2.31,70.31,0.0,0.0,0.0,0.0
2019/04/02 12:30,13.5,990.299988,0.6,33,0,0.0,11.56,25.95,992.55,2.16,74.99,0.0,0.0,0.0,0.0
2019/04/02 12:45,13.5,990.299988,0.6,27,0,0.0,11.38,26.13,992.77,1.98,80.84,0.0,0.0,0.0,0.0
2019/04/02 13:00,13.5,990.299988,0.6,88,0,0.0,11.15,26.34,992.98,1.75,87.43,0.0,0.0,0.0,0.0
2019/04/02 13:15,12.4,990.299988,0.6,103,0,0.0,10.95,26.49,993.15,1.45,95.45,0.0,0.0,0.0,0.0
2019/04/02 13:30,12.4,991.400024,0.6,131,0,0.0,10.77,26.57,993.29,1.09,108.88,0.0,0.0,0.0,0.0
2019/04/02 13:45,12.4,991.400024,0.6,127,0,0.0,10.61,26.55,993.29,0.83,143.07,0.0,0.0,0.0,0.0
2019/04/02 14:00,12.4,991.400024,0.6,74,0,0.0,10.43,26.6,993.29,0.93,200.43,0.0,0.0,0.0,0.0
2019/04/02 14:15,12.4,991.400024,0.6,101,0,0.0,10.19,26.77,993.41,1.38,229.03,0.0,0.0,0.0,0.0
2019/04/02 14:30,11.3,991.400024,0.6,166,0,0.0,9.9,27.03,993.57,1.87,240.63,0.0,0.0,0.0,0.0
2019/04/02 14:45,11.3,991.400024,0.6,131,0,0.0,9.61,27.31,993.74,2.09,243.85,0.0,0.0,0.0,0.0
2019/04/02 15:00,11.3,991.400024,0.6,139,0,0.0,9.45,27.27,993.93,2.01,241.0,0.0,0.0,0.0,0.0
2019/04/02 15:15,11.3,991.400024,0.6,8,0,0.0,9.35,27.16,994.08,1.81,240.89,0.0,0.0,0.0,0.0
2019/04/02 15:30,11.3,991.400024,0.6,64,0,0.0,9.2,27.18,994.24,1.66,243.41,0.0,0.0,0.0,0.0
2019/04/02 15:45,10.2,991.400024,0.7,320,0,0.0,9.05,27.28,994.45,1.62,246.2,0.0,0.0,0.0,0.0
2019/04/02 16:00,10.2,991.400024,0.7,52,0,0.0,9.02,35.46,993.41,1.65,347.5,0.0,0.0,0.0,0.0
2019/04/02 16:15,9.1,991.400024,1.2,153,0,0.0,8.76,36.17,993.39,1.65,342.79,0.0,0.0,0.0,0.0
2019/04/02 16:30,9.1,991.400024,1.3,21,0,0.0,8.54,36.76,993.53,1.68,333.13,0.0,0.0,0.0,0.0
2019/04/02 16:45,9.1,991.400024,0.0,7,0,0.0,8.31,37.32,993.36,1.74,323.89,0.0,0.0,0.0,0.0
2019/04/02 17:00,9.1,991.400024,0.0,115,0,0.0,8.1,37.79,993.42,1.84,316.39,0.0,0.0,0.0,0.0
2019/04/02 17:15,9.1,991.400024,0.0,42,0,0.0,7.89,38.21,993.51,2.0,308.96,0.0,0.0,0.0,0.0
2019/04/02 17:30,9.1,991.400024,0.0,53,0,0.0,7.63,38.79,993.42,2.17,308.12,0.0,0.0,0.0,0.0
2019/04/02 17:45,9.1,991.400024,0.0,118,0,0.0,7.39,39.3,993.39,2.32,306.92,0.0,0.0,0.0,0.0
2019/04/02 18:00,9.1,991.400024,0.0,293,0,0.0,7.19,39.69,993.48,2.43,305.11,0.0,0.0,0.0,0.0
2019/04/02 18:15,9.1,991.400024,0.0,114,0,0.0,7.0,40.02,993.38,2.51,302.89,0.0,0.0,0.0,0.0
2019/04/02 18:30,9.1,991.400024,0.0,37,0,0.0,6.83,40.27,993.5,2.6,300.85,0.0,0.0,0.0,0.0
2019/04/02 18:45,8.0,991.400024,0.0,133,0,0.0,6.64,40.56,993.36,2.67,300.43,0.0,0.0,0.0,0.0
2019/04/02 19:00,8.0,991.400024,0.0,119,0,0.0,6.47,40.82,993.3,2.7,300.74,0.0,0.0,0.0,0.0
2019/04/03 08:00,21.1,985.900024,2.4,273,304,110.879997,22.24,17.15,985.94,9.69,143.41,492.79,45.900000000000034,446.89,6.493166
2019/04/03 08:15,21.1,984.799988,2.1,253,270,101.519997,22.13,17.21,985.93,9.82,144.15,439.94,44.0,395.94,5.868003
2019/04/03 08:30,21.1,984.799988,1.2,276,215,88.560013,21.98,17.35,985.74,9.95,145.22,403.39,42.579999999999984,360.81,4.617678
2019/04/03 08:45,21.1,984.799988,1.5,167,126,64.08000200000001,21.79,17.61,985.58,10.01,146.56,346.97,40.200000000000045,306.77,2.813232
2019/04/03 09:00,20.0,984.799988,2.7,164,148,85.68,21.64,17.89,985.47,9.96,147.74,308.53,38.40999999999997,270.12,3.026355
2019/04/03 09:15,20.0,984.799988,3.1,198,102,78.480003,21.41,18.28,985.34,9.8,148.64,250.11,35.31,214.8,2.813232
2019/04/03 09:30,20.0,984.799988,3.4,216,52,39.599998,21.17,18.71,985.18,9.54,149.33,211.0,32.91,178.09,1.363991
2019/04/03 09:45,20.0,984.799988,2.9,207,32,26.639999,20.8,19.29,984.99,9.23,149.99,152.78,28.590000000000003,124.19,0.7246199999999999
2019/04/03 10:00,18.9,984.799988,1.5,200,18,16.559998999999998,20.39,19.87,984.82,8.92,151.12,114.87,25.03,89.84,0.3694139999999999
2019/04/03 10:15,18.9,984.799988,1.3,172,18,16.559998999999998,19.84,20.59,984.69,8.54,152.47,61.0,18.03,42.97,0.326789
2019/04/03 10:30,18.9,984.799988,1.5,170,0,7.92,19.24,21.33,984.55,8.06,153.49,29.08,11.579999999999998,17.5,0.0
2019/04/03 10:45,18.9,984.799988,0.0,109,0,0.0,18.6,21.9,984.49,7.58,154.79,0.0,0.0,0.0,0.0
2019/04/03 11:00,17.799999,984.799988,0.3,160,0,0.0,18.16,22.45,984.53,7.21,156.74,0.0,0.0,0.0,0.0
2019/04/03 11:15,17.799999,984.799988,0.3,127,0,0.0,17.82,23.0,984.64,6.95,159.73,0.0,0.0,0.0,0.0
2019/04/03 11:30,16.700001,984.799988,0.3,328,0,0.0,17.52,23.62,984.75,6.68,163.0,0.0,0.0,0.0,0.0
2019/04/03 11:45,16.700001,984.799988,0.3,121,0,0.0,17.19,24.41,984.83,6.28,165.6,0.0,0.0,0.0,0.0
2019/04/03 12:00,15.7,984.799988,0.3,30,0,0.0,16.84,25.33,984.89,5.76,168.38,0.0,0.0,0.0,0.0
2019/04/03 12:15,15.7,984.799988,0.0,116,0,0.0,16.46,26.31,984.96,5.11,173.1,0.0,0.0,0.0,0.0
2019/04/03 12:30,15.7,984.799988,0.0,123,0,0.0,16.08,27.26,985.01,4.35,180.15,0.0,0.0,0.0,0.0
2019/04/03 12:45,14.6,984.799988,0.0,147,0,0.0,15.78,28.03,985.07,3.66,190.74,0.0,0.0,0.0,0.0
2019/04/03 13:00,14.6,984.799988,0.0,86,0,0.0,15.65,28.44,985.12,3.26,204.49,0.0,0.0,0.0,0.0
2019/04/03 13:15,14.6,984.799988,0.0,92,0,0.0,15.55,28.81,985.13,3.08,217.4,0.0,0.0,0.0,0.0
2019/04/03 13:30,14.6,984.799988,0.0,355,0,0.0,15.38,29.34,985.12,2.99,234.85,0.0,0.0,0.0,0.0
2019/04/03 13:45,14.6,984.799988,0.0,171,0,0.0,15.16,29.97,984.98,3.01,258.24,0.0,0.0,0.0,0.0
2019/04/03 14:00,14.6,984.799988,0.0,137,0,0.0,14.93,30.61,984.83,3.11,273.5,0.0,0.0,0.0,0.0
2019/04/03 14:15,14.6,984.799988,0.0,154,0,0.0,14.71,31.18,984.78,3.2,280.27,0.0,0.0,0.0,0.0
2019/04/03 14:30,13.5,984.799988,0.0,264,0,0.0,14.48,31.82,984.8,3.27,278.99,0.0,0.0,0.0,0.0
2019/04/03 14:45,13.5,984.799988,0.0,42,0,0.0,14.25,32.56,984.81,3.33,272.07,0.0,0.0,0.0,0.0
2019/04/03 15:00,13.5,984.799988,0.0,32,0,0.0,14.01,33.54,984.81,3.24,263.31,0.0,0.0,0.0,0.0
2019/04/03 15:15,12.4,984.799988,0.0,128,0,0.0,13.93,34.29,984.82,2.79,253.97,0.0,0.0,0.0,0.0
2019/04/03 15:30,12.4,984.799988,0.0,350,0,0.0,14.08,34.4,984.83,2.08,241.22,0.0,0.0,0.0,0.0
2019/04/03 15:45,12.4,984.799988,0.0,120,0,0.0,14.22,34.34,984.89,1.55,224.28,0.0,0.0,0.0,0.0
2019/04/03 16:00,12.4,984.799988,0.0,40,0,0.0,11.26,33.15,985.68,2.55,292.54,0.0,0.0,0.0,0.0
2019/04/03 16:15,12.4,984.799988,0.0,77,0,0.0,11.29,32.96,985.43,2.51,292.23,0.0,0.0,0.0,0.0
2019/04/03 16:30,12.4,984.799988,0.0,121,0,0.0,11.24,32.98,985.54,2.69,286.63,0.0,0.0,0.0,0.0
2019/04/03 16:45,12.4,984.799988,0.0,108,0,0.0,11.1,33.24,985.49,3.05,279.77,0.0,0.0,0.0,0.0
2019/04/03 17:00,12.4,984.799988,0.0,78,0,0.0,10.96,33.55,985.53,3.41,271.2,0.0,0.0,0.0,0.0
2019/04/03 17:15,12.4,984.799988,0.0,114,0,0.0,10.84,33.89,985.41,3.59,265.04,0.0,0.0,0.0,0.0
2019/04/03 17:30,11.3,984.799988,0.0,78,0,0.0,10.78,34.24,985.19,3.45,264.95,0.0,0.0,0.0,0.0
2019/04/03 17:45,11.3,984.799988,1.2,116,0,0.0,10.81,34.55,985.1,3.1,269.15,0.0,0.0,0.0,0.0
2019/04/03 18:00,11.3,983.700012,1.1,129,0,0.0,10.8,35.14,984.9,2.78,269.82,0.0,0.0,0.0,0.0
2019/04/03 18:15,11.3,983.700012,1.1,79,0,0.0,10.71,36.14,984.63,2.56,261.74,0.0,0.0,0.0,0.0
2019/04/03 18:30,11.3,983.700012,0.6,112,0,0.0,10.71,37.05,984.39,2.29,250.54,0.0,0.0,0.0,0.0
2019/04/03 18:45,11.3,983.700012,0.7,128,0,0.0,10.75,37.75,984.09,2.04,231.54,0.0,0.0,0.0,0.0
2019/04/03 19:00,11.3,983.700012,1.7,113,0,0.0,10.75,38.47,983.82,2.02,212.07,0.0,0.0,0.0,0.0
2019/04/04 08:00,28.799999,973.799988,1.0,248,337,100.080002,28.77,10.14,975.47,6.51,316.76,470.5,43.26999999999998,427.23,7.047287
2019/04/04 08:15,27.700001,973.799988,1.2,14,289,102.959999,28.72,10.18,975.41,5.95,324.78,380.51,37.589999999999975,342.92,6.010086
2019/04/04 08:30,27.700001,973.799988,1.5,158,239,92.879997,28.63,10.38,975.27,5.16,338.19,296.04,30.96000000000004,265.08,5.072342
2019/04/04 08:45,27.700001,973.799988,0.0,7,201,84.96000699999999,28.44,10.6,975.21,4.51,1.76,209.41,26.03,183.38,4.035141
2019/04/04 09:00,27.700001,973.799988,3.7,206,153,73.440002,28.18,10.88,975.25,4.33,33.32,158.67,26.329999999999984,132.34,3.31052
2019/04/04 09:15,27.700001,973.799988,1.5,223,89,61.919998,27.79,11.37,975.27,4.57,61.53,119.34,17.88000000000001,101.46,2.600108
2019/04/04 09:30,26.6,973.799988,3.4,183,69,53.279999,27.34,12.31,975.28,4.86,82.94,98.99,16.599999999999994,82.39,1.989154
2019/04/04 09:45,26.6,973.799988,2.4,159,51,41.759998,26.55,14.43,975.3,5.02,104.29,75.36,14.119999999999996,61.24,1.363991
2019/04/04 10:00,26.6,973.799988,2.1,183,33,28.799999,25.59,16.86,975.33,5.11,123.53,61.74,13.410000000000004,48.33,0.8667030000000001
2019/04/04 10:15,25.5,973.799988,0.6,184,19,17.280001000000002,24.53,18.72,975.41,5.12,135.58,37.55,10.939999999999998,26.61,0.440455
2019/04/04 10:30,25.5,973.799988,0.5,169,0,8.64,23.64,19.78,975.52,4.9,144.06,21.06,8.2,12.86,0.1420819999999999
2019/04/04 10:45,24.4,973.799988,0.4,172,0,0.0,22.74,20.43,975.72,4.38,151.61,0.0,0.0,0.0,0.0
2019/04/04 11:00,23.299999,973.799988,0.3,75,0,0.0,22.2,20.92,976.02,3.66,159.28,0.0,0.0,0.0,0.0
2019/04/04 11:15,23.299999,973.799988,0.3,98,0,0.0,21.78,21.35,976.31,2.93,168.56,0.0,0.0,0.0,0.0
2019/04/04 11:30,22.200001,973.799988,0.3,85,0,0.0,21.44,21.66,976.59,2.29,182.04,0.0,0.0,0.0,0.0
2019/04/04 11:45,22.200001,973.799988,0.3,113,0,0.0,21.13,21.69,976.86,1.84,209.46,0.0,0.0,0.0,0.0
2019/04/04 12:00,21.1,973.799988,0.3,151,0,0.0,20.82,21.42,977.13,1.81,253.2,0.0,0.0,0.0,0.0
2019/04/04 12:15,21.1,973.799988,0.3,72,0,0.0,20.53,21.02,977.4,2.26,284.37,0.0,0.0,0.0,0.0
2019/04/04 12:30,21.1,973.799988,0.3,130,0,0.0,20.1,20.79,977.67,2.98,303.42,0.0,0.0,0.0,0.0
2019/04/04 12:45,22.200001,973.799988,0.3,71,0,0.0,19.54,20.86,978.05,3.79,325.78,0.0,0.0,0.0,0.0
2019/04/04 13:00,22.200001,974.900024,1.3,118,0,0.0,19.14,21.26,978.52,4.38,345.19,0.0,0.0,0.0,0.0
2019/04/04 13:15,23.299999,974.900024,0.0,74,0,0.0,18.98,21.96,978.94,4.59,356.82,0.0,0.0,0.0,0.0
2019/04/04 13:30,22.200001,974.900024,1.2,92,0,0.0,19.17,22.09,979.24,4.62,15.69,0.0,0.0,0.0,0.0
2019/04/04 13:45,23.299999,974.900024,1.2,122,0,0.0,19.07,22.14,979.38,4.6,29.21,0.0,0.0,0.0,0.0
2019/04/04 14:00,23.299999,974.900024,1.3,71,0,0.0,18.67,22.33,979.55,4.52,37.62,0.0,0.0,0.0,0.0
2019/04/04 14:15,24.4,974.900024,1.1,71,0,0.0,18.24,22.52,979.78,4.37,43.85,0.0,0.0,0.0,0.0
2019/04/04 14:30,23.299999,974.900024,0.0,137,0,0.0,17.81,22.65,980.07,4.18,47.18,0.0,0.0,0.0,0.0
2019/04/04 14:45,22.200001,976.0,1.7,284,0,0.0,17.46,22.67,980.33,3.93,48.43,0.0,0.0,0.0,0.0
2019/04/04 15:00,23.299999,976.0,0.0,179,0,0.0,17.24,22.49,980.57,3.7,48.98,0.0,0.0,0.0,0.0
2019/04/04 15:15,23.299999,976.0,2.9,161,0,0.0,17.09,22.24,980.82,3.54,49.61,0.0,0.0,0.0,0.0
2019/04/04 15:30,24.4,976.0,0.5,168,0,0.0,16.92,22.08,981.09,3.48,50.75,0.0,0.0,0.0,0.0
2019/04/04 15:45,23.299999,976.0,0.5,153,0,0.0,16.67,22.11,981.41,3.5,53.0,0.0,0.0,0.0,0.0
2019/04/04 16:00,23.299999,976.0,1.1,176,0,0.0,17.64,15.72,977.71,5.53,324.16,0.0,0.0,0.0,0.0
2019/04/04 16:15,23.299999,976.0,0.7,177,0,0.0,17.14,16.54,978.24,4.91,330.42,0.0,0.0,0.0,0.0
2019/04/04 16:30,22.200001,976.0,1.0,81,0,0.0,16.86,17.2,978.75,4.45,335.99,0.0,0.0,0.0,0.0
2019/04/04 16:45,22.200001,977.099976,0.0,329,0,0.0,16.58,17.83,978.91,3.82,336.97,0.0,0.0,0.0,0.0
2019/04/04 17:00,21.1,977.099976,0.0,26,0,0.0,16.6,18.05,979.23,2.95,329.62,0.0,0.0,0.0,0.0
2019/04/04 17:15,20.0,977.099976,0.0,51,0,0.0,16.74,18.13,979.56,1.9,319.58,0.0,0.0,0.0,0.0
2019/04/04 17:30,20.0,977.099976,0.0,332,0,0.0,16.7,18.52,979.82,1.03,324.41,0.0,0.0,0.0,0.0
2019/04/04 17:45,20.0,977.099976,1.0,166,0,0.0,16.56,19.1,980.16,0.81,89.95,0.0,0.0,0.0,0.0
2019/04/04 18:00,20.0,977.099976,0.8,103,0,0.0,16.42,19.85,980.48,1.09,94.19,0.0,0.0,0.0,0.0
2019/04/04 18:15,20.0,977.099976,0.8,355,0,0.0,16.29,20.73,980.32,1.38,67.09,0.0,0.0,0.0,0.0
2019/04/04 18:30,17.799999,977.099976,1.8,146,0,0.0,15.96,21.85,980.4,1.59,56.77,0.0,0.0,0.0,0.0
2019/04/04 18:45,17.799999,977.099976,0.8,34,0,0.0,15.52,22.89,980.61,1.7,75.11,0.0,0.0,0.0,0.0
2019/04/04 19:00,16.700001,977.099976,0.8,87,0,0.0,15.1,23.72,980.86,1.72,95.69,0.0,0.0,0.0,0.0
2019/04/05 08:00,23.299999,970.5,3.1,244,248,119.519997,24.27,17.86,971.69,11.12,139.21,499.76,45.56,454.2,5.81117
2019/04/05 08:15,23.299999,970.5,3.8,221,277,115.919998,24.26,18.16,971.38,11.3,138.63,448.36,43.71000000000004,404.65,6.13796
2019/04/05 08:30,23.299999,970.5,4.0,233,213,96.480003,24.33,18.4,971.01,11.32,137.77,412.16,42.34000000000003,369.82,4.560845
2019/04/05 08:45,23.299999,970.5,3.1,286,119,61.919998,24.41,18.52,970.71,11.01,137.17,355.62,40.03000000000003,315.59,2.429609
2019/04/05 09:00,23.299999,970.5,3.3,243,148,82.08000200000001,24.61,18.33,970.44,10.38,137.7,316.89,38.27999999999997,278.61,3.253687
2019/04/05 09:15,23.299999,970.5,2.5,214,94,63.360001,24.74,18.14,970.18,9.45,138.18,257.92,35.27000000000001,222.65,2.472234
2019/04/05 09:30,23.299999,970.5,1.8,209,44,31.68,24.69,18.41,969.96,8.31,137.21,218.37,32.95000000000002,185.42,1.065618
2019/04/05 09:45,23.299999,970.5,1.6,208,56,50.400002,24.41,18.96,969.76,6.92,135.92,159.41,28.78,130.63,1.349783
2019/04/05 10:00,23.299999,970.5,2.1,186,30,24.48,23.89,20.02,969.62,5.22,135.84,120.97,25.36,95.61,0.653579
2019/04/05 10:15,23.299999,970.5,2.1,190,24,23.040001,23.26,20.98,969.53,3.07,140.39,66.29,18.700000000000003,47.59,0.497288
2019/04/05 10:30,22.200001,970.5,2.8,234,10,10.08,22.01,23.31,969.55,1.79,191.68,33.59,12.580000000000002,21.01,0.170499
2019/04/05 10:45,22.200001,970.5,1.6,203,0,0.0,20.86,25.48,969.76,2.94,313.89,0.0,0.0,0.0,0.0
2019/04/05 11:00,21.1,970.5,3.6,126,0,0.0,19.22,29.08,970.04,4.93,317.51,0.0,0.0,0.0,0.0
2019/04/05 11:15,21.1,970.5,3.6,83,0,0.0,18.35,31.25,970.25,5.91,320.11,0.0,0.0,0.0,0.0
2019/04/05 11:30,21.1,970.5,0.7,234,0,0.0,17.68,32.86,970.43,6.24,320.06,0.0,0.0,0.0,0.0
2019/04/05 11:45,21.1,970.5,3.1,106,0,0.0,17.33,33.41,970.63,6.47,320.85,0.0,0.0,0.0,0.0
2019/04/05 12:00,21.1,971.599976,0.0,105,0,0.0,17.12,33.33,970.81,6.63,323.56,0.0,0.0,0.0,0.0
2019/04/05 12:15,20.0,971.599976,0.9,225,0,0.0,16.92,33.06,971.02,6.51,325.25,0.0,0.0,0.0,0.0
2019/04/05 12:30,20.0,971.599976,3.9,120,0,0.0,16.69,32.89,971.22,6.35,325.68,0.0,0.0,0.0,0.0
2019/04/05 12:45,20.0,971.599976,2.6,102,0,0.0,16.51,32.66,971.52,6.37,327.46,0.0,0.0,0.0,0.0
2019/04/05 13:00,20.0,971.599976,1.9,201,0,0.0,16.38,32.38,971.87,6.53,331.31,0.0,0.0,0.0,0.0
2019/04/05 13:15,20.0,971.599976,2.8,158,0,0.0,16.15,32.44,972.3,6.86,339.71,0.0,0.0,0.0,0.0
2019/04/05 13:30,18.9,972.700012,1.2,142,0,0.0,15.83,32.61,973.02,8.31,0.75,0.0,0.0,0.0,0.0
2019/04/05 13:45,18.9,972.700012,0.7,148,0,0.0,13.49,28.19,973.66,10.13,31.26,0.0,0.0,0.0,0.0
2019/04/05 14:00,18.9,972.700012,2.0,141,0,0.0,10.78,23.51,974.31,10.05,30.98,0.0,0.0,0.0,0.0
2019/04/05 14:15,17.799999,972.700012,2.1,239,0,0.0,10.01,23.91,974.93,8.75,26.58,0.0,0.0,0.0,0.0
2019/04/05 14:30,16.700001,972.700012,1.3,100,0,0.0,9.71,24.41,975.52,7.66,18.51,0.0,0.0,0.0,0.0
2019/04/05 14:45,15.7,972.700012,2.6,138,0,0.0,9.51,24.57,975.95,6.91,14.15,0.0,0.0,0.0,0.0
2019/04/05 15:00,15.7,973.799988,1.1,64,0,0.0,9.32,24.69,976.22,6.47,11.0,0.0,0.0,0.0,0.0
2019/04/05 15:15,14.6,973.799988,1.4,235,0,0.0,9.14,24.81,976.49,6.19,7.55,0.0,0.0,0.0,0.0
2019/04/05 15:30,14.6,973.799988,3.4,221,0,0.0,8.94,24.94,976.75,5.92,5.37,0.0,0.0,0.0,0.0
2019/04/05 15:45,13.5,973.799988,1.6,192,0,0.0,8.73,25.09,977.03,5.59,2.41,0.0,0.0,0.0,0.0
2019/04/05 16:00,12.4,974.900024,2.3,145,0,0.0,10.29,21.38,976.33,4.47,3.47,0.0,0.0,0.0,0.0
2019/04/05 16:15,12.4,974.900024,3.9,174,0,0.0,9.93,21.69,975.97,4.55,6.91,0.0,0.0,0.0,0.0
2019/04/05 16:30,12.4,974.900024,2.1,192,0,0.0,9.59,22.14,976.16,4.26,2.28,0.0,0.0,0.0,0.0
2019/04/05 16:45,12.4,974.900024,3.1,156,0,0.0,9.31,22.65,976.37,3.93,349.63,0.0,0.0,0.0,0.0
2019/04/05 17:00,12.4,974.900024,2.5,175,0,0.0,9.13,23.02,976.49,3.9,339.62,0.0,0.0,0.0,0.0
2019/04/05 17:15,12.4,974.900024,0.6,149,0,0.0,9.01,23.27,976.52,4.07,335.38,0.0,0.0,0.0,0.0
2019/04/05 17:30,12.4,974.900024,0.8,39,0,0.0,8.89,23.49,976.54,4.25,332.85,0.0,0.0,0.0,0.0
2019/04/05 17:45,11.3,974.900024,0.8,215,0,0.0,8.73,23.8,976.93,4.29,330.56,0.0,0.0,0.0,0.0
2019/04/05 18:00,11.3,974.900024,0.8,134,0,0.0,8.51,24.21,977.06,4.1,327.33,0.0,0.0,0.0,0.0
2019/04/05 18:15,11.3,974.900024,1.4,146,0,0.0,8.26,24.64,976.84,3.9,325.78,0.0,0.0,0.0,0.0
2019/04/05 18:30,11.3,974.900024,1.2,68,0,0.0,8.08,24.94,976.6,3.87,324.03,0.0,0.0,0.0,0.0
2019/04/05 18:45,11.3,974.900024,0.6,243,0,0.0,7.93,25.17,976.59,3.91,322.64,0.0,0.0,0.0,0.0
2019/04/05 19:00,11.3,974.900024,1.1,204,0,0.0,7.8,25.38,976.58,3.91,322.24,0.0,0.0,0.0,0.0
2019/04/06 08:00,17.799999,977.099976,1.2,309,236,118.800003,18.78,18.35,978.1,4.7,82.19,459.39,42.43000000000001,416.96,5.41334
2019/04/06 08:15,17.799999,977.099976,2.4,312,231,106.559998,18.78,18.36,978.1,4.69,83.74,392.96,38.69999999999999,354.26,5.1718
2019/04/06 08:30,17.799999,977.099976,2.4,231,156,96.480003,18.76,18.38,978.0,4.64,85.93,350.9,36.45999999999998,314.44,3.367353
2019/04/06 08:45,17.799999,977.099976,0.0,293,136,90.720001,18.69,18.44,977.98,4.55,88.65,301.25,34.31,266.94,3.111605
2019/04/06 09:00,17.799999,977.099976,1.8,219,197,95.040001,18.63,18.49,977.99,4.45,90.94,270.63,33.09,237.54,4.504012
2019/04/06 09:15,17.799999,977.099976,2.3,261,109,76.32,18.5,18.61,977.99,4.36,92.51,220.98,30.579999999999984,190.4,2.813232
2019/04/06 09:30,17.799999,977.099976,1.8,192,93,66.240013,18.38,18.75,977.97,4.28,94.33,184.23,28.129999999999995,156.1,2.486442
2019/04/06 09:45,17.799999,977.099976,2.8,247,41,28.799999,18.19,19.07,977.98,4.15,96.59,129.91,23.819999999999997,106.09,0.895119
2019/04/06 10:00,17.799999,977.099976,1.8,222,29,27.360001,17.94,19.71,977.98,3.8,98.03,89.74,20.25999999999999,69.48,0.639371
2019/04/06 10:15,17.799999,977.099976,1.1,193,21,20.16,17.39,21.52,978.01,3.28,98.3,48.88,13.840000000000003,35.04,0.468872
2019/04/06 10:30,16.700001,977.099976,1.0,200,0,8.64,16.73,23.38,978.06,2.89,98.26,24.0,9.27,14.73,0.0
2019/04/06 10:45,16.700001,977.099976,1.1,209,0,0.0,16.12,24.17,978.18,2.7,100.56,0.29,0.2799999999999999,0.01,0.0
2019/04/06 11:00,16.700001,977.099976,0.0,118,0,0.0,15.65,25.23,978.3,2.56,102.58,0.0,0.0,0.0,0.0
2019/04/06 11:15,16.700001,977.099976,0.0,14,0,0.0,15.22,26.3,978.52,2.5,105.01,0.0,0.0,0.0,0.0
2019/04/06 11:30,15.7,977.099976,0.0,336,0,0.0,14.72,27.65,978.86,2.73,111.35,0.0,0.0,0.0,0.0
2019/04/06 11:45,15.7,978.200012,0.0,160,0,0.0,14.13,29.29,979.04,3.3,117.33,0.0,0.0,0.0,0.0
2019/04/06 12:00,14.6,978.200012,0.0,38,0,0.0,13.62,30.79,979.18,3.88,121.8,0.0,0.0,0.0,0.0
2019/04/06 12:15,14.6,978.200012,0.0,310,0,0.0,13.19,31.9,979.26,4.22,123.97,0.0,0.0,0.0,0.0
2019/04/06 12:30,14.6,978.200012,0.0,123,0,0.0,12.76,32.85,979.32,4.26,123.84,0.0,0.0,0.0,0.0
2019/04/06 12:45,14.6,978.200012,0.0,90,0,0.0,12.35,33.71,979.56,4.02,128.16,0.0,0.0,0.0,0.0
2019/04/06 13:00,14.6,978.200012,0.0,41,0,0.0,11.96,34.59,979.81,3.59,133.52,0.0,0.0,0.0,0.0
2019/04/06 13:15,14.6,978.200012,0.0,274,0,0.0,11.62,35.46,980.23,3.13,145.93,0.0,0.0,0.0,0.0
2019/04/06 13:30,14.6,978.200012,0.0,80,0,0.0,11.38,36.12,980.42,2.82,151.3,0.0,0.0,0.0,0.0
2019/04/06 13:45,13.5,978.200012,0.0,208,0,0.0,11.15,36.88,980.22,2.69,144.77,0.0,0.0,0.0,0.0
2019/04/06 14:00,13.5,978.200012,0.0,97,0,0.0,10.89,37.9,980.42,2.75,157.0,0.0,0.0,0.0,0.0
2019/04/06 14:15,13.5,978.200012,0.3,101,0,0.0,10.66,38.91,980.88,3.05,176.7,0.0,0.0,0.0,0.0
2019/04/06 14:30,13.5,978.200012,0.3,139,0,0.0,10.43,40.12,980.14,3.1,150.71,0.0,0.0,0.0,0.0
2019/04/06 14:45,13.5,978.200012,0.3,117,0,0.0,10.28,41.2,981.0,2.82,181.33,0.0,0.0,0.0,0.0
2019/04/06 15:00,13.5,978.200012,0.3,13,0,0.0,10.13,41.99,981.49,2.84,200.77,0.0,0.0,0.0,0.0
2019/04/06 15:15,12.4,978.200012,0.3,34,0,0.0,10.04,42.35,981.71,2.8,215.9,0.0,0.0,0.0,0.0
2019/04/06 15:30,12.4,978.200012,0.3,54,0,0.0,10.07,42.23,981.73,2.38,223.6,0.0,0.0,0.0,0.0
2019/04/06 15:45,12.4,978.200012,0.3,105,0,0.0,10.04,42.26,981.87,1.97,227.71,0.0,0.0,0.0,0.0
2019/04/06 16:00,12.4,978.200012,0.3,174,0,0.0,11.05,30.74,979.63,0.58,205.53,0.0,0.0,0.0,0.0
2019/04/06 16:15,12.4,978.200012,0.3,26,0,0.0,10.83,31.23,979.73,0.62,243.68,0.0,0.0,0.0,0.0
2019/04/06 16:30,12.4,978.200012,0.3,59,0,0.0,10.63,31.68,980.1,0.8,266.96,0.0,0.0,0.0,0.0
2019/04/06 16:45,12.4,978.200012,0.3,120,0,0.0,10.38,32.26,980.13,1.08,282.93,0.0,0.0,0.0,0.0
2019/04/06 17:00,12.4,978.200012,0.3,0,0,0.0,10.16,32.76,980.12,1.33,295.04,0.0,0.0,0.0,0.0
2019/04/06 17:15,12.4,978.200012,0.3,46,0,0.0,9.93,33.3,980.02,1.51,306.33,0.0,0.0,0.0,0.0
2019/04/06 17:30,12.4,978.200012,0.3,93,0,0.0,9.65,33.97,979.76,1.69,315.28,0.0,0.0,0.0,0.0
2019/04/06 17:45,12.4,978.200012,0.3,80,0,0.0,9.33,34.72,979.77,1.91,319.37,0.0,0.0,0.0,0.0
2019/04/06 18:00,12.4,979.299988,0.3,131,0,0.0,9.02,35.46,979.84,2.18,319.03,0.0,0.0,0.0,0.0
2019/04/06 18:15,12.4,979.299988,0.3,32,0,0.0,8.66,36.34,979.88,2.44,317.97,0.0,0.0,0.0,0.0
2019/04/06 18:30,12.4,979.299988,0.3,230,0,0.0,8.36,37.05,979.77,2.65,314.95,0.0,0.0,0.0,0.0
2019/04/06 18:45,12.4,979.299988,0.3,315,0,0.0,8.12,37.6,979.62,2.81,313.33,0.0,0.0,0.0,0.0
2019/04/06 19:00,12.4,979.299988,0.3,74,0,0.0,7.9,38.09,979.71,2.91,313.16,0.0,0.0,0.0,0.0
2019/04/07 08:00,20.0,972.700012,3.3,302,316,90.0,20.88,21.96,973.91,7.02,125.43,502.4,45.71999999999997,456.68,6.777330999999999
2019/04/07 08:15,20.0,972.700012,1.7,256,304,84.240013,20.9,21.9,973.79,7.14,124.6,449.72,43.88000000000005,405.84,6.493166
2019/04/07 08:30,20.0,972.700012,1.7,325,201,67.68,20.86,22.02,973.56,7.13,122.26,413.31,42.50999999999999,370.8,4.432971
2019/04/07 08:45,20.0,972.700012,2.4,112,210,71.280006,20.78,22.28,973.49,6.9,119.03,357.02,40.22999999999996,316.79,4.461388
2019/04/07 09:00,20.0,972.700012,1.3,196,164,62.639999,20.72,22.49,973.5,6.55,116.36,318.59,38.51999999999998,280.07,3.55206
2019/04/07 09:15,20.0,972.700012,4.1,192,114,54.0,20.63,22.77,973.51,6.05,114.6,260.06,35.56999999999999,224.49,2.7137740000000004
2019/04/07 09:30,18.9,972.700012,2.5,186,68,43.919998,20.58,23.06,973.58,5.36,109.46,220.83,33.29000000000002,187.54,1.946529
2019/04/07 09:45,18.9,972.700012,2.9,293,50,35.279999,20.4,23.68,973.71,4.65,96.34,162.54,29.20999999999998,133.33,1.2077
2019/04/07 10:00,18.9,972.700012,2.6,127,32,23.76,20.07,24.84,973.78,4.17,80.57,124.57,25.889999999999983,98.68,0.681996
2019/04/07 10:15,18.9,973.799988,3.1,197,24,18.0,19.29,27.12,973.87,3.97,62.57,70.23,19.42,50.81,0.468872
2019/04/07 10:30,17.799999,973.799988,1.6,209,18,18.0,18.36,29.75,974.01,3.98,45.55,37.37,13.529999999999998,23.84,0.340998
2019/04/07 10:45,17.799999,973.799988,1.7,196,0,0.0,17.34,31.98,974.24,4.07,33.98,1.33,1.1800000000000002,0.15,0.0
2019/04/07 11:00,17.799999,973.799988,1.8,153,0,0.0,16.64,33.59,974.53,4.15,26.09,0.0,0.0,0.0,0.0
2019/04/07 11:15,17.799999,974.900024,0.0,300,0,0.0,16.09,34.83,974.83,4.19,19.46,0.0,0.0,0.0,0.0
2019/04/07 11:30,17.799999,974.900024,0.0,130,0,0.0,15.66,35.75,975.15,4.2,11.01,0.0,0.0,0.0,0.0
2019/04/07 11:45,17.799999,974.900024,1.3,156,0,0.0,15.33,36.34,975.4,4.18,3.91,0.0,0.0,0.0,0.0
2019/04/07 12:00,17.799999,976.0,0.7,176,0,0.0,15.03,36.81,975.61,4.16,358.97,0.0,0.0,0.0,0.0
2019/04/07 12:15,17.799999,976.0,0.4,271,0,0.0,14.73,37.26,975.84,4.12,352.95,0.0,0.0,0.0,0.0
2019/04/07 12:30,16.700001,976.0,0.6,211,0,0.0,14.5,37.48,976.09,4.11,345.34,0.0,0.0,0.0,0.0
2019/04/07 12:45,16.700001,976.0,0.7,133,0,0.0,14.29,37.62,976.35,4.15,338.45,0.0,0.0,0.0,0.0
2019/04/07 13:00,16.700001,977.099976,0.7,89,0,0.0,14.12,37.65,976.58,4.22,333.29,0.0,0.0,0.0,0.0
2019/04/07 13:15,15.7,977.099976,0.7,86,0,0.0,13.98,37.67,976.82,4.27,329.29,0.0,0.0,0.0,0.0
2019/04/07 13:30,15.7,977.099976,0.7,52,0,0.0,13.83,37.72,977.03,4.28,326.9,0.0,0.0,0.0,0.0
2019/04/07 13:45,15.7,977.099976,0.5,222,0,0.0,13.68,37.82,977.16,4.24,326.36,0.0,0.0,0.0,0.0
2019/04/07 14:00,15.7,977.099976,1.7,236,0,0.0,13.52,38.01,977.29,4.19,327.6,0.0,0.0,0.0,0.0
2019/04/07 14:15,15.7,977.099976,1.7,212,0,0.0,13.4,38.11,977.49,4.18,328.28,0.0,0.0,0.0,0.0
2019/04/07 14:30,15.7,977.099976,2.0,182,0,0.0,13.31,38.14,977.69,4.21,328.34,0.0,0.0,0.0,0.0
2019/04/07 14:45,15.7,977.099976,1.6,194,0,0.0,13.23,38.12,977.88,4.24,328.27,0.0,0.0,0.0,0.0
2019/04/07 15:00,15.7,977.099976,0.0,85,0,0.0,13.09,38.29,978.12,4.24,330.45,0.0,0.0,0.0,0.0
2019/04/07 15:15,15.7,978.200012,0.8,162,0,0.0,12.93,38.56,978.49,4.38,341.96,0.0,0.0,0.0,0.0
2019/04/07 15:30,15.7,978.200012,0.7,174,0,0.0,12.78,38.8,978.9,4.67,1.04,0.0,0.0,0.0,0.0
2019/04/07 15:45,15.7,978.200012,0.8,101,0,0.0,11.97,41.13,979.33,4.78,12.0,0.0,0.0,0.0,0.0
2019/04/07 16:00,15.7,978.200012,1.7,193,0,0.0,11.06,38.64,979.9,1.81,330.79,0.0,0.0,0.0,0.0
2019/04/07 16:15,14.6,978.200012,0.6,11,0,0.0,10.94,38.77,980.2,1.79,345.73,0.0,0.0,0.0,0.0
2019/04/07 16:30,14.6,978.200012,0.6,3,0,0.0,10.72,39.17,979.98,1.76,352.32,0.0,0.0,0.0,0.0
2019/04/07 16:45,14.6,978.200012,0.6,163,0,0.0,10.53,39.51,979.96,1.77,349.6,0.0,0.0,0.0,0.0
2019/04/07 17:00,13.5,978.200012,0.6,74,0,0.0,10.24,40.12,980.06,1.98,342.47,0.0,0.0,0.0,0.0
2019/04/07 17:15,13.5,978.200012,0.6,322,0,0.0,9.9,40.94,980.12,2.33,340.21,0.0,0.0,0.0,0.0
2019/04/07 17:30,13.5,978.200012,0.6,278,0,0.0,9.58,41.72,980.32,2.66,340.26,0.0,0.0,0.0,0.0
2019/04/07 17:45,13.5,978.200012,0.7,343,0,0.0,9.22,42.67,980.53,2.94,344.06,0.0,0.0,0.0,0.0
2019/04/07 18:00,13.5,978.200012,0.7,127,0,0.0,8.81,43.79,980.82,3.18,349.95,0.0,0.0,0.0,0.0
2019/04/07 18:15,13.5,978.200012,0.7,112,0,0.0,8.35,45.05,980.94,3.36,355.46,0.0,0.0,0.0,0.0
2019/04/07 18:30,12.4,978.200012,0.7,347,0,0.0,7.94,46.19,981.28,3.54,0.74,0.0,0.0,0.0,0.0
2019/04/07 18:45,12.4,978.200012,2.0,165,0,0.0,7.51,47.51,981.49,3.64,6.15,0.0,0.0,0.0,0.0
2019/04/07 19:00,12.4,978.200012,1.7,206,0,0.0,7.07,49.06,981.68,3.6,8.43,0.0,0.0,0.0,0.0
2019/04/08 08:00,12.4,982.599976,2.0,226,74,64.800003,15.68,29.07,982.42,6.18,67.37,150.52,91.42000000000002,59.1,1.690781
2019/04/08 08:15,12.4,982.599976,0.6,228,74,61.919998,15.68,28.65,982.37,6.16,69.13,128.22,70.89,57.33,1.548698
2019/04/08 08:30,12.4,982.599976,1.4,260,42,36.0,15.63,28.62,982.35,6.09,71.76,110.08,70.77,39.31,0.951952
2019/04/08 08:45,12.4,982.599976,0.0,211,44,37.439999,15.49,28.98,982.39,5.97,74.76,81.35,69.8,11.55,0.96616
2019/04/08 09:00,12.4,982.599976,1.0,294,42,37.439999,15.39,29.4,982.44,5.85,77.39,70.98,63.89,7.09,0.909327
2019/04/08 09:15,12.4,982.599976,1.1,225,38,33.119999,15.25,29.98,982.48,5.83,79.37,63.72,38.5,25.22,0.795661
2019/04/08 09:30,12.4,982.599976,0.5,222,24,21.6,15.09,30.61,982.49,5.81,81.69,54.6,16.230000000000004,38.37,0.440455
2019/04/08 09:45,12.4,982.599976,0.7,171,12,11.52,14.72,31.99,982.56,5.65,87.08,31.68,8.09,23.59,0.24154
2019/04/08 10:00,12.4,982.599976,1.6,246,0,7.2,14.25,34.55,982.83,5.39,98.18,24.47,7.949999999999999,16.52,0.0
2019/04/08 10:15,12.4,982.599976,1.2,217,0,0.0,13.61,38.08,982.98,5.06,105.53,9.07,6.290000000000001,2.78,0.0
2019/04/08 10:30,12.4,982.599976,2.4,205,0,0.0,13.04,41.95,982.99,4.53,106.96,4.15,4.140000000000001,0.01,0.0
2019/04/08 10:45,12.4,982.599976,0.0,204,0,0.0,12.52,45.88,983.18,3.79,104.76,0.22,0.22,0.0,0.0
2019/04/08 11:00,12.4,982.599976,0.0,155,0,0.0,12.0,50.1,983.44,3.13,96.06,0.0,0.0,0.0,0.0
2019/04/08 11:15,11.3,982.599976,0.0,123,0,0.0,11.38,55.15,983.45,2.95,63.6,0.0,0.0,0.0,0.0
2019/04/08 11:30,11.3,982.599976,1.2,148,0,0.0,10.91,58.56,983.82,3.01,71.35,0.0,0.0,0.0,0.0
2019/04/08 11:45,11.3,983.700012,0.0,20,0,0.0,10.49,61.93,984.56,2.88,107.74,0.0,0.0,0.0,0.0
2019/04/08 12:00,11.3,983.700012,0.0,264,0,0.0,10.15,64.45,984.7,2.95,102.61,0.0,0.0,0.0,0.0
2019/04/08 12:15,11.3,983.700012,0.0,167,0,0.0,9.81,66.57,984.67,3.51,85.35,0.0,0.0,0.0,0.0
2019/04/08 12:30,11.3,983.700012,0.0,216,0,0.0,9.39,68.87,984.74,4.22,79.76,0.0,0.0,0.0,0.0
2019/04/08 12:45,11.3,983.700012,1.2,236,0,0.0,8.95,71.4,985.06,4.64,79.84,0.0,0.0,0.0,0.0
2019/04/08 13:00,10.2,984.799988,0.9,160,0,0.0,8.49,73.73,985.33,4.73,76.98,0.0,0.0,0.0,0.0
2019/04/08 13:15,10.2,984.799988,0.9,131,0,0.0,7.97,76.21,985.54,4.65,71.79,0.0,0.0,0.0,0.0
2019/04/08 13:30,9.1,984.799988,0.9,304,0,0.0,7.48,78.53,985.82,4.6,61.9,0.0,0.0,0.0,0.0
2019/04/08 13:45,8.0,984.799988,0.9,333,0,0.0,7.02,80.52,985.76,4.77,51.39,0.0,0.0,0.0,0.0
2019/04/08 14:00,8.0,984.799988,0.9,161,0,0.0,6.62,82.29,985.55,5.1,43.07,0.0,0.0,0.0,0.0
2019/04/08 14:15,8.0,984.799988,0.9,107,0,0.0,6.28,83.38,985.46,5.53,32.55,0.0,0.0,0.0,0.0
2019/04/08 14:30,8.0,984.799988,0.9,131,0,0.0,6.0,84.1,985.4,6.07,21.48,0.0,0.0,0.0,0.0
2019/04/08 14:45,8.0,984.799988,0.9,188,0,0.0,5.74,84.32,985.61,6.48,13.08,0.0,0.0,0.0,0.0
2019/04/08 15:00,6.9,984.799988,0.9,102,0,0.0,5.48,83.97,985.95,6.81,10.61,0.0,0.0,0.0,0.0
2019/04/08 15:15,6.9,984.799988,0.9,169,0,0.0,5.16,84.09,986.11,7.26,7.95,0.0,0.0,0.0,0.0
2019/04/08 15:30,6.9,984.799988,0.9,158,0,0.0,4.84,83.65,986.41,7.74,4.67,0.0,0.0,0.0,0.0
2019/04/08 15:45,6.9,984.799988,0.9,156,0,0.0,4.44,83.42,986.68,8.12,4.35,0.0,0.0,0.0,0.0
2019/04/08 16:00,6.9,984.799988,0.9,174,0,0.0,3.92,82.89,986.54,6.11,10.53,0.0,0.0,0.0,0.0
2019/04/08 16:15,5.8,984.799988,0.9,201,0,0.0,3.73,83.32,986.22,6.39,7.42,0.0,0.0,0.0,0.0
2019/04/08 16:30,5.8,985.900024,0.9,321,0,0.0,3.6,83.42,986.26,6.01,9.38,0.0,0.0,0.0,0.0
2019/04/08 16:45,5.8,985.900024,0.9,305,0,0.0,3.56,83.17,987.25,5.72,347.98,0.0,0.0,0.0,0.0
2019/04/08 17:00,5.8,985.900024,0.9,131,0,0.0,3.38,83.89,986.68,5.95,355.28,0.0,0.0,0.0,0.0
2019/04/08 17:15,5.8,985.900024,0.9,195,0,0.0,3.31,84.39,986.8,6.21,351.56,0.0,0.0,0.0,0.0
2019/04/08 17:30,4.7,985.900024,1.7,246,0,0.0,3.29,84.77,986.79,6.52,349.36,0.0,0.0,0.0,0.0
2019/04/08 17:45,4.7,985.900024,2.0,77,0,0.0,3.1,85.83,987.08,7.2,353.1,0.0,0.0,0.0,0.0
2019/04/08 18:00,4.7,985.900024,2.6,157,0,0.0,2.54,89.15,987.48,7.72,357.85,0.0,0.0,0.0,0.0
2019/04/08 18:15,4.7,985.900024,0.5,137,0,0.0,1.97,92.13,987.51,7.65,359.89,0.0,0.0,0.0,0.0
2019/04/08 18:30,4.7,985.900024,2.2,137,0,0.0,1.64,93.42,987.35,7.21,358.95,0.0,0.0,0.0,0.0
2019/04/08 18:45,3.7,985.900024,2.5,114,0,0.0,1.4,94.01,987.25,6.78,356.67,0.0,0.0,0.0,0.0
2019/04/08 19:00,3.7,985.900024,2.0,140,0,0.0,1.16,94.66,987.33,6.46,354.96,0.0,0.0,0.0,0.0
2019/04/09 08:00,6.9,985.900024,0.5,327,196,169.199997,6.15,72.95,987.0,2.63,33.13,110.07,53.11999999999999,56.95,2.983731
2019/04/09 08:15,6.9,985.900024,1.0,6,116,102.959999,6.2,72.71,987.0,2.48,37.45,95.52,55.56999999999999,39.95,1.918113
2019/04/09 08:30,6.9,985.900024,1.0,65,68,66.959999,6.35,71.77,986.91,2.29,42.07,107.72,53.68,54.04,1.591323
2019/04/09 08:45,6.9,985.900024,1.2,54,78,74.160004,6.34,71.38,986.86,2.08,47.52,82.19,72.39,9.8,1.2077
2019/04/09 09:00,6.9,985.900024,0.3,150,54,49.68,6.41,70.66,986.83,1.87,52.63,88.76,84.08000000000001,4.68,0.781453
2019/04/09 09:15,6.9,985.900024,0.9,349,34,32.400002,6.43,70.27,986.78,1.67,56.47,72.66,70.42999999999999,2.23,0.468872
2019/04/09 09:30,6.9,985.900024,0.9,346,32,33.84,6.4,70.3,986.71,1.44,59.42,55.96,54.48,1.48,0.781453
2019/04/09 09:45,6.9,985.900024,0.5,99,38,39.599998,6.36,71.05,986.63,1.13,63.89,34.54,30.68,3.86,0.7246199999999999
2019/04/09 10:00,6.9,985.900024,0.5,307,20,20.879999,6.37,73.05,986.58,0.76,77.65,26.22,23.38,2.84,0.340998
2019/04/09 10:15,6.9,985.900024,0.7,310,20,19.440001,6.34,74.88,986.58,0.52,119.74,12.3,10.82,1.48,0.284165
2019/04/09 10:30,6.9,985.900024,0.7,259,12,10.8,6.22,76.3,986.63,0.56,172.79,7.94,7.7,0.24,0.0
2019/04/09 10:45,6.9,985.900024,0.6,111,0,0.0,6.09,76.89,986.8,0.83,200.44,0.63,0.62,0.01,0.0
2019/04/09 11:00,6.9,985.900024,0.6,84,0,0.0,5.92,77.13,987.04,1.21,215.52,0.0,0.0,0.0,0.0
2019/04/09 11:15,6.9,985.900024,0.6,247,0,0.0,5.69,78.16,987.35,1.61,223.43,0.0,0.0,0.0,0.0
2019/04/09 11:30,6.9,985.900024,0.6,327,0,0.0,5.37,79.55,987.63,1.97,228.8,0.0,0.0,0.0,0.0
2019/04/09 11:45,6.9,985.900024,0.6,20,0,0.0,4.94,81.11,987.83,2.32,235.08,0.0,0.0,0.0,0.0
2019/04/09 12:00,6.9,985.900024,0.6,327,0,0.0,4.53,83.13,988.07,2.66,242.12,0.0,0.0,0.0,0.0
2019/04/09 12:15,6.9,987.0,0.6,121,0,0.0,4.16,84.84,988.27,2.92,248.59,0.0,0.0,0.0,0.0
2019/04/09 12:30,6.9,987.0,1.0,55,0,0.0,3.85,85.98,988.48,3.07,252.23,0.0,0.0,0.0,0.0
2019/04/09 12:45,6.9,987.0,1.0,22,0,0.0,3.57,86.81,988.65,3.19,255.23,0.0,0.0,0.0,0.0
2019/04/09 13:00,6.9,987.0,1.0,96,0,0.0,3.33,87.39,988.79,3.29,259.18,0.0,0.0,0.0,0.0
2019/04/09 13:15,6.9,987.0,1.0,327,0,0.0,3.13,87.68,988.88,3.33,261.93,0.0,0.0,0.0,0.0
2019/04/09 13:30,6.9,987.0,1.0,57,0,0.0,2.98,87.74,988.88,3.31,263.38,0.0,0.0,0.0,0.0
2019/04/09 13:45,6.9,987.0,1.0,130,0,0.0,2.88,87.64,988.73,3.31,264.22,0.0,0.0,0.0,0.0
2019/04/09 14:00,6.9,987.0,1.0,95,0,0.0,2.8,87.48,988.6,3.32,265.01,0.0,0.0,0.0,0.0
2019/04/09 14:15,5.8,987.0,1.0,96,0,0.0,2.76,87.22,988.56,3.32,265.7,0.0,0.0,0.0,0.0
2019/04/09 14:30,5.8,988.099976,1.0,138,0,0.0,2.72,86.89,988.58,3.32,266.64,0.0,0.0,0.0,0.0
2019/04/09 14:45,5.8,988.099976,1.0,106,0,0.0,2.68,86.57,988.58,3.32,267.18,0.0,0.0,0.0,0.0
2019/04/09 15:00,5.8,988.099976,1.0,119,0,0.0,2.64,86.24,988.59,3.32,267.51,0.0,0.0,0.0,0.0
2019/04/09 15:15,5.8,988.099976,1.0,69,0,0.0,2.59,85.93,988.68,3.32,267.08,0.0,0.0,0.0,0.0
2019/04/09 15:30,5.8,988.099976,1.0,87,0,0.0,2.54,85.67,988.8,3.31,266.65,0.0,0.0,0.0,0.0
2019/04/09 15:45,5.8,988.099976,1.0,113,0,0.0,2.49,85.47,988.93,3.28,266.58,0.0,0.0,0.0,0.0
2019/04/09 16:00,5.8,988.099976,1.0,105,0,0.0,2.33,73.08,989.41,2.69,264.73,0.0,0.0,0.0,0.0
2019/04/09 16:15,5.8,988.099976,1.0,93,0,0.0,2.3,73.12,989.29,2.68,265.71,0.0,0.0,0.0,0.0
2019/04/09 16:30,5.8,988.099976,1.0,65,0,0.0,2.25,73.37,989.07,2.7,266.2,0.0,0.0,0.0,0.0
2019/04/09 16:45,5.8,988.099976,1.0,74,0,0.0,2.2,73.68,988.99,2.75,266.85,0.0,0.0,0.0,0.0
2019/04/09 17:00,5.8,988.099976,1.0,76,0,0.0,2.13,74.05,988.79,2.77,267.62,0.0,0.0,0.0,0.0
2019/04/09 17:15,5.8,988.099976,1.0,96,0,0.0,2.08,74.36,988.62,2.74,268.16,0.0,0.0,0.0,0.0
2019/04/09 17:30,5.8,988.099976,1.0,101,0,0.0,2.04,74.69,988.61,2.7,266.25,0.0,0.0,0.0,0.0
2019/04/09 17:45,5.8,988.099976,1.0,82,0,0.0,1.99,75.1,988.42,2.69,264.12,0.0,0.0,0.0,0.0
2019/04/09 18:00,4.7,988.099976,1.0,103,0,0.0,1.96,75.45,988.66,2.72,261.48,0.0,0.0,0.0,0.0
2019/04/09 18:15,4.7,988.099976,1.0,106,0,0.0,1.94,75.85,988.66,2.72,260.16,0.0,0.0,0.0,0.0
2019/04/09 18:30,4.7,987.0,1.0,125,0,0.0,1.92,76.21,988.52,2.68,260.07,0.0,0.0,0.0,0.0
2019/04/09 18:45,4.7,987.0,1.0,118,0,0.0,1.9,76.62,988.38,2.64,259.21,0.0,0.0,0.0,0.0
2019/04/09 19:00,4.7,987.0,1.0,125,0,0.0,1.88,77.08,988.29,2.62,257.41,0.0,0.0,0.0,0.0
2019/04/10 08:00,15.7,981.5,4.1,268,377,190.800003,14.81,32.89,984.06,4.57,115.65,289.23,26.640000000000043,262.59,7.786116000000001
2019/04/10 08:15,14.6,981.5,1.6,253,230,151.919998,14.79,32.63,983.94,4.62,113.96,232.97,22.94,210.03,5.100759
2019/04/10 08:30,14.6,981.5,1.7,250,251,149.03999299999998,14.76,32.49,983.77,4.68,112.42,197.63,20.47999999999999,177.15,5.512797
2019/04/10 08:45,14.6,981.5,1.9,314,270,119.519997,14.69,32.68,983.62,4.78,112.33,163.86,18.55000000000001,145.31,5.711713
2019/04/10 09:00,14.6,981.5,3.2,194,208,105.120003,14.61,33.21,983.5,4.88,114.91,143.94,17.429999999999993,126.51,4.447179
2019/04/10 09:15,14.6,981.5,1.2,254,107,68.400002,14.47,34.11,983.4,4.96,119.79,116.32,15.849999999999994,100.47,1.832863
2019/04/10 09:30,14.6,981.5,2.6,189,55,51.119999,14.33,35.05,983.28,4.96,125.23,96.84,14.490000000000007,82.35,1.094035
2019/04/10 09:45,13.5,981.5,0.8,249,31,32.400002,14.11,36.14,983.14,4.8,129.66,69.98,12.580000000000004,57.4,0.610954
2019/04/10 10:00,13.5,981.5,3.0,296,25,22.32,13.89,37.39,983.0,4.4,132.92,52.3,14.849999999999994,37.45,0.397831
2019/04/10 10:15,13.5,981.5,0.6,235,21,20.879999,13.46,39.59,982.92,3.67,136.28,29.37,13.78,15.59,0.312581
2019/04/10 10:30,13.5,981.5,0.5,221,13,15.12,12.9,42.75,982.89,2.97,138.05,16.8,8.59,8.21,0.170499
2019/04/10 10:45,13.5,981.5,1.0,261,0,7.2,12.54,43.53,983.08,2.67,138.93,1.56,1.24,0.32,0.0
2019/04/10 11:00,13.5,981.5,0.4,318,0,0.0,12.18,44.64,983.3,2.61,142.09,0.0,0.0,0.0,0.0
2019/04/10 11:15,13.5,981.5,0.9,262,0,0.0,11.95,45.52,983.48,2.63,145.77,0.0,0.0,0.0,0.0
2019/04/10 11:30,13.5,981.5,0.0,353,0,0.0,11.72,46.49,983.51,2.75,148.28,0.0,0.0,0.0,0.0
2019/04/10 11:45,12.4,981.5,0.7,192,0,0.0,11.49,47.57,983.5,2.87,152.78,0.0,0.0,0.0,0.0
2019/04/10 12:00,12.4,981.5,0.6,160,0,0.0,11.04,49.85,983.51,2.96,164.17,0.0,0.0,0.0,0.0
2019/04/10 12:15,12.4,981.5,0.7,166,0,0.0,10.78,52.07,983.49,2.93,176.23,0.0,0.0,0.0,0.0
2019/04/10 12:30,12.4,981.5,0.9,181,0,0.0,10.65,53.87,983.56,2.74,184.91,0.0,0.0,0.0,0.0
2019/04/10 12:45,12.4,981.5,0.0,74,0,0.0,10.73,54.36,983.47,2.6,183.88,0.0,0.0,0.0,0.0
2019/04/10 13:00,12.4,981.5,0.0,183,0,0.0,10.85,54.13,983.28,2.29,175.96,0.0,0.0,0.0,0.0
2019/04/10 13:15,12.4,982.599976,0.0,157,0,0.0,11.02,53.93,983.85,1.71,220.29,0.0,0.0,0.0,0.0
2019/04/10 13:30,11.3,982.599976,0.0,89,0,0.0,11.05,54.05,984.12,1.73,313.67,0.0,0.0,0.0,0.0
2019/04/10 13:45,10.2,982.599976,0.0,125,0,0.0,10.8,55.94,984.03,2.73,353.94,0.0,0.0,0.0,0.0
2019/04/10 14:00,10.2,982.599976,0.0,17,0,0.0,10.2,60.78,984.04,3.92,4.08,0.0,0.0,0.0,0.0
2019/04/10 14:15,10.2,982.599976,0.0,19,0,0.0,9.57,66.69,984.22,4.42,1.67,0.0,0.0,0.0,0.0
2019/04/10 14:30,10.2,982.599976,0.0,91,0,0.0,9.14,71.67,984.52,4.13,353.69,0.0,0.0,0.0,0.0
2019/04/10 14:45,9.1,982.599976,0.0,87,0,0.0,8.84,76.2,984.78,3.37,348.56,0.0,0.0,0.0,0.0
2019/04/10 15:00,9.1,982.599976,0.0,125,0,0.0,8.61,79.78,984.93,2.5,359.31,0.0,0.0,0.0,0.0
2019/04/10 15:15,9.1,982.599976,0.0,107,0,0.0,8.41,82.47,985.02,2.04,36.0,0.0,0.0,0.0,0.0
2019/04/10 15:30,9.1,982.599976,0.0,65,0,0.0,8.26,83.66,985.15,2.32,72.47,0.0,0.0,0.0,0.0
2019/04/10 15:45,9.1,982.599976,0.0,354,0,0.0,8.07,84.67,985.23,3.11,90.77,0.0,0.0,0.0,0.0
2019/04/10 16:00,9.1,982.599976,0.4,69,0,0.0,8.52,56.49,983.15,1.54,52.46,0.0,0.0,0.0,0.0
2019/04/10 16:15,9.1,982.599976,0.4,82,0,0.0,8.49,56.45,983.2,1.44,60.47,0.0,0.0,0.0,0.0
2019/04/10 16:30,9.1,982.599976,0.4,85,0,0.0,8.48,56.33,983.59,1.22,74.24,0.0,0.0,0.0,0.0
2019/04/10 16:45,9.1,982.599976,0.0,101,0,0.0,8.54,56.32,983.34,0.89,88.0,0.0,0.0,0.0,0.0
2019/04/10 17:00,9.1,982.599976,0.0,164,0,0.0,8.5,56.27,983.3,0.5,99.27,0.0,0.0,0.0,0.0
2019/04/10 17:15,8.0,981.5,0.0,113,0,0.0,8.56,56.48,983.15,0.23,337.12,0.0,0.0,0.0,0.0
2019/04/10 17:30,8.0,981.5,0.0,57,0,0.0,8.57,56.48,983.04,0.27,313.42,0.0,0.0,0.0,0.0
2019/04/10 17:45,8.0,981.5,0.0,71,0,0.0,8.59,56.34,983.07,0.44,314.27,0.0,0.0,0.0,0.0
2019/04/10 18:00,8.0,981.5,0.0,34,0,0.0,8.57,56.41,983.01,0.67,314.81,0.0,0.0,0.0,0.0
2019/04/10 18:15,8.0,981.5,0.0,91,0,0.0,8.57,56.37,983.09,1.02,322.97,0.0,0.0,0.0,0.0
2019/04/10 18:30,8.0,981.5,0.0,65,0,0.0,8.52,56.77,982.94,1.33,331.91,0.0,0.0,0.0,0.0
2019/04/10 18:45,8.0,981.5,0.0,25,0,0.0,8.47,57.11,982.71,1.43,341.92,0.0,0.0,0.0,0.0
2019/04/10 19:00,8.0,981.5,0.0,130,0,0.0,8.41,57.49,982.73,1.42,350.81,0.0,0.0,0.0,0.0
2019/04/11 08:00,17.799999,981.5,2.1,324,478,79.199997,16.42,31.25,983.08,1.44,34.74,516.83,46.30000000000007,470.53,9.746853
2019/04/11 08:15,17.799999,981.5,0.9,94,422,66.240013,16.45,31.11,983.09,1.44,44.14,463.72,44.5,419.22,8.738068
2019/04/11 08:30,17.799999,981.5,1.8,305,322,51.84,16.47,31.04,983.01,1.43,54.81,426.98,43.150000000000034,383.83,6.280042
2019/04/11 08:45,17.799999,981.5,0.3,22,313,48.240002,16.43,31.08,982.91,1.39,70.21,370.52,40.89999999999998,329.62,6.549999
2019/04/11 09:00,17.799999,981.5,1.4,10,249,44.639999,16.39,31.15,982.83,1.41,89.93,331.97,39.21000000000004,292.76,5.399131
2019/04/11 09:15,17.799999,981.5,0.0,78,191,38.880001,16.31,31.35,982.75,1.61,109.66,273.2,36.31999999999999,236.88,4.305097
2019/04/11 09:30,16.700001,981.5,0.3,136,51,34.560001,16.23,31.65,982.65,2.0,125.29,233.8,34.110000000000014,199.69,3.196854
2019/04/11 09:45,16.700001,981.5,0.3,333,43,31.68,16.08,32.2,982.56,2.47,135.48,175.02,30.170000000000016,144.85,2.244902
2019/04/11 10:00,15.7,981.5,0.0,131,35,27.360001,15.9,32.97,982.48,2.86,142.38,136.57,27.0,109.57,1.491865
2019/04/11 10:15,15.7,981.5,1.4,344,25,21.6,15.55,35.14,982.4,3.0,146.14,81.31,20.940000000000005,60.37,0.795661
2019/04/11 10:30,15.7,981.5,1.1,135,13,15.84,15.01,37.91,982.38,3.01,148.7,47.34,15.530000000000005,31.81,0.3694139999999999
2019/04/11 10:45,14.6,981.5,1.3,123,0,7.2,14.29,39.83,982.48,3.09,150.65,6.35,3.98,2.37,0.0
2019/04/11 11:00,14.6,981.5,0.0,111,0,0.0,13.75,41.16,982.66,3.18,152.64,0.0,0.0,0.0,0.0
2019/04/11 11:15,14.6,981.5,0.0,120,0,0.0,13.25,42.62,982.84,3.28,155.08,0.0,0.0,0.0,0.0
2019/04/11 11:30,14.6,981.5,0.0,21,0,0.0,12.77,43.97,983.08,3.42,159.88,0.0,0.0,0.0,0.0
2019/04/11 11:45,13.5,981.5,1.2,321,0,0.0,12.34,45.13,983.3,3.57,166.45,0.0,0.0,0.0,0.0
2019/04/11 12:00,13.5,982.599976,0.0,88,0,0.0,11.95,46.21,983.48,3.62,175.67,0.0,0.0,0.0,0.0
2019/04/11 12:15,12.4,982.599976,0.0,179,0,0.0,11.62,47.04,983.68,3.57,187.97,0.0,0.0,0.0,0.0
2019/04/11 12:30,12.4,982.599976,0.0,147,0,0.0,11.35,47.56,983.89,3.53,201.63,0.0,0.0,0.0,0.0
2019/04/11 12:45,12.4,982.599976,0.0,85,0,0.0,11.14,47.76,984.08,3.54,213.82,0.0,0.0,0.0,0.0
2019/04/11 13:00,12.4,982.599976,0.0,134,0,0.0,10.96,47.78,984.2,3.56,222.29,0.0,0.0,0.0,0.0
2019/04/11 13:15,11.3,982.599976,0.0,85,0,0.0,10.8,47.59,984.3,3.55,225.71,0.0,0.0,0.0,0.0
2019/04/11 13:30,11.3,982.599976,0.0,120,0,0.0,10.64,47.35,984.31,3.48,226.35,0.0,0.0,0.0,0.0
2019/04/11 13:45,11.3,982.599976,0.0,78,0,0.0,10.47,47.05,984.13,3.43,226.16,0.0,0.0,0.0,0.0
2019/04/11 14:00,11.3,982.599976,0.0,42,0,0.0,10.3,46.67,983.93,3.42,226.14,0.0,0.0,0.0,0.0
2019/04/11 14:15,11.3,983.700012,0.3,44,0,0.0,10.12,46.21,983.84,3.47,226.99,0.0,0.0,0.0,0.0
2019/04/11 14:30,11.3,983.700012,0.7,53,0,0.0,9.94,45.67,983.81,3.55,227.46,0.0,0.0,0.0,0.0
2019/04/11 14:45,11.3,983.700012,0.7,76,0,0.0,9.73,45.22,983.79,3.61,227.73,0.0,0.0,0.0,0.0
2019/04/11 15:00,11.3,983.700012,0.7,21,0,0.0,9.41,45.29,983.81,3.61,230.55,0.0,0.0,0.0,0.0
2019/04/11 15:15,10.2,983.700012,0.7,75,0,0.0,9.07,45.49,983.91,3.57,237.08,0.0,0.0,0.0,0.0
2019/04/11 15:30,10.2,983.700012,0.7,50,0,0.0,8.83,45.24,984.05,3.55,243.83,0.0,0.0,0.0,0.0
2019/04/11 15:45,9.1,983.700012,0.7,23,0,0.0,8.72,44.5,984.23,3.57,248.57,0.0,0.0,0.0,0.0
2019/04/11 16:00,9.1,983.700012,0.7,77,0,0.0,8.62,50.49,983.74,4.14,240.63,0.0,0.0,0.0,0.0
2019/04/11 16:15,9.1,983.700012,1.7,131,0,0.0,8.48,50.99,983.86,4.2,239.36,0.0,0.0,0.0,0.0
2019/04/11 16:30,9.1,983.700012,1.6,86,0,0.0,8.33,51.5,984.22,4.2,240.78,0.0,0.0,0.0,0.0
2019/04/11 16:45,9.1,983.700012,0.7,45,0,0.0,8.13,52.13,984.11,4.17,241.54,0.0,0.0,0.0,0.0
2019/04/11 17:00,9.1,983.700012,1.7,131,0,0.0,7.96,52.61,984.21,4.13,242.22,0.0,0.0,0.0,0.0
2019/04/11 17:15,9.1,983.700012,1.0,164,0,0.0,7.75,53.09,984.28,4.06,240.83,0.0,0.0,0.0,0.0
2019/04/11 17:30,9.1,983.700012,1.0,67,0,0.0,7.55,53.5,984.27,3.96,239.58,0.0,0.0,0.0,0.0
2019/04/11 17:45,9.1,983.700012,1.0,108,0,0.0,7.38,53.62,984.16,3.87,238.77,0.0,0.0,0.0,0.0
2019/04/11 18:00,9.1,982.599976,1.0,121,0,0.0,7.23,53.51,984.06,3.78,238.74,0.0,0.0,0.0,0.0
2019/04/11 18:15,9.1,982.599976,1.0,83,0,0.0,7.08,53.26,983.88,3.72,239.44,0.0,0.0,0.0,0.0
2019/04/11 18:30,9.1,982.599976,1.1,94,0,0.0,6.94,52.95,983.79,3.66,239.67,0.0,0.0,0.0,0.0
2019/04/11 18:45,9.1,982.599976,1.4,96,0,0.0,6.8,52.66,983.72,3.6,240.53,0.0,0.0,0.0,0.0
2019/04/11 19:00,9.1,982.599976,1.2,124,0,0.0,6.68,52.22,983.73,3.51,239.84,0.0,0.0,0.0,0.0
2019/04/12 08:00,21.1,977.099976,0.6,355,425,157.679993,21.17,26.82,978.75,7.43,238.74,487.95,44.72999999999996,443.22,8.553361
2019/04/12 08:15,21.1,977.099976,2.2,51,317,157.679993,21.16,27.22,978.61,7.38,241.28,449.72,43.82000000000005,405.9,6.549999
2019/04/12 08:30,21.1,977.099976,2.4,252,287,141.839996,21.16,27.58,978.4,7.39,242.08,418.66,42.80000000000001,375.86,5.768546
2019/04/12 08:45,21.1,977.099976,3.0,350,246,136.800003,21.12,28.13,978.22,7.45,242.42,364.29,40.71000000000004,323.58,5.455964
2019/04/12 09:00,21.1,977.099976,2.1,47,159,95.760002,21.05,28.95,978.07,7.56,242.94,326.52,39.06999999999999,287.45,3.63731
2019/04/12 09:15,21.1,977.099976,0.7,183,180,98.640007,20.88,30.14,977.94,7.67,243.4,268.72,36.23000000000002,232.49,3.864641
2019/04/12 09:30,21.1,977.099976,1.0,56,99,82.800003,20.69,31.48,977.82,7.76,243.43,230.0,34.03999999999999,195.96,3.31052
2019/04/12 09:45,20.0,977.099976,1.4,322,79,69.839996,20.37,33.26,977.66,7.81,243.15,172.24,30.25,141.99,2.415401
2019/04/12 10:00,20.0,977.099976,1.7,32,55,48.240002,20.0,35.54,977.49,7.81,242.72,134.7,27.029999999999987,107.67,1.562907
2019/04/12 10:15,20.0,977.099976,0.6,135,23,20.879999,19.47,38.33,977.34,7.74,242.32,80.65,21.090000000000003,59.56,0.56833
2019/04/12 10:30,18.9,977.099976,1.4,268,13,16.559998999999998,18.92,40.93,977.25,7.57,242.11,47.53,15.82,31.71,0.284165
2019/04/12 10:45,18.9,977.099976,1.1,73,0,0.0,18.3,43.36,977.28,7.35,242.0,7.44,4.58,2.86,0.0
2019/04/12 11:00,18.9,977.099976,0.0,111,0,0.0,17.82,45.18,977.39,7.17,242.01,0.0,0.0,0.0,0.0
2019/04/12 11:15,18.9,977.099976,1.7,18,0,0.0,17.47,46.62,977.44,7.08,241.62,0.0,0.0,0.0,0.0
2019/04/12 11:30,17.799999,977.099976,1.8,43,0,0.0,17.2,47.89,977.49,7.06,241.34,0.0,0.0,0.0,0.0
2019/04/12 11:45,17.799999,977.099976,0.7,21,0,0.0,16.97,49.02,977.54,7.1,241.55,0.0,0.0,0.0,0.0
2019/04/12 12:00,17.799999,977.099976,1.0,144,0,0.0,16.77,49.98,977.61,7.19,241.63,0.0,0.0,0.0,0.0
2019/04/12 12:15,17.799999,977.099976,1.4,53,0,0.0,16.58,50.89,977.71,7.3,241.71,0.0,0.0,0.0,0.0
2019/04/12 12:30,16.700001,978.200012,1.4,107,0,0.0,16.41,51.83,977.82,7.43,241.72,0.0,0.0,0.0,0.0
2019/04/12 12:45,16.700001,978.200012,1.2,125,0,0.0,16.26,52.74,977.93,7.57,241.65,0.0,0.0,0.0,0.0
2019/04/12 13:00,16.700001,978.200012,1.4,140,0,0.0,16.13,53.51,978.02,7.77,242.02,0.0,0.0,0.0,0.0
2019/04/12 13:15,16.700001,978.200012,0.4,108,0,0.0,16.04,54.1,978.09,8.03,243.15,0.0,0.0,0.0,0.0
2019/04/12 13:30,16.700001,978.200012,1.3,121,0,0.0,15.97,54.58,978.11,8.34,244.41,0.0,0.0,0.0,0.0
2019/04/12 13:45,15.7,978.200012,1.0,117,0,0.0,15.9,55.02,978.01,8.72,245.42,0.0,0.0,0.0,0.0
2019/04/12 14:00,15.7,978.200012,0.0,115,0,0.0,15.83,55.45,977.92,9.16,245.96,0.0,0.0,0.0,0.0
2019/04/12 14:15,15.7,978.200012,0.6,160,0,0.0,15.75,56.04,977.88,9.6,246.04,0.0,0.0,0.0,0.0
2019/04/12 14:30,15.7,978.200012,0.8,151,0,0.0,15.63,56.9,977.9,9.96,245.84,0.0,0.0,0.0,0.0
2019/04/12 14:45,15.7,978.200012,1.7,112,0,0.0,15.48,57.88,977.87,10.19,245.59,0.0,0.0,0.0,0.0
2019/04/12 15:00,15.7,978.200012,1.0,154,0,0.0,15.32,58.89,977.83,10.34,245.45,0.0,0.0,0.0,0.0
2019/04/12 15:15,15.7,978.200012,0.0,105,0,0.0,15.17,59.86,977.81,10.45,245.66,0.0,0.0,0.0,0.0
2019/04/12 15:30,14.6,978.200012,1.3,115,0,0.0,15.02,60.69,977.85,10.53,246.31,0.0,0.0,0.0,0.0
2019/04/12 15:45,14.6,978.200012,1.3,141,0,0.0,14.89,61.33,977.93,10.59,247.03,0.0,0.0,0.0,0.0
2019/04/12 16:00,14.6,978.200012,1.0,227,0,0.0,13.82,42.06,978.83,7.34,247.08,0.0,0.0,0.0,0.0
2019/04/12 16:15,14.6,978.200012,2.0,48,0,0.0,13.81,42.03,978.91,7.47,248.12,0.0,0.0,0.0,0.0
2019/04/12 16:30,14.6,978.200012,2.4,127,0,0.0,13.83,42.11,979.16,7.69,248.06,0.0,0.0,0.0,0.0
2019/04/12 16:45,14.6,978.200012,0.9,86,0,0.0,13.79,42.42,978.96,7.93,248.51,0.0,0.0,0.0,0.0
2019/04/12 17:00,14.6,978.200012,1.6,97,0,0.0,13.77,42.75,978.88,8.11,248.61,0.0,0.0,0.0,0.0
2019/04/12 17:15,14.6,978.200012,2.5,125,0,0.0,13.71,43.16,978.71,8.24,248.16,0.0,0.0,0.0,0.0
2019/04/12 17:30,14.6,978.200012,1.1,107,0,0.0,13.68,43.42,978.75,8.36,248.38,0.0,0.0,0.0,0.0
2019/04/12 17:45,14.6,978.200012,1.2,159,0,0.0,13.67,43.44,978.91,8.45,248.64,0.0,0.0,0.0,0.0
2019/04/12 18:00,14.6,978.200012,1.6,81,0,0.0,13.65,43.4,979.04,8.51,249.14,0.0,0.0,0.0,0.0
2019/04/12 18:15,14.6,978.200012,0.9,354,0,0.0,13.6,43.47,978.92,8.52,250.11,0.0,0.0,0.0,0.0
2019/04/12 18:30,14.6,978.200012,1.0,35,0,0.0,13.53,43.81,978.89,8.47,250.39,0.0,0.0,0.0,0.0
2019/04/12 18:45,14.6,978.200012,0.8,113,0,0.0,13.44,44.55,978.94,8.33,250.7,0.0,0.0,0.0,0.0
2019/04/12 19:00,14.6,978.200012,0.8,106,0,0.0,13.35,45.54,979.05,8.11,250.91,0.0,0.0,0.0,0.0
2019/04/13 08:00,18.9,980.5,1.0,41,477,107.279999,19.28,35.11,982.23,4.85,290.5,20.22,20.22,0.0,9.079065
2019/04/13 08:15,18.9,980.5,2.8,329,440,95.040001,19.6,35.37,982.41,5.45,297.61,177.88,38.54999999999998,139.33,8.695443
2019/04/13 08:30,18.9,980.5,2.8,166,257,95.760002,19.53,35.24,982.46,5.26,299.75,207.57,37.98999999999998,169.58,5.356507
2019/04/13 08:45,18.9,980.5,0.4,268,191,104.400002,19.77,32.95,982.52,4.71,302.46,230.35,61.19,169.16,4.205639
2019/04/13 09:00,18.9,980.5,1.0,257,124,95.760002,19.92,30.34,982.55,4.11,310.34,213.87,57.5,156.37,2.571692
2019/04/13 09:15,17.799999,980.5,1.0,264,20,13.68,20.22,27.99,982.59,3.78,325.35,248.11,32.76000000000002,215.35,0.397831
2019/04/13 09:30,16.700001,982.700012,0.5,75,0,0.0,20.11,27.81,982.76,3.82,339.87,200.58,31.54000000000002,169.04,0.0
2019/04/13 09:45,14.6,983.799988,2.8,133,0,0.0,19.42,29.53,982.98,3.79,344.27,82.45,34.900000000000006,47.55,0.0
2019/04/13 10:00,13.5,983.799988,4.6,188,9,9.360001,19.08,30.42,983.1,3.68,337.1,68.75,30.04,38.71,0.0
2019/04/13 10:15,12.4,983.799988,2.9,202,29,33.84,18.71,29.47,983.21,3.94,323.81,38.97,15.0,23.97,0.539913
2019/04/13 10:30,12.4,983.799988,1.4,249,21,28.08,18.42,26.35,983.3,4.46,316.46,24.62,10.750000000000002,13.87,0.3836219999999999
2019/04/13 10:45,12.4,983.799988,0.3,340,0,10.8,17.47,25.2,983.59,4.98,324.2,9.53,5.289999999999999,4.24,0.0
2019/04/13 11:00,12.4,983.799988,1.1,85,0,0.0,16.77,24.68,984.15,5.61,340.98,0.0,0.0,0.0,0.0
2019/04/13 11:15,12.4,984.900024,0.0,91,0,0.0,16.29,24.2,984.61,6.19,351.44,0.0,0.0,0.0,0.0
2019/04/13 11:30,12.4,984.900024,0.3,50,0,0.0,15.8,24.16,985.12,6.2,352.92,0.0,0.0,0.0,0.0
2019/04/13 11:45,12.4,984.900024,0.3,123,0,0.0,15.22,24.8,985.52,5.56,348.39,0.0,0.0,0.0,0.0
2019/04/13 12:00,12.4,984.900024,0.8,346,0,0.0,14.61,25.71,985.85,4.83,336.73,0.0,0.0,0.0,0.0
2019/04/13 12:15,12.4,986.0,0.7,110,0,0.0,14.09,26.38,986.16,4.49,322.19,0.0,0.0,0.0,0.0
2019/04/13 12:30,12.4,986.0,0.7,121,0,0.0,13.73,26.65,986.53,4.45,314.01,0.0,0.0,0.0,0.0
2019/04/13 12:45,12.4,986.0,1.7,71,0,0.0,13.45,26.68,986.87,4.48,310.34,0.0,0.0,0.0,0.0
2019/04/13 13:00,12.4,986.0,0.6,111,0,0.0,13.19,26.72,987.22,4.54,306.44,0.0,0.0,0.0,0.0
2019/04/13 13:15,11.3,986.0,0.7,325,0,0.0,12.85,26.93,987.54,4.59,301.39,0.0,0.0,0.0,0.0
2019/04/13 13:30,14.6,986.0,0.8,82,0,0.0,12.61,26.8,987.75,4.57,299.37,0.0,0.0,0.0,0.0
2019/04/13 13:45,15.7,987.099976,3.3,145,0,0.0,12.38,26.6,987.84,4.56,298.96,0.0,0.0,0.0,0.0
2019/04/13 14:00,15.7,987.099976,1.8,158,0,0.0,12.16,26.42,987.92,4.63,299.05,0.0,0.0,0.0,0.0
2019/04/13 14:15,15.7,987.099976,1.5,101,0,0.0,11.92,26.35,988.11,4.73,298.73,0.0,0.0,0.0,0.0
2019/04/13 14:30,15.7,987.099976,0.7,36,0,0.0,11.69,26.35,988.34,4.82,297.78,0.0,0.0,0.0,0.0
2019/04/13 14:45,15.7,987.099976,2.4,124,0,0.0,11.46,26.43,988.55,4.91,296.99,0.0,0.0,0.0,0.0
2019/04/13 15:00,14.6,987.099976,0.6,126,0,0.0,11.24,26.6,988.74,5.03,296.44,0.0,0.0,0.0,0.0
2019/04/13 15:15,14.6,987.099976,0.6,70,0,0.0,11.04,26.84,988.97,5.19,296.46,0.0,0.0,0.0,0.0
2019/04/13 15:30,14.6,987.099976,0.7,78,0,0.0,10.85,27.14,989.27,5.43,299.42,0.0,0.0,0.0,0.0
2019/04/13 15:45,15.7,987.099976,1.1,102,0,0.0,10.83,27.0,989.68,5.68,304.39,0.0,0.0,0.0,0.0
2019/04/13 16:00,15.7,987.099976,1.7,110,0,0.0,10.36,37.81,989.58,5.52,308.52,0.0,0.0,0.0,0.0
2019/04/13 16:15,15.7,987.099976,2.2,83,0,0.0,10.18,38.39,989.6,5.51,305.7,0.0,0.0,0.0,0.0
2019/04/13 16:30,15.7,988.200012,0.7,85,0,0.0,9.99,38.67,990.1,5.41,303.23,0.0,0.0,0.0,0.0
2019/04/13 16:45,14.6,988.200012,0.0,236,0,0.0,9.78,38.17,990.06,5.37,302.16,0.0,0.0,0.0,0.0
2019/04/13 17:00,14.6,988.200012,0.7,52,0,0.0,9.66,36.41,990.0,5.42,303.47,0.0,0.0,0.0,0.0
2019/04/13 17:15,14.6,988.200012,0.7,78,0,0.0,9.58,33.96,990.21,5.49,303.52,0.0,0.0,0.0,0.0
2019/04/13 17:30,13.5,988.200012,0.7,62,0,0.0,9.43,31.68,990.38,5.44,301.63,0.0,0.0,0.0,0.0
2019/04/13 17:45,14.6,988.200012,1.4,127,0,0.0,9.18,30.09,990.59,5.18,299.25,0.0,0.0,0.0,0.0
2019/04/13 18:00,14.6,988.200012,1.0,94,0,0.0,8.75,29.49,990.67,4.83,294.38,0.0,0.0,0.0,0.0
2019/04/13 18:15,10.2,988.200012,0.0,33,0,0.0,8.31,29.29,990.96,4.55,287.04,0.0,0.0,0.0,0.0
2019/04/13 18:30,9.1,988.200012,0.0,120,0,0.0,7.96,29.0,991.01,4.39,279.53,0.0,0.0,0.0,0.0
2019/04/13 18:45,9.1,988.200012,1.3,129,0,0.0,7.68,28.7,990.97,4.35,273.08,0.0,0.0,0.0,0.0
2019/04/13 19:00,9.1,988.200012,0.0,160,0,0.0,7.45,28.46,991.15,4.36,268.0,0.0,0.0,0.0,0.0
2019/04/14 08:00,22.200001,984.900024,2.7,225,514,47.52,22.75,9.36,986.39,1.71,187.19,543.34,46.74000000000001,496.6,9.945768
2019/04/14 08:15,22.200001,984.900024,3.6,283,448,46.080002,22.78,9.51,986.21,1.6,178.27,488.66,44.94,443.72,8.851734
2019/04/14 08:30,22.200001,983.799988,0.6,346,386,45.360001,22.79,9.75,985.99,1.69,163.62,450.82,43.589999999999975,407.23,7.757699000000001
2019/04/14 08:45,22.200001,983.799988,3.4,256,326,43.200001,22.69,10.23,985.81,2.07,149.79,392.32,41.38,350.94,6.592624000000001
2019/04/14 09:00,22.200001,983.799988,1.7,291,256,43.200001,22.5,10.95,985.63,2.74,142.38,352.39,39.70999999999998,312.68,5.384923000000001
2019/04/14 09:15,21.1,983.799988,3.6,176,196,41.040001,22.17,12.01,985.46,3.57,141.12,291.67,36.88000000000002,254.79,4.248264
2019/04/14 09:30,21.1,983.799988,1.6,194,54,36.720001,21.8,13.27,985.27,4.37,143.36,250.98,34.70999999999998,216.27,3.225271
2019/04/14 09:45,21.1,983.799988,3.1,159,44,32.400002,21.32,15.01,985.07,4.97,145.7,190.33,30.89000000000001,159.44,2.301735
2019/04/14 10:00,21.1,983.799988,2.3,174,34,28.08,20.72,16.88,984.9,5.36,145.46,150.55,27.820000000000007,122.73,1.562907
2019/04/14 10:15,20.0,983.799988,1.5,216,24,20.879999,19.82,18.6,984.77,5.7,144.21,92.9,22.02000000000001,70.88,0.8524940000000001
2019/04/14 10:30,20.0,983.799988,2.6,198,14,16.559998999999998,18.87,19.98,984.66,5.94,144.03,57.02,16.93,40.09,0.412039
2019/04/14 10:45,18.9,983.799988,1.3,213,0,9.360001,17.88,20.97,984.68,5.97,145.2,11.74,6.05,5.69,0.0
2019/04/14 11:00,18.9,983.799988,0.5,155,0,0.0,17.18,21.47,984.77,5.81,147.69,0.0,0.0,0.0,0.0
2019/04/14 11:15,18.9,983.799988,0.6,148,0,0.0,16.65,22.03,984.86,5.52,151.82,0.0,0.0,0.0,0.0
2019/04/14 11:30,17.799999,983.799988,0.6,112,0,0.0,16.23,22.49,985.0,5.11,158.14,0.0,0.0,0.0,0.0
2019/04/14 11:45,16.700001,983.799988,0.6,139,0,0.0,15.86,22.87,985.11,4.6,164.99,0.0,0.0,0.0,0.0
2019/04/14 12:00,16.700001,983.799988,0.6,78,0,0.0,15.47,23.27,985.18,4.02,170.71,0.0,0.0,0.0,0.0
2019/04/14 12:15,15.7,983.799988,0.6,167,0,0.0,15.03,23.73,985.23,3.53,174.44,0.0,0.0,0.0,0.0
2019/04/14 12:30,15.7,983.799988,0.6,124,0,0.0,14.58,24.17,985.29,3.26,175.82,0.0,0.0,0.0,0.0
2019/04/14 12:45,15.7,983.799988,0.6,104,0,0.0,14.16,24.47,985.32,3.19,177.87,0.0,0.0,0.0,0.0
2019/04/14 13:00,14.6,983.799988,0.6,351,0,0.0,13.78,24.61,985.31,3.22,181.21,0.0,0.0,0.0,0.0
2019/04/14 13:15,14.6,983.799988,0.6,2,0,0.0,13.48,24.56,985.3,3.28,185.3,0.0,0.0,0.0,0.0
2019/04/14 13:30,15.7,983.799988,1.7,96,0,0.0,13.25,24.33,985.27,3.31,190.46,0.0,0.0,0.0,0.0
2019/04/14 13:45,15.7,983.799988,1.7,102,0,0.0,13.11,23.89,985.19,3.34,196.41,0.0,0.0,0.0,0.0
2019/04/14 14:00,15.7,983.799988,1.6,117,0,0.0,13.1,23.27,985.13,3.38,203.37,0.0,0.0,0.0,0.0
2019/04/14 14:15,15.7,983.799988,0.4,104,0,0.0,13.22,22.58,985.12,3.44,210.87,0.0,0.0,0.0,0.0
2019/04/14 14:30,15.7,983.799988,0.0,60,0,0.0,13.4,22.12,985.17,3.5,219.2,0.0,0.0,0.0,0.0
2019/04/14 14:45,14.6,983.799988,1.2,88,0,0.0,13.58,21.89,985.21,3.51,227.9,0.0,0.0,0.0,0.0
2019/04/14 15:00,14.6,983.799988,0.0,155,0,0.0,13.74,21.83,985.23,3.52,235.26,0.0,0.0,0.0,0.0
2019/04/14 15:15,14.6,983.799988,0.0,121,0,0.0,13.84,21.9,985.29,3.63,241.25,0.0,0.0,0.0,0.0
2019/04/14 15:30,13.5,983.799988,0.0,30,0,0.0,13.86,22.04,985.4,3.91,244.93,0.0,0.0,0.0,0.0
2019/04/14 15:45,13.5,983.799988,0.0,68,0,0.0,13.77,22.34,985.55,4.37,247.07,0.0,0.0,0.0,0.0
2019/04/14 16:00,12.4,983.799988,0.0,135,0,0.0,12.9,20.23,984.35,0.45,169.36,0.0,0.0,0.0,0.0
2019/04/14 16:15,12.4,983.799988,0.0,29,0,0.0,12.99,19.66,984.18,0.65,167.08,0.0,0.0,0.0,0.0
2019/04/14 16:30,12.4,983.799988,0.0,60,0,0.0,13.1,19.1,984.36,0.86,164.31,0.0,0.0,0.0,0.0
2019/04/14 16:45,12.4,983.799988,0.0,6,0,0.0,13.13,18.66,983.97,0.98,166.95,0.0,0.0,0.0,0.0
2019/04/14 17:00,12.4,983.799988,0.0,218,0,0.0,13.21,18.18,984.1,1.03,179.59,0.0,0.0,0.0,0.0
2019/04/14 17:15,11.3,983.799988,0.0,145,0,0.0,13.2,17.91,983.94,1.07,188.66,0.0,0.0,0.0,0.0
2019/04/14 17:30,11.3,983.799988,0.0,67,0,0.0,13.09,17.94,983.88,1.15,194.86,0.0,0.0,0.0,0.0
2019/04/14 17:45,11.3,983.799988,0.0,135,0,0.0,12.81,18.41,983.55,1.35,198.91,0.0,0.0,0.0,0.0
2019/04/14 18:00,11.3,982.700012,0.0,29,0,0.0,12.41,19.15,983.36,1.64,201.29,0.0,0.0,0.0,0.0
2019/04/14 18:15,12.4,982.700012,0.3,82,0,0.0,12.06,19.92,983.47,1.94,201.89,0.0,0.0,0.0,0.0
2019/04/14 18:30,13.5,982.700012,1.9,132,0,0.0,11.72,20.7,983.57,2.26,205.97,0.0,0.0,0.0,0.0
2019/04/14 18:45,13.5,982.700012,1.4,120,0,0.0,11.27,21.66,983.43,2.65,210.41,0.0,0.0,0.0,0.0
2019/04/14 19:00,13.5,982.700012,2.0,94,0,0.0,10.84,22.65,983.45,3.07,215.8,0.0,0.0,0.0,0.0
2019/04/15 08:00,25.0,975.0,2.5,294,361,145.440002,22.33,29.79,977.15,9.81,252.75,100.32,22.05,78.27,7.402492999999999
2019/04/15 08:15,25.0,975.0,3.0,261,328,141.839996,21.61,31.43,977.16,8.51,257.75,47.71,47.7,0.01,6.564207000000001
2019/04/15 08:30,25.0,975.0,3.8,284,237,136.800003,21.58,31.4,977.02,7.05,264.55,51.13,48.46,2.67,4.589262000000001
2019/04/15 08:45,25.0,975.0,4.4,282,188,132.479996,21.41,32.07,976.95,5.95,271.13,46.91,21.629999999999995,25.28,3.992516
2019/04/15 09:00,25.0,973.900024,1.1,297,131,99.360001,21.44,32.27,976.78,5.21,269.96,57.64,21.29,36.35,2.884273
2019/04/15 09:15,25.0,973.900024,3.9,208,109,87.839996,21.28,32.97,976.58,4.87,258.36,28.28,28.28,0.0,2.386984
2019/04/15 09:30,23.9,973.900024,1.4,242,75,77.760002,21.34,33.55,976.36,4.98,244.83,25.75,25.75,0.0,1.591323
2019/04/15 09:45,23.9,973.900024,1.9,256,55,60.48,21.76,33.47,976.13,5.23,236.71,59.37,12.25,47.12,1.065618
2019/04/15 10:00,23.9,973.900024,1.3,178,45,50.400002,21.71,34.11,975.93,5.06,232.42,52.94,11.43,41.51,0.8524940000000001
2019/04/15 10:15,23.9,973.900024,0.0,186,29,37.439999,21.35,35.58,975.78,4.33,229.96,34.32,8.73,25.59,0.554121
2019/04/15 10:30,22.799999,973.900024,1.7,184,13,20.16,20.76,37.88,975.72,3.49,227.25,21.2,6.77,14.43,0.24154
2019/04/15 10:45,22.799999,973.900024,0.7,322,0,7.2,20.18,39.32,975.77,2.89,220.14,4.71,2.58,2.13,0.0
2019/04/15 11:00,21.700001,973.900024,0.7,133,0,0.0,19.51,42.55,976.0,2.39,205.38,0.0,0.0,0.0,0.0
2019/04/15 11:15,21.700001,975.0,0.7,126,0,0.0,19.23,45.27,976.14,1.75,188.76,0.0,0.0,0.0,0.0
2019/04/15 11:30,21.700001,975.0,1.4,169,0,0.0,18.88,47.72,976.22,1.0,185.84,0.0,0.0,0.0,0.0
2019/04/15 11:45,21.700001,975.0,0.6,246,0,0.0,18.87,47.9,976.1,0.53,268.15,0.0,0.0,0.0,0.0
2019/04/15 12:00,20.6,975.0,0.6,131,0,0.0,18.94,47.31,975.92,0.6,317.5,0.0,0.0,0.0,0.0
2019/04/15 12:15,20.6,975.0,0.6,103,0,0.0,18.88,47.68,975.84,0.75,303.95,0.0,0.0,0.0,0.0
2019/04/15 12:30,20.6,975.0,0.7,115,0,0.0,18.66,49.0,975.87,0.75,272.73,0.0,0.0,0.0,0.0
2019/04/15 12:45,19.5,975.0,0.7,216,0,0.0,18.48,49.68,975.87,0.85,229.13,0.0,0.0,0.0,0.0
2019/04/15 13:00,19.5,976.099976,0.7,160,0,0.0,18.28,50.35,975.89,1.21,202.69,0.0,0.0,0.0,0.0
2019/04/15 13:15,18.4,976.099976,0.7,97,0,0.0,18.03,51.03,975.89,1.63,203.39,0.0,0.0,0.0,0.0
2019/04/15 13:30,18.4,976.099976,0.7,103,0,0.0,17.76,51.83,975.88,1.99,209.09,0.0,0.0,0.0,0.0
2019/04/15 13:45,18.4,976.099976,0.7,77,0,0.0,17.33,53.24,975.76,2.37,216.46,0.0,0.0,0.0,0.0
2019/04/15 14:00,19.5,976.099976,2.8,109,0,0.0,16.94,54.72,975.67,2.74,225.09,0.0,0.0,0.0,0.0
2019/04/15 14:15,19.5,976.099976,1.1,73,0,0.0,16.15,57.15,975.65,2.97,234.02,0.0,0.0,0.0,0.0
2019/04/15 14:30,19.5,976.099976,1.1,158,0,0.0,15.85,57.98,975.66,3.08,244.32,0.0,0.0,0.0,0.0
2019/04/15 14:45,19.5,976.099976,1.0,125,0,0.0,15.56,58.9,975.78,3.07,247.63,0.0,0.0,0.0,0.0
2019/04/15 15:00,19.5,976.099976,1.0,99,0,0.0,15.35,59.1,975.81,2.88,243.94,0.0,0.0,0.0,0.0
2019/04/15 15:15,19.5,976.099976,1.4,182,0,0.0,15.26,58.68,975.89,2.56,234.14,0.0,0.0,0.0,0.0
2019/04/15 15:30,19.5,976.099976,0.5,229,0,0.0,15.27,57.99,976.0,2.2,218.53,0.0,0.0,0.0,0.0
2019/04/15 15:45,19.5,976.099976,1.1,198,0,0.0,15.3,57.31,976.13,1.9,198.4,0.0,0.0,0.0,0.0
2019/04/15 16:00,18.4,976.099976,1.0,77,0,0.0,15.43,52.46,976.16,2.81,244.25,0.0,0.0,0.0,0.0
2019/04/15 16:15,18.4,976.099976,1.0,327,0,0.0,15.18,52.57,976.16,2.8,243.7,0.0,0.0,0.0,0.0
2019/04/15 16:30,17.299999,976.099976,1.0,101,0,0.0,15.04,52.42,976.56,2.62,238.42,0.0,0.0,0.0,0.0
2019/04/15 16:45,17.299999,976.099976,1.0,99,0,0.0,14.9,52.32,976.13,2.28,230.9,0.0,0.0,0.0,0.0
2019/04/15 17:00,17.299999,976.099976,1.0,92,0,0.0,14.78,52.33,975.78,1.93,218.51,0.0,0.0,0.0,0.0
2019/04/15 17:15,17.299999,976.099976,1.0,130,0,0.0,14.56,52.75,975.54,1.7,205.06,0.0,0.0,0.0,0.0
2019/04/15 17:30,17.299999,976.099976,1.7,103,0,0.0,14.32,53.29,975.45,1.53,204.57,0.0,0.0,0.0,0.0
2019/04/15 17:45,17.299999,975.0,0.4,58,0,0.0,14.04,54.06,975.43,1.59,237.38,0.0,0.0,0.0,0.0
2019/04/15 18:00,17.299999,975.0,0.4,126,0,0.0,13.71,55.09,975.49,2.07,281.37,0.0,0.0,0.0,0.0
2019/04/15 18:15,17.299999,975.0,0.7,85,0,0.0,13.35,56.25,975.52,2.74,305.68,0.0,0.0,0.0,0.0
2019/04/15 18:30,17.299999,975.0,0.3,31,0,0.0,13.0,57.04,975.55,3.12,314.9,0.0,0.0,0.0,0.0
2019/04/15 18:45,17.299999,975.0,0.3,5,0,0.0,12.73,57.16,975.48,3.06,315.51,0.0,0.0,0.0,0.0
2019/04/15 19:00,17.299999,975.0,0.3,8,0,0.0,12.59,56.56,975.51,2.81,309.22,0.0,0.0,0.0,0.0
2019/04/16 08:00,26.1,972.799988,2.4,207,391,123.839996,27.2,14.6,972.79,5.11,140.25,527.82,46.200000000000045,481.62,8.141322
2019/04/16 08:15,26.1,971.700012,4.7,269,335,107.279999,27.08,14.92,972.74,5.73,138.33,475.01,44.44,430.57,7.004663000000001
2019/04/16 08:30,25.299999,971.700012,3.5,304,332,104.400002,26.86,15.54,972.59,6.4,135.55,438.57,43.13999999999999,395.43,6.677873
2019/04/16 08:45,25.299999,971.700012,2.6,240,272,92.879997,26.54,16.35,972.49,6.99,134.34,382.43,40.99000000000001,341.44,5.583838
2019/04/16 09:00,25.299999,971.700012,4.2,139,220,83.519997,26.29,17.07,972.45,7.48,135.05,344.19,39.38,304.81,4.589262000000001
2019/04/16 09:15,25.299999,971.700012,3.3,185,164,74.879997,26.0,17.81,972.37,7.94,136.57,285.9,36.64999999999998,249.25,3.594685
2019/04/16 09:30,25.299999,971.700012,2.1,234,76,66.240013,25.73,18.59,972.25,8.3,138.21,246.68,34.56,212.12,2.756399
2019/04/16 09:45,25.299999,971.700012,1.9,22,58,54.720001,25.34,19.5,972.15,8.45,139.67,187.91,30.870000000000005,157.04,1.918113
2019/04/16 10:00,24.200001,971.700012,0.3,289,44,43.200001,24.91,20.55,972.1,8.24,141.28,149.26,27.919999999999987,121.34,1.307158
2019/04/16 10:15,24.200001,971.700012,1.9,217,26,28.799999,24.31,21.89,972.05,7.74,143.28,93.39,22.36,71.03,0.653579
2019/04/16 10:30,24.200001,971.700012,0.9,293,12,15.84,23.65,23.33,972.01,7.22,144.91,58.69,17.509999999999998,41.18,0.24154
2019/04/16 10:45,24.200001,971.700012,1.2,208,0,8.64,22.92,24.43,972.06,6.89,146.73,14.45,7.199999999999999,7.25,0.0
2019/04/16 11:00,24.200001,971.700012,2.4,266,0,0.0,22.41,24.88,972.17,6.81,148.91,0.0,0.0,0.0,0.0
2019/04/16 11:15,24.200001,971.700012,1.0,19,0,0.0,22.08,25.3,972.22,6.9,152.44,0.0,0.0,0.0,0.0
2019/04/16 11:30,23.1,971.700012,0.6,26,0,0.0,21.86,25.91,972.35,6.95,159.66,0.0,0.0,0.0,0.0
2019/04/16 11:45,23.1,971.700012,0.4,314,0,0.0,21.6,27.04,972.53,6.72,168.83,0.0,0.0,0.0,0.0
2019/04/16 12:00,23.1,971.700012,0.4,165,0,0.0,21.3,28.31,972.68,6.3,175.3,0.0,0.0,0.0,0.0
2019/04/16 12:15,22.0,972.799988,0.4,120,0,0.0,21.03,29.58,972.81,5.93,178.47,0.0,0.0,0.0,0.0
2019/04/16 12:30,22.0,972.799988,0.4,64,0,0.0,20.75,31.04,972.89,5.6,180.99,0.0,0.0,0.0,0.0
2019/04/16 12:45,22.0,972.799988,0.4,2,0,0.0,20.37,32.33,972.97,5.16,186.76,0.0,0.0,0.0,0.0
2019/04/16 13:00,22.0,972.799988,0.4,179,0,0.0,19.9,33.23,973.04,4.63,194.15,0.0,0.0,0.0,0.0
2019/04/16 13:15,19.799999,972.799988,0.4,113,0,0.0,19.4,33.72,973.1,4.15,202.28,0.0,0.0,0.0,0.0
2019/04/16 13:30,19.799999,972.799988,0.4,128,0,0.0,18.91,33.8,973.12,3.81,209.82,0.0,0.0,0.0,0.0
2019/04/16 13:45,19.799999,972.799988,1.5,53,0,0.0,18.44,33.72,972.95,3.62,212.04,0.0,0.0,0.0,0.0
2019/04/16 14:00,19.799999,972.799988,0.0,56,0,0.0,17.96,34.0,972.83,3.54,209.0,0.0,0.0,0.0,0.0
2019/04/16 14:15,19.799999,972.799988,0.3,334,0,0.0,17.49,34.49,972.82,3.52,206.18,0.0,0.0,0.0,0.0
2019/04/16 14:30,19.799999,972.799988,0.3,106,0,0.0,17.1,34.77,972.8,3.48,206.08,0.0,0.0,0.0,0.0
2019/04/16 14:45,18.700001,972.799988,0.3,145,0,0.0,16.78,34.63,972.78,3.45,209.15,0.0,0.0,0.0,0.0
2019/04/16 15:00,18.700001,972.799988,0.3,58,0,0.0,16.58,33.76,972.81,3.51,215.71,0.0,0.0,0.0,0.0
2019/04/16 15:15,18.700001,972.799988,0.3,128,0,0.0,16.52,32.17,972.89,3.69,223.65,0.0,0.0,0.0,0.0
2019/04/16 15:30,18.700001,972.799988,0.3,106,0,0.0,16.52,30.66,972.98,3.91,228.59,0.0,0.0,0.0,0.0
2019/04/16 15:45,17.6,972.799988,0.3,355,0,0.0,16.6,29.61,973.08,4.01,229.33,0.0,0.0,0.0,0.0
2019/04/16 16:00,17.6,972.799988,0.3,111,0,0.0,15.5,52.35,973.84,2.92,325.41,0.0,0.0,0.0,0.0
2019/04/16 16:15,17.6,972.799988,0.3,5,0,0.0,15.14,52.85,973.92,3.0,326.07,0.0,0.0,0.0,0.0
2019/04/16 16:30,17.6,972.799988,0.3,15,0,0.0,14.89,52.98,974.06,2.94,326.58,0.0,0.0,0.0,0.0
2019/04/16 16:45,17.6,972.799988,0.3,142,0,0.0,14.7,52.92,974.2,2.82,325.37,0.0,0.0,0.0,0.0
2019/04/16 17:00,16.5,972.799988,0.3,30,0,0.0,14.53,52.7,973.7,2.65,326.34,0.0,0.0,0.0,0.0
2019/04/16 17:15,16.5,972.799988,1.4,97,0,0.0,14.38,52.43,973.47,2.53,326.16,0.0,0.0,0.0,0.0
2019/04/16 17:30,16.5,972.799988,0.3,17,0,0.0,14.2,52.07,973.38,2.43,323.07,0.0,0.0,0.0,0.0
2019/04/16 17:45,16.5,972.799988,0.3,103,0,0.0,14.12,51.07,973.2,2.26,319.28,0.0,0.0,0.0,0.0
2019/04/16 18:00,16.5,972.799988,0.3,107,0,0.0,14.07,49.93,973.39,2.09,314.66,0.0,0.0,0.0,0.0
2019/04/16 18:15,16.5,972.799988,0.3,127,0,0.0,14.07,48.63,973.38,1.93,304.81,0.0,0.0,0.0,0.0
2019/04/16 18:30,15.4,972.799988,0.3,69,0,0.0,14.11,47.37,973.36,1.74,297.67,0.0,0.0,0.0,0.0
2019/04/16 18:45,15.4,972.799988,0.3,106,0,0.0,14.12,46.48,973.12,1.54,302.77,0.0,0.0,0.0,0.0
2019/04/16 19:00,15.4,972.799988,0.3,121,0,0.0,14.13,45.85,972.91,1.39,301.98,0.0,0.0,0.0,0.0
2019/04/17 08:00,29.700001,962.900024,1.9,213,242,161.279999,36.29,11.35,962.98,8.53,247.68,524.4,45.829999999999984,478.57,4.930259
2019/04/17 08:15,29.700001,962.900024,3.0,205,287,167.759995,36.28,11.37,962.9,8.56,248.06,471.19,44.10000000000002,427.09,5.427548000000001
2019/04/17 08:30,29.700001,962.900024,1.3,267,276,168.479996,36.25,11.43,962.77,8.53,247.54,431.5,42.52999999999997,388.97,5.228632
2019/04/17 08:45,29.700001,962.900024,1.2,281,264,177.119995,36.14,11.54,962.66,8.47,245.35,375.53,40.67999999999995,334.85,5.058134
2019/04/17 09:00,29.700001,962.900024,2.0,210,231,157.679993,36.0,11.72,962.61,8.29,244.05,338.84,39.10999999999996,299.73,4.631886
2019/04/17 09:15,29.700001,962.900024,2.1,219,167,120.959999,35.71,12.11,962.59,7.92,243.17,281.78,36.41999999999996,245.36,3.452602
2019/04/17 09:30,29.700001,962.900024,2.4,262,101,110.160004,35.34,12.68,962.53,7.43,240.42,243.57,34.389999999999986,209.18,2.727982
2019/04/17 09:45,29.700001,962.900024,2.2,146,77,86.400002,34.75,13.5,962.43,6.93,236.91,186.36,30.78,155.58,1.903904
2019/04/17 10:00,28.6,962.900024,1.7,233,53,60.48,34.02,14.5,962.36,6.51,234.33,148.88,27.91,120.97,1.2077
2019/04/17 10:15,28.6,962.900024,1.8,219,35,41.759998,33.01,15.67,962.37,6.25,235.15,94.47,22.510000000000005,71.96,0.7246199999999999
2019/04/17 10:30,28.6,962.900024,1.7,206,19,27.360001,31.99,16.79,962.46,6.13,239.08,60.25,17.79,42.46,0.3694139999999999
2019/04/17 10:45,27.5,962.900024,0.7,196,0,11.52,30.89,17.8,962.67,6.05,242.94,16.05,7.780000000000001,8.27,0.0
2019/04/17 11:00,27.5,962.900024,0.7,338,0,0.0,29.98,18.57,962.89,6.05,245.88,0.0,0.0,0.0,0.0
2019/04/17 11:15,26.4,962.900024,0.7,128,0,0.0,29.22,19.54,963.11,6.19,247.66,0.0,0.0,0.0,0.0
2019/04/17 11:30,25.299999,964.0,0.7,156,0,0.0,28.67,20.41,963.36,6.43,248.32,0.0,0.0,0.0,0.0
2019/04/17 11:45,25.299999,964.0,2.2,204,0,0.0,28.27,21.1,963.58,6.58,249.85,0.0,0.0,0.0,0.0
2019/04/17 12:00,25.299999,964.0,0.5,190,0,0.0,27.91,21.65,963.86,6.61,252.43,0.0,0.0,0.0,0.0
2019/04/17 12:15,25.299999,965.099976,0.7,333,0,0.0,27.66,21.96,964.17,6.68,255.53,0.0,0.0,0.0,0.0
2019/04/17 12:30,25.299999,965.099976,0.8,309,0,0.0,27.48,22.16,964.48,6.84,258.04,0.0,0.0,0.0,0.0
2019/04/17 12:45,25.299999,965.099976,0.7,73,0,0.0,27.31,22.4,964.81,7.03,260.16,0.0,0.0,0.0,0.0
2019/04/17 13:00,25.299999,965.099976,0.7,51,0,0.0,27.19,22.68,965.14,7.15,261.67,0.0,0.0,0.0,0.0
2019/04/17 13:15,25.299999,965.099976,0.7,270,0,0.0,27.06,23.09,965.44,7.2,262.1,0.0,0.0,0.0,0.0
2019/04/17 13:30,25.299999,965.099976,0.7,109,0,0.0,26.87,23.63,965.65,7.18,261.4,0.0,0.0,0.0,0.0
2019/04/17 13:45,24.200001,966.200012,0.7,198,0,0.0,26.56,24.37,965.75,7.04,259.63,0.0,0.0,0.0,0.0
2019/04/17 14:00,23.1,966.200012,0.7,124,0,0.0,26.12,25.28,965.87,6.77,256.67,0.0,0.0,0.0,0.0
2019/04/17 14:15,23.1,966.200012,0.7,99,0,0.0,25.67,26.17,966.04,6.48,253.72,0.0,0.0,0.0,0.0
2019/04/17 14:30,23.1,966.200012,1.7,119,0,0.0,25.34,26.73,966.26,6.26,252.7,0.0,0.0,0.0,0.0
2019/04/17 14:45,23.1,966.200012,0.7,87,0,0.0,25.09,26.98,966.44,6.02,254.15,0.0,0.0,0.0,0.0
2019/04/17 15:00,23.1,966.200012,0.7,110,0,0.0,24.77,27.31,966.67,5.73,257.65,0.0,0.0,0.0,0.0
2019/04/17 15:15,23.1,966.200012,0.7,317,0,0.0,24.35,27.91,967.02,5.38,262.78,0.0,0.0,0.0,0.0
2019/04/17 15:30,22.0,966.200012,0.7,36,0,0.0,23.84,28.8,967.55,4.93,275.7,0.0,0.0,0.0,0.0
2019/04/17 15:45,22.0,967.299988,0.7,63,0,0.0,23.08,30.12,968.53,4.64,314.63,0.0,0.0,0.0,0.0
2019/04/17 16:00,22.0,967.299988,0.6,26,0,0.0,19.51,46.62,968.33,3.86,334.77,0.0,0.0,0.0,0.0
2019/04/17 16:15,20.9,967.299988,0.6,127,0,0.0,19.23,48.36,968.69,3.71,328.96,0.0,0.0,0.0,0.0
2019/04/17 16:30,20.9,967.299988,0.6,182,0,0.0,19.18,48.37,969.44,3.65,307.07,0.0,0.0,0.0,0.0
2019/04/17 16:45,20.9,967.299988,0.6,107,0,0.0,19.23,47.49,969.69,3.81,294.46,0.0,0.0,0.0,0.0
2019/04/17 17:00,22.0,967.299988,0.6,64,0,0.0,19.24,47.42,969.98,4.05,309.27,0.0,0.0,0.0,0.0
2019/04/17 17:15,22.0,968.400024,0.0,163,0,0.0,19.14,48.16,970.35,4.24,326.62,0.0,0.0,0.0,0.0
2019/04/17 17:30,20.9,968.400024,0.0,135,0,0.0,18.87,49.53,970.61,4.34,331.76,0.0,0.0,0.0,0.0
2019/04/17 17:45,20.9,968.400024,1.1,33,0,0.0,18.64,50.75,971.19,4.45,339.02,0.0,0.0,0.0,0.0
2019/04/17 18:00,20.9,968.400024,0.0,63,0,0.0,18.4,52.03,972.07,4.55,354.39,0.0,0.0,0.0,0.0
2019/04/17 18:15,20.9,969.5,0.0,160,0,0.0,18.26,52.61,972.67,4.35,6.3,0.0,0.0,0.0,0.0
2019/04/17 18:30,20.9,969.5,0.0,28,0,0.0,18.03,52.2,972.94,4.01,0.93,0.0,0.0,0.0,0.0
2019/04/17 18:45,20.9,969.5,1.1,130,0,0.0,17.99,50.31,973.3,4.2,353.27,0.0,0.0,0.0,0.0
2019/04/17 19:00,19.799999,969.5,0.0,53,0,0.0,18.56,44.88,973.85,4.7,17.65,0.0,0.0,0.0,0.0
2019/04/18 08:00,22.0,980.5,1.9,172,349,235.440002,19.88,21.77,983.89,5.99,106.36,465.94,50.25,415.69,7.317244
2019/04/18 08:15,22.0,980.5,0.9,260,330,209.520004,19.79,21.8,983.84,6.08,107.8,412.82,45.099999999999966,367.72,6.336875
2019/04/18 08:30,22.0,980.5,2.3,232,191,159.839996,19.67,21.88,983.76,6.14,108.99,369.18,59.48000000000002,309.7,4.205639
2019/04/18 08:45,22.0,980.5,1.2,23,255,176.399994,19.52,22.05,983.79,6.11,109.89,315.78,62.42999999999998,253.35,5.427548000000001
2019/04/18 09:00,22.0,980.5,2.4,227,184,129.600006,19.39,22.37,983.85,6.01,110.7,284.66,60.18000000000004,224.48,3.87885
2019/04/18 09:15,20.9,980.5,2.0,283,136,110.879997,19.22,22.97,983.92,5.89,111.94,237.09,50.670000000000016,186.42,3.0831880000000003
2019/04/18 09:30,20.9,980.5,1.7,239,96,95.760002,19.06,23.8,983.95,5.78,114.23,212.48,37.38999999999999,175.09,2.401193
2019/04/18 09:45,20.9,980.5,2.9,263,72,75.600014,18.82,24.96,983.99,5.76,117.83,171.12,28.64000000000001,142.48,1.790238
2019/04/18 10:00,19.799999,980.5,2.1,279,56,59.759998,18.52,26.36,984.01,5.87,122.7,135.46,27.05000000000001,108.41,1.236117
2019/04/18 10:15,19.799999,980.5,1.9,183,38,43.919998,17.96,28.01,984.08,6.01,127.56,84.44,21.3,63.14,0.8382860000000001
2019/04/18 10:30,19.799999,980.5,1.3,227,20,23.76,17.33,29.17,984.19,5.98,130.09,52.48,17.79,34.69,0.412039
2019/04/18 10:45,18.700001,980.5,2.9,239,0,13.68,16.61,29.92,984.4,5.72,130.31,15.36,8.079999999999998,7.28,0.1420819999999999
2019/04/18 11:00,18.700001,980.5,1.1,90,0,0.0,15.96,30.34,984.69,5.48,129.36,0.0,0.0,0.0,0.0
2019/04/18 11:15,18.700001,981.599976,1.7,267,0,0.0,15.4,30.78,984.96,5.39,128.45,0.0,0.0,0.0,0.0
2019/04/18 11:30,17.6,981.599976,0.7,130,0,0.0,14.91,31.05,985.25,5.33,127.82,0.0,0.0,0.0,0.0
2019/04/18 11:45,17.6,981.599976,1.6,217,0,0.0,14.5,31.22,985.48,5.24,127.53,0.0,0.0,0.0,0.0
2019/04/18 12:00,17.6,981.599976,1.3,165,0,0.0,14.08,31.49,985.66,5.14,127.51,0.0,0.0,0.0,0.0
2019/04/18 12:15,17.6,982.700012,1.1,200,0,0.0,13.73,31.66,985.85,5.04,127.87,0.0,0.0,0.0,0.0
2019/04/18 12:30,16.5,982.700012,1.6,161,0,0.0,13.37,31.8,986.06,4.93,128.51,0.0,0.0,0.0,0.0
2019/04/18 12:45,16.5,982.700012,0.6,158,0,0.0,13.0,31.9,986.29,4.74,129.67,0.0,0.0,0.0,0.0
2019/04/18 13:00,16.5,982.700012,1.7,244,0,0.0,12.63,32.03,986.53,4.45,131.18,0.0,0.0,0.0,0.0
2019/04/18 13:15,16.5,982.700012,0.7,221,0,0.0,12.27,32.26,986.74,4.09,133.45,0.0,0.0,0.0,0.0
2019/04/18 13:30,16.5,983.799988,0.8,236,0,0.0,11.88,32.64,986.92,3.76,135.91,0.0,0.0,0.0,0.0
2019/04/18 13:45,15.4,983.799988,1.7,267,0,0.0,11.53,33.0,987.02,3.51,138.54,0.0,0.0,0.0,0.0
2019/04/18 14:00,15.4,983.799988,1.1,269,0,0.0,11.25,33.23,987.16,3.33,141.21,0.0,0.0,0.0,0.0
2019/04/18 14:15,15.4,983.799988,0.0,260,0,0.0,10.94,33.52,987.45,3.16,143.82,0.0,0.0,0.0,0.0
2019/04/18 14:30,15.4,983.799988,0.0,163,0,0.0,10.66,33.76,987.82,2.97,145.84,0.0,0.0,0.0,0.0
2019/04/18 14:45,15.4,983.799988,0.0,264,0,0.0,10.42,33.89,988.18,2.72,147.58,0.0,0.0,0.0,0.0
2019/04/18 15:00,14.3,983.799988,1.1,175,0,0.0,10.26,33.73,988.45,2.33,149.49,0.0,0.0,0.0,0.0
2019/04/18 15:15,14.3,983.799988,1.0,191,0,0.0,10.21,33.3,988.72,1.76,153.12,0.0,0.0,0.0,0.0
2019/04/18 15:30,14.3,983.799988,2.2,177,0,0.0,10.2,32.84,989.0,1.12,156.88,0.0,0.0,0.0,0.0
2019/04/18 15:45,14.3,983.799988,0.3,199,0,0.0,10.11,32.71,989.34,0.6,151.43,0.0,0.0,0.0,0.0
2019/04/18 16:00,14.3,984.900024,1.3,148,0,0.0,10.46,41.31,985.79,2.57,92.55,0.0,0.0,0.0,0.0
2019/04/18 16:15,14.3,984.900024,0.4,208,0,0.0,10.24,41.59,986.28,2.12,83.59,0.0,0.0,0.0,0.0
2019/04/18 16:30,14.3,984.900024,1.3,213,0,0.0,10.03,41.95,986.52,1.84,67.36,0.0,0.0,0.0,0.0
2019/04/18 16:45,14.3,984.900024,0.0,239,0,0.0,9.79,42.57,986.4,1.73,48.41,0.0,0.0,0.0,0.0
2019/04/18 17:00,14.3,984.900024,1.3,264,0,0.0,9.56,43.22,986.17,1.73,30.21,0.0,0.0,0.0,0.0
2019/04/18 17:15,14.3,984.900024,1.0,188,0,0.0,9.31,44.1,986.13,1.94,15.84,0.0,0.0,0.0,0.0
2019/04/18 17:30,14.3,984.900024,2.0,182,0,0.0,9.03,45.28,986.32,2.25,5.49,0.0,0.0,0.0,0.0
2019/04/18 17:45,13.2,984.900024,0.7,231,0,0.0,8.77,46.55,986.72,2.52,355.54,0.0,0.0,0.0,0.0
2019/04/18 18:00,13.2,984.900024,0.3,335,0,0.0,8.53,47.81,986.94,2.79,347.22,0.0,0.0,0.0,0.0
2019/04/18 18:15,13.2,984.900024,0.4,269,0,0.0,8.29,49.01,987.05,3.05,343.88,0.0,0.0,0.0,0.0
2019/04/18 18:30,13.2,984.900024,1.7,172,0,0.0,8.05,50.02,987.17,3.2,340.55,0.0,0.0,0.0,0.0
2019/04/18 18:45,13.2,984.900024,1.3,245,0,0.0,7.83,50.79,987.21,3.26,336.7,0.0,0.0,0.0,0.0
2019/04/18 19:00,13.2,984.900024,0.7,203,0,0.0,7.64,51.19,987.39,3.27,333.08,0.0,0.0,0.0,0.0
2019/04/19 08:00,14.3,983.799988,2.2,199,174,174.240005,17.66,20.56,984.21,4.94,111.08,204.7,30.849999999999994,173.85,3.580477
2019/04/19 08:15,14.3,982.700012,1.7,197,170,190.080002,17.63,20.76,984.1,5.03,112.66,185.48,22.829999999999984,162.65,3.594685
2019/04/19 08:30,14.3,982.700012,1.9,213,204,224.639999,17.6,21.02,983.96,5.09,114.53,171.17,21.48999999999998,149.68,4.163014
2019/04/19 08:45,14.3,982.700012,2.4,247,208,193.679993,17.52,21.42,983.86,5.13,116.8,148.4,21.77000000000001,126.63,5.001301
2019/04/19 09:00,14.3,982.700012,1.9,227,140,131.03999299999998,17.44,21.93,983.85,5.15,119.05,133.16,21.349999999999994,111.81,3.608893
2019/04/19 09:15,14.3,982.700012,1.6,206,121,133.199997,17.27,22.72,983.83,5.14,121.93,108.13,22.78,85.35,2.699566
2019/04/19 09:30,14.3,982.700012,1.4,285,93,98.640007,17.11,23.79,983.77,5.14,125.04,91.26,25.480000000000004,65.78,1.918113
2019/04/19 09:45,14.3,981.599976,1.1,170,57,64.08000200000001,16.86,25.24,983.62,5.11,127.84,67.39,19.81,47.58,1.136659
2019/04/19 10:00,14.3,981.599976,0.0,183,21,22.32,16.61,26.8,983.42,5.01,129.98,49.66,19.01,30.65,0.312581
2019/04/19 10:15,14.3,981.599976,1.4,165,15,15.12,16.35,28.04,983.21,4.83,131.5,33.05,11.569999999999997,21.48,0.0
2019/04/19 10:30,13.2,981.599976,1.6,192,0,0.0,16.04,28.74,983.09,4.61,132.53,21.52,8.44,13.08,0.0
2019/04/19 10:45,13.2,981.599976,2.4,177,0,0.0,15.72,28.47,983.04,4.43,132.99,5.87,3.5700000000000003,2.3,0.0
2019/04/19 11:00,13.2,981.599976,2.4,217,0,0.0,15.28,27.66,983.04,4.42,134.01,0.09,0.09,0.0,0.0
2019/04/19 11:15,13.2,981.599976,1.4,209,0,0.0,15.1,25.92,983.02,4.59,135.95,0.0,0.0,0.0,0.0
2019/04/19 11:30,13.2,981.599976,1.1,186,0,0.0,14.84,24.27,983.06,4.74,138.02,0.0,0.0,0.0,0.0
2019/04/19 11:45,13.2,981.599976,0.4,258,0,0.0,14.67,23.21,983.11,4.71,139.73,0.0,0.0,0.0,0.0
2019/04/19 12:00,13.2,981.599976,1.5,221,0,0.0,14.54,22.9,983.21,4.55,141.11,0.0,0.0,0.0,0.0
2019/04/19 12:15,13.2,981.599976,1.3,216,0,0.0,14.51,22.75,983.33,4.37,143.08,0.0,0.0,0.0,0.0
2019/04/19 12:30,13.2,981.599976,0.0,174,0,0.0,14.46,22.67,983.49,4.16,145.82,0.0,0.0,0.0,0.0
2019/04/19 12:45,13.2,981.599976,0.0,322,0,0.0,14.41,22.62,983.68,3.9,148.19,0.0,0.0,0.0,0.0
2019/04/19 13:00,13.2,981.599976,0.0,178,0,0.0,14.36,22.56,983.83,3.54,150.15,0.0,0.0,0.0,0.0
2019/04/19 13:15,13.2,981.599976,1.2,194,0,0.0,14.33,22.73,983.9,3.07,151.43,0.0,0.0,0.0,0.0
2019/04/19 13:30,13.2,981.599976,0.0,197,0,0.0,14.3,22.97,983.88,2.53,153.19,0.0,0.0,0.0,0.0
2019/04/19 13:45,13.2,981.599976,0.0,321,0,0.0,14.26,23.26,983.84,2.02,153.72,0.0,0.0,0.0,0.0
2019/04/19 14:00,13.2,981.599976,0.0,294,0,0.0,14.23,23.52,983.75,1.6,153.18,0.0,0.0,0.0,0.0
2019/04/19 14:15,13.2,981.599976,1.5,197,0,0.0,14.2,23.77,983.74,1.24,152.11,0.0,0.0,0.0,0.0
2019/04/19 14:30,12.1,981.599976,0.0,239,0,0.0,14.19,24.02,983.79,0.85,151.91,0.0,0.0,0.0,0.0
2019/04/19 14:45,12.1,981.599976,0.0,295,0,0.0,14.17,24.21,983.81,0.43,151.13,0.0,0.0,0.0,0.0
2019/04/19 15:00,12.1,981.599976,0.3,297,0,0.0,14.16,24.34,983.8,0.22,231.12,0.0,0.0,0.0,0.0
2019/04/19 15:15,12.1,981.599976,0.3,300,0,0.0,14.16,24.45,983.77,0.37,301.67,0.0,0.0,0.0,0.0
2019/04/19 15:30,12.1,981.599976,0.3,110,0,0.0,14.16,24.56,983.77,0.63,295.73,0.0,0.0,0.0,0.0
2019/04/19 15:45,12.1,981.599976,0.3,284,0,0.0,14.17,24.53,983.79,0.81,295.89,0.0,0.0,0.0,0.0
2019/04/19 16:00,12.1,981.599976,0.0,343,0,0.0,11.01,24.52,982.23,1.49,325.99,0.0,0.0,0.0,0.0
2019/04/19 16:15,12.1,981.599976,0.0,265,0,0.0,10.92,24.5,981.95,1.59,324.6,0.0,0.0,0.0,0.0
2019/04/19 16:30,12.1,981.599976,0.3,315,0,0.0,10.8,24.52,981.95,1.67,327.7,0.0,0.0,0.0,0.0
2019/04/19 16:45,12.1,981.599976,0.3,245,0,0.0,10.75,24.49,981.85,1.84,330.98,0.0,0.0,0.0,0.0
2019/04/19 17:00,12.1,981.599976,0.3,205,0,0.0,10.71,24.26,981.63,2.02,332.3,0.0,0.0,0.0,0.0
2019/04/19 17:15,12.1,981.599976,0.3,328,0,0.0,10.51,24.44,981.23,1.93,332.15,0.0,0.0,0.0,0.0
2019/04/19 17:30,12.1,980.5,1.3,201,0,0.0,10.45,24.27,980.8,1.57,326.68,0.0,0.0,0.0,0.0
2019/04/19 17:45,11.0,980.5,0.0,199,0,0.0,10.39,24.24,980.83,1.28,316.04,0.0,0.0,0.0,0.0
2019/04/19 18:00,11.0,980.5,0.0,300,0,0.0,10.35,23.87,980.75,1.22,306.07,0.0,0.0,0.0,0.0
2019/04/19 18:15,11.0,980.5,0.0,323,0,0.0,10.27,23.64,980.72,1.31,300.31,0.0,0.0,0.0,0.0
2019/04/19 18:30,11.0,979.400024,0.0,29,0,0.0,10.17,23.56,980.57,1.44,306.23,0.0,0.0,0.0,0.0
2019/04/19 18:45,11.0,979.400024,0.0,315,0,0.0,10.06,23.53,980.4,1.6,311.43,0.0,0.0,0.0,0.0
2019/04/19 19:00,11.0,979.400024,0.0,318,0,0.0,9.94,23.54,980.35,1.83,318.63,0.0,0.0,0.0,0.0
2019/04/20 08:00,18.700001,976.099976,0.4,334,80,85.68,15.49,60.05,979.66,1.97,164.71,52.09,36.81,15.28,1.790238
2019/04/20 08:15,18.700001,976.099976,0.0,87,80,84.240013,15.72,61.41,979.69,2.26,158.84,77.08,53.17,23.91,1.619739
2019/04/20 08:30,18.700001,976.099976,1.4,212,64,68.400002,15.82,63.06,979.63,2.34,150.44,67.41,33.51,33.9,1.349783
2019/04/20 08:45,18.700001,976.099976,0.0,188,52,61.200001,15.88,64.63,979.65,2.33,137.7,59.77,31.17,28.6,1.165076
2019/04/20 09:00,18.700001,976.099976,0.0,310,32,42.48,15.66,66.63,979.75,2.49,122.65,34.37,21.55,12.82,0.781453
2019/04/20 09:15,18.700001,976.099976,0.0,55,26,35.279999,15.44,68.28,979.83,2.86,113.92,34.4,23.45,10.95,0.610954
2019/04/20 09:30,17.6,976.099976,1.1,145,20,26.639999,15.01,70.57,979.81,3.28,117.42,29.78,21.58,8.2,0.412039
2019/04/20 09:45,17.6,976.099976,1.0,99,16,25.200001,14.47,73.04,979.74,3.58,121.98,19.44,18.01,1.43,0.3836219999999999
2019/04/20 10:00,17.6,976.099976,1.0,169,16,23.76,14.14,74.05,979.73,3.58,121.17,28.51,23.75,4.76,0.3694139999999999
2019/04/20 10:15,17.6,976.099976,1.0,355,0,15.12,13.88,74.98,979.85,3.18,114.72,23.39,13.74,9.65,0.1420819999999999
2019/04/20 10:30,17.6,976.099976,1.0,73,0,10.8,13.65,76.2,979.97,2.63,104.78,17.56,10.81,6.75,0.0
2019/04/20 10:45,17.6,976.099976,1.0,137,0,0.0,13.31,78.18,980.18,2.26,88.65,6.66,4.33,2.33,0.0
2019/04/20 11:00,17.6,977.200012,1.0,134,0,0.0,12.83,80.46,980.41,2.18,69.85,0.41,0.3899999999999999,0.02,0.0
2019/04/20 11:15,17.6,977.200012,1.0,119,0,0.0,12.48,82.02,980.67,2.27,54.38,0.0,0.0,0.0,0.0
2019/04/20 11:30,16.5,977.200012,1.0,127,0,0.0,12.27,82.98,980.9,2.29,42.3,0.0,0.0,0.0,0.0
2019/04/20 11:45,15.4,977.200012,1.0,70,0,0.0,12.09,83.85,981.12,2.22,32.15,0.0,0.0,0.0,0.0
2019/04/20 12:00,15.4,977.200012,1.0,164,0,0.0,11.95,84.5,981.38,2.16,22.97,0.0,0.0,0.0,0.0
2019/04/20 12:15,16.5,977.200012,1.0,2,0,0.0,11.82,85.12,981.64,2.1,19.43,0.0,0.0,0.0,0.0
2019/04/20 12:30,16.5,977.200012,1.0,132,0,0.0,11.75,85.5,981.91,1.99,19.89,0.0,0.0,0.0,0.0
2019/04/20 12:45,16.5,978.299988,1.0,354,0,0.0,11.69,85.88,982.19,1.88,22.68,0.0,0.0,0.0,0.0
2019/04/20 13:00,16.5,978.299988,1.0,164,0,0.0,11.69,85.87,982.43,1.85,23.05,0.0,0.0,0.0,0.0
2019/04/20 13:15,16.5,978.299988,1.0,337,0,0.0,11.58,86.15,982.64,1.9,21.09,0.0,0.0,0.0,0.0
2019/04/20 13:30,15.4,978.299988,1.0,85,0,0.0,11.64,85.35,982.79,1.99,17.29,0.0,0.0,0.0,0.0
2019/04/20 13:45,14.3,978.299988,1.0,327,0,0.0,11.49,85.94,982.85,2.06,10.37,0.0,0.0,0.0,0.0
2019/04/20 14:00,14.3,978.299988,1.0,162,0,0.0,11.44,85.73,982.92,2.16,5.24,0.0,0.0,0.0,0.0
2019/04/20 14:15,14.3,979.400024,1.0,346,0,0.0,11.48,84.91,983.11,2.33,2.25,0.0,0.0,0.0,0.0
2019/04/20 14:30,14.3,979.400024,1.0,151,0,0.0,11.46,84.17,983.29,2.5,2.4,0.0,0.0,0.0,0.0
2019/04/20 14:45,13.2,979.400024,1.0,94,0,0.0,11.4,83.35,983.42,2.63,3.66,0.0,0.0,0.0,0.0
2019/04/20 15:00,13.2,979.400024,1.0,33,0,0.0,11.36,82.48,983.57,2.56,4.04,0.0,0.0,0.0,0.0
2019/04/20 15:15,13.2,979.400024,1.0,66,0,0.0,11.32,82.83,983.74,2.26,2.31,0.0,0.0,0.0,0.0
2019/04/20 15:30,13.2,979.400024,1.0,159,0,0.0,11.28,82.13,983.93,1.96,4.46,0.0,0.0,0.0,0.0
2019/04/20 15:45,13.2,979.400024,1.0,141,0,0.0,11.23,81.22,984.11,1.72,8.7,0.0,0.0,0.0,0.0
2019/04/20 16:00,12.1,979.400024,1.0,67,0,0.0,11.68,75.29,980.43,1.78,108.39,0.0,0.0,0.0,0.0
2019/04/20 16:15,12.1,979.400024,1.0,135,0,0.0,11.36,76.36,980.65,1.91,104.51,0.0,0.0,0.0,0.0
2019/04/20 16:30,12.1,979.400024,1.0,147,0,0.0,10.99,77.71,980.4,1.95,98.04,0.0,0.0,0.0,0.0
2019/04/20 16:45,12.1,979.400024,1.0,121,0,0.0,10.73,78.66,980.33,1.93,94.24,0.0,0.0,0.0,0.0
2019/04/20 17:00,12.1,979.400024,1.0,326,0,0.0,10.45,79.83,980.19,1.86,91.44,0.0,0.0,0.0,0.0
2019/04/20 17:15,12.1,979.400024,1.0,176,0,0.0,10.25,80.69,980.08,1.73,78.45,0.0,0.0,0.0,0.0
2019/04/20 17:30,12.1,979.400024,1.0,106,0,0.0,10.12,81.12,980.26,1.63,59.02,0.0,0.0,0.0,0.0
2019/04/20 17:45,12.1,979.400024,1.0,126,0,0.0,10.01,81.35,980.61,1.67,39.82,0.0,0.0,0.0,0.0
2019/04/20 18:00,12.1,979.400024,1.0,149,0,0.0,9.89,81.52,980.96,1.82,26.28,0.0,0.0,0.0,0.0
2019/04/20 18:15,12.1,979.400024,1.0,326,0,0.0,9.77,81.71,981.35,2.01,17.98,0.0,0.0,0.0,0.0
2019/04/20 18:30,12.1,979.400024,1.0,135,0,0.0,9.6,82.12,981.45,2.21,15.01,0.0,0.0,0.0,0.0
2019/04/20 18:45,12.1,979.400024,1.0,175,0,0.0,9.38,82.6,981.27,2.37,13.2,0.0,0.0,0.0,0.0
2019/04/20 19:00,12.1,979.400024,1.0,139,0,0.0,9.14,83.07,981.25,2.49,11.14,0.0,0.0,0.0,0.0
2019/04/21 08:00,20.9,979.400024,3.7,219,447,277.200012,22.15,40.61,980.27,5.31,122.12,528.13,46.589999999999975,481.54,8.851734
2019/04/21 08:15,20.9,979.400024,1.5,158,339,209.520004,22.16,41.22,980.23,5.39,124.02,476.19,44.860000000000014,431.33,7.459326
2019/04/21 08:30,20.9,979.400024,1.8,221,179,128.160004,22.15,41.9,980.14,5.47,125.76,440.33,43.599999999999966,396.73,3.623101
2019/04/21 08:45,20.9,979.400024,2.0,238,243,169.919998,22.1,42.69,980.09,5.53,127.53,385.02,41.49000000000001,343.53,5.186008
2019/04/21 09:00,20.9,979.400024,1.1,161,174,136.080002,22.05,43.38,980.09,5.59,129.13,347.39,39.93000000000001,307.46,3.452602
2019/04/21 09:15,20.9,979.400024,1.0,202,142,123.120003,21.93,44.03,980.11,5.63,130.62,290.24,37.28,252.96,2.841648
2019/04/21 09:30,19.799999,979.400024,2.8,197,92,98.640007,21.82,44.53,980.08,5.63,131.89,251.97,35.25999999999999,216.71,2.25911
2019/04/21 09:45,19.799999,979.400024,2.1,190,78,84.240013,21.6,45.21,980.01,5.55,132.57,194.82,31.75,163.07,1.704989
2019/04/21 10:00,19.799999,979.400024,2.4,215,58,63.360001,21.36,45.99,979.92,5.33,132.8,157.28,28.94999999999999,128.33,1.165076
2019/04/21 10:15,19.799999,979.400024,2.6,205,48,54.720001,20.97,47.31,979.87,4.93,133.01,102.76,23.790000000000006,78.97,0.994577
2019/04/21 10:30,19.799999,979.400024,2.4,196,26,28.799999,20.47,49.15,979.82,4.36,133.38,68.48,19.360000000000007,49.12,0.48308
2019/04/21 10:45,19.799999,979.400024,1.8,204,12,17.280001000000002,19.66,51.91,979.9,3.75,133.56,23.21,10.170000000000002,13.04,0.2131239999999999
2019/04/21 11:00,18.700001,979.400024,1.3,49,0,0.0,18.92,54.32,980.05,3.28,133.59,2.14,1.7800000000000002,0.36,0.0
2019/04/21 11:15,18.700001,979.400024,2.9,170,0,0.0,18.49,55.64,980.17,3.0,134.56,0.0,0.0,0.0,0.0
2019/04/21 11:30,18.700001,979.400024,1.4,191,0,0.0,18.18,56.57,980.36,2.76,137.29,0.0,0.0,0.0,0.0
2019/04/21 11:45,18.700001,979.400024,1.6,198,0,0.0,17.95,57.19,980.53,2.47,141.55,0.0,0.0,0.0,0.0
2019/04/21 12:00,18.700001,979.400024,2.9,225,0,0.0,17.79,57.59,980.69,2.14,147.19,0.0,0.0,0.0,0.0
2019/04/21 12:15,17.6,979.400024,1.7,196,0,0.0,17.68,57.83,980.84,1.83,155.05,0.0,0.0,0.0,0.0
2019/04/21 12:30,17.6,979.400024,0.5,185,0,0.0,17.56,58.17,981.0,1.58,166.99,0.0,0.0,0.0,0.0
2019/04/21 12:45,17.6,979.400024,1.2,215,0,0.0,17.42,58.59,981.15,1.42,183.32,0.0,0.0,0.0,0.0
2019/04/21 13:00,17.6,979.400024,0.0,8,0,0.0,17.27,59.04,981.28,1.38,200.7,0.0,0.0,0.0,0.0
2019/04/21 13:15,17.6,980.5,0.0,16,0,0.0,17.11,59.56,981.41,1.44,216.45,0.0,0.0,0.0,0.0
2019/04/21 13:30,16.5,980.5,0.0,183,0,0.0,16.95,60.04,981.47,1.58,229.29,0.0,0.0,0.0,0.0
2019/04/21 13:45,16.5,980.5,0.0,0,0,0.0,16.77,60.6,981.43,1.75,237.49,0.0,0.0,0.0,0.0
2019/04/21 14:00,16.5,980.5,0.0,18,0,0.0,16.58,61.22,981.43,1.92,243.18,0.0,0.0,0.0,0.0
2019/04/21 14:15,16.5,980.5,0.0,143,0,0.0,16.41,61.79,981.49,2.04,247.49,0.0,0.0,0.0,0.0
2019/04/21 14:30,15.4,980.5,0.0,24,0,0.0,16.26,62.3,981.58,2.11,250.74,0.0,0.0,0.0,0.0
2019/04/21 14:45,15.4,980.5,0.0,19,0,0.0,16.12,62.77,981.61,2.15,253.44,0.0,0.0,0.0,0.0
2019/04/21 15:00,15.4,980.5,0.0,125,0,0.0,15.99,63.21,981.63,2.17,255.9,0.0,0.0,0.0,0.0
2019/04/21 15:15,14.3,980.5,0.0,59,0,0.0,15.87,63.66,981.7,2.2,258.43,0.0,0.0,0.0,0.0
2019/04/21 15:30,14.3,980.5,0.0,11,0,0.0,15.74,64.16,981.79,2.23,261.01,0.0,0.0,0.0,0.0
2019/04/21 15:45,14.3,980.5,0.0,133,0,0.0,15.59,64.73,981.89,2.28,263.38,0.0,0.0,0.0,0.0
2019/04/21 16:00,14.3,980.5,0.0,133,0,0.0,13.9,73.36,980.57,1.83,296.04,0.0,0.0,0.0,0.0
2019/04/21 16:15,14.3,980.5,0.0,94,0,0.0,13.71,74.22,980.58,1.99,300.33,0.0,0.0,0.0,0.0
2019/04/21 16:30,14.3,980.5,0.0,7,0,0.0,13.53,75.05,980.61,2.1,304.81,0.0,0.0,0.0,0.0
2019/04/21 16:45,14.3,979.400024,0.0,26,0,0.0,13.38,75.75,980.57,2.13,310.23,0.0,0.0,0.0,0.0
2019/04/21 17:00,14.3,979.400024,0.0,71,0,0.0,13.22,76.44,980.45,2.13,309.17,0.0,0.0,0.0,0.0
2019/04/21 17:15,13.2,979.400024,0.0,81,0,0.0,13.07,77.07,980.16,2.14,306.29,0.0,0.0,0.0,0.0
2019/04/21 17:30,13.2,979.400024,0.0,30,0,0.0,12.94,77.55,980.02,2.15,301.31,0.0,0.0,0.0,0.0
2019/04/21 17:45,13.2,979.400024,0.0,61,0,0.0,12.83,77.93,980.17,2.21,298.21,0.0,0.0,0.0,0.0
2019/04/21 18:00,14.3,979.400024,0.0,60,0,0.0,12.73,78.31,980.27,2.3,295.63,0.0,0.0,0.0,0.0
2019/04/21 18:15,14.3,979.400024,0.0,108,0,0.0,12.63,78.59,980.21,2.36,290.03,0.0,0.0,0.0,0.0
2019/04/21 18:30,14.3,979.400024,0.0,80,0,0.0,12.54,78.79,979.99,2.39,284.94,0.0,0.0,0.0,0.0
2019/04/21 18:45,13.2,979.400024,0.0,106,0,0.0,12.47,78.91,979.74,2.41,281.23,0.0,0.0,0.0,0.0
2019/04/21 19:00,13.2,979.400024,0.0,200,0,0.0,12.41,78.91,979.59,2.42,276.43,0.0,0.0,0.0,0.0
2019/04/22 08:00,23.1,975.0,2.7,212,177,180.720001,26.67,40.46,974.95,10.39,152.66,401.83,102.64,299.19,3.736767
2019/04/22 08:15,23.1,975.0,2.4,242,159,164.880005,26.47,41.0,974.87,10.34,153.74,345.3,106.03,239.27,3.267895
2019/04/22 08:30,23.1,975.0,2.6,217,145,157.679993,26.34,41.59,974.75,10.21,154.4,325.94,101.04,224.9,3.012147
2019/04/22 08:45,23.1,975.0,1.7,229,119,126.0,26.11,42.63,974.72,10.07,154.96,283.83,91.61999999999998,192.21,2.401193
2019/04/22 09:00,23.1,975.0,1.2,243,103,110.160004,25.87,43.68,974.71,9.9,156.0,265.34,70.10999999999999,195.23,2.117028
2019/04/22 09:15,23.1,975.0,2.3,188,103,110.160004,25.59,44.8,974.68,9.68,157.15,222.69,60.78999999999999,161.9,2.088611
2019/04/22 09:30,23.1,975.0,2.6,204,85,92.879997,25.28,46.23,974.62,9.47,158.38,196.03,58.31,137.72,1.733405
2019/04/22 09:45,23.1,975.0,1.7,224,63,66.959999,24.85,48.18,974.51,9.16,159.45,151.43,49.72000000000001,101.71,1.2077
2019/04/22 10:00,23.1,975.0,1.5,350,53,61.200001,24.45,49.9,974.44,8.71,159.52,124.25,38.99,85.26,1.037202
2019/04/22 10:15,23.1,975.0,1.0,179,33,38.16,23.98,51.29,974.38,8.19,159.78,90.71,22.55,68.16,0.610954
2019/04/22 10:30,23.1,975.0,0.0,215,21,26.639999,23.47,52.6,974.36,7.64,160.44,62.63,19.36,43.27,0.3694139999999999
2019/04/22 10:45,23.1,975.0,1.3,239,13,20.879999,22.85,54.39,974.46,7.06,160.97,23.05,10.21,12.84,0.2131239999999999
2019/04/22 11:00,22.0,975.0,0.5,199,0,0.0,22.25,56.47,974.57,6.47,160.95,3.03,2.36,0.67,0.0
2019/04/22 11:15,22.0,975.0,0.0,191,0,0.0,21.72,58.77,974.68,5.94,160.18,0.0,0.0,0.0,0.0
2019/04/22 11:30,22.0,975.0,0.0,261,0,0.0,21.27,60.99,974.81,5.54,159.74,0.0,0.0,0.0,0.0
2019/04/22 11:45,22.0,975.0,0.0,127,0,0.0,20.92,62.88,974.96,5.25,160.39,0.0,0.0,0.0,0.0
2019/04/22 12:00,20.9,975.0,0.3,144,0,0.0,20.63,64.43,975.17,5.03,161.0,0.0,0.0,0.0,0.0
2019/04/22 12:15,20.9,975.0,0.3,35,0,0.0,20.34,65.92,975.37,4.81,160.94,0.0,0.0,0.0,0.0
2019/04/22 12:30,20.9,975.0,0.3,33,0,0.0,20.06,67.3,975.57,4.6,161.16,0.0,0.0,0.0,0.0
2019/04/22 12:45,19.799999,975.0,0.3,132,0,0.0,19.78,68.52,975.75,4.39,161.59,0.0,0.0,0.0,0.0
2019/04/22 13:00,19.799999,975.0,0.3,10,0,0.0,19.51,69.7,975.87,4.2,161.84,0.0,0.0,0.0,0.0
2019/04/22 13:15,19.799999,976.099976,0.3,173,0,0.0,19.26,70.71,975.96,4.03,162.5,0.0,0.0,0.0,0.0
2019/04/22 13:30,18.700001,976.099976,0.3,129,0,0.0,19.03,71.62,976.01,3.88,164.04,0.0,0.0,0.0,0.0
2019/04/22 13:45,18.700001,976.099976,0.3,129,0,0.0,18.81,72.43,975.93,3.72,166.51,0.0,0.0,0.0,0.0
2019/04/22 14:00,18.700001,976.099976,0.3,128,0,0.0,18.62,73.04,975.84,3.45,170.39,0.0,0.0,0.0,0.0
2019/04/22 14:15,18.700001,976.099976,0.3,130,0,0.0,18.48,73.3,975.85,2.99,177.59,0.0,0.0,0.0,0.0
2019/04/22 14:30,18.700001,976.099976,0.3,82,0,0.0,18.38,73.37,975.98,2.43,188.51,0.0,0.0,0.0,0.0
2019/04/22 14:45,17.6,976.099976,0.3,170,0,0.0,18.28,73.44,976.08,1.92,204.88,0.0,0.0,0.0,0.0
2019/04/22 15:00,17.6,976.099976,0.3,116,0,0.0,18.19,73.42,976.2,1.65,233.21,0.0,0.0,0.0,0.0
2019/04/22 15:15,17.6,976.099976,0.0,85,0,0.0,18.05,73.77,976.37,1.73,262.81,0.0,0.0,0.0,0.0
2019/04/22 15:30,17.6,976.099976,0.0,349,0,0.0,17.84,74.58,976.54,2.05,281.93,0.0,0.0,0.0,0.0
2019/04/22 15:45,17.6,976.099976,0.0,120,0,0.0,17.55,75.84,976.73,2.4,291.61,0.0,0.0,0.0,0.0
2019/04/22 16:00,17.6,976.099976,0.0,305,0,0.0,15.59,90.2,976.86,2.54,325.49,0.0,0.0,0.0,0.0
2019/04/22 16:15,16.5,976.099976,0.0,141,0,0.0,15.44,90.73,976.63,2.53,321.02,0.0,0.0,0.0,0.0
2019/04/22 16:30,16.5,976.099976,0.0,90,0,0.0,15.33,90.98,976.88,2.56,315.18,0.0,0.0,0.0,0.0
2019/04/22 16:45,16.5,976.099976,0.0,138,0,0.0,15.22,91.19,976.86,2.58,312.29,0.0,0.0,0.0,0.0
2019/04/22 17:00,16.5,976.099976,0.0,107,0,0.0,15.12,91.27,976.64,2.56,308.52,0.0,0.0,0.0,0.0
2019/04/22 17:15,16.5,976.099976,0.0,73,0,0.0,15.02,91.27,976.31,2.51,306.6,0.0,0.0,0.0,0.0
2019/04/22 17:30,16.5,976.099976,0.0,127,0,0.0,14.98,90.91,976.47,2.4,304.72,0.0,0.0,0.0,0.0
2019/04/22 17:45,16.5,976.099976,0.0,126,0,0.0,14.97,90.37,976.76,2.26,302.26,0.0,0.0,0.0,0.0
2019/04/22 18:00,16.5,976.099976,0.0,117,0,0.0,14.97,89.81,977.0,2.14,296.8,0.0,0.0,0.0,0.0
2019/04/22 18:15,15.4,976.099976,0.0,123,0,0.0,14.97,89.24,977.05,2.03,291.43,0.0,0.0,0.0,0.0
2019/04/22 18:30,15.4,976.099976,0.0,120,0,0.0,14.97,88.59,977.02,1.93,283.51,0.0,0.0,0.0,0.0
2019/04/22 18:45,15.4,975.0,0.0,306,0,0.0,14.97,88.03,976.95,1.91,276.77,0.0,0.0,0.0,0.0
2019/04/22 19:00,15.4,975.0,0.0,58,0,0.0,14.96,87.5,976.79,1.94,275.49,0.0,0.0,0.0,0.0
2019/04/23 08:00,25.0,972.799988,3.3,211,383,218.880005,27.81,40.65,973.21,5.78,129.74,525.9,46.339999999999975,479.56,8.112906
2019/04/23 08:15,25.0,972.799988,2.3,284,335,193.679993,27.72,40.63,973.14,5.75,130.05,474.95,44.65999999999997,430.29,6.990454
2019/04/23 08:30,25.0,972.799988,1.1,193,283,177.119995,27.63,40.68,973.08,5.77,130.35,439.68,43.43000000000001,396.25,6.052711
2019/04/23 08:45,25.0,972.799988,1.7,212,227,158.399994,27.51,40.85,973.08,5.84,131.19,385.15,41.370000000000005,343.78,4.859218
2019/04/23 09:00,23.9,972.799988,2.9,143,139,102.239998,27.39,40.97,973.11,5.94,132.01,348.0,39.839999999999975,308.16,2.82744
2019/04/23 09:15,23.9,972.799988,2.8,240,157,131.03999299999998,27.2,41.24,973.13,6.02,132.71,291.59,37.24999999999997,254.34,3.353145
2019/04/23 09:30,23.9,972.799988,0.8,82,115,118.080002,27.01,41.64,973.11,6.02,133.77,253.78,35.28,218.5,2.699566
2019/04/23 09:45,23.9,972.799988,1.3,171,89,95.040001,26.73,42.43,973.05,5.89,134.67,197.31,31.860000000000014,165.45,1.974945
2019/04/23 10:00,22.799999,972.799988,2.4,168,63,67.68,26.45,43.52,972.98,5.57,135.44,160.18,29.170000000000016,131.01,1.307158
2019/04/23 10:15,22.799999,972.799988,2.9,193,41,44.639999,26.01,45.27,972.91,5.04,135.11,106.15,24.19000000000001,81.96,0.8240780000000001
2019/04/23 10:30,22.799999,972.799988,1.3,224,25,27.360001,25.44,47.62,972.93,4.39,133.35,72.08,19.94,52.14,0.426247
2019/04/23 10:45,21.700001,972.799988,2.4,211,11,12.96,24.56,50.77,973.09,3.8,130.29,26.68,11.21,15.47,0.0
2019/04/23 11:00,21.700001,972.799988,1.7,192,0,0.0,23.71,53.66,973.32,3.39,125.38,4.35,3.1099999999999994,1.24,0.0
2019/04/23 11:15,21.700001,972.799988,2.8,205,0,0.0,23.12,55.67,973.5,3.2,122.97,0.0,0.0,0.0,0.0
2019/04/23 11:30,21.700001,972.799988,1.3,203,0,0.0,22.65,57.35,973.72,3.12,124.55,0.0,0.0,0.0,0.0
2019/04/23 11:45,20.6,972.799988,1.8,154,0,0.0,22.26,58.76,973.96,3.05,128.88,0.0,0.0,0.0,0.0
2019/04/23 12:00,20.6,972.799988,1.7,158,0,0.0,21.92,59.97,974.15,2.96,134.42,0.0,0.0,0.0,0.0
2019/04/23 12:15,20.6,973.900024,1.4,178,0,0.0,21.62,61.05,974.31,2.85,140.19,0.0,0.0,0.0,0.0
2019/04/23 12:30,20.6,973.900024,0.7,140,0,0.0,21.37,61.94,974.5,2.71,146.11,0.0,0.0,0.0,0.0
2019/04/23 12:45,20.6,973.900024,1.7,187,0,0.0,21.14,62.72,974.63,2.54,154.66,0.0,0.0,0.0,0.0
2019/04/23 13:00,20.6,973.900024,1.7,204,0,0.0,20.93,63.4,974.73,2.32,166.34,0.0,0.0,0.0,0.0
2019/04/23 13:15,20.6,973.900024,1.7,197,0,0.0,20.77,63.88,974.8,2.05,179.38,0.0,0.0,0.0,0.0
2019/04/23 13:30,20.6,973.900024,0.7,179,0,0.0,20.67,64.1,974.85,1.8,193.98,0.0,0.0,0.0,0.0
2019/04/23 13:45,20.6,975.0,0.7,283,0,0.0,20.56,64.35,974.77,1.63,206.66,0.0,0.0,0.0,0.0
2019/04/23 14:00,20.6,975.0,0.7,142,0,0.0,20.51,64.4,974.74,1.51,219.13,0.0,0.0,0.0,0.0
2019/04/23 14:15,20.6,975.0,1.7,193,0,0.0,20.43,64.55,974.83,1.43,228.8,0.0,0.0,0.0,0.0
2019/04/23 14:30,20.6,975.0,0.7,213,0,0.0,20.34,64.75,974.93,1.33,231.33,0.0,0.0,0.0,0.0
2019/04/23 14:45,20.6,975.0,0.6,197,0,0.0,20.28,64.83,975.08,1.1,232.14,0.0,0.0,0.0,0.0
2019/04/23 15:00,20.6,975.0,1.7,172,0,0.0,20.23,64.92,975.26,0.81,230.89,0.0,0.0,0.0,0.0
2019/04/23 15:15,20.6,975.0,0.3,192,0,0.0,20.14,65.15,975.42,0.62,211.86,0.0,0.0,0.0,0.0
2019/04/23 15:30,20.6,975.0,0.0,161,0,0.0,20.01,65.57,975.63,0.56,182.11,0.0,0.0,0.0,0.0
2019/04/23 15:45,20.6,975.0,1.1,192,0,0.0,19.85,66.2,975.88,0.51,155.43,0.0,0.0,0.0,0.0
2019/04/23 16:00,20.6,975.0,0.0,256,0,0.0,16.81,88.71,976.7,3.1,358.14,0.0,0.0,0.0,0.0
2019/04/23 16:15,20.6,976.099976,0.0,339,0,0.0,16.56,90.03,977.06,2.91,354.64,0.0,0.0,0.0,0.0
2019/04/23 16:30,20.6,976.099976,0.0,206,0,0.0,16.37,90.95,977.1,2.71,347.38,0.0,0.0,0.0,0.0
2019/04/23 16:45,20.6,976.099976,0.0,225,0,0.0,16.32,91.01,977.04,2.58,338.37,0.0,0.0,0.0,0.0
2019/04/23 17:00,19.5,976.099976,1.1,248,0,0.0,16.21,91.44,976.69,2.53,328.83,0.0,0.0,0.0,0.0
2019/04/23 17:15,19.5,976.099976,0.0,349,0,0.0,16.08,91.91,976.5,2.58,318.79,0.0,0.0,0.0,0.0
2019/04/23 17:30,19.5,976.099976,0.0,351,0,0.0,16.04,91.98,976.27,2.64,315.9,0.0,0.0,0.0,0.0
2019/04/23 17:45,19.5,976.099976,0.0,313,0,0.0,16.12,91.29,976.52,2.66,315.79,0.0,0.0,0.0,0.0
2019/04/23 18:00,19.5,976.099976,0.0,33,0,0.0,16.27,90.23,976.79,2.7,315.43,0.0,0.0,0.0,0.0
2019/04/23 18:15,19.5,976.099976,0.0,71,0,0.0,16.04,90.86,976.74,2.72,314.76,0.0,0.0,0.0,0.0
2019/04/23 18:30,19.5,976.099976,0.0,59,0,0.0,16.12,90.46,976.59,2.67,314.27,0.0,0.0,0.0,0.0
2019/04/23 18:45,19.5,976.099976,0.0,113,0,0.0,16.39,89.16,976.57,2.56,311.54,0.0,0.0,0.0,0.0
2019/04/23 19:00,19.5,976.099976,0.0,55,0,0.0,16.18,90.15,976.43,2.41,306.93,0.0,0.0,0.0,0.0
2019/04/24 08:00,20.6,973.900024,1.7,258,13,15.12,8.34,65.55,982.36,9.22,32.42,30.23,30.23,0.0,0.170499
2019/04/24 08:15,20.6,972.799988,1.1,190,15,16.559998999999998,8.12,62.81,982.68,8.99,33.34,16.72,16.72,0.0,0.255748
2019/04/24 08:30,19.5,972.799988,1.4,153,0,0.0,7.77,60.51,982.9,8.99,41.39,13.63,13.63,0.0,0.0
2019/04/24 08:45,19.5,972.799988,0.8,134,11,9.360001,7.43,58.49,981.98,8.74,50.27,8.65,8.65,0.0,0.0
2019/04/24 09:00,19.5,972.799988,1.4,214,0,0.0,7.46,57.82,982.92,7.7,40.66,10.87,10.87,0.0,0.0
2019/04/24 09:15,19.5,972.799988,1.5,171,0,0.0,7.41,59.82,983.83,6.7,18.62,4.61,4.61,0.0,0.0
2019/04/24 09:30,14.1,973.900024,2.7,195,0,0.0,7.09,66.74,984.39,6.6,2.92,2.23,2.23,0.0,0.0
2019/04/24 09:45,13.0,973.900024,5.6,226,0,0.0,6.54,75.47,982.19,6.52,41.18,24.74,12.929999999999998,11.81,0.0
2019/04/24 10:00,11.9,975.0,4.2,194,0,0.0,6.51,78.82,983.68,6.37,12.85,18.92,18.8,0.12,0.0
2019/04/24 10:15,10.8,977.200012,3.9,182,0,0.0,6.16,83.32,984.1,6.65,4.43,1.7,1.7,0.0,0.0
2019/04/24 10:30,10.8,977.200012,4.9,216,0,0.0,5.81,86.09,983.04,6.82,20.28,5.96,5.31,0.65,0.0
2019/04/24 10:45,9.7,979.400024,3.5,185,0,0.0,5.47,88.46,983.28,6.7,37.08,1.19,1.19,0.0,0.0
2019/04/24 11:00,9.7,979.400024,4.6,233,0,0.0,5.51,88.96,986.51,6.88,339.75,0.04,0.04,0.0,0.0
2019/04/24 11:15,9.7,980.5,3.4,209,0,0.0,4.87,92.22,981.97,6.57,92.8,0.0,0.0,0.0,0.0
2019/04/24 11:30,9.7,980.5,2.4,202,0,0.0,5.15,91.21,984.07,4.92,49.88,0.0,0.0,0.0,0.0
2019/04/24 11:45,9.7,980.5,2.4,216,0,0.0,5.25,91.67,984.75,4.1,20.37,0.0,0.0,0.0,0.0
2019/04/24 12:00,9.7,980.5,2.0,275,0,0.0,5.36,92.26,984.72,4.1,11.54,0.0,0.0,0.0,0.0
2019/04/24 12:15,8.6,980.5,0.9,207,0,0.0,5.52,91.79,985.15,3.53,7.93,0.0,0.0,0.0,0.0
2019/04/24 12:30,8.6,982.700012,0.0,29,0,0.0,5.65,91.51,985.29,3.11,4.4,0.0,0.0,0.0,0.0
2019/04/24 12:45,8.6,982.700012,0.6,251,0,0.0,5.75,91.47,985.05,2.95,356.87,0.0,0.0,0.0,0.0
2019/04/24 13:00,8.6,982.700012,1.2,283,0,0.0,5.85,91.22,985.09,2.79,347.45,0.0,0.0,0.0,0.0
2019/04/24 13:15,8.6,982.700012,1.0,157,0,0.0,5.94,90.82,985.05,2.74,335.54,0.0,0.0,0.0,0.0
2019/04/24 13:30,8.6,982.700012,1.0,313,0,0.0,6.05,90.15,985.25,2.87,325.27,0.0,0.0,0.0,0.0
2019/04/24 13:45,8.6,981.599976,2.3,278,0,0.0,6.15,89.48,985.2,3.16,317.92,0.0,0.0,0.0,0.0
2019/04/24 14:00,8.6,981.599976,0.0,331,0,0.0,6.29,88.62,985.33,3.47,318.34,0.0,0.0,0.0,0.0
2019/04/24 14:15,8.6,981.599976,0.0,224,0,0.0,6.42,88.04,985.54,3.77,324.25,0.0,0.0,0.0,0.0
2019/04/24 14:30,8.6,981.599976,0.0,314,0,0.0,6.53,88.08,985.81,4.1,330.02,0.0,0.0,0.0,0.0
2019/04/24 14:45,8.6,981.599976,0.0,344,0,0.0,6.6,88.67,985.99,4.42,335.56,0.0,0.0,0.0,0.0
2019/04/24 15:00,8.6,981.599976,0.0,212,0,0.0,6.68,89.37,986.08,4.57,343.08,0.0,0.0,0.0,0.0
2019/04/24 15:15,8.6,981.599976,0.0,171,0,0.0,6.76,89.83,986.16,4.49,351.43,0.0,0.0,0.0,0.0
2019/04/24 15:30,8.6,981.599976,0.0,340,0,0.0,6.82,90.05,986.19,4.28,358.66,0.0,0.0,0.0,0.0
2019/04/24 15:45,8.6,981.599976,0.0,126,0,0.0,6.86,90.04,986.23,4.05,2.13,0.0,0.0,0.0,0.0
2019/04/24 16:00,8.6,981.599976,0.0,348,0,0.0,7.63,80.1,983.81,4.71,44.36,0.0,0.0,0.0,0.0
2019/04/24 16:15,8.6,981.599976,0.0,335,0,0.0,7.52,80.5,983.79,4.32,48.21,0.0,0.0,0.0,0.0
2019/04/24 16:30,8.6,981.599976,0.0,291,0,0.0,7.46,80.8,984.06,3.97,55.12,0.0,0.0,0.0,0.0
2019/04/24 16:45,8.6,981.599976,0.0,276,0,0.0,7.36,81.3,983.61,3.69,59.05,0.0,0.0,0.0,0.0
2019/04/24 17:00,8.6,981.599976,0.0,290,0,0.0,7.3,81.68,983.41,3.48,57.17,0.0,0.0,0.0,0.0
2019/04/24 17:15,8.6,981.599976,0.0,270,0,0.0,7.29,81.88,983.36,3.27,49.3,0.0,0.0,0.0,0.0
2019/04/24 17:30,8.6,981.599976,0.3,289,0,0.0,7.29,82.14,983.31,3.14,47.49,0.0,0.0,0.0,0.0
2019/04/24 17:45,8.6,981.599976,0.4,298,0,0.0,7.31,82.76,983.55,3.16,45.41,0.0,0.0,0.0,0.0
2019/04/24 18:00,8.6,981.599976,1.5,269,0,0.0,7.3,84.04,983.61,3.29,43.95,0.0,0.0,0.0,0.0
2019/04/24 18:15,8.6,981.599976,0.5,261,0,0.0,7.29,85.23,983.46,3.51,46.46,0.0,0.0,0.0,0.0
2019/04/24 18:30,8.6,980.5,0.5,276,0,0.0,7.28,86.18,983.7,3.79,50.65,0.0,0.0,0.0,0.0
2019/04/24 18:45,8.6,980.5,0.0,265,0,0.0,7.2,87.15,983.8,4.07,55.64,0.0,0.0,0.0,0.0
2019/04/24 19:00,8.6,980.5,0.0,237,0,0.0,7.1,87.94,983.77,4.22,59.25,0.0,0.0,0.0,0.0
2019/04/25 08:00,10.8,982.700012,0.8,275,71,80.639999,14.28,43.44,984.26,4.44,82.32,512.46,44.56000000000006,467.9,1.591323
2019/04/25 08:15,10.8,982.700012,0.8,274,77,87.839996,14.29,42.91,984.23,4.55,84.48,479.59,44.47999999999996,435.11,1.704989
2019/04/25 08:30,10.8,982.700012,0.9,203,79,84.96000699999999,14.31,42.28,984.15,4.65,85.41,449.77,43.79999999999996,405.97,1.506073
2019/04/25 08:45,10.8,982.700012,0.8,240,127,135.360001,14.27,41.65,984.12,4.76,86.34,392.71,41.52999999999997,351.18,2.358568
2019/04/25 09:00,10.8,982.700012,0.5,252,43,47.52,14.23,40.9,984.09,4.87,86.31,343.63,38.68000000000001,304.95,1.008785
2019/04/25 09:15,10.8,982.700012,0.3,253,27,33.119999,14.12,40.17,984.02,4.97,86.84,264.56,33.170000000000016,231.39,0.511497
2019/04/25 09:30,10.8,982.700012,0.4,165,51,57.599998,14.03,39.49,983.94,5.02,89.14,197.37,26.90000000000001,170.47,0.8240780000000001
2019/04/25 09:45,10.8,982.700012,0.4,107,39,51.84,13.87,39.21,983.86,4.95,92.72,126.26,19.92,106.34,0.895119
2019/04/25 10:00,10.8,982.700012,0.4,27,15,23.040001,13.74,39.3,983.83,4.75,97.72,87.22,15.459999999999994,71.76,0.298373
2019/04/25 10:15,10.8,982.700012,0.4,171,0,7.2,13.54,40.07,983.73,4.4,101.56,55.34,12.170000000000002,43.17,0.0
2019/04/25 10:30,10.8,982.700012,0.4,41,0,0.0,13.31,41.51,983.69,3.85,103.72,39.95,10.580000000000002,29.37,0.0
2019/04/25 10:45,10.8,982.700012,0.4,14,0,0.0,12.82,44.58,983.78,3.16,103.13,17.36,6.799999999999999,10.56,0.0
2019/04/25 11:00,10.8,982.700012,0.4,70,0,0.0,12.29,47.22,984.03,2.67,103.48,4.31,2.67,1.64,0.0
2019/04/25 11:15,10.8,982.700012,0.4,56,0,0.0,11.9,48.82,984.26,2.47,107.09,0.0,0.0,0.0,0.0
2019/04/25 11:30,10.8,982.700012,0.4,141,0,0.0,11.56,50.49,984.51,2.4,113.1,0.0,0.0,0.0,0.0
2019/04/25 11:45,10.8,982.700012,0.4,347,0,0.0,11.25,52.01,984.72,2.36,120.49,0.0,0.0,0.0,0.0
2019/04/25 12:00,10.8,982.700012,0.4,344,0,0.0,10.97,53.41,984.91,2.36,129.06,0.0,0.0,0.0,0.0
2019/04/25 12:15,10.8,982.700012,0.4,328,0,0.0,10.7,54.82,985.08,2.41,136.45,0.0,0.0,0.0,0.0
2019/04/25 12:30,10.8,982.700012,0.4,3,0,0.0,10.42,56.32,985.27,2.6,139.15,0.0,0.0,0.0,0.0
2019/04/25 12:45,10.8,982.700012,0.4,137,0,0.0,10.2,57.5,985.39,2.95,136.5,0.0,0.0,0.0,0.0
2019/04/25 13:00,10.8,982.700012,0.4,109,0,0.0,9.97,58.58,985.47,3.37,135.27,0.0,0.0,0.0,0.0
2019/04/25 13:15,10.8,981.599976,0.4,130,0,0.0,9.7,59.52,985.48,3.62,136.06,0.0,0.0,0.0,0.0
2019/04/25 13:30,10.8,981.599976,0.4,137,0,0.0,9.42,60.24,985.49,3.66,138.03,0.0,0.0,0.0,0.0
2019/04/25 13:45,10.8,981.599976,0.4,109,0,0.0,9.15,60.95,985.32,3.6,141.19,0.0,0.0,0.0,0.0
2019/04/25 14:00,10.8,981.599976,0.8,339,0,0.0,8.91,61.65,985.21,3.53,144.57,0.0,0.0,0.0,0.0
2019/04/25 14:15,10.8,981.599976,1.7,247,0,0.0,8.7,62.43,985.14,3.47,148.71,0.0,0.0,0.0,0.0
2019/04/25 14:30,10.8,981.599976,0.6,302,0,0.0,8.51,63.31,985.14,3.4,151.15,0.0,0.0,0.0,0.0
2019/04/25 14:45,10.8,982.700012,1.3,81,0,0.0,8.33,64.22,985.12,3.3,153.62,0.0,0.0,0.0,0.0
2019/04/25 15:00,10.8,982.700012,1.8,268,0,0.0,8.18,65.01,985.1,3.16,157.78,0.0,0.0,0.0,0.0
2019/04/25 15:15,10.8,981.599976,2.0,188,0,0.0,8.07,65.6,985.09,3.02,163.38,0.0,0.0,0.0,0.0
2019/04/25 15:30,10.8,981.599976,0.7,107,0,0.0,7.97,66.07,985.15,2.92,169.77,0.0,0.0,0.0,0.0
2019/04/25 15:45,10.8,982.700012,1.9,144,0,0.0,7.89,66.47,985.23,2.88,177.27,0.0,0.0,0.0,0.0
2019/04/25 16:00,10.8,982.700012,0.9,115,0,0.0,9.96,68.1,984.16,1.32,117.48,0.0,0.0,0.0,0.0
2019/04/25 16:15,10.8,982.700012,1.0,148,0,0.0,9.92,68.01,984.26,1.5,103.5,0.0,0.0,0.0,0.0
2019/04/25 16:30,10.8,982.700012,0.0,177,0,0.0,9.85,68.58,984.75,1.77,79.6,0.0,0.0,0.0,0.0
2019/04/25 16:45,10.8,982.700012,0.0,90,0,0.0,9.71,70.16,985.14,2.21,58.3,0.0,0.0,0.0,0.0
2019/04/25 17:00,10.8,982.700012,0.0,148,0,0.0,9.4,72.86,984.98,2.79,60.0,0.0,0.0,0.0,0.0
2019/04/25 17:15,10.8,982.700012,0.0,111,0,0.0,8.93,76.68,984.75,3.58,80.1,0.0,0.0,0.0,0.0
2019/04/25 17:30,10.8,982.700012,2.7,183,0,0.0,8.38,80.69,984.48,4.32,100.01,0.0,0.0,0.0,0.0
2019/04/25 17:45,9.7,983.799988,3.5,220,0,0.0,7.95,83.34,984.19,4.72,109.67,0.0,0.0,0.0,0.0
2019/04/25 18:00,9.7,983.799988,3.6,176,0,0.0,7.68,84.82,984.28,4.77,112.87,0.0,0.0,0.0,0.0
2019/04/25 18:15,9.7,983.799988,0.4,15,0,0.0,7.53,85.39,984.54,4.62,114.27,0.0,0.0,0.0,0.0
2019/04/25 18:30,9.7,983.799988,0.4,218,0,0.0,7.45,85.41,984.78,4.4,114.36,0.0,0.0,0.0,0.0
2019/04/25 18:45,9.7,983.799988,0.4,169,0,0.0,7.4,85.2,984.84,4.19,114.54,0.0,0.0,0.0,0.0
2019/04/25 19:00,9.7,983.799988,0.4,148,0,0.0,7.35,84.92,985.01,4.05,116.13,0.0,0.0,0.0,0.0
2019/04/26 08:00,15.2,987.099976,0.3,92,353,163.440002,14.9,48.35,988.73,2.49,93.38,549.52,47.13,502.39,5.939044
2019/04/26 08:15,15.2,987.099976,0.6,294,421,192.240005,14.93,47.68,988.72,2.64,98.4,498.1,45.52000000000004,452.58,6.123752
2019/04/26 08:30,15.2,987.099976,0.9,125,339,146.160004,14.93,47.02,988.66,2.78,103.42,461.9,44.26999999999998,417.63,4.717136
2019/04/26 08:45,15.2,987.099976,0.9,231,167,123.120003,14.88,47.02,988.61,2.91,106.89,405.77,42.16999999999996,363.6,3.239479
2019/04/26 09:00,15.2,987.099976,0.9,316,257,145.440002,14.82,47.49,988.6,3.04,109.49,366.19,40.829999999999984,325.36,5.484381
2019/04/26 09:15,15.2,987.099976,0.9,190,84,81.360001,14.7,47.99,988.56,3.12,110.97,308.98,37.900000000000034,271.08,1.932321
2019/04/26 09:30,15.2,987.099976,0.9,155,66,69.839996,14.6,48.32,988.55,3.13,111.5,270.08,35.98999999999998,234.09,1.307158
2019/04/26 09:45,15.2,987.099976,0.9,244,80,95.760002,14.45,48.86,988.53,3.11,111.1,211.89,32.599999999999994,179.29,1.719197
2019/04/26 10:00,14.1,987.099976,0.9,159,68,74.160004,14.31,49.58,988.5,3.06,109.66,172.99,29.830000000000013,143.16,1.491865
2019/04/26 10:15,14.1,987.099976,0.9,187,46,48.240002,14.09,50.62,988.54,2.9,108.08,116.24,24.75,91.49,0.937744
2019/04/26 10:30,14.1,987.099976,0.8,167,32,35.279999,13.87,52.92,988.61,2.6,105.36,79.84,20.360000000000007,59.48,0.639371
2019/04/26 10:45,14.1,987.099976,0.8,142,18,25.200001,13.33,56.52,988.82,2.43,102.47,32.33,12.119999999999996,20.21,0.326789
2019/04/26 11:00,13.0,987.099976,0.8,244,0,7.92,12.85,58.28,989.03,2.52,103.16,8.27,4.93,3.34,0.0
2019/04/26 11:15,13.0,987.099976,2.0,123,0,0.0,12.41,59.9,989.24,2.59,109.74,0.0,0.0,0.0,0.0
2019/04/26 11:30,13.0,987.099976,0.9,33,0,0.0,12.05,61.41,989.41,2.56,115.94,0.0,0.0,0.0,0.0
2019/04/26 11:45,11.9,987.099976,0.9,10,0,0.0,11.74,62.68,989.57,2.54,123.98,0.0,0.0,0.0,0.0
2019/04/26 12:00,11.9,987.099976,0.9,120,0,0.0,11.51,63.58,989.7,2.51,133.07,0.0,0.0,0.0,0.0
2019/04/26 12:15,10.8,987.099976,0.9,29,0,0.0,11.33,64.22,989.78,2.47,138.96,0.0,0.0,0.0,0.0
2019/04/26 12:30,10.8,987.099976,0.9,126,0,0.0,11.21,64.6,989.81,2.36,140.41,0.0,0.0,0.0,0.0
2019/04/26 12:45,10.8,987.099976,0.9,106,0,0.0,11.14,64.78,989.91,2.15,140.4,0.0,0.0,0.0,0.0
2019/04/26 13:00,10.8,987.099976,0.9,82,0,0.0,11.06,64.88,990.02,1.86,140.06,0.0,0.0,0.0,0.0
2019/04/26 13:15,10.8,987.099976,0.9,88,0,0.0,11.05,64.72,990.16,1.56,142.61,0.0,0.0,0.0,0.0
2019/04/26 13:30,10.8,987.099976,0.9,3,0,0.0,10.99,64.82,990.18,1.33,144.03,0.0,0.0,0.0,0.0
2019/04/26 13:45,10.8,987.099976,0.9,127,0,0.0,10.91,65.06,990.12,1.19,149.96,0.0,0.0,0.0,0.0
2019/04/26 14:00,10.8,987.099976,0.9,51,0,0.0,10.8,65.44,990.08,1.13,160.53,0.0,0.0,0.0,0.0
2019/04/26 14:15,10.8,987.099976,0.9,117,0,0.0,10.7,65.79,990.1,1.13,175.18,0.0,0.0,0.0,0.0
2019/04/26 14:30,10.8,987.099976,0.9,109,0,0.0,10.57,66.3,990.15,1.12,190.78,0.0,0.0,0.0,0.0
2019/04/26 14:45,10.8,987.099976,0.9,28,0,0.0,10.52,66.44,990.15,1.1,206.58,0.0,0.0,0.0,0.0
2019/04/26 15:00,10.8,987.099976,0.9,103,0,0.0,10.47,66.55,990.17,1.14,220.43,0.0,0.0,0.0,0.0
2019/04/26 15:15,9.7,987.099976,0.9,23,0,0.0,10.43,66.61,990.32,1.34,234.04,0.0,0.0,0.0,0.0
2019/04/26 15:30,9.7,987.099976,0.9,79,0,0.0,10.36,66.84,990.5,1.57,242.47,0.0,0.0,0.0,0.0
2019/04/26 15:45,9.7,987.099976,0.9,123,0,0.0,10.3,67.0,990.67,1.72,246.05,0.0,0.0,0.0,0.0
2019/04/26 16:00,9.7,987.099976,0.9,103,0,0.0,10.25,67.06,990.85,1.77,251.32,0.0,0.0,0.0,0.0
2019/04/26 16:15,9.7,987.099976,0.9,124,0,0.0,10.21,67.03,990.98,1.79,259.23,0.0,0.0,0.0,0.0
2019/04/26 16:30,9.7,987.099976,0.9,2,0,0.0,10.17,67.07,991.04,1.83,265.06,0.0,0.0,0.0,0.0
2019/04/26 16:45,9.7,987.099976,0.9,52,0,0.0,10.11,67.1,990.76,1.82,269.65,0.0,0.0,0.0,0.0
2019/04/26 17:00,9.7,987.099976,0.9,77,0,0.0,10.05,67.17,990.36,1.81,273.89,0.0,0.0,0.0,0.0
2019/04/26 17:15,9.7,987.099976,0.9,224,0,0.0,9.99,67.3,990.1,1.78,278.54,0.0,0.0,0.0,0.0
2019/04/26 17:30,9.7,987.099976,0.9,84,0,0.0,9.98,67.13,989.79,1.58,276.35,0.0,0.0,0.0,0.0
2019/04/26 17:45,9.7,987.099976,0.9,98,0,0.0,9.98,66.85,989.6,1.29,270.35,0.0,0.0,0.0,0.0
2019/04/26 18:00,9.7,987.099976,0.9,39,0,0.0,9.94,66.86,989.66,0.98,275.18,0.0,0.0,0.0,0.0
2019/04/26 18:15,9.7,987.099976,0.9,100,0,0.0,9.9,66.86,989.37,0.61,273.24,0.0,0.0,0.0,0.0
2019/04/26 18:30,9.7,987.099976,0.9,348,0,0.0,9.81,67.0,989.19,0.47,199.68,0.0,0.0,0.0,0.0
2019/04/26 18:45,9.7,987.099976,0.9,93,0,0.0,9.79,66.74,989.45,0.69,230.91,0.0,0.0,0.0,0.0
2019/04/26 19:00,9.7,986.0,0.9,92,0,0.0,9.69,66.76,989.78,0.84,246.42,0.0,0.0,0.0,0.0
2019/04/27 08:00,7.6,986.0,1.0,246,19,20.16,9.96,78.98,988.1,7.1,139.37,94.09,36.440000000000005,57.65,0.269957
2019/04/27 08:15,7.6,986.0,2.1,124,17,17.280001000000002,9.81,77.28,988.22,6.9,139.31,65.56,61.93,3.63,0.269957
2019/04/27 08:30,7.6,986.0,0.0,136,15,17.280001000000002,9.66,76.57,988.21,6.65,138.16,55.13,55.13,0.0,0.255748
2019/04/27 08:45,7.6,986.0,0.0,70,13,14.4,9.57,76.26,988.13,6.48,138.55,48.66,48.66,0.0,0.156291
2019/04/27 09:00,7.6,986.0,0.0,175,13,14.4,9.55,76.05,988.04,6.42,142.32,43.99,43.98,0.01,0.1420819999999999
2019/04/27 09:15,7.6,986.0,0.0,334,11,14.4,9.64,75.8,987.97,6.46,149.68,50.62,33.11,17.51,0.170499
2019/04/27 09:30,7.6,986.0,0.0,352,13,15.84,9.65,77.06,987.87,6.49,156.09,58.12,20.65,37.47,0.1847069999999999
2019/04/27 09:45,7.6,986.0,0.0,320,9,10.08,9.57,79.24,987.64,6.39,157.7,52.64,17.07,35.57,0.0
2019/04/27 10:00,7.6,986.0,0.0,305,9,10.08,9.4,81.28,987.35,6.05,156.02,42.9,15.549999999999995,27.35,0.0
2019/04/27 10:15,7.6,986.0,0.0,349,9,10.08,9.19,82.97,987.12,5.59,153.38,33.59,20.080000000000005,13.51,0.0
2019/04/27 10:30,7.6,986.0,0.0,342,0,8.64,8.96,84.75,987.01,5.16,150.52,27.78,10.84,16.94,0.0
2019/04/27 10:45,7.6,986.0,0.0,324,0,0.0,8.68,86.45,987.07,4.77,148.38,9.55,6.15,3.4,0.0
2019/04/27 11:00,7.6,986.0,0.0,289,0,0.0,8.41,87.5,987.25,4.38,147.03,3.19,2.25,0.94,0.0
2019/04/27 11:15,7.6,986.0,0.0,281,0,0.0,8.01,88.92,987.37,3.97,144.51,0.0,0.0,0.0,0.0
2019/04/27 11:30,7.6,986.0,0.0,5,0,0.0,7.76,89.86,987.56,3.64,140.53,0.0,0.0,0.0,0.0
2019/04/27 11:45,7.6,986.0,0.0,333,0,0.0,7.49,90.95,987.72,3.39,135.31,0.0,0.0,0.0,0.0
2019/04/27 12:00,7.6,986.0,0.0,100,0,0.0,7.27,92.05,987.82,3.18,131.08,0.0,0.0,0.0,0.0
2019/04/27 12:15,7.6,986.0,0.0,28,0,0.0,7.09,93.21,987.9,3.05,130.09,0.0,0.0,0.0,0.0
2019/04/27 12:30,7.6,987.099976,0.0,4,0,0.0,7.01,93.7,987.98,3.11,134.56,0.0,0.0,0.0,0.0
2019/04/27 12:45,7.6,987.099976,0.0,15,0,0.0,6.9,92.74,988.07,3.31,142.35,0.0,0.0,0.0,0.0
2019/04/27 13:00,7.6,987.099976,0.0,352,0,0.0,6.6,91.88,988.09,3.36,148.35,0.0,0.0,0.0,0.0
2019/04/27 13:15,7.6,987.099976,0.0,345,0,0.0,6.32,91.75,988.08,3.19,150.66,0.0,0.0,0.0,0.0
2019/04/27 13:30,7.6,987.099976,0.0,336,0,0.0,6.11,91.81,988.03,2.97,151.78,0.0,0.0,0.0,0.0
2019/04/27 13:45,7.6,987.099976,0.0,350,0,0.0,5.94,92.1,987.74,2.76,154.57,0.0,0.0,0.0,0.0
2019/04/27 14:00,7.6,987.099976,0.0,21,0,0.0,5.83,92.15,987.4,2.45,160.67,0.0,0.0,0.0,0.0
2019/04/27 14:15,7.6,987.099976,0.0,2,0,0.0,5.79,91.91,987.19,2.12,170.83,0.0,0.0,0.0,0.0
2019/04/27 14:30,7.6,987.099976,0.0,348,0,0.0,5.78,91.62,987.1,1.9,185.86,0.0,0.0,0.0,0.0
2019/04/27 14:45,7.6,987.099976,0.0,149,0,0.0,5.77,91.43,987.0,1.86,201.42,0.0,0.0,0.0,0.0
2019/04/27 15:00,7.6,987.099976,0.0,31,0,0.0,5.75,91.28,986.89,1.9,214.47,0.0,0.0,0.0,0.0
2019/04/27 15:15,7.6,987.099976,0.0,121,0,0.0,5.76,91.05,986.81,1.99,228.13,0.0,0.0,0.0,0.0
2019/04/27 15:30,7.6,987.099976,0.0,155,0,0.0,5.78,90.78,986.74,2.08,245.29,0.0,0.0,0.0,0.0
2019/04/27 15:45,7.6,987.099976,0.0,161,0,0.0,5.8,90.57,986.71,2.2,262.46,0.0,0.0,0.0,0.0
2019/04/27 16:00,7.6,987.099976,0.0,344,0,0.0,4.73,93.84,987.23,2.16,206.48,0.0,0.0,0.0,0.0
2019/04/27 16:15,7.6,987.099976,0.0,316,0,0.0,4.71,93.15,986.71,1.98,207.24,0.0,0.0,0.0,0.0
2019/04/27 16:30,7.6,987.099976,0.0,169,0,0.0,4.75,92.24,986.91,1.86,201.5,0.0,0.0,0.0,0.0
2019/04/27 16:45,7.6,986.0,0.0,164,0,0.0,4.73,91.63,986.62,1.77,200.75,0.0,0.0,0.0,0.0
2019/04/27 17:00,7.6,986.0,0.0,124,0,0.0,4.74,90.92,986.47,1.64,200.58,0.0,0.0,0.0,0.0
2019/04/27 17:15,7.6,986.0,0.0,123,0,0.0,4.72,90.4,986.35,1.5,194.52,0.0,0.0,0.0,0.0
2019/04/27 17:30,7.6,986.0,0.0,202,0,0.0,4.68,90.06,986.26,1.38,193.41,0.0,0.0,0.0,0.0
2019/04/27 17:45,7.6,986.0,0.0,153,0,0.0,4.64,89.7,986.56,1.32,195.91,0.0,0.0,0.0,0.0
2019/04/27 18:00,7.6,986.0,0.0,36,0,0.0,4.61,89.34,986.78,1.32,202.25,0.0,0.0,0.0,0.0
2019/04/27 18:15,7.6,986.0,0.0,63,0,0.0,4.58,88.94,986.61,1.34,207.99,0.0,0.0,0.0,0.0
2019/04/27 18:30,7.6,986.0,0.0,91,0,0.0,4.56,88.46,986.39,1.45,208.66,0.0,0.0,0.0,0.0
2019/04/27 18:45,6.5,986.0,0.0,117,0,0.0,4.52,88.12,986.06,1.67,203.84,0.0,0.0,0.0,0.0
2019/04/27 19:00,6.5,986.0,0.0,114,0,0.0,4.5,87.68,985.95,1.9,203.18,0.0,0.0,0.0,0.0
2019/04/28 08:00,16.200001,981.599976,2.1,216,164,187.919998,21.29,44.57,980.41,6.59,141.65,379.64,185.49,194.15,3.63731
2019/04/28 08:15,16.200001,980.5,1.3,219,234,234.0,21.27,44.88,980.27,6.74,144.24,353.28,126.71999999999996,226.56,4.9586760000000005
2019/04/28 08:30,16.200001,980.5,0.7,188,196,199.440002,21.16,45.64,980.07,6.83,146.28,319.48,110.14,209.34,4.134598
2019/04/28 08:45,16.200001,980.5,0.6,318,112,126.0,21.06,46.58,979.92,6.87,148.11,305.07,81.57999999999998,223.49,2.401193
2019/04/28 09:00,16.200001,980.5,1.8,302,68,81.360001,20.84,47.59,979.81,6.82,150.41,252.92,73.13,179.79,1.463449
2019/04/28 09:15,15.2,980.5,1.7,223,54,68.400002,20.75,48.01,979.7,6.68,153.16,226.79,56.13999999999999,170.65,1.150867
2019/04/28 09:30,15.2,980.5,0.3,322,50,64.08000200000001,20.61,48.41,979.56,6.47,155.04,200.56,44.31,156.25,1.079826
2019/04/28 09:45,15.2,980.5,1.5,206,40,51.119999,20.39,49.13,979.41,6.13,156.18,154.78,45.57000000000001,109.21,0.8524940000000001
2019/04/28 10:00,15.2,980.5,2.1,234,38,49.68,20.06,50.61,979.28,5.67,155.42,115.41,47.39,68.02,0.781453
2019/04/28 10:15,15.2,980.5,0.7,322,26,33.84,19.64,52.41,979.17,5.21,153.46,82.48,34.620000000000005,47.86,0.426247
2019/04/28 10:30,15.2,980.5,1.7,186,24,30.959999,19.06,54.58,979.12,4.77,151.96,55.82,28.5,27.32,0.412039
2019/04/28 10:45,14.1,980.5,1.7,203,10,13.68,18.44,56.58,979.23,4.34,151.83,26.99,12.339999999999998,14.65,0.0
2019/04/28 11:00,14.1,980.5,0.5,188,0,0.0,17.83,58.23,979.41,3.97,152.92,8.27,5.14,3.13,0.0
2019/04/28 11:15,14.1,980.5,1.3,199,0,0.0,17.26,59.48,979.58,3.69,155.69,0.0,0.0,0.0,0.0
2019/04/28 11:30,14.1,980.5,0.4,166,0,0.0,16.77,60.7,979.76,3.43,159.69,0.0,0.0,0.0,0.0
2019/04/28 11:45,14.1,980.5,0.3,116,0,0.0,16.42,61.55,979.93,3.12,165.01,0.0,0.0,0.0,0.0
2019/04/28 12:00,14.1,980.5,0.0,169,0,0.0,16.21,61.95,980.11,2.7,173.05,0.0,0.0,0.0,0.0
2019/04/28 12:15,14.1,980.5,0.0,354,0,0.0,16.15,62.1,980.29,2.19,188.55,0.0,0.0,0.0,0.0
2019/04/28 12:30,14.1,981.599976,0.0,62,0,0.0,16.12,62.7,980.44,1.83,225.91,0.0,0.0,0.0,0.0
2019/04/28 12:45,13.0,981.599976,0.0,197,0,0.0,16.0,64.22,980.59,2.0,276.54,0.0,0.0,0.0,0.0
2019/04/28 13:00,13.0,981.599976,0.0,30,0,0.0,15.74,66.5,980.68,2.58,299.27,0.0,0.0,0.0,0.0
2019/04/28 13:15,13.0,981.599976,0.0,37,0,0.0,15.42,68.67,980.69,3.11,307.8,0.0,0.0,0.0,0.0
2019/04/28 13:30,13.0,981.599976,0.0,132,0,0.0,15.13,70.3,980.64,3.41,311.56,0.0,0.0,0.0,0.0
2019/04/28 13:45,13.0,981.599976,0.0,130,0,0.0,14.86,71.43,980.48,3.54,312.94,0.0,0.0,0.0,0.0
2019/04/28 14:00,13.0,981.599976,0.0,124,0,0.0,14.64,71.96,980.33,3.51,313.34,0.0,0.0,0.0,0.0
2019/04/28 14:15,13.0,981.599976,0.0,118,0,0.0,14.44,72.08,980.28,3.36,312.45,0.0,0.0,0.0,0.0
2019/04/28 14:30,13.0,981.599976,0.0,162,0,0.0,14.3,71.62,980.26,3.16,311.09,0.0,0.0,0.0,0.0
2019/04/28 14:45,11.9,981.599976,0.0,35,0,0.0,14.24,70.8,980.25,2.98,310.01,0.0,0.0,0.0,0.0
2019/04/28 15:00,11.9,981.599976,0.0,129,0,0.0,14.19,69.91,980.3,2.83,310.08,0.0,0.0,0.0,0.0
2019/04/28 15:15,11.9,981.599976,0.0,107,0,0.0,14.09,69.37,980.43,2.76,312.23,0.0,0.0,0.0,0.0
2019/04/28 15:30,11.9,981.599976,0.0,29,0,0.0,13.96,69.27,980.59,2.78,315.15,0.0,0.0,0.0,0.0
2019/04/28 15:45,11.9,981.599976,0.0,118,0,0.0,13.76,69.58,980.77,2.84,316.83,0.0,0.0,0.0,0.0
2019/04/28 16:00,11.9,980.5,0.0,12,0,0.0,10.11,78.59,981.54,0.79,200.67,0.0,0.0,0.0,0.0
2019/04/28 16:15,11.9,980.5,0.0,40,0,0.0,10.06,78.66,981.36,0.73,203.35,0.0,0.0,0.0,0.0
2019/04/28 16:30,11.9,980.5,0.0,105,0,0.0,10.08,78.38,981.81,0.78,259.49,0.0,0.0,0.0,0.0
2019/04/28 16:45,10.8,980.5,0.0,116,0,0.0,10.08,78.2,981.46,1.12,307.9,0.0,0.0,0.0,0.0
2019/04/28 17:00,10.8,980.5,0.0,67,0,0.0,9.88,78.9,980.95,1.58,326.29,0.0,0.0,0.0,0.0
2019/04/28 17:15,10.8,980.5,0.0,129,0,0.0,9.7,79.6,980.77,1.93,337.07,0.0,0.0,0.0,0.0
2019/04/28 17:30,10.8,980.5,0.0,116,0,0.0,9.46,80.6,980.93,2.14,341.2,0.0,0.0,0.0,0.0
2019/04/28 17:45,10.8,980.5,0.0,17,0,0.0,9.23,81.63,981.19,2.22,342.26,0.0,0.0,0.0,0.0
2019/04/28 18:00,10.8,980.5,1.1,120,0,0.0,9.1,82.02,981.4,2.11,338.06,0.0,0.0,0.0,0.0
2019/04/28 18:15,10.8,980.5,0.0,121,0,0.0,9.07,81.69,981.28,1.85,333.73,0.0,0.0,0.0,0.0
2019/04/28 18:30,10.8,980.5,0.0,19,0,0.0,9.11,81.02,980.88,1.58,328.32,0.0,0.0,0.0,0.0
2019/04/28 18:45,10.8,979.400024,0.0,81,0,0.0,9.16,80.23,980.62,1.39,321.93,0.0,0.0,0.0,0.0
2019/04/28 19:00,10.8,979.400024,0.0,83,0,0.0,9.25,79.2,980.45,1.18,311.68,0.0,0.0,0.0,0.0
2019/04/29 08:00,22.799999,975.0,2.3,234,356,315.359985,29.53,14.78,974.73,6.56,308.44,553.17,46.77999999999997,506.39,7.459326
2019/04/29 08:15,22.799999,975.0,1.8,261,332,303.839996,29.46,13.52,974.69,7.15,309.22,502.46,45.00999999999999,457.45,6.947830000000001
2019/04/29 08:30,22.799999,975.0,1.7,207,272,251.27999900000003,29.34,12.47,974.65,7.53,309.59,463.67,43.38,420.29,5.782754
2019/04/29 08:45,22.799999,975.0,1.9,195,232,210.240005,29.12,12.08,974.67,7.58,309.07,401.05,40.50999999999999,360.54,4.987092
2019/04/29 09:00,22.799999,975.0,2.0,225,186,166.320007,28.91,12.21,974.7,7.32,307.84,351.78,37.91999999999996,313.86,4.006724
2019/04/29 09:15,22.799999,975.0,2.4,205,150,140.399994,28.62,12.78,974.71,6.94,306.46,284.03,41.92999999999998,242.1,3.253687
2019/04/29 09:30,22.799999,975.0,1.5,245,108,105.839996,28.24,13.7,974.73,6.62,304.98,235.13,43.60999999999999,191.52,2.415401
2019/04/29 09:45,21.700001,975.0,1.8,233,90,91.440002,27.68,14.72,974.77,6.49,304.46,184.21,28.620000000000005,155.59,1.989154
2019/04/29 10:00,21.700001,975.0,2.0,199,56,56.880001,27.01,15.5,974.83,6.48,303.65,148.96,25.710000000000008,123.25,1.363991
2019/04/29 10:15,21.700001,975.0,1.4,269,44,46.799999,26.2,16.42,974.89,6.34,300.51,99.5,22.840000000000003,76.66,0.895119
2019/04/29 10:30,21.700001,975.0,0.6,227,24,26.639999,25.32,17.51,974.93,6.11,296.14,66.53,21.520000000000003,45.01,0.48308
2019/04/29 10:45,20.6,975.0,0.8,230,12,15.12,24.42,18.48,975.0,5.98,292.35,30.34,14.079999999999998,16.26,0.198915
2019/04/29 11:00,20.6,975.0,0.8,129,0,0.0,23.65,18.92,975.17,6.05,290.49,10.7,6.049999999999999,4.65,0.0
2019/04/29 11:15,20.6,975.0,0.8,31,0,0.0,23.05,18.92,975.31,6.3,290.81,0.0,0.0,0.0,0.0
2019/04/29 11:30,19.5,975.0,0.8,130,0,0.0,22.66,19.35,975.49,6.67,292.82,0.0,0.0,0.0,0.0
2019/04/29 11:45,19.5,976.099976,0.8,136,0,0.0,22.39,20.01,975.71,6.99,295.37,0.0,0.0,0.0,0.0
2019/04/29 12:00,19.5,976.099976,0.8,28,0,0.0,22.16,20.66,975.91,7.08,296.44,0.0,0.0,0.0,0.0
2019/04/29 12:15,19.5,976.099976,0.8,97,0,0.0,21.84,21.25,976.17,7.1,295.93,0.0,0.0,0.0,0.0
2019/04/29 12:30,19.5,976.099976,0.8,42,0,0.0,21.61,21.37,976.56,7.34,297.55,0.0,0.0,0.0,0.0
2019/04/29 12:45,18.4,976.099976,0.8,106,0,0.0,21.43,20.96,976.92,7.63,300.57,0.0,0.0,0.0,0.0
2019/04/29 13:00,18.4,977.200012,0.8,22,0,0.0,21.12,20.63,977.2,7.68,302.57,0.0,0.0,0.0,0.0
2019/04/29 13:15,18.4,977.200012,0.8,18,0,0.0,20.71,20.57,977.49,7.53,303.51,0.0,0.0,0.0,0.0
2019/04/29 13:30,18.4,977.200012,0.8,192,0,0.0,20.28,20.7,977.78,7.37,303.76,0.0,0.0,0.0,0.0
2019/04/29 13:45,18.4,977.200012,0.8,36,0,0.0,19.9,20.94,978.03,7.26,305.19,0.0,0.0,0.0,0.0
2019/04/29 14:00,18.4,977.200012,0.8,65,0,0.0,19.53,21.39,978.36,7.15,309.66,0.0,0.0,0.0,0.0
2019/04/29 14:15,18.4,977.200012,0.8,146,0,0.0,19.16,22.04,978.73,6.92,311.88,0.0,0.0,0.0,0.0
2019/04/29 14:30,18.4,977.200012,0.8,10,0,0.0,18.79,22.81,979.17,6.52,310.66,0.0,0.0,0.0,0.0
2019/04/29 14:45,18.4,977.200012,0.8,56,0,0.0,18.33,23.82,979.54,6.05,308.66,0.0,0.0,0.0,0.0
2019/04/29 15:00,18.4,977.200012,0.8,127,0,0.0,17.92,24.74,979.9,5.73,305.78,0.0,0.0,0.0,0.0
2019/04/29 15:15,17.299999,977.200012,0.8,175,0,0.0,17.56,25.65,980.24,5.62,303.11,0.0,0.0,0.0,0.0
2019/04/29 15:30,17.299999,977.200012,0.8,22,0,0.0,17.28,26.48,980.54,5.65,301.73,0.0,0.0,0.0,0.0
2019/04/29 15:45,17.299999,977.200012,0.8,131,0,0.0,17.02,27.34,980.86,5.7,300.79,0.0,0.0,0.0,0.0
2019/04/29 16:00,17.299999,977.200012,0.8,88,0,0.0,15.11,34.42,980.35,4.36,317.52,0.0,0.0,0.0,0.0
2019/04/29 16:15,17.299999,977.200012,0.8,321,0,0.0,14.97,33.44,980.61,4.47,311.27,0.0,0.0,0.0,0.0
2019/04/29 16:30,17.299999,978.299988,0.8,131,0,0.0,14.87,32.6,980.85,4.69,306.47,0.0,0.0,0.0,0.0
2019/04/29 16:45,17.299999,978.299988,0.8,131,0,0.0,14.77,32.08,980.93,4.89,304.08,0.0,0.0,0.0,0.0
2019/04/29 17:00,17.299999,978.299988,0.8,102,0,0.0,14.65,31.86,980.99,4.98,301.08,0.0,0.0,0.0,0.0
2019/04/29 17:15,17.299999,978.299988,0.7,140,0,0.0,14.5,31.83,981.02,4.97,297.53,0.0,0.0,0.0,0.0
2019/04/29 17:30,17.299999,978.299988,1.7,101,0,0.0,14.28,32.1,981.0,4.89,292.26,0.0,0.0,0.0,0.0
2019/04/29 17:45,17.299999,978.299988,0.6,148,0,0.0,14.09,32.42,981.1,4.84,287.16,0.0,0.0,0.0,0.0
2019/04/29 18:00,16.200001,978.299988,0.6,44,0,0.0,13.89,32.87,981.23,4.89,283.75,0.0,0.0,0.0,0.0
2019/04/29 18:15,16.200001,978.299988,0.6,33,0,0.0,13.77,33.15,981.31,5.03,282.7,0.0,0.0,0.0,0.0
2019/04/29 18:30,16.200001,978.299988,0.6,59,0,0.0,13.7,33.36,981.29,5.18,283.56,0.0,0.0,0.0,0.0
2019/04/29 18:45,16.200001,978.299988,1.7,210,0,0.0,13.62,33.61,981.12,5.31,284.89,0.0,0.0,0.0,0.0
2019/04/29 19:00,16.200001,978.299988,2.8,74,0,0.0,13.54,34.02,980.98,5.44,285.06,0.0,0.0,0.0,0.0
2019/04/30 08:00,23.9,979.400024,3.9,258,517,504.720001,22.17,12.52,981.77,10.12,357.49,578.71,47.29000000000008,531.42,9.931561
2019/04/30 08:15,23.9,979.400024,1.9,260,453,462.959991,22.13,12.49,981.77,9.9,358.06,525.18,45.64999999999998,479.53,8.9654
2019/04/30 08:30,23.9,979.400024,5.4,198,395,419.76001,22.08,12.53,981.71,9.66,358.69,488.11,44.43000000000001,443.68,7.786116000000001
2019/04/30 08:45,23.9,979.400024,3.5,151,333,374.399994,21.99,12.68,981.69,9.38,359.21,430.81,42.43000000000001,388.38,6.635248
2019/04/30 09:00,23.9,979.400024,1.9,211,271,331.200012,21.91,12.94,981.71,9.03,359.71,391.68,40.94999999999999,350.73,5.498589
2019/04/30 09:15,23.9,979.400024,1.0,289,207,272.880005,21.75,13.35,981.71,8.61,0.17,332.11,38.44999999999999,293.66,4.418762999999999
2019/04/30 09:30,23.9,979.400024,0.8,201,75,49.68,21.58,13.93,981.69,8.07,0.5,292.15,36.579999999999984,255.57,3.424186
2019/04/30 09:45,22.799999,979.400024,1.6,144,45,33.119999,21.29,14.92,981.67,7.39,0.43,232.29,33.349999999999994,198.94,2.543275
2019/04/30 10:00,22.799999,979.400024,2.0,115,37,28.799999,20.92,16.31,981.63,6.59,359.69,192.73,30.819999999999997,161.91,1.790238
2019/04/30 10:15,22.799999,979.400024,0.0,160,29,24.48,20.31,18.25,981.6,5.75,357.77,134.68,26.260000000000005,108.42,1.165076
2019/04/30 10:30,21.700001,979.400024,0.3,136,21,18.719999,19.56,20.53,981.56,4.98,354.45,97.46,22.44,75.02,0.696204
2019/04/30 10:45,21.700001,979.400024,1.8,126,11,14.4,18.59,22.61,981.66,4.41,349.78,45.87,14.849999999999998,31.02,0.340998
2019/04/30 11:00,21.700001,979.400024,1.0,139,0,7.2,17.75,23.72,981.89,4.11,343.87,16.86,7.77,9.09,0.0
2019/04/30 11:15,21.700001,979.400024,1.0,126,0,0.0,17.1,23.62,982.11,4.0,337.08,0.0,0.0,0.0,0.0
2019/04/30 11:30,20.6,979.400024,0.3,285,0,0.0,16.61,23.76,982.32,3.97,330.22,0.0,0.0,0.0,0.0
2019/04/30 11:45,20.6,980.5,0.0,171,0,0.0,16.22,23.77,982.5,3.99,324.58,0.0,0.0,0.0,0.0
2019/04/30 12:00,20.6,980.5,0.7,210,0,0.0,15.9,23.66,982.69,4.03,320.54,0.0,0.0,0.0,0.0
2019/04/30 12:15,20.6,980.5,0.7,329,0,0.0,15.65,23.52,982.91,4.07,317.85,0.0,0.0,0.0,0.0
2019/04/30 12:30,19.5,980.5,0.6,108,0,0.0,15.4,23.51,983.13,4.13,315.89,0.0,0.0,0.0,0.0
2019/04/30 12:45,19.5,981.599976,0.6,137,0,0.0,15.14,23.67,983.37,4.2,313.82,0.0,0.0,0.0,0.0
2019/04/30 13:00,19.5,981.599976,0.6,134,0,0.0,14.86,23.99,983.59,4.28,311.61,0.0,0.0,0.0,0.0
2019/04/30 13:15,18.4,981.599976,0.6,44,0,0.0,14.59,24.38,983.8,4.38,309.69,0.0,0.0,0.0,0.0
2019/04/30 13:30,18.4,981.599976,0.6,132,0,0.0,14.35,24.78,983.93,4.47,307.65,0.0,0.0,0.0,0.0
2019/04/30 13:45,18.4,981.599976,0.6,13,0,0.0,14.12,25.2,983.87,4.53,305.56,0.0,0.0,0.0,0.0
2019/04/30 14:00,18.4,981.599976,0.6,329,0,0.0,13.9,25.63,983.87,4.57,304.48,0.0,0.0,0.0,0.0
2019/04/30 14:15,18.4,981.599976,0.6,63,0,0.0,13.72,26.0,983.99,4.6,303.65,0.0,0.0,0.0,0.0
2019/04/30 14:30,18.4,981.599976,0.6,354,0,0.0,13.56,26.3,984.15,4.61,303.14,0.0,0.0,0.0,0.0
2019/04/30 14:45,17.299999,981.599976,0.6,127,0,0.0,13.42,26.52,984.3,4.59,302.63,0.0,0.0,0.0,0.0
2019/04/30 15:00,18.4,981.599976,0.6,32,0,0.0,13.3,26.7,984.45,4.57,301.89,0.0,0.0,0.0,0.0
2019/04/30 15:15,17.299999,981.599976,0.6,77,0,0.0,13.19,26.79,984.61,4.54,301.07,0.0,0.0,0.0,0.0
2019/04/30 15:30,15.2,982.700012,0.6,134,0,0.0,13.05,26.93,984.78,4.51,299.56,0.0,0.0,0.0,0.0
2019/04/30 15:45,15.2,982.700012,0.6,24,0,0.0,12.92,27.06,984.97,4.47,297.73,0.0,0.0,0.0,0.0
2019/04/30 16:00,15.2,982.700012,0.7,131,0,0.0,13.41,25.98,983.05,4.41,297.09,0.0,0.0,0.0,0.0
2019/04/30 16:15,14.1,982.700012,0.7,101,0,0.0,13.16,26.3,983.11,4.16,294.41,0.0,0.0,0.0,0.0
2019/04/30 16:30,14.1,982.700012,0.7,58,0,0.0,12.91,26.64,983.48,3.95,290.66,0.0,0.0,0.0,0.0
2019/04/30 16:45,13.0,982.700012,0.7,130,0,0.0,12.62,27.06,983.58,3.82,286.55,0.0,0.0,0.0,0.0
2019/04/30 17:00,13.0,982.700012,0.7,111,0,0.0,12.34,27.49,983.73,3.72,281.68,0.0,0.0,0.0,0.0
2019/04/30 17:15,11.9,982.700012,0.7,135,0,0.0,12.06,27.94,983.86,3.61,277.04,0.0,0.0,0.0,0.0
2019/04/30 17:30,11.9,982.700012,0.7,144,0,0.0,11.81,28.3,983.76,3.51,274.12,0.0,0.0,0.0,0.0
2019/04/30 17:45,11.9,982.700012,0.7,137,0,0.0,11.62,28.49,983.73,3.47,270.63,0.0,0.0,0.0,0.0
2019/04/30 18:00,11.9,982.700012,0.7,294,0,0.0,11.5,28.51,983.84,3.45,268.08,0.0,0.0,0.0,0.0
2019/04/30 18:15,11.9,982.700012,0.7,118,0,0.0,11.4,28.5,983.87,3.45,267.32,0.0,0.0,0.0,0.0
2019/04/30 18:30,11.9,982.700012,0.7,127,0,0.0,11.3,28.49,983.98,3.44,266.11,0.0,0.0,0.0,0.0
2019/04/30 18:45,10.8,982.700012,0.7,142,0,0.0,11.2,28.49,984.05,3.47,264.85,0.0,0.0,0.0,0.0
2019/04/30 19:00,10.8,982.700012,0.7,41,0,0.0,11.12,28.43,984.16,3.53,263.51,0.0,0.0,0.0,0.0
2019/05/01 08:00,26.1,980.5,2.9,332,500,497.519989,25.13,12.03,982.49,2.85,138.72,579.87,47.34000000000003,532.53,9.505313
2019/05/01 08:15,26.1,980.5,2.5,340,442,459.359985,25.06,12.54,982.5,3.13,141.04,525.39,45.69,479.7,8.453903
2019/05/01 08:30,26.1,980.5,2.5,202,384,415.440002,24.96,13.25,982.38,3.49,139.78,487.83,44.49000000000001,443.34,7.416701
2019/05/01 08:45,26.1,980.5,1.6,207,320,369.359985,24.8,14.14,982.33,3.85,138.5,430.14,42.47999999999996,387.66,6.336875
2019/05/01 09:00,26.1,980.5,1.7,193,262,321.839996,24.64,15.09,982.32,4.15,139.04,391.0,41.00999999999999,349.99,5.228632
2019/05/01 09:15,26.1,980.5,1.7,192,202,272.880005,24.41,16.1,982.31,4.37,140.99,331.64,38.53999999999997,293.1,4.177223000000001
2019/05/01 09:30,25.0,980.5,0.8,179,76,51.119999,24.21,17.07,982.26,4.48,142.7,291.8,36.68000000000001,255.12,3.282104
2019/05/01 09:45,25.0,980.5,2.6,208,52,37.439999,23.91,18.29,982.19,4.46,143.18,232.1,33.620000000000005,198.48,2.429609
2019/05/01 10:00,23.9,980.5,1.1,21,42,31.68,23.55,19.9,982.12,4.28,142.73,191.82,30.50999999999999,161.31,1.6765720000000002
2019/05/01 10:15,23.9,980.5,3.0,208,34,27.360001,22.91,22.32,982.04,4.0,141.86,135.34,26.450000000000003,108.89,1.150867
2019/05/01 10:30,23.9,980.5,0.3,181,22,21.6,22.13,25.02,982.0,3.73,142.42,98.49,22.69999999999999,75.79,0.681996
2019/05/01 10:45,22.799999,980.5,1.3,286,12,15.84,21.17,27.11,982.05,3.62,144.86,47.41,15.25,32.16,0.340998
2019/05/01 11:00,22.799999,980.5,0.0,89,0,8.64,20.4,27.67,982.16,3.68,147.91,18.42,8.320000000000002,10.1,0.0
2019/05/01 11:15,21.700001,980.5,2.1,142,0,0.0,19.68,27.43,982.29,3.73,152.19,0.0,0.0,0.0,0.0
2019/05/01 11:30,20.6,980.5,0.5,116,0,0.0,19.08,27.6,982.43,3.69,158.0,0.0,0.0,0.0,0.0
2019/05/01 11:45,19.5,980.5,0.7,142,0,0.0,18.49,27.89,982.56,3.59,166.63,0.0,0.0,0.0,0.0
2019/05/01 12:00,19.5,980.5,0.7,136,0,0.0,17.95,28.21,982.69,3.48,178.78,0.0,0.0,0.0,0.0
2019/05/01 12:15,18.4,980.5,0.7,41,0,0.0,17.51,28.37,982.85,3.42,192.66,0.0,0.0,0.0,0.0
2019/05/01 12:30,18.4,981.599976,0.7,213,0,0.0,17.21,28.21,982.99,3.45,205.41,0.0,0.0,0.0,0.0
2019/05/01 12:45,18.4,981.599976,0.7,90,0,0.0,17.02,27.94,983.15,3.6,216.66,0.0,0.0,0.0,0.0
2019/05/01 13:00,19.5,981.599976,0.7,115,0,0.0,16.86,27.76,983.33,3.79,224.98,0.0,0.0,0.0,0.0
2019/05/01 13:15,19.5,981.599976,0.4,189,0,0.0,16.71,27.71,983.48,3.93,229.45,0.0,0.0,0.0,0.0
2019/05/01 13:30,20.6,981.599976,0.7,111,0,0.0,16.54,27.76,983.57,4.0,231.13,0.0,0.0,0.0,0.0
2019/05/01 13:45,20.6,981.599976,0.8,128,0,0.0,16.36,27.89,983.58,4.04,232.21,0.0,0.0,0.0,0.0
2019/05/01 14:00,19.5,981.599976,0.8,135,0,0.0,16.17,28.0,983.62,4.07,233.47,0.0,0.0,0.0,0.0
2019/05/01 14:15,18.4,981.599976,0.8,25,0,0.0,16.03,27.96,983.72,4.12,234.75,0.0,0.0,0.0,0.0
2019/05/01 14:30,17.299999,981.599976,0.8,119,0,0.0,15.93,27.83,983.85,4.18,236.28,0.0,0.0,0.0,0.0
2019/05/01 14:45,17.299999,981.599976,0.8,114,0,0.0,15.86,27.76,983.93,4.26,237.98,0.0,0.0,0.0,0.0
2019/05/01 15:00,17.299999,981.599976,0.8,95,0,0.0,15.83,27.77,983.96,4.39,239.02,0.0,0.0,0.0,0.0
2019/05/01 15:15,18.4,981.599976,0.8,134,0,0.0,15.84,27.78,983.99,4.58,239.84,0.0,0.0,0.0,0.0
2019/05/01 15:30,18.4,981.599976,0.8,66,0,0.0,15.89,27.78,984.05,4.93,240.09,0.0,0.0,0.0,0.0
2019/05/01 15:45,17.299999,981.599976,0.8,111,0,0.0,16.03,27.47,984.15,5.4,238.82,0.0,0.0,0.0,0.0
2019/05/01 16:00,17.299999,981.599976,0.8,65,0,0.0,13.81,34.14,982.38,3.86,223.95,0.0,0.0,0.0,0.0
2019/05/01 16:15,16.200001,981.599976,0.8,355,0,0.0,13.47,34.96,982.38,3.69,220.95,0.0,0.0,0.0,0.0
2019/05/01 16:30,15.2,981.599976,0.8,58,0,0.0,13.18,35.58,982.66,3.53,218.86,0.0,0.0,0.0,0.0
2019/05/01 16:45,15.2,981.599976,0.8,65,0,0.0,12.98,35.82,982.63,3.44,218.23,0.0,0.0,0.0,0.0
2019/05/01 17:00,15.2,981.599976,0.8,96,0,0.0,12.82,35.83,982.43,3.38,220.07,0.0,0.0,0.0,0.0
2019/05/01 17:15,15.2,981.599976,1.8,168,0,0.0,12.72,35.68,982.45,3.32,223.65,0.0,0.0,0.0,0.0
2019/05/01 17:30,15.2,981.599976,0.9,217,0,0.0,12.65,35.52,982.47,3.21,229.15,0.0,0.0,0.0,0.0
2019/05/01 17:45,15.2,981.599976,1.0,31,0,0.0,12.6,35.3,982.48,3.07,234.29,0.0,0.0,0.0,0.0
2019/05/01 18:00,15.2,981.599976,1.3,122,0,0.0,12.61,34.86,982.52,2.95,239.55,0.0,0.0,0.0,0.0
2019/05/01 18:15,15.2,981.599976,1.6,137,0,0.0,12.57,34.45,982.36,2.93,240.26,0.0,0.0,0.0,0.0
2019/05/01 18:30,15.2,981.599976,1.3,81,0,0.0,12.51,34.02,982.45,3.01,237.77,0.0,0.0,0.0,0.0
2019/05/01 18:45,15.2,981.599976,1.0,129,0,0.0,12.44,33.55,982.5,3.2,236.57,0.0,0.0,0.0,0.0
2019/05/01 19:00,15.2,981.599976,1.0,17,0,0.0,12.4,32.99,982.43,3.46,237.39,0.0,0.0,0.0,0.0
2019/05/02 08:00,28.299999,979.400024,0.3,300,513,504.720001,27.18,14.75,981.28,5.49,136.07,565.15,47.18999999999994,517.96,9.718436
2019/05/02 08:15,28.299999,979.400024,0.8,181,417,413.279999,27.06,14.5,981.17,5.75,135.74,513.46,45.57000000000005,467.89,7.686658
2019/05/02 08:30,28.299999,979.400024,0.7,172,366,389.519989,26.96,14.03,980.98,5.93,135.74,477.94,44.38,433.56,7.160953
2019/05/02 08:45,28.299999,979.400024,2.4,205,300,339.839996,26.83,13.55,980.91,6.02,136.15,423.07,42.420000000000016,380.65,5.981669
2019/05/02 09:00,28.299999,979.400024,5.2,185,243,291.600006,26.7,13.2,980.89,6.04,136.93,385.48,40.96000000000004,344.52,4.987092
2019/05/02 09:15,28.299999,979.400024,1.0,176,191,245.520004,26.51,13.2,980.89,6.0,138.03,327.93,38.50999999999999,289.42,4.020932
2019/05/02 09:30,28.299999,979.400024,3.0,154,95,82.08000200000001,26.28,13.54,980.86,5.87,139.76,289.12,36.670000000000016,252.45,3.097396
2019/05/02 09:45,27.200001,979.400024,0.4,122,63,54.0,25.9,14.4,980.79,5.59,142.06,230.87,33.5,197.37,2.301735
2019/05/02 10:00,27.200001,979.400024,1.1,188,49,45.360001,25.42,15.73,980.72,5.18,144.61,192.36,31.04000000000002,161.32,1.53449
2019/05/02 10:15,27.200001,979.400024,2.0,281,45,42.48,24.69,17.51,980.67,4.74,147.07,135.79,26.58999999999999,109.2,1.193492
2019/05/02 10:30,26.1,979.400024,0.3,197,31,33.84,23.88,19.32,980.68,4.36,149.33,99.49,22.89999999999999,76.59,0.7246199999999999
2019/05/02 10:45,26.1,979.400024,1.1,268,23,28.08,22.86,21.07,980.78,4.07,151.77,48.93,15.630000000000004,33.3,0.48308
2019/05/02 11:00,26.1,979.400024,1.5,84,0,10.8,21.95,22.12,981.01,3.88,155.82,20.05,8.89,11.16,0.0
2019/05/02 11:15,25.0,979.400024,1.9,6,0,0.0,21.19,22.14,981.23,3.7,162.86,0.0,0.0,0.0,0.0
2019/05/02 11:30,25.0,979.400024,1.2,292,0,0.0,20.56,22.53,981.44,3.53,174.02,0.0,0.0,0.0,0.0
2019/05/02 11:45,23.9,979.400024,1.0,63,0,0.0,20.01,22.86,981.62,3.41,188.44,0.0,0.0,0.0,0.0
2019/05/02 12:00,23.9,979.400024,0.9,103,0,0.0,19.55,23.08,981.79,3.41,203.56,0.0,0.0,0.0,0.0
2019/05/02 12:15,23.9,979.400024,0.9,99,0,0.0,19.19,23.14,981.98,3.51,216.03,0.0,0.0,0.0,0.0
2019/05/02 12:30,23.9,979.400024,0.8,33,0,0.0,18.91,23.05,982.16,3.65,224.58,0.0,0.0,0.0,0.0
2019/05/02 12:45,22.799999,980.5,0.8,122,0,0.0,18.68,22.91,982.32,3.75,229.49,0.0,0.0,0.0,0.0
2019/05/02 13:00,21.700001,980.5,0.8,12,0,0.0,18.47,22.84,982.47,3.78,232.17,0.0,0.0,0.0,0.0
2019/05/02 13:15,21.700001,980.5,0.8,136,0,0.0,18.26,22.92,982.59,3.77,233.68,0.0,0.0,0.0,0.0
2019/05/02 13:30,20.6,980.5,0.8,124,0,0.0,18.06,23.17,982.67,3.76,234.84,0.0,0.0,0.0,0.0
2019/05/02 13:45,19.5,980.5,0.8,320,0,0.0,17.86,23.62,982.62,3.76,236.47,0.0,0.0,0.0,0.0
2019/05/02 14:00,19.5,980.5,0.8,5,0,0.0,17.68,24.24,982.6,3.78,238.92,0.0,0.0,0.0,0.0
2019/05/02 14:15,19.5,980.5,0.8,135,0,0.0,17.52,24.97,982.66,3.78,241.86,0.0,0.0,0.0,0.0
2019/05/02 14:30,19.5,980.5,0.8,40,0,0.0,17.37,25.75,982.8,3.78,243.7,0.0,0.0,0.0,0.0
2019/05/02 14:45,20.6,980.5,0.8,95,0,0.0,17.24,26.51,982.89,3.81,242.1,0.0,0.0,0.0,0.0
2019/05/02 15:00,19.5,981.599976,0.8,71,0,0.0,17.09,27.33,982.95,3.93,237.76,0.0,0.0,0.0,0.0
2019/05/02 15:15,19.5,981.599976,0.8,121,0,0.0,16.93,28.24,983.03,4.11,235.15,0.0,0.0,0.0,0.0
2019/05/02 15:30,18.4,981.599976,0.8,324,0,0.0,16.87,29.08,983.13,4.2,234.63,0.0,0.0,0.0,0.0
2019/05/02 15:45,18.4,981.599976,0.8,89,0,0.0,16.8,30.02,983.27,4.1,234.78,0.0,0.0,0.0,0.0
2019/05/02 16:00,17.299999,981.599976,0.8,152,0,0.0,15.98,23.92,982.18,0.97,77.44,0.0,0.0,0.0,0.0
2019/05/02 16:15,17.299999,981.599976,0.8,117,0,0.0,15.82,23.96,982.25,1.66,75.3,0.0,0.0,0.0,0.0
2019/05/02 16:30,16.200001,981.599976,0.8,106,0,0.0,15.76,23.78,982.6,1.98,76.21,0.0,0.0,0.0,0.0
2019/05/02 16:45,16.200001,981.599976,0.8,355,0,0.0,15.83,23.16,982.59,1.74,80.88,0.0,0.0,0.0,0.0
2019/05/02 17:00,16.200001,981.599976,0.8,50,0,0.0,15.96,22.33,982.49,1.17,93.13,0.0,0.0,0.0,0.0
2019/05/02 17:15,16.200001,981.599976,0.8,344,0,0.0,15.91,21.79,982.46,0.74,130.58,0.0,0.0,0.0,0.0
2019/05/02 17:30,16.200001,981.599976,0.8,30,0,0.0,15.74,21.58,982.36,0.82,211.21,0.0,0.0,0.0,0.0
2019/05/02 17:45,16.200001,981.599976,0.8,111,0,0.0,15.55,21.31,982.45,1.36,241.02,0.0,0.0,0.0,0.0
2019/05/02 18:00,16.200001,981.599976,1.8,44,0,0.0,15.12,21.72,982.76,2.05,252.05,0.0,0.0,0.0,0.0
2019/05/02 18:15,16.200001,981.599976,1.7,52,0,0.0,14.74,22.23,982.87,2.69,259.52,0.0,0.0,0.0,0.0
2019/05/02 18:30,16.200001,981.599976,1.7,86,0,0.0,14.33,23.01,982.97,3.2,262.15,0.0,0.0,0.0,0.0
2019/05/02 18:45,16.200001,981.599976,0.7,62,0,0.0,13.95,23.94,983.13,3.51,260.49,0.0,0.0,0.0,0.0
2019/05/02 19:00,15.2,981.599976,0.7,100,0,0.0,13.66,24.71,983.23,3.48,258.85,0.0,0.0,0.0,0.0
2019/05/03 08:00,27.200001,979.400024,3.7,206,253,252.720001,27.88,20.13,980.44,7.64,146.53,455.13,84.79000000000002,370.34,4.916051
2019/05/03 08:15,27.200001,979.400024,1.8,143,257,260.640015,27.68,20.41,980.34,7.95,146.58,393.0,107.10000000000002,285.9,4.944468
2019/05/03 08:30,27.200001,979.400024,2.4,263,198,198.720001,27.53,20.64,980.21,8.15,146.46,356.81,112.83,243.98,4.035141
2019/05/03 08:45,27.200001,979.400024,1.3,289,158,167.759995,27.32,21.01,980.12,8.27,145.56,306.63,100.56,206.07,3.026355
2019/05/03 09:00,27.200001,979.400024,1.9,280,180,196.559998,27.17,21.36,980.08,8.32,144.73,278.26,95.39,182.87,3.665726
2019/05/03 09:15,26.1,979.400024,2.2,251,102,103.68,26.89,22.04,980.05,8.33,145.12,229.39,66.75,162.64,2.003362
2019/05/03 09:30,26.1,979.400024,1.0,316,106,119.519997,26.57,22.89,980.0,8.27,147.0,200.53,59.44999999999999,141.08,2.230694
2019/05/03 09:45,26.1,979.400024,1.4,204,100,110.879997,26.22,23.8,979.92,8.08,149.34,171.84,44.71000000000001,127.13,2.117028
2019/05/03 10:00,26.1,979.400024,3.1,221,74,80.639999,25.77,24.74,979.83,7.74,150.82,141.79,43.44999999999999,98.34,1.53449
2019/05/03 10:15,25.0,979.400024,3.2,280,56,63.360001,25.19,25.87,979.73,7.29,151.23,102.64,25.94,76.7,1.165076
2019/05/03 10:30,25.0,979.400024,1.4,205,32,38.880001,24.54,27.03,979.7,6.85,151.34,64.67,26.99,37.68,0.639371
2019/05/03 10:45,23.9,979.400024,1.2,189,16,21.6,23.95,27.95,979.79,6.45,151.67,36.45,13.550000000000004,22.9,0.284165
2019/05/03 11:00,23.9,979.400024,0.8,224,0,10.08,23.28,28.75,980.0,6.08,152.41,16.3,7.890000000000001,8.41,0.0
2019/05/03 11:15,22.799999,979.400024,0.8,145,0,0.0,22.77,28.82,980.2,5.72,153.4,0.0,0.0,0.0,0.0
2019/05/03 11:30,22.799999,979.400024,0.8,154,0,0.0,22.35,29.16,980.34,5.41,154.4,0.0,0.0,0.0,0.0
2019/05/03 11:45,21.700001,979.400024,0.8,30,0,0.0,21.94,29.73,980.44,5.14,155.05,0.0,0.0,0.0,0.0
2019/05/03 12:00,21.700001,979.400024,0.8,36,0,0.0,21.62,30.29,980.52,4.88,156.35,0.0,0.0,0.0,0.0
2019/05/03 12:15,20.6,979.400024,0.8,96,0,0.0,21.26,31.0,980.61,4.57,159.32,0.0,0.0,0.0,0.0
2019/05/03 12:30,20.6,979.400024,0.8,121,0,0.0,20.9,31.67,980.7,4.18,163.24,0.0,0.0,0.0,0.0
2019/05/03 12:45,20.6,979.400024,0.8,24,0,0.0,20.53,32.34,980.77,3.7,168.71,0.0,0.0,0.0,0.0
2019/05/03 13:00,19.5,980.5,0.8,119,0,0.0,20.23,32.88,980.86,3.24,175.37,0.0,0.0,0.0,0.0
2019/05/03 13:15,19.5,980.5,0.8,87,0,0.0,20.0,33.22,980.93,2.91,182.49,0.0,0.0,0.0,0.0
2019/05/03 13:30,19.5,980.5,0.8,79,0,0.0,19.79,33.5,980.96,2.75,190.17,0.0,0.0,0.0,0.0
2019/05/03 13:45,19.5,980.5,0.8,17,0,0.0,19.57,33.84,980.88,2.8,198.1,0.0,0.0,0.0,0.0
2019/05/03 14:00,19.5,980.5,0.8,134,0,0.0,19.36,34.21,980.8,2.93,203.43,0.0,0.0,0.0,0.0
2019/05/03 14:15,19.5,980.5,0.8,11,0,0.0,19.23,34.58,980.82,2.96,207.85,0.0,0.0,0.0,0.0
2019/05/03 14:30,18.4,980.5,0.8,46,0,0.0,19.14,35.11,980.92,2.74,213.07,0.0,0.0,0.0,0.0
2019/05/03 14:45,18.4,980.5,0.8,133,0,0.0,19.06,35.71,981.06,2.23,219.85,0.0,0.0,0.0,0.0
2019/05/03 15:00,18.4,980.5,0.8,145,0,0.0,19.08,36.12,981.23,1.46,228.74,0.0,0.0,0.0,0.0
2019/05/03 15:15,18.4,980.5,0.8,119,0,0.0,19.04,36.77,981.43,0.75,248.33,0.0,0.0,0.0,0.0
2019/05/03 15:30,18.4,980.5,0.8,134,0,0.0,19.03,37.09,981.64,0.63,27.58,0.0,0.0,0.0,0.0
2019/05/03 15:45,18.4,980.5,0.8,120,0,0.0,19.04,37.36,981.82,1.04,53.78,0.0,0.0,0.0,0.0
2019/05/03 16:00,17.299999,980.5,0.8,136,0,0.0,15.95,43.91,980.95,3.49,305.09,0.0,0.0,0.0,0.0
2019/05/03 16:15,17.299999,980.5,0.8,119,0,0.0,15.8,43.99,980.9,3.47,306.3,0.0,0.0,0.0,0.0
2019/05/03 16:30,17.299999,980.5,0.8,81,0,0.0,15.61,44.26,981.06,3.4,306.25,0.0,0.0,0.0,0.0
2019/05/03 16:45,17.299999,980.5,0.8,339,0,0.0,15.39,44.7,980.78,3.38,299.73,0.0,0.0,0.0,0.0
2019/05/03 17:00,17.299999,980.5,0.8,41,0,0.0,15.2,45.19,980.77,3.42,290.09,0.0,0.0,0.0,0.0
2019/05/03 17:15,16.200001,980.5,0.8,181,0,0.0,15.04,45.64,980.77,3.47,285.77,0.0,0.0,0.0,0.0
2019/05/03 17:30,16.200001,980.5,0.8,70,0,0.0,14.92,45.99,980.8,3.49,285.77,0.0,0.0,0.0,0.0
2019/05/03 17:45,16.200001,980.5,0.8,122,0,0.0,14.81,46.44,981.05,3.53,284.2,0.0,0.0,0.0,0.0
2019/05/03 18:00,16.200001,980.5,0.8,115,0,0.0,14.7,47.03,981.31,3.58,281.5,0.0,0.0,0.0,0.0
2019/05/03 18:15,17.299999,980.5,0.8,156,0,0.0,14.57,47.78,981.2,3.59,280.24,0.0,0.0,0.0,0.0
2019/05/03 18:30,16.200001,980.5,0.8,6,0,0.0,14.46,48.58,981.17,3.57,277.82,0.0,0.0,0.0,0.0
2019/05/03 18:45,16.200001,980.5,0.8,81,0,0.0,14.33,49.68,981.02,3.52,274.31,0.0,0.0,0.0,0.0
2019/05/03 19:00,15.2,980.5,0.8,72,0,0.0,14.23,50.86,980.92,3.46,271.13,0.0,0.0,0.0,0.0
2019/05/04 08:00,28.299999,977.200012,1.8,189,392,389.519989,28.17,29.89,977.48,7.04,155.59,543.64,46.88999999999999,496.75,7.558783999999999
2019/05/04 08:15,28.299999,977.200012,1.6,293,349,354.959991,28.03,30.62,977.35,7.27,157.47,493.35,45.28000000000003,448.07,6.876788
2019/05/04 08:30,28.299999,977.200012,1.9,310,339,354.959991,27.85,31.42,977.28,7.5,158.62,458.67,44.08000000000004,414.59,6.578415
2019/05/04 08:45,28.299999,977.200012,2.9,231,208,223.199997,27.61,32.24,977.28,7.69,158.74,405.26,42.170000000000016,363.09,4.290889
2019/05/04 09:00,28.299999,977.200012,1.9,202,178,188.639999,27.41,32.98,977.32,7.79,158.76,368.87,40.74000000000001,328.13,3.495227
2019/05/04 09:15,28.299999,977.200012,1.1,208,174,190.080002,27.16,33.91,977.36,7.81,158.9,313.61,38.35000000000002,275.26,3.608893
2019/05/04 09:30,28.299999,977.200012,1.1,246,164,175.679993,26.93,34.84,977.32,7.78,157.97,276.54,36.54000000000002,240.0,3.779392
2019/05/04 09:45,27.200001,977.200012,3.1,187,110,114.480003,26.62,35.86,977.23,7.72,155.44,221.03,33.44,187.59,2.543275
2019/05/04 10:00,27.200001,977.200012,2.1,166,68,66.959999,26.32,36.88,977.11,7.57,152.12,184.4,31.03,153.37,1.491865
2019/05/04 10:15,26.1,978.299988,2.9,175,24,26.639999,25.92,38.06,977.08,7.34,149.12,130.69,26.72,103.97,0.412039
2019/05/04 10:30,26.1,978.299988,1.7,250,0,9.360001,25.46,39.46,977.13,7.09,146.48,96.32,23.169999999999987,73.15,0.0
2019/05/04 10:45,26.1,978.299988,2.9,207,0,0.0,24.86,41.13,977.37,6.86,144.79,48.65,16.21,32.44,0.0
2019/05/04 11:00,25.0,978.299988,1.9,201,0,0.0,24.25,42.69,977.65,6.67,145.75,21.48,9.82,11.66,0.0
2019/05/04 11:15,25.0,978.299988,1.6,231,0,0.0,23.7,43.78,977.88,6.46,148.63,0.0,0.0,0.0,0.0
2019/05/04 11:30,25.0,979.400024,1.0,189,0,0.0,23.27,44.91,978.14,6.17,151.16,0.0,0.0,0.0,0.0
2019/05/04 11:45,23.9,979.400024,0.8,220,0,0.0,22.89,46.03,978.4,5.82,153.91,0.0,0.0,0.0,0.0
2019/05/04 12:00,23.9,979.400024,1.7,225,0,0.0,22.55,47.15,978.62,5.39,157.29,0.0,0.0,0.0,0.0
2019/05/04 12:15,23.9,979.400024,1.7,205,0,0.0,22.22,48.35,978.82,4.89,160.63,0.0,0.0,0.0,0.0
2019/05/04 12:30,22.799999,979.400024,0.3,248,0,0.0,21.9,49.61,978.98,4.34,164.69,0.0,0.0,0.0,0.0
2019/05/04 12:45,22.799999,980.5,0.0,1,0,0.0,21.66,50.67,979.19,3.74,168.87,0.0,0.0,0.0,0.0
2019/05/04 13:00,22.799999,980.5,0.3,140,0,0.0,21.45,51.56,979.4,3.08,172.44,0.0,0.0,0.0,0.0
2019/05/04 13:15,22.799999,980.5,0.3,10,0,0.0,21.27,52.26,979.62,2.42,180.58,0.0,0.0,0.0,0.0
2019/05/04 13:30,21.700001,980.5,0.3,97,0,0.0,21.01,53.17,979.75,1.92,208.62,0.0,0.0,0.0,0.0
2019/05/04 13:45,21.700001,980.5,0.3,131,0,0.0,20.74,54.03,979.78,1.76,253.0,0.0,0.0,0.0,0.0
2019/05/04 14:00,20.6,980.5,0.3,145,0,0.0,20.55,54.54,979.69,1.78,267.54,0.0,0.0,0.0,0.0
2019/05/04 14:15,19.5,980.5,0.3,22,0,0.0,20.37,55.09,979.71,1.73,271.17,0.0,0.0,0.0,0.0
2019/05/04 14:30,19.5,980.5,0.3,72,0,0.0,20.17,55.78,979.9,1.69,282.8,0.0,0.0,0.0,0.0
2019/05/04 14:45,19.5,980.5,0.3,80,0,0.0,19.95,56.55,980.1,1.82,294.23,0.0,0.0,0.0,0.0
2019/05/04 15:00,19.5,980.5,0.3,213,0,0.0,19.74,57.35,980.31,2.15,298.01,0.0,0.0,0.0,0.0
2019/05/04 15:15,19.5,980.5,0.3,21,0,0.0,19.47,58.49,980.49,2.59,299.49,0.0,0.0,0.0,0.0
2019/05/04 15:30,19.5,980.5,0.3,104,0,0.0,19.19,59.74,980.75,2.98,302.09,0.0,0.0,0.0,0.0
2019/05/04 15:45,19.5,980.5,0.3,8,0,0.0,18.96,60.85,981.05,3.24,307.8,0.0,0.0,0.0,0.0
2019/05/04 16:00,19.5,980.5,0.3,21,0,0.0,17.75,53.66,981.38,3.2,327.56,0.0,0.0,0.0,0.0
2019/05/04 16:15,19.5,980.5,0.3,190,0,0.0,17.5,54.47,981.58,3.28,323.09,0.0,0.0,0.0,0.0
2019/05/04 16:30,19.5,980.5,0.3,46,0,0.0,17.31,55.02,981.8,3.34,316.45,0.0,0.0,0.0,0.0
2019/05/04 16:45,19.5,980.5,0.3,61,0,0.0,17.13,55.46,981.83,3.39,310.85,0.0,0.0,0.0,0.0
2019/05/04 17:00,19.5,980.5,0.3,124,0,0.0,16.97,55.82,981.72,3.42,306.6,0.0,0.0,0.0,0.0
2019/05/04 17:15,19.5,980.5,0.3,81,0,0.0,16.82,56.17,981.74,3.45,304.12,0.0,0.0,0.0,0.0
2019/05/04 17:30,18.4,980.5,0.3,112,0,0.0,16.68,56.51,982.01,3.45,302.83,0.0,0.0,0.0,0.0
2019/05/04 17:45,18.4,980.5,0.3,151,0,0.0,16.52,56.9,982.21,3.44,302.62,0.0,0.0,0.0,0.0
2019/05/04 18:00,18.4,980.5,0.3,29,0,0.0,16.34,57.37,982.3,3.4,302.25,0.0,0.0,0.0,0.0
2019/05/04 18:15,18.4,980.5,0.3,347,0,0.0,16.18,57.78,982.3,3.35,299.85,0.0,0.0,0.0,0.0
2019/05/04 18:30,18.4,980.5,0.0,344,0,0.0,16.04,58.12,982.47,3.31,296.12,0.0,0.0,0.0,0.0
2019/05/04 18:45,18.4,980.5,0.0,114,0,0.0,15.93,58.36,982.74,3.32,294.13,0.0,0.0,0.0,0.0
2019/05/04 19:00,17.299999,980.5,1.1,141,0,0.0,15.82,58.57,982.89,3.4,293.21,0.0,0.0,0.0,0.0
2019/05/05 08:00,21.700001,987.099976,2.1,331,391,365.040009,20.72,18.75,990.39,7.18,81.57,566.4,47.60000000000002,518.8,7.5872
2019/05/05 08:15,21.700001,987.099976,4.2,176,373,362.160004,20.65,18.5,990.33,7.09,80.86,515.26,45.98000000000002,469.28,7.047287
2019/05/05 08:30,21.700001,987.099976,3.1,271,207,190.800003,20.6,18.6,990.25,6.94,81.14,479.7,44.80000000000001,434.9,4.333513
2019/05/05 08:45,20.6,987.099976,4.7,219,214,212.399994,20.5,18.98,990.24,6.74,81.63,424.67,42.83000000000004,381.84,4.177223000000001
2019/05/05 09:00,20.6,987.099976,3.1,205,173,167.759995,20.43,19.47,990.26,6.54,81.75,387.17,41.38,345.79,3.566268
2019/05/05 09:15,20.6,987.099976,3.0,196,141,144.0,20.29,19.97,990.27,6.36,81.59,330.05,38.96000000000004,291.09,2.642733
2019/05/05 09:30,20.6,988.200012,3.3,232,91,87.120003,20.17,20.43,990.28,6.17,81.45,291.61,37.160000000000025,254.45,1.662364
2019/05/05 09:45,20.6,988.200012,1.2,259,63,65.519997,19.97,20.98,990.26,5.9,81.05,233.97,34.03999999999999,199.93,1.221909
2019/05/05 10:00,20.6,988.200012,4.5,226,55,59.759998,19.79,21.67,990.24,5.47,80.15,195.92,31.619999999999976,164.3,1.037202
2019/05/05 10:15,20.6,988.200012,1.7,193,43,45.360001,19.47,23.0,990.28,4.79,78.38,140.09,27.3,112.79,0.80987
2019/05/05 10:30,19.5,988.200012,2.4,226,31,33.84,19.02,25.43,990.38,3.92,75.5,104.23,23.75,80.48,0.56833
2019/05/05 10:45,19.5,988.200012,1.8,220,13,16.559998999999998,18.18,29.36,990.59,3.15,71.3,54.1,16.840000000000003,37.26,0.2131239999999999
2019/05/05 11:00,19.5,988.200012,1.8,212,0,9.360001,17.57,31.44,990.89,2.73,68.01,25.02,10.53,14.49,0.0
2019/05/05 11:15,19.5,988.200012,1.9,202,0,0.0,17.02,32.45,991.14,2.48,66.53,0.0,0.0,0.0,0.0
2019/05/05 11:30,19.5,988.200012,2.9,210,0,0.0,16.54,33.76,991.41,2.3,65.0,0.0,0.0,0.0,0.0
2019/05/05 11:45,19.5,989.299988,0.7,200,0,0.0,16.11,34.68,991.59,2.35,59.39,0.0,0.0,0.0,0.0
2019/05/05 12:00,19.5,989.299988,0.8,14,0,0.0,15.5,36.34,991.82,2.85,72.15,0.0,0.0,0.0,0.0
2019/05/05 12:15,18.4,989.299988,1.7,168,0,0.0,14.84,38.56,992.18,3.74,104.22,0.0,0.0,0.0,0.0
2019/05/05 12:30,18.4,989.299988,0.7,306,0,0.0,14.34,40.3,992.56,4.35,130.53,0.0,0.0,0.0,0.0
2019/05/05 12:45,18.4,989.299988,0.7,143,0,0.0,13.86,41.72,992.72,4.25,147.02,0.0,0.0,0.0,0.0
2019/05/05 13:00,18.4,990.400024,0.7,242,0,0.0,13.43,42.89,992.92,3.81,156.83,0.0,0.0,0.0,0.0
2019/05/05 13:15,17.299999,990.400024,0.0,197,0,0.0,13.08,43.86,993.18,3.47,165.2,0.0,0.0,0.0,0.0
2019/05/05 13:30,17.299999,990.400024,0.0,157,0,0.0,12.82,44.59,993.35,3.25,173.26,0.0,0.0,0.0,0.0
2019/05/05 13:45,17.299999,990.400024,0.0,194,0,0.0,12.61,45.12,993.36,3.07,181.09,0.0,0.0,0.0,0.0
2019/05/05 14:00,16.200001,990.400024,0.0,167,0,0.0,12.44,45.44,993.36,2.92,187.98,0.0,0.0,0.0,0.0
2019/05/05 14:15,16.200001,991.5,1.1,120,0,0.0,12.31,45.67,993.47,2.84,193.17,0.0,0.0,0.0,0.0
2019/05/05 14:30,16.200001,991.5,0.0,147,0,0.0,12.18,45.85,993.67,2.81,196.7,0.0,0.0,0.0,0.0
2019/05/05 14:45,15.2,991.5,0.0,354,0,0.0,12.06,45.96,993.88,2.8,198.58,0.0,0.0,0.0,0.0
2019/05/05 15:00,15.2,991.5,0.0,337,0,0.0,11.95,46.01,994.1,2.77,199.61,0.0,0.0,0.0,0.0
2019/05/05 15:15,15.2,991.5,0.0,101,0,0.0,11.84,46.0,994.33,2.71,200.74,0.0,0.0,0.0,0.0
2019/05/05 15:30,15.2,991.5,0.0,37,0,0.0,11.73,45.91,994.57,2.63,203.6,0.0,0.0,0.0,0.0
2019/05/05 15:45,15.2,991.5,0.0,99,0,0.0,11.64,45.75,994.8,2.48,208.88,0.0,0.0,0.0,0.0
2019/05/05 16:00,14.1,991.5,0.0,342,0,0.0,12.89,37.43,992.17,1.15,327.8,0.0,0.0,0.0,0.0
2019/05/05 16:15,14.1,991.5,0.0,78,0,0.0,12.72,38.1,992.46,1.34,318.8,0.0,0.0,0.0,0.0
2019/05/05 16:30,14.1,991.5,0.0,130,0,0.0,12.5,38.89,992.9,1.63,311.18,0.0,0.0,0.0,0.0
2019/05/05 16:45,14.1,991.5,0.0,111,0,0.0,12.21,39.76,992.96,2.04,308.41,0.0,0.0,0.0,0.0
2019/05/05 17:00,14.1,991.5,0.0,36,0,0.0,11.82,40.75,992.95,2.45,308.48,0.0,0.0,0.0,0.0
2019/05/05 17:15,14.1,991.5,0.0,121,0,0.0,11.51,41.39,993.08,2.68,310.67,0.0,0.0,0.0,0.0
2019/05/05 17:30,14.1,991.5,0.0,136,0,0.0,11.22,41.93,993.16,2.74,314.5,0.0,0.0,0.0,0.0
2019/05/05 17:45,14.1,991.5,0.0,279,0,0.0,11.01,42.4,993.37,2.69,318.2,0.0,0.0,0.0,0.0
2019/05/05 18:00,14.1,991.5,0.0,159,0,0.0,10.79,42.93,993.41,2.67,318.31,0.0,0.0,0.0,0.0
2019/05/05 18:15,14.1,991.5,0.0,92,0,0.0,10.58,43.5,993.58,2.74,315.68,0.0,0.0,0.0,0.0
2019/05/05 18:30,14.1,991.5,0.0,17,0,0.0,10.34,44.08,993.53,2.84,312.94,0.0,0.0,0.0,0.0
2019/05/05 18:45,14.1,991.5,0.0,129,0,0.0,10.11,44.62,993.45,2.96,310.4,0.0,0.0,0.0,0.0
2019/05/05 19:00,14.1,991.5,0.0,170,0,0.0,9.89,45.07,993.5,3.12,306.87,0.0,0.0,0.0,0.0
2019/05/06 08:00,21.700001,987.099976,1.1,310,320,300.23999,21.42,21.48,988.84,5.1,146.18,567.16,47.559999999999945,519.6,6.422125
2019/05/06 08:15,20.6,987.099976,3.3,259,276,254.160004,21.4,21.63,988.64,5.45,145.61,515.56,45.96999999999997,469.59,5.583838
2019/05/06 08:30,20.6,987.099976,0.6,231,268,267.839996,21.37,21.86,988.39,5.74,145.31,479.87,44.75,435.12,5.41334
2019/05/06 08:45,20.6,987.099976,1.7,231,226,231.839996,21.3,22.19,988.19,5.96,145.39,424.85,42.81,382.04,4.646095
2019/05/06 09:00,20.6,986.0,1.6,237,199,213.119995,21.23,22.5,988.02,6.11,146.04,387.33,41.370000000000005,345.96,4.36193
2019/05/06 09:15,20.6,986.0,3.4,192,157,167.759995,21.12,22.86,987.84,6.23,146.9,330.19,38.94999999999999,291.24,3.282104
2019/05/06 09:30,20.6,986.0,3.0,212,123,130.320007,21.01,23.24,987.66,6.36,147.58,291.79,37.150000000000034,254.64,2.841648
2019/05/06 09:45,20.6,986.0,1.2,269,97,97.199997,20.79,23.71,987.46,6.45,148.51,234.31,34.06999999999999,200.24,2.131236
2019/05/06 10:00,20.6,986.0,2.6,239,77,79.920013,20.55,24.22,987.25,6.41,149.85,196.43,31.680000000000007,164.75,1.690781
2019/05/06 10:15,20.6,986.0,1.6,187,55,59.759998,20.16,25.1,987.03,6.22,150.73,140.93,27.41000000000001,113.52,1.150867
2019/05/06 10:30,20.6,986.0,2.2,173,35,41.040001,19.68,26.25,986.86,5.95,151.41,105.34,23.930000000000007,81.41,0.696204
2019/05/06 10:45,20.6,986.0,1.0,209,17,22.32,19.0,27.56,986.86,5.64,151.79,55.57,17.160000000000004,38.41,0.326789
2019/05/06 11:00,19.5,986.0,0.0,35,0,9.360001,18.29,28.73,986.95,5.26,152.12,26.58,11.009999999999998,15.57,0.0
2019/05/06 11:15,19.5,986.0,0.0,304,0,0.0,17.59,29.25,987.05,4.78,153.64,0.0,0.0,0.0,0.0
2019/05/06 11:30,18.4,986.0,0.0,149,0,0.0,17.07,29.79,987.17,4.27,156.6,0.0,0.0,0.0,0.0
2019/05/06 11:45,18.4,986.0,0.0,106,0,0.0,16.68,30.37,987.28,3.8,160.55,0.0,0.0,0.0,0.0
2019/05/06 12:00,18.4,986.0,0.0,119,0,0.0,16.38,30.91,987.36,3.41,166.47,0.0,0.0,0.0,0.0
2019/05/06 12:15,17.299999,986.0,0.0,122,0,0.0,16.17,31.32,987.46,3.09,174.34,0.0,0.0,0.0,0.0
2019/05/06 12:30,17.299999,986.0,0.0,162,0,0.0,16.03,31.55,987.55,2.81,182.01,0.0,0.0,0.0,0.0
2019/05/06 12:45,16.200001,986.0,0.0,122,0,0.0,15.92,31.64,987.6,2.58,187.87,0.0,0.0,0.0,0.0
2019/05/06 13:00,16.200001,986.0,0.0,126,0,0.0,15.81,31.71,987.62,2.41,193.31,0.0,0.0,0.0,0.0
2019/05/06 13:15,16.200001,986.0,0.0,168,0,0.0,15.67,31.86,987.62,2.34,199.55,0.0,0.0,0.0,0.0
2019/05/06 13:30,16.200001,986.0,0.0,305,0,0.0,15.5,32.21,987.59,2.31,207.76,0.0,0.0,0.0,0.0
2019/05/06 13:45,16.200001,986.0,0.0,2,0,0.0,15.26,32.95,987.44,2.17,221.9,0.0,0.0,0.0,0.0
2019/05/06 14:00,16.200001,986.0,0.0,115,0,0.0,14.86,34.41,987.35,2.11,259.49,0.0,0.0,0.0,0.0
2019/05/06 14:15,16.200001,986.0,0.0,74,0,0.0,14.28,36.71,987.41,2.43,298.18,0.0,0.0,0.0,0.0
2019/05/06 14:30,15.2,986.0,0.0,120,0,0.0,13.88,38.71,987.47,2.81,309.55,0.0,0.0,0.0,0.0
2019/05/06 14:45,15.2,986.0,0.0,120,0,0.0,13.7,39.99,987.49,2.96,309.7,0.0,0.0,0.0,0.0
2019/05/06 15:00,15.2,986.0,0.0,94,0,0.0,13.55,40.95,987.49,3.01,308.88,0.0,0.0,0.0,0.0
2019/05/06 15:15,15.2,986.0,0.0,25,0,0.0,13.39,41.67,987.53,3.04,308.45,0.0,0.0,0.0,0.0
2019/05/06 15:30,15.2,986.0,0.0,144,0,0.0,13.25,42.15,987.6,2.98,306.97,0.0,0.0,0.0,0.0
2019/05/06 15:45,15.2,986.0,0.0,125,0,0.0,13.09,42.68,987.69,2.78,302.62,0.0,0.0,0.0,0.0
2019/05/06 16:00,14.1,986.0,0.0,7,0,0.0,12.57,44.93,986.68,2.91,290.46,0.0,0.0,0.0,0.0
2019/05/06 16:15,14.1,986.0,0.0,53,0,0.0,12.47,45.35,986.61,2.84,291.15,0.0,0.0,0.0,0.0
2019/05/06 16:30,14.1,986.0,0.0,134,0,0.0,12.43,45.48,986.81,2.76,289.21,0.0,0.0,0.0,0.0
2019/05/06 16:45,14.1,986.0,0.0,99,0,0.0,12.36,45.59,986.74,2.73,282.37,0.0,0.0,0.0,0.0
2019/05/06 17:00,14.1,986.0,0.0,23,0,0.0,12.28,45.67,986.61,2.78,273.12,0.0,0.0,0.0,0.0
2019/05/06 17:15,14.1,986.0,0.0,160,0,0.0,12.2,45.77,986.42,2.86,266.79,0.0,0.0,0.0,0.0
2019/05/06 17:30,13.0,986.0,0.0,121,0,0.0,12.16,45.73,986.32,2.89,263.75,0.0,0.0,0.0,0.0
2019/05/06 17:45,13.0,986.0,0.0,32,0,0.0,12.17,45.55,986.39,2.85,263.98,0.0,0.0,0.0,0.0
2019/05/06 18:00,13.0,986.0,0.0,109,0,0.0,12.22,45.29,986.45,2.74,263.83,0.0,0.0,0.0,0.0
2019/05/06 18:15,13.0,986.0,0.0,71,0,0.0,12.21,45.2,986.43,2.67,262.49,0.0,0.0,0.0,0.0
2019/05/06 18:30,13.0,986.0,0.0,171,0,0.0,12.14,45.31,986.4,2.7,260.81,0.0,0.0,0.0,0.0
2019/05/06 18:45,13.0,986.0,0.0,115,0,0.0,12.05,45.52,986.38,2.8,261.4,0.0,0.0,0.0,0.0
2019/05/06 19:00,13.0,986.0,0.0,39,0,0.0,11.93,45.82,986.34,2.93,263.11,0.0,0.0,0.0,0.0
2019/05/07 08:00,25.0,979.400024,4.9,202,266,247.679993,25.64,23.45,980.59,6.0,145.71,557.45,46.52000000000004,510.93,5.796962000000001
2019/05/07 08:15,25.0,979.400024,2.9,194,283,276.480011,25.62,23.09,980.33,6.2,146.48,510.1,45.60000000000002,464.5,6.038501999999999
2019/05/07 08:30,25.0,979.400024,1.4,260,279,272.880005,25.61,22.58,980.06,6.39,147.72,475.7,44.77999999999997,430.92,5.640671
2019/05/07 08:45,25.0,979.400024,2.4,255,235,236.880005,25.56,21.99,979.9,6.6,149.39,424.08,42.47999999999996,381.6,4.688719
2019/05/07 09:00,25.0,979.400024,2.7,233,205,215.27999900000003,25.47,21.35,979.79,6.84,151.18,382.99,41.900000000000034,341.09,4.049348
2019/05/07 09:15,25.0,979.400024,1.9,341,163,172.800003,25.29,20.84,979.69,7.05,152.6,328.49,38.400000000000034,290.09,3.424186
2019/05/07 09:30,25.0,979.400024,2.2,8,113,117.360001,25.06,20.52,979.58,7.15,153.45,288.44,36.34,252.1,2.415401
2019/05/07 09:45,23.9,978.299988,0.4,97,93,95.760002,24.7,20.49,979.43,7.1,154.16,229.63,33.00999999999999,196.62,1.960737
2019/05/07 10:00,23.9,978.299988,0.7,180,73,78.480003,24.34,20.73,979.28,6.89,154.51,190.42,30.289999999999992,160.13,1.506073
2019/05/07 10:15,23.9,978.299988,1.0,302,55,61.200001,23.8,21.42,979.14,6.6,153.94,133.23,26.419999999999987,106.81,1.108243
2019/05/07 10:30,23.9,978.299988,1.1,325,35,42.48,23.23,22.21,979.04,6.29,153.45,100.19,22.370000000000005,77.82,0.696204
2019/05/07 10:45,22.799999,978.299988,0.7,121,19,25.200001,22.48,23.07,979.08,5.95,153.43,53.08,16.03,37.05,0.340998
2019/05/07 11:00,22.799999,978.299988,0.7,352,0,12.24,21.76,23.7,979.19,5.59,154.3,25.98,10.46,15.52,0.0
2019/05/07 11:15,21.700001,978.299988,0.6,118,0,0.0,21.05,23.68,979.28,5.22,156.77,0.0,0.0,0.0,0.0
2019/05/07 11:30,21.700001,978.299988,0.6,100,0,0.0,20.5,23.8,979.33,4.88,160.76,0.0,0.0,0.0,0.0
2019/05/07 11:45,20.6,978.299988,0.6,127,0,0.0,20.04,24.03,979.34,4.55,166.47,0.0,0.0,0.0,0.0
2019/05/07 12:00,19.5,978.299988,0.6,12,0,0.0,19.63,24.28,979.35,4.25,173.55,0.0,0.0,0.0,0.0
2019/05/07 12:15,19.5,978.299988,0.6,12,0,0.0,19.28,24.51,979.36,3.99,181.67,0.0,0.0,0.0,0.0
2019/05/07 12:30,19.5,978.299988,0.6,135,0,0.0,18.97,24.63,979.36,3.77,190.11,0.0,0.0,0.0,0.0
2019/05/07 12:45,19.5,978.299988,0.6,106,0,0.0,18.69,24.57,979.36,3.62,197.27,0.0,0.0,0.0,0.0
2019/05/07 13:00,18.4,978.299988,0.6,89,0,0.0,18.49,24.31,979.35,3.54,202.28,0.0,0.0,0.0,0.0
2019/05/07 13:15,18.4,978.299988,0.6,122,0,0.0,18.29,24.06,979.31,3.5,206.16,0.0,0.0,0.0,0.0
2019/05/07 13:30,18.4,978.299988,0.6,51,0,0.0,18.11,23.92,979.26,3.47,210.17,0.0,0.0,0.0,0.0
2019/05/07 13:45,18.4,978.299988,0.6,120,0,0.0,17.96,23.99,979.14,3.52,213.47,0.0,0.0,0.0,0.0
2019/05/07 14:00,18.4,978.299988,0.6,132,0,0.0,17.86,24.34,978.96,3.64,214.42,0.0,0.0,0.0,0.0
2019/05/07 14:15,18.4,978.299988,0.6,108,0,0.0,17.79,25.24,978.81,3.8,215.89,0.0,0.0,0.0,0.0
2019/05/07 14:30,18.4,978.299988,0.6,125,0,0.0,17.79,26.74,978.79,3.96,223.97,0.0,0.0,0.0,0.0
2019/05/07 14:45,18.4,978.299988,0.6,88,0,0.0,17.79,28.75,978.85,4.05,234.07,0.0,0.0,0.0,0.0
2019/05/07 15:00,18.4,978.299988,0.6,110,0,0.0,17.75,30.77,978.93,4.04,240.45,0.0,0.0,0.0,0.0
2019/05/07 15:15,18.4,978.299988,0.6,44,0,0.0,17.75,32.37,979.04,4.03,245.08,0.0,0.0,0.0,0.0
2019/05/07 15:30,18.4,978.299988,0.6,77,0,0.0,17.77,33.64,979.14,4.17,247.52,0.0,0.0,0.0,0.0
2019/05/07 15:45,17.299999,978.299988,0.6,141,0,0.0,17.72,34.9,979.18,4.42,247.31,0.0,0.0,0.0,0.0
2019/05/07 16:00,17.299999,978.299988,0.6,141,0,0.0,15.26,35.22,978.89,1.61,254.8,0.0,0.0,0.0,0.0
2019/05/07 16:15,17.299999,978.299988,0.6,58,0,0.0,15.36,36.14,978.59,1.48,247.5,0.0,0.0,0.0,0.0
2019/05/07 16:30,17.299999,978.299988,0.5,331,0,0.0,15.53,36.92,978.69,1.47,252.67,0.0,0.0,0.0,0.0
2019/05/07 16:45,16.200001,978.299988,0.5,53,0,0.0,15.67,37.76,978.59,1.66,263.04,0.0,0.0,0.0,0.0
2019/05/07 17:00,16.200001,978.299988,0.5,143,0,0.0,15.88,38.38,978.69,2.07,264.06,0.0,0.0,0.0,0.0
2019/05/07 17:15,16.200001,978.299988,0.5,78,0,0.0,16.06,39.15,978.67,2.7,260.77,0.0,0.0,0.0,0.0
2019/05/07 17:30,16.200001,978.299988,0.5,129,0,0.0,16.05,40.52,978.4,3.44,258.16,0.0,0.0,0.0,0.0
2019/05/07 17:45,16.200001,978.299988,0.5,129,0,0.0,15.98,42.03,978.37,4.04,256.67,0.0,0.0,0.0,0.0
2019/05/07 18:00,16.200001,977.200012,0.5,124,0,0.0,15.81,43.56,978.34,4.36,255.77,0.0,0.0,0.0,0.0
2019/05/07 18:15,16.200001,977.200012,0.5,93,0,0.0,15.62,44.86,978.03,4.45,253.24,0.0,0.0,0.0,0.0
2019/05/07 18:30,16.200001,977.200012,0.5,164,0,0.0,15.36,46.21,977.86,4.48,249.74,0.0,0.0,0.0,0.0
2019/05/07 18:45,16.200001,977.200012,0.5,154,0,0.0,15.23,47.05,977.63,4.55,247.3,0.0,0.0,0.0,0.0
2019/05/07 19:00,16.200001,977.200012,0.5,76,0,0.0,15.11,47.77,977.55,4.68,245.23,0.0,0.0,0.0,0.0
2019/05/08 08:00,25.0,975.0,2.4,184,178,190.080002,25.5,30.56,973.64,5.77,280.41,340.55,29.27000000000004,311.28,3.566268
2019/05/08 08:15,25.0,975.0,0.6,173,124,135.360001,25.28,31.51,973.53,6.29,285.51,317.68,32.44,285.24,2.770607
2019/05/08 08:30,22.799999,975.0,2.1,72,102,116.639999,25.09,32.07,973.43,6.81,293.46,315.12,29.920000000000016,285.2,2.244902
2019/05/08 08:45,22.799999,975.0,5.8,124,98,110.879997,24.89,32.08,973.37,7.09,301.34,286.58,29.529999999999973,257.05,2.074403
2019/05/08 09:00,22.799999,975.0,1.1,166,110,123.839996,24.8,31.4,973.37,7.09,308.39,272.14,29.98999999999998,242.15,2.25911
2019/05/08 09:15,21.700001,975.0,0.6,337,120,131.03999299999998,24.72,30.58,973.33,6.89,313.73,248.15,29.480000000000015,218.67,2.486442
2019/05/08 09:30,21.700001,975.0,1.3,60,116,122.400002,24.65,29.95,973.29,6.57,317.1,226.9,28.75,198.15,2.358568
2019/05/08 09:45,21.700001,975.0,1.5,195,86,87.839996,24.51,29.82,973.23,6.11,319.48,182.14,26.389999999999983,155.75,1.733405
2019/05/08 10:00,21.700001,975.0,1.9,44,50,50.400002,24.37,29.89,973.18,5.53,321.3,144.43,24.05000000000001,120.38,0.96616
2019/05/08 10:15,21.700001,975.0,2.2,130,30,30.24,24.09,30.61,973.18,4.9,321.42,99.02,19.22,79.8,0.525705
2019/05/08 10:30,21.700001,975.0,1.2,44,18,20.16,23.65,32.13,973.19,4.36,318.86,67.85,15.209999999999994,52.64,0.312581
2019/05/08 10:45,21.700001,975.0,0.0,58,10,14.4,22.89,34.26,973.34,4.14,314.35,32.81,10.05,22.76,0.1420819999999999
2019/05/08 11:00,21.700001,975.0,1.4,127,0,10.08,22.15,36.02,973.6,4.54,311.83,15.07,6.200000000000001,8.87,0.0
2019/05/08 11:15,21.700001,975.0,0.3,44,0,0.0,21.42,36.94,973.98,5.57,315.24,0.03,0.03,0.0,0.0
2019/05/08 11:30,20.6,975.0,0.0,23,0,0.0,20.86,38.02,974.29,6.51,317.39,0.0,0.0,0.0,0.0
2019/05/08 11:45,20.6,976.099976,1.2,97,0,0.0,20.28,40.02,974.53,6.93,315.74,0.0,0.0,0.0,0.0
2019/05/08 12:00,20.6,976.099976,1.1,133,0,0.0,19.85,42.01,974.75,7.07,311.92,0.0,0.0,0.0,0.0
2019/05/08 12:15,20.6,976.099976,1.0,107,0,0.0,19.59,43.05,974.92,7.14,308.55,0.0,0.0,0.0,0.0
2019/05/08 12:30,20.6,976.099976,1.0,107,0,0.0,19.43,43.14,975.09,7.13,306.0,0.0,0.0,0.0,0.0
2019/05/08 12:45,19.5,976.099976,1.0,85,0,0.0,19.31,42.64,975.25,7.03,303.87,0.0,0.0,0.0,0.0
2019/05/08 13:00,19.5,976.099976,1.0,28,0,0.0,19.2,41.96,975.39,6.83,301.98,0.0,0.0,0.0,0.0
2019/05/08 13:15,19.5,976.099976,1.8,170,0,0.0,19.07,41.44,975.49,6.57,300.11,0.0,0.0,0.0,0.0
2019/05/08 13:30,19.5,976.099976,1.3,39,0,0.0,18.92,41.04,975.56,6.27,297.76,0.0,0.0,0.0,0.0
2019/05/08 13:45,18.4,976.099976,1.2,114,0,0.0,18.79,40.66,975.5,5.95,295.1,0.0,0.0,0.0,0.0
2019/05/08 14:00,18.4,976.099976,0.0,115,0,0.0,18.63,40.46,975.49,5.63,292.64,0.0,0.0,0.0,0.0
2019/05/08 14:15,18.4,976.099976,1.6,128,0,0.0,18.43,40.46,975.58,5.31,289.91,0.0,0.0,0.0,0.0
2019/05/08 14:30,18.4,976.099976,0.8,141,0,0.0,18.11,40.96,975.72,4.99,286.4,0.0,0.0,0.0,0.0
2019/05/08 14:45,18.4,976.099976,0.8,76,0,0.0,17.77,41.77,975.85,4.67,281.85,0.0,0.0,0.0,0.0
2019/05/08 15:00,17.299999,976.099976,1.1,132,0,0.0,17.33,43.13,975.96,4.38,276.24,0.0,0.0,0.0,0.0
2019/05/08 15:15,17.299999,976.099976,0.7,90,0,0.0,16.89,44.59,976.1,4.1,271.36,0.0,0.0,0.0,0.0
2019/05/08 15:30,17.299999,976.099976,1.1,128,0,0.0,16.6,45.61,976.25,3.91,270.39,0.0,0.0,0.0,0.0
2019/05/08 15:45,17.299999,976.099976,1.7,146,0,0.0,16.42,46.08,976.43,3.95,276.2,0.0,0.0,0.0,0.0
2019/05/08 16:00,17.299999,976.099976,0.4,116,0,0.0,17.32,40.12,976.42,6.45,295.98,0.0,0.0,0.0,0.0
2019/05/08 16:15,17.299999,976.099976,1.1,169,0,0.0,17.05,40.21,976.37,5.81,292.69,0.0,0.0,0.0,0.0
2019/05/08 16:30,17.299999,976.099976,1.4,91,0,0.0,16.79,40.3,976.61,5.33,287.74,0.0,0.0,0.0,0.0
2019/05/08 16:45,16.200001,976.099976,0.0,148,0,0.0,16.61,40.13,976.63,5.14,283.45,0.0,0.0,0.0,0.0
2019/05/08 17:00,16.200001,976.099976,0.0,149,0,0.0,16.57,39.56,976.83,5.11,280.38,0.0,0.0,0.0,0.0
2019/05/08 17:15,16.200001,976.099976,0.9,325,0,0.0,16.52,39.04,976.77,5.14,278.86,0.0,0.0,0.0,0.0
2019/05/08 17:30,16.200001,976.099976,0.9,51,0,0.0,16.51,38.41,976.68,5.15,279.48,0.0,0.0,0.0,0.0
2019/05/08 17:45,16.200001,976.099976,1.8,93,0,0.0,16.49,37.91,976.94,5.13,280.89,0.0,0.0,0.0,0.0
2019/05/08 18:00,16.200001,976.099976,0.7,39,0,0.0,16.48,37.51,977.06,5.12,283.25,0.0,0.0,0.0,0.0
2019/05/08 18:15,16.200001,976.099976,0.4,23,0,0.0,16.47,37.3,976.95,5.14,284.74,0.0,0.0,0.0,0.0
2019/05/08 18:30,16.200001,976.099976,1.1,117,0,0.0,16.43,37.36,976.83,5.16,284.88,0.0,0.0,0.0,0.0
2019/05/08 18:45,16.200001,976.099976,0.3,99,0,0.0,16.36,37.56,976.81,5.17,284.69,0.0,0.0,0.0,0.0
2019/05/08 19:00,16.200001,976.099976,0.0,14,0,0.0,16.3,37.74,976.85,5.13,283.74,0.0,0.0,0.0,0.0
2019/05/09 08:00,28.4,974.0,1.3,196,462,472.320007,27.89,12.56,974.49,3.34,127.07,580.9,47.20999999999992,533.69,8.738068
2019/05/09 08:15,28.4,974.0,2.7,246,410,434.160004,27.84,12.61,974.39,3.48,127.24,528.96,45.650000000000034,483.31,7.700866
2019/05/09 08:30,28.4,974.0,2.6,307,352,385.920013,27.79,12.71,974.27,3.59,127.19,493.05,44.50999999999999,448.54,6.706289
2019/05/09 08:45,28.4,974.0,2.7,300,281,320.399994,27.69,12.87,974.19,3.67,126.84,437.63,42.610000000000014,395.02,5.711713
2019/05/09 09:00,28.4,974.0,1.9,235,242,290.880005,27.6,13.06,974.13,3.75,126.33,399.92,41.23000000000002,358.69,4.901843
2019/05/09 09:15,28.4,974.0,2.6,324,202,262.799988,27.44,13.35,974.07,3.84,125.95,342.58,38.90999999999997,303.67,4.134598
2019/05/09 09:30,28.4,974.0,2.0,274,90,174.240005,27.28,13.76,973.99,3.92,126.34,304.07,37.18000000000001,266.89,3.182646
2019/05/09 09:45,27.299999,974.0,0.0,32,79,66.959999,27.03,14.49,973.89,3.9,128.02,246.28,34.22,212.06,2.529067
2019/05/09 10:00,27.299999,974.0,1.3,212,75,66.959999,26.72,16.09,973.8,3.62,130.61,208.02,31.930000000000007,176.09,2.045987
2019/05/09 10:15,27.299999,974.0,0.7,201,63,59.759998,26.1,19.34,973.75,3.2,132.54,151.68,27.88000000000001,123.8,1.591323
2019/05/09 10:30,26.200001,974.0,0.4,353,27,29.52,25.44,21.83,973.72,3.05,135.6,115.33,24.58,90.75,0.625163
2019/05/09 10:45,26.200001,974.0,0.0,108,23,29.52,24.64,22.93,973.76,3.24,139.54,64.04,18.230000000000004,45.81,0.511497
2019/05/09 11:00,26.200001,974.0,0.0,111,11,16.559998999999998,23.88,23.59,973.81,3.5,144.04,33.54,12.52,21.02,0.24154
2019/05/09 11:15,25.1,974.0,1.0,128,0,0.0,23.1,23.42,973.84,3.65,149.32,0.83,0.7799999999999999,0.05,0.0
2019/05/09 11:30,24.0,974.0,1.0,355,0,0.0,22.43,23.68,973.9,3.69,155.93,0.0,0.0,0.0,0.0
2019/05/09 11:45,24.0,974.0,1.0,119,0,0.0,21.77,24.08,973.95,3.64,165.19,0.0,0.0,0.0,0.0
2019/05/09 12:00,24.0,974.0,1.0,82,0,0.0,21.11,24.58,974.02,3.56,178.45,0.0,0.0,0.0,0.0
2019/05/09 12:15,24.0,974.0,1.0,138,0,0.0,20.52,25.04,974.14,3.52,193.78,0.0,0.0,0.0,0.0
2019/05/09 12:30,24.0,974.0,1.0,115,0,0.0,20.07,25.33,974.29,3.53,208.29,0.0,0.0,0.0,0.0
2019/05/09 12:45,22.9,974.0,1.0,92,0,0.0,19.75,25.47,974.41,3.61,220.33,0.0,0.0,0.0,0.0
2019/05/09 13:00,21.799999,975.099976,1.0,124,0,0.0,19.52,25.6,974.53,3.74,228.64,0.0,0.0,0.0,0.0
2019/05/09 13:15,20.700001,975.099976,1.0,13,0,0.0,19.32,25.94,974.65,3.92,233.9,0.0,0.0,0.0,0.0
2019/05/09 13:30,20.700001,975.099976,1.0,70,0,0.0,19.13,26.54,974.78,4.07,236.41,0.0,0.0,0.0,0.0
2019/05/09 13:45,20.700001,975.099976,1.0,121,0,0.0,19.0,27.35,974.85,4.1,236.4,0.0,0.0,0.0,0.0
2019/05/09 14:00,20.700001,975.099976,1.0,26,0,0.0,18.85,28.44,974.92,4.06,234.46,0.0,0.0,0.0,0.0
2019/05/09 14:15,20.700001,975.099976,1.0,134,0,0.0,18.72,29.61,975.02,4.13,231.42,0.0,0.0,0.0,0.0
2019/05/09 14:30,20.700001,975.099976,1.0,81,0,0.0,18.69,30.69,975.16,4.3,228.54,0.0,0.0,0.0,0.0
2019/05/09 14:45,20.700001,975.099976,1.0,79,0,0.0,18.68,31.73,975.22,4.45,227.37,0.0,0.0,0.0,0.0
2019/05/09 15:00,20.700001,975.099976,1.0,168,0,0.0,18.65,32.72,975.29,4.58,228.49,0.0,0.0,0.0,0.0
2019/05/09 15:15,20.700001,975.099976,1.0,132,0,0.0,18.67,33.36,975.37,4.67,230.75,0.0,0.0,0.0,0.0
2019/05/09 15:30,20.700001,975.099976,1.0,122,0,0.0,18.64,33.86,975.44,4.69,232.42,0.0,0.0,0.0,0.0
2019/05/09 15:45,19.6,975.099976,1.0,96,0,0.0,18.54,34.29,975.5,4.6,233.58,0.0,0.0,0.0,0.0
2019/05/09 16:00,18.5,975.099976,1.0,134,0,0.0,17.4,36.2,975.28,3.99,210.2,0.0,0.0,0.0,0.0
2019/05/09 16:15,18.5,975.099976,1.0,98,0,0.0,17.16,36.95,975.11,3.93,206.18,0.0,0.0,0.0,0.0
2019/05/09 16:30,19.6,975.099976,1.0,63,0,0.0,16.97,37.66,975.21,3.85,202.74,0.0,0.0,0.0,0.0
2019/05/09 16:45,19.6,975.099976,1.0,118,0,0.0,16.94,38.02,975.09,3.72,200.64,0.0,0.0,0.0,0.0
2019/05/09 17:00,18.5,975.099976,1.0,107,0,0.0,16.76,38.82,974.88,3.51,199.23,0.0,0.0,0.0,0.0
2019/05/09 17:15,18.5,975.099976,1.0,88,0,0.0,16.63,39.49,974.53,3.24,199.69,0.0,0.0,0.0,0.0
2019/05/09 17:30,18.5,975.099976,1.0,5,0,0.0,16.63,39.82,974.47,2.96,201.52,0.0,0.0,0.0,0.0
2019/05/09 17:45,18.5,975.099976,1.0,94,0,0.0,16.66,40.04,974.66,2.64,204.88,0.0,0.0,0.0,0.0
2019/05/09 18:00,18.5,975.099976,1.0,101,0,0.0,16.77,40.06,974.91,2.25,211.14,0.0,0.0,0.0,0.0
2019/05/09 18:15,17.4,974.0,1.0,44,0,0.0,16.83,40.14,974.87,1.92,216.11,0.0,0.0,0.0,0.0
2019/05/09 18:30,17.4,974.0,1.0,63,0,0.0,16.81,40.38,974.7,1.75,219.19,0.0,0.0,0.0,0.0
2019/05/09 18:45,17.4,974.0,1.0,88,0,0.0,16.76,40.64,974.74,1.7,220.76,0.0,0.0,0.0,0.0
2019/05/09 19:00,18.5,974.0,1.0,119,0,0.0,16.64,41.08,974.55,1.66,221.0,0.0,0.0,0.0,0.0
2019/05/10 08:00,26.200001,974.0,0.6,145,182,192.960007,27.07,24.55,973.38,5.25,222.19,513.88,42.93000000000001,470.95,4.12039
2019/05/10 08:15,26.200001,974.0,4.5,155,302,326.880005,27.02,24.82,973.41,5.13,242.31,476.49,42.34000000000003,434.15,5.257048999999999
2019/05/10 08:30,26.200001,974.0,0.7,356,170,173.520004,26.9,25.33,973.4,5.28,262.37,424.51,39.46999999999997,385.04,3.694143
2019/05/10 08:45,26.200001,974.0,0.8,119,164,169.199997,26.71,25.75,973.37,5.23,275.42,344.91,34.610000000000014,310.3,3.537852
2019/05/10 09:00,26.200001,974.0,0.6,120,130,137.520004,26.59,25.8,973.34,4.68,280.4,285.46,30.30999999999997,255.15,2.5574830000000004
2019/05/10 09:15,25.1,974.0,1.2,13,110,111.599998,26.49,25.75,973.28,3.96,277.08,226.1,26.44999999999999,199.65,2.25911
2019/05/10 09:30,24.0,975.099976,1.2,86,108,108.720001,26.42,25.7,973.24,3.43,266.48,191.09,24.069999999999997,167.02,2.216486
2019/05/10 09:45,22.9,975.099976,1.7,281,94,97.199997,26.28,26.01,973.19,3.09,252.38,150.44,21.55000000000001,128.89,2.031778
2019/05/10 10:00,22.9,975.099976,1.1,182,82,81.360001,26.13,27.54,973.12,2.72,237.07,125.21,19.83999999999999,105.37,1.7618220000000002
2019/05/10 10:15,22.9,975.099976,0.9,44,44,43.919998,25.75,30.54,973.04,2.39,221.38,91.76,17.41000000000001,74.35,0.895119
2019/05/10 10:30,21.799999,975.099976,1.9,16,38,39.599998,25.29,32.2,973.02,2.33,212.81,72.92,16.03,56.89,0.767245
2019/05/10 10:45,21.799999,975.099976,2.1,116,22,26.639999,24.8,32.41,973.11,2.5,217.02,44.87,13.169999999999998,31.7,0.3694139999999999
2019/05/10 11:00,21.799999,975.099976,1.0,95,10,15.12,24.24,33.19,973.29,2.81,229.55,27.11,10.4,16.71,0.156291
2019/05/10 11:15,21.799999,975.099976,0.7,95,0,0.0,23.45,34.14,973.44,3.2,239.99,1.46,1.28,0.18,0.0
2019/05/10 11:30,20.700001,975.099976,2.3,72,0,0.0,22.71,35.52,973.64,3.46,246.35,0.0,0.0,0.0,0.0
2019/05/10 11:45,20.700001,975.099976,1.2,131,0,0.0,22.1,36.83,973.8,3.54,249.86,0.0,0.0,0.0,0.0
2019/05/10 12:00,19.6,975.099976,1.2,69,0,0.0,21.54,38.17,973.98,3.61,252.75,0.0,0.0,0.0,0.0
2019/05/10 12:15,19.6,975.099976,1.4,127,0,0.0,20.99,39.71,974.17,3.78,257.36,0.0,0.0,0.0,0.0
2019/05/10 12:30,19.6,976.200012,1.5,57,0,0.0,20.42,41.38,974.39,3.95,259.69,0.0,0.0,0.0,0.0
2019/05/10 12:45,19.6,976.200012,1.2,56,0,0.0,19.94,42.85,974.56,4.01,258.36,0.0,0.0,0.0,0.0
2019/05/10 13:00,19.6,976.200012,1.9,114,0,0.0,19.48,44.38,974.7,4.0,255.82,0.0,0.0,0.0,0.0
2019/05/10 13:15,19.6,976.200012,2.4,86,0,0.0,18.99,46.03,974.83,3.93,254.9,0.0,0.0,0.0,0.0
2019/05/10 13:30,19.6,976.200012,1.7,122,0,0.0,18.58,47.36,974.93,3.82,255.87,0.0,0.0,0.0,0.0
2019/05/10 13:45,19.6,976.200012,0.9,93,0,0.0,18.28,48.1,974.95,3.7,256.68,0.0,0.0,0.0,0.0
2019/05/10 14:00,18.5,976.200012,0.9,80,0,0.0,18.04,48.51,974.99,3.63,257.95,0.0,0.0,0.0,0.0
2019/05/10 14:15,18.5,976.200012,2.0,111,0,0.0,17.84,48.79,975.11,3.6,259.93,0.0,0.0,0.0,0.0
2019/05/10 14:30,18.5,976.200012,0.8,131,0,0.0,17.65,48.98,975.24,3.6,259.73,0.0,0.0,0.0,0.0
2019/05/10 14:45,18.5,976.200012,0.9,103,0,0.0,17.44,49.21,975.34,3.59,256.89,0.0,0.0,0.0,0.0
2019/05/10 15:00,18.5,976.200012,0.9,75,0,0.0,17.25,49.44,975.42,3.58,253.04,0.0,0.0,0.0,0.0
2019/05/10 15:15,18.5,976.200012,0.9,141,0,0.0,17.07,49.66,975.52,3.56,249.62,0.0,0.0,0.0,0.0
2019/05/10 15:30,18.5,977.299988,0.9,100,0,0.0,16.9,49.86,975.64,3.54,247.15,0.0,0.0,0.0,0.0
2019/05/10 15:45,18.5,977.299988,0.6,121,0,0.0,16.73,50.06,975.79,3.52,245.02,0.0,0.0,0.0,0.0
2019/05/10 16:00,18.5,977.299988,0.0,338,0,0.0,16.39,54.03,977.45,3.29,240.06,0.0,0.0,0.0,0.0
2019/05/10 16:15,18.5,977.299988,1.4,116,0,0.0,16.23,54.45,977.52,3.12,241.57,0.0,0.0,0.0,0.0
2019/05/10 16:30,17.4,977.299988,1.3,83,0,0.0,16.1,54.8,977.7,2.96,243.22,0.0,0.0,0.0,0.0
2019/05/10 16:45,17.4,977.299988,1.1,86,0,0.0,15.93,55.23,977.46,2.91,245.1,0.0,0.0,0.0,0.0
2019/05/10 17:00,17.4,977.299988,0.0,10,0,0.0,15.77,55.72,977.72,2.95,244.11,0.0,0.0,0.0,0.0
2019/05/10 17:15,17.4,977.299988,1.2,85,0,0.0,15.55,56.36,977.61,2.91,243.9,0.0,0.0,0.0,0.0
2019/05/10 17:30,17.4,977.299988,1.6,100,0,0.0,15.36,56.86,977.61,2.71,243.31,0.0,0.0,0.0,0.0
2019/05/10 17:45,17.4,977.299988,0.0,105,0,0.0,15.23,57.11,977.92,2.43,242.12,0.0,0.0,0.0,0.0
2019/05/10 18:00,17.4,977.299988,1.7,165,0,0.0,15.14,57.12,978.18,2.16,242.13,0.0,0.0,0.0,0.0
2019/05/10 18:15,17.4,977.299988,0.6,125,0,0.0,15.08,57.05,978.3,2.01,242.61,0.0,0.0,0.0,0.0
2019/05/10 18:30,17.4,977.299988,0.8,121,0,0.0,15.01,56.93,978.33,2.04,247.19,0.0,0.0,0.0,0.0
2019/05/10 18:45,17.4,977.299988,0.9,125,0,0.0,14.92,56.77,978.15,2.21,256.4,0.0,0.0,0.0,0.0
2019/05/10 19:00,16.299999,977.299988,0.0,144,0,0.0,14.84,56.56,978.16,2.45,265.06,0.0,0.0,0.0,0.0
2019/05/11 08:00,27.299999,975.099976,1.5,185,138,136.080002,28.32,27.16,976.05,3.08,150.84,210.57,36.78999999999999,173.78,2.656941
2019/05/11 08:15,27.299999,975.099976,0.7,253,124,123.120003,27.61,29.47,976.22,1.12,120.37,125.81,23.090000000000003,102.72,2.358568
2019/05/11 08:30,27.299999,975.099976,1.5,188,94,104.400002,27.37,30.52,976.01,0.85,47.05,152.62,34.46000000000001,118.16,1.875488
2019/05/11 08:45,27.299999,975.099976,2.4,270,56,61.200001,26.99,31.67,975.85,2.25,170.02,151.96,24.180000000000007,127.78,1.094035
2019/05/11 09:00,26.200001,975.099976,3.1,194,16,18.0,26.75,32.33,975.62,3.37,173.08,168.88,27.579999999999984,141.3,0.269957
2019/05/11 09:15,26.200001,975.099976,1.7,258,0,7.92,27.49,30.4,975.4,3.63,169.66,310.12,36.44999999999999,273.67,0.0
2019/05/11 09:30,26.200001,975.099976,0.7,78,0,0.0,27.55,29.97,975.16,3.55,165.11,290.22,36.650000000000034,253.57,0.0
2019/05/11 09:45,25.1,975.099976,0.8,343,0,0.0,27.54,30.23,975.0,3.56,159.56,239.07,34.22,204.85,0.0
2019/05/11 10:00,24.0,975.099976,1.6,16,0,6.48,27.5,30.33,974.84,3.73,155.69,202.83,32.06,170.77,0.0
2019/05/11 10:15,24.0,975.099976,0.3,119,0,10.8,27.13,31.37,974.75,3.86,153.51,148.84,28.090000000000003,120.75,0.0
2019/05/11 10:30,22.9,974.0,2.0,191,11,16.559998999999998,26.53,32.88,974.72,3.8,152.21,114.0,24.89,89.11,0.170499
2019/05/11 10:45,22.9,974.0,1.1,117,21,29.52,25.6,35.05,974.79,3.64,150.64,64.78,18.76,46.02,0.3836219999999999
2019/05/11 11:00,22.9,974.0,1.1,256,29,39.599998,24.71,36.9,974.88,3.5,149.03,35.38,13.310000000000002,22.07,0.56833
2019/05/11 11:15,22.9,975.099976,0.0,126,17,28.08,23.86,38.06,974.99,3.39,149.78,2.55,2.05,0.5,0.340998
2019/05/11 11:30,21.799999,975.099976,0.0,91,0,0.0,23.22,39.12,975.11,3.22,153.62,0.0,0.0,0.0,0.0
2019/05/11 11:45,21.799999,975.099976,0.0,109,0,0.0,22.71,39.95,975.24,2.99,159.82,0.0,0.0,0.0,0.0
2019/05/11 12:00,21.799999,976.200012,0.3,180,0,0.0,22.31,40.47,975.33,2.73,167.85,0.0,0.0,0.0,0.0
2019/05/11 12:15,21.799999,976.200012,0.0,329,0,0.0,22.0,40.84,975.43,2.48,179.76,0.0,0.0,0.0,0.0
2019/05/11 12:30,21.799999,976.200012,0.8,73,0,0.0,21.72,41.16,975.52,2.38,198.08,0.0,0.0,0.0,0.0
2019/05/11 12:45,20.700001,976.200012,0.8,105,0,0.0,21.42,41.54,975.61,2.49,216.85,0.0,0.0,0.0,0.0
2019/05/11 13:00,20.700001,976.200012,0.8,137,0,0.0,21.15,41.78,975.67,2.74,229.5,0.0,0.0,0.0,0.0
2019/05/11 13:15,20.700001,976.200012,0.7,34,0,0.0,20.89,42.0,975.78,3.02,238.05,0.0,0.0,0.0,0.0
2019/05/11 13:30,20.700001,976.200012,0.7,278,0,0.0,20.65,42.18,975.89,3.29,243.91,0.0,0.0,0.0,0.0
2019/05/11 13:45,20.700001,976.200012,0.8,109,0,0.0,20.43,42.34,975.95,3.46,248.49,0.0,0.0,0.0,0.0
2019/05/11 14:00,20.700001,976.200012,0.8,67,0,0.0,20.23,42.59,976.02,3.49,251.77,0.0,0.0,0.0,0.0
2019/05/11 14:15,19.6,976.200012,0.8,140,0,0.0,20.05,42.85,976.09,3.38,253.83,0.0,0.0,0.0,0.0
2019/05/11 14:30,18.5,976.200012,0.6,23,0,0.0,19.89,43.13,976.1,3.15,253.91,0.0,0.0,0.0,0.0
2019/05/11 14:45,18.5,976.200012,0.6,63,0,0.0,19.74,43.42,976.11,2.89,253.81,0.0,0.0,0.0,0.0
2019/05/11 15:00,18.5,976.200012,0.6,125,0,0.0,19.6,43.73,976.16,2.63,256.63,0.0,0.0,0.0,0.0
2019/05/11 15:15,18.5,976.200012,1.7,136,0,0.0,19.43,44.07,976.19,2.3,266.01,0.0,0.0,0.0,0.0
2019/05/11 15:30,18.5,977.299988,0.6,353,0,0.0,19.28,44.4,976.23,1.99,289.2,0.0,0.0,0.0,0.0
2019/05/11 15:45,18.5,977.299988,0.6,108,0,0.0,19.04,45.08,976.3,1.93,322.26,0.0,0.0,0.0,0.0
2019/05/11 16:00,18.5,977.299988,0.6,59,0,0.0,18.06,48.71,977.13,2.11,267.72,0.0,0.0,0.0,0.0
2019/05/11 16:15,18.5,977.299988,0.6,132,0,0.0,18.0,48.77,976.99,1.79,257.44,0.0,0.0,0.0,0.0
2019/05/11 16:30,17.4,977.299988,0.6,110,0,0.0,18.02,48.6,977.35,1.55,254.98,0.0,0.0,0.0,0.0
2019/05/11 16:45,17.4,977.299988,0.6,97,0,0.0,18.0,48.47,977.23,1.56,261.22,0.0,0.0,0.0,0.0
2019/05/11 17:00,17.4,977.299988,0.6,109,0,0.0,17.99,48.27,977.19,1.92,276.16,0.0,0.0,0.0,0.0
2019/05/11 17:15,17.4,977.299988,0.8,96,0,0.0,17.78,48.71,977.48,2.6,287.55,0.0,0.0,0.0,0.0
2019/05/11 17:30,17.4,977.299988,1.8,137,0,0.0,17.54,49.18,977.79,3.2,293.04,0.0,0.0,0.0,0.0
2019/05/11 17:45,17.4,977.299988,2.0,138,0,0.0,17.38,49.36,977.89,3.43,294.18,0.0,0.0,0.0,0.0
2019/05/11 18:00,17.4,977.299988,0.9,126,0,0.0,17.3,49.3,978.07,3.33,296.9,0.0,0.0,0.0,0.0
2019/05/11 18:15,17.4,977.299988,0.9,79,0,0.0,17.26,49.13,977.94,3.03,301.28,0.0,0.0,0.0,0.0
2019/05/11 18:30,17.4,977.299988,0.9,111,0,0.0,17.2,49.06,977.82,2.71,310.79,0.0,0.0,0.0,0.0
2019/05/11 18:45,17.4,977.299988,0.9,19,0,0.0,16.97,49.61,977.57,2.48,316.96,0.0,0.0,0.0,0.0
2019/05/11 19:00,16.299999,977.299988,0.9,220,0,0.0,16.64,50.53,977.33,2.42,306.51,0.0,0.0,0.0,0.0
2019/05/12 08:00,25.1,977.299988,3.2,342,403,377.279999,21.43,18.09,978.86,14.64,307.78,592.58,47.49000000000001,545.09,8.070281
2019/05/12 08:15,24.0,977.299988,0.8,153,339,323.27999900000003,21.14,18.71,978.95,14.55,310.02,540.39,45.94999999999999,494.44,6.86258
2019/05/12 08:30,22.9,978.400024,1.7,329,287,280.079987,20.9,19.51,978.96,14.39,311.61,504.25,44.81999999999999,459.43,5.939044
2019/05/12 08:45,22.9,978.400024,2.6,75,253,252.720001,20.66,20.22,979.0,14.21,312.68,448.72,42.96000000000004,405.76,5.186008
2019/05/12 09:00,22.9,978.400024,1.1,119,237,250.559998,20.45,20.69,979.01,14.0,313.09,410.91,41.59000000000003,369.32,4.916051
2019/05/12 09:15,21.799999,978.400024,2.0,270,205,228.960007,20.2,21.03,979.02,13.74,312.86,353.4,39.31999999999999,314.08,4.319305
2019/05/12 09:30,21.799999,978.400024,1.0,158,160,179.279999,19.94,21.26,979.02,13.45,312.33,314.85,37.620000000000005,277.23,3.722559
2019/05/12 09:45,21.799999,978.400024,0.3,352,134,133.199997,19.62,21.47,978.98,13.13,311.48,257.11,34.73000000000002,222.38,3.409978
2019/05/12 10:00,20.700001,978.400024,2.6,150,66,70.560013,19.29,21.79,979.05,12.77,310.53,218.86,32.5,186.36,1.406616
2019/05/12 10:15,20.700001,978.400024,1.6,90,74,82.08000200000001,18.89,22.18,979.06,12.37,309.3,162.23,28.579999999999984,133.65,1.733405
2019/05/12 10:30,20.700001,979.5,0.6,338,56,60.48,18.49,22.62,979.19,11.97,308.25,125.36,25.39,99.97,1.406616
2019/05/12 10:45,20.700001,979.5,4.5,122,50,54.720001,18.05,22.87,979.45,11.63,307.16,72.85,19.359999999999992,53.49,1.022993
2019/05/12 11:00,20.700001,979.5,0.8,96,24,31.68,17.62,23.09,979.76,11.33,305.97,41.03,13.970000000000002,27.06,0.497288
2019/05/12 11:15,19.6,979.5,3.0,156,0,10.08,17.18,23.18,980.0,10.99,304.64,4.0,2.8,1.2,0.0
2019/05/12 11:30,19.6,979.5,1.4,86,0,0.0,16.81,23.52,980.31,10.66,303.35,0.0,0.0,0.0,0.0
2019/05/12 11:45,19.6,980.599976,0.0,293,0,0.0,16.47,23.95,980.54,10.32,302.26,0.0,0.0,0.0,0.0
2019/05/12 12:00,18.5,980.599976,1.9,56,0,0.0,16.17,24.32,980.83,9.97,301.47,0.0,0.0,0.0,0.0
2019/05/12 12:15,18.5,980.599976,0.6,26,0,0.0,15.88,24.65,981.1,9.64,300.72,0.0,0.0,0.0,0.0
2019/05/12 12:30,18.5,980.599976,1.4,8,0,0.0,15.62,24.88,981.39,9.34,300.23,0.0,0.0,0.0,0.0
2019/05/12 12:45,18.5,981.700012,0.8,62,0,0.0,15.37,24.95,981.61,9.07,300.4,0.0,0.0,0.0,0.0
2019/05/12 13:00,18.5,981.700012,1.0,109,0,0.0,15.09,24.85,981.76,8.74,300.83,0.0,0.0,0.0,0.0
2019/05/12 13:15,18.5,981.700012,0.0,153,0,0.0,14.78,24.66,981.94,8.32,300.67,0.0,0.0,0.0,0.0
2019/05/12 13:30,18.5,981.700012,1.3,66,0,0.0,14.45,24.48,982.09,7.8,299.9,0.0,0.0,0.0,0.0
2019/05/12 13:45,18.5,981.700012,0.3,140,0,0.0,14.07,24.35,982.2,7.25,298.87,0.0,0.0,0.0,0.0
2019/05/12 14:00,17.4,981.700012,2.0,116,0,0.0,13.67,24.29,982.3,6.72,297.81,0.0,0.0,0.0,0.0
2019/05/12 14:15,17.4,981.700012,1.3,266,0,0.0,13.27,24.24,982.44,6.26,296.46,0.0,0.0,0.0,0.0
2019/05/12 14:30,17.4,981.700012,0.0,136,0,0.0,12.88,24.15,982.64,5.86,293.68,0.0,0.0,0.0,0.0
2019/05/12 14:45,17.4,981.700012,1.3,149,0,0.0,12.5,24.02,982.87,5.56,289.7,0.0,0.0,0.0,0.0
2019/05/12 15:00,17.4,982.799988,0.0,110,0,0.0,12.17,23.81,983.07,5.39,286.2,0.0,0.0,0.0,0.0
2019/05/12 15:15,16.299999,982.799988,2.6,161,0,0.0,11.86,23.58,983.28,5.3,283.87,0.0,0.0,0.0,0.0
2019/05/12 15:30,16.299999,982.799988,0.7,48,0,0.0,11.56,23.4,983.4,5.21,281.55,0.0,0.0,0.0,0.0
2019/05/12 15:45,16.299999,982.799988,0.0,11,0,0.0,11.26,23.32,983.57,5.13,278.68,0.0,0.0,0.0,0.0
2019/05/12 16:00,15.3,982.799988,0.0,85,0,0.0,11.44,28.81,984.11,5.14,300.92,0.0,0.0,0.0,0.0
2019/05/12 16:15,15.3,982.799988,0.0,124,0,0.0,11.28,28.95,984.06,5.21,298.41,0.0,0.0,0.0,0.0
2019/05/12 16:30,15.3,982.799988,1.1,82,0,0.0,11.24,28.86,984.4,5.35,296.14,0.0,0.0,0.0,0.0
2019/05/12 16:45,15.3,982.799988,0.0,74,0,0.0,11.25,28.46,984.2,5.54,295.41,0.0,0.0,0.0,0.0
2019/05/12 17:00,15.3,982.799988,0.0,77,0,0.0,11.26,27.79,984.16,5.65,295.12,0.0,0.0,0.0,0.0
2019/05/12 17:15,14.2,982.799988,0.0,92,0,0.0,11.17,27.28,984.12,5.61,294.81,0.0,0.0,0.0,0.0
2019/05/12 17:30,14.2,982.799988,0.0,129,0,0.0,10.96,27.1,984.14,5.43,294.34,0.0,0.0,0.0,0.0
2019/05/12 17:45,14.2,982.799988,1.2,122,0,0.0,10.68,27.15,984.16,5.19,292.99,0.0,0.0,0.0,0.0
2019/05/12 18:00,14.2,982.799988,0.8,64,0,0.0,10.44,27.19,984.28,4.97,292.19,0.0,0.0,0.0,0.0
2019/05/12 18:15,13.1,982.799988,0.8,136,0,0.0,10.2,27.32,984.36,4.76,291.23,0.0,0.0,0.0,0.0
2019/05/12 18:30,13.1,982.799988,0.8,355,0,0.0,10.04,27.35,984.28,4.57,288.48,0.0,0.0,0.0,0.0
2019/05/12 18:45,13.1,982.799988,1.9,106,0,0.0,9.89,27.38,984.04,4.39,284.91,0.0,0.0,0.0,0.0
2019/05/12 19:00,13.1,982.799988,0.0,91,0,0.0,9.78,27.38,983.99,4.18,281.02,0.0,0.0,0.0,0.0
2019/05/13 08:00,25.1,975.099976,2.9,285,478,487.440002,25.67,14.74,975.58,8.8,150.54,590.08,47.67000000000007,542.41,8.979608
2019/05/13 08:15,25.1,975.099976,1.8,124,397,428.3999940000001,25.94,14.39,975.3,8.22,155.13,537.78,45.829999999999984,491.95,7.857157000000001
2019/05/13 08:30,25.1,975.099976,2.4,274,385,447.119995,26.17,14.14,975.02,7.62,159.77,501.95,44.69,457.26,6.464748999999999
2019/05/13 08:45,25.1,975.099976,3.1,198,298,349.920013,26.23,14.2,974.82,7.24,161.17,446.76,42.849999999999966,403.91,6.180584
2019/05/13 09:00,24.0,974.0,1.7,289,281,349.920013,26.15,14.59,974.65,7.2,158.99,409.16,41.49000000000001,367.67,5.555422
2019/05/13 09:15,24.0,974.0,2.1,253,222,277.920013,25.85,15.27,974.45,7.37,156.99,352.04,39.24000000000001,312.8,4.504012
2019/05/13 09:30,24.0,974.0,3.9,208,127,206.639999,25.58,16.11,974.2,7.46,156.89,313.74,37.54000000000002,276.2,3.239479
2019/05/13 09:45,22.9,974.0,1.4,219,67,58.32,25.27,17.19,973.95,7.35,156.68,256.3,34.68000000000001,221.62,2.330151
2019/05/13 10:00,22.9,974.0,1.9,174,55,48.240002,24.89,18.47,973.72,7.13,155.93,218.17,32.48999999999998,185.68,1.605531
2019/05/13 10:15,22.9,974.0,1.5,323,43,41.040001,24.33,19.96,973.49,6.82,155.61,161.81,28.610000000000014,133.2,1.05141
2019/05/13 10:30,22.9,974.0,0.0,343,35,36.720001,23.74,21.44,973.34,6.45,155.87,125.31,25.47,99.84,0.8382860000000001
2019/05/13 10:45,21.799999,974.0,2.4,192,25,26.639999,22.89,23.05,973.33,6.11,155.35,73.5,19.56,53.94,0.525705
2019/05/13 11:00,21.799999,974.0,0.0,271,0,15.12,22.01,24.38,973.41,5.81,156.73,42.12,14.31,27.81,0.227332
2019/05/13 11:15,20.700001,974.0,0.0,153,0,0.0,21.12,25.04,973.46,5.49,160.18,5.1,3.37,1.73,0.0
2019/05/13 11:30,19.6,974.0,0.0,67,0,0.0,20.43,25.44,973.51,5.1,164.54,0.0,0.0,0.0,0.0
2019/05/13 11:45,19.6,974.0,0.0,72,0,0.0,19.78,26.08,973.61,4.67,172.18,0.0,0.0,0.0,0.0
2019/05/13 12:00,18.5,974.0,0.0,142,0,0.0,19.24,26.65,973.72,4.21,181.59,0.0,0.0,0.0,0.0
2019/05/13 12:15,18.5,974.0,0.0,126,0,0.0,18.74,27.2,973.84,3.73,190.11,0.0,0.0,0.0,0.0
2019/05/13 12:30,17.4,974.0,0.0,119,0,0.0,18.42,27.45,973.98,3.21,196.37,0.0,0.0,0.0,0.0
2019/05/13 12:45,17.4,974.0,0.0,115,0,0.0,18.3,27.29,974.07,2.63,199.84,0.0,0.0,0.0,0.0
2019/05/13 13:00,17.4,974.0,0.0,202,0,0.0,18.2,27.12,974.15,2.03,201.62,0.0,0.0,0.0,0.0
2019/05/13 13:15,16.299999,975.099976,0.0,93,0,0.0,18.23,26.7,974.18,1.47,197.22,0.0,0.0,0.0,0.0
2019/05/13 13:30,16.299999,975.099976,0.0,123,0,0.0,18.16,26.58,974.23,0.97,182.03,0.0,0.0,0.0,0.0
2019/05/13 13:45,16.299999,975.099976,0.0,107,0,0.0,18.15,26.49,974.27,0.68,154.2,0.0,0.0,0.0,0.0
2019/05/13 14:00,16.299999,975.099976,0.0,52,0,0.0,18.31,25.74,974.34,0.66,110.81,0.0,0.0,0.0,0.0
2019/05/13 14:15,16.299999,975.099976,0.0,62,0,0.0,18.45,25.21,974.42,0.8,84.86,0.0,0.0,0.0,0.0
2019/05/13 14:30,16.299999,975.099976,0.0,119,0,0.0,18.49,25.02,974.54,0.94,65.17,0.0,0.0,0.0,0.0
2019/05/13 14:45,16.299999,975.099976,0.0,111,0,0.0,18.41,25.25,974.64,1.01,47.8,0.0,0.0,0.0,0.0
2019/05/13 15:00,16.299999,975.099976,0.0,119,0,0.0,18.26,25.68,974.75,1.0,33.66,0.0,0.0,0.0,0.0
2019/05/13 15:15,16.299999,975.099976,0.0,45,0,0.0,18.12,26.17,974.87,0.91,25.68,0.0,0.0,0.0,0.0
2019/05/13 15:30,15.3,975.099976,0.0,55,0,0.0,18.01,26.63,975.01,0.78,32.28,0.0,0.0,0.0,0.0
2019/05/13 15:45,15.3,975.099976,0.0,319,0,0.0,17.93,27.08,975.15,0.69,54.98,0.0,0.0,0.0,0.0
2019/05/13 16:00,15.3,975.099976,0.0,27,0,0.0,13.19,30.66,975.16,3.37,293.26,0.0,0.0,0.0,0.0
2019/05/13 16:15,15.3,975.099976,0.0,90,0,0.0,13.15,30.05,975.16,3.43,293.26,0.0,0.0,0.0,0.0
2019/05/13 16:30,14.2,975.099976,0.0,121,0,0.0,13.13,29.52,975.29,3.43,290.9,0.0,0.0,0.0,0.0
2019/05/13 16:45,14.2,975.099976,0.0,127,0,0.0,13.08,29.15,975.2,3.4,286.07,0.0,0.0,0.0,0.0
2019/05/13 17:00,14.2,975.099976,0.0,114,0,0.0,13.06,28.86,975.33,3.39,279.52,0.0,0.0,0.0,0.0
2019/05/13 17:15,14.2,975.099976,0.0,138,0,0.0,13.05,28.64,975.38,3.39,273.75,0.0,0.0,0.0,0.0
2019/05/13 17:30,14.2,975.099976,0.0,91,0,0.0,13.06,28.48,975.37,3.4,268.7,0.0,0.0,0.0,0.0
2019/05/13 17:45,14.2,975.099976,0.0,87,0,0.0,13.07,28.41,975.48,3.4,266.18,0.0,0.0,0.0,0.0
2019/05/13 18:00,13.1,975.099976,0.0,10,0,0.0,13.08,28.4,975.4,3.37,266.05,0.0,0.0,0.0,0.0
2019/05/13 18:15,13.1,975.099976,0.0,87,0,0.0,13.08,28.47,975.3,3.31,269.47,0.0,0.0,0.0,0.0
2019/05/13 18:30,13.1,975.099976,0.0,92,0,0.0,13.08,28.62,975.21,3.18,271.09,0.0,0.0,0.0,0.0
2019/05/13 18:45,13.1,975.099976,0.0,87,0,0.0,13.13,28.78,975.22,2.95,270.97,0.0,0.0,0.0,0.0
2019/05/13 19:00,13.1,975.099976,0.0,109,0,0.0,13.3,28.83,975.28,2.63,267.65,0.0,0.0,0.0,0.0
2019/05/14 08:00,24.0,974.0,1.2,219,130,149.759995,29.62,17.55,973.2,6.59,146.66,271.74,118.34,153.4,2.656941
2019/05/14 08:15,24.0,974.0,3.0,237,128,149.759995,29.7,17.41,973.1,6.76,146.0,265.41,71.60000000000002,193.81,2.727982
2019/05/14 08:30,24.0,974.0,1.9,259,112,128.160004,29.54,17.63,972.96,6.79,145.69,215.8,88.11000000000001,127.69,2.34436
2019/05/14 08:45,22.9,974.0,1.0,293,136,151.199997,29.48,17.74,972.9,6.75,145.35,182.6,96.62,85.98,2.870064
2019/05/14 09:00,22.9,974.0,1.0,230,118,129.600006,29.47,17.86,972.88,6.68,145.25,170.21,134.01,36.2,2.429609
2019/05/14 09:15,22.9,974.0,1.1,263,116,125.279999,29.45,18.07,972.86,6.53,144.95,171.53,108.65,62.88,2.386984
2019/05/14 09:30,22.9,974.0,0.7,164,94,99.360001,29.39,18.54,972.8,6.26,144.28,171.49,104.41,67.08,1.903904
2019/05/14 09:45,22.9,974.0,0.7,253,78,86.400002,29.2,19.37,972.68,5.86,144.0,156.33,71.43,84.9,1.591323
2019/05/14 10:00,22.9,974.0,0.7,179,58,64.800003,28.86,20.58,972.56,5.33,144.85,136.39,64.98999999999998,71.4,1.179284
2019/05/14 10:15,22.9,974.0,0.6,188,46,53.279999,28.27,22.38,972.5,4.69,147.65,106.11,39.900000000000006,66.21,0.8667030000000001
2019/05/14 10:30,22.9,974.0,0.7,175,40,46.080002,27.49,24.49,972.47,4.1,150.37,81.85,27.179999999999996,54.67,0.753037
2019/05/14 10:45,22.9,974.0,0.7,157,26,33.119999,26.5,26.66,972.54,3.71,153.04,49.72,15.4,34.32,0.497288
2019/05/14 11:00,21.799999,974.0,0.7,145,0,12.96,25.65,28.06,972.65,3.59,156.46,31.86,12.39,19.47,0.0
2019/05/14 11:15,21.799999,974.0,0.7,355,0,0.0,24.78,28.67,972.68,3.51,159.5,4.79,3.1500000000000004,1.64,0.0
2019/05/14 11:30,21.799999,974.0,0.7,21,0,0.0,24.1,29.05,972.69,3.34,163.75,0.0,0.0,0.0,0.0
2019/05/14 11:45,20.700001,974.0,0.7,78,0,0.0,23.56,29.32,972.73,3.12,171.26,0.0,0.0,0.0,0.0
2019/05/14 12:00,20.700001,974.0,0.7,30,0,0.0,23.07,29.49,972.81,2.96,183.66,0.0,0.0,0.0,0.0
2019/05/14 12:15,20.700001,974.0,0.7,136,0,0.0,22.67,29.5,972.92,2.9,201.15,0.0,0.0,0.0,0.0
2019/05/14 12:30,19.6,974.0,0.7,144,0,0.0,22.4,29.4,973.02,2.91,219.15,0.0,0.0,0.0,0.0
2019/05/14 12:45,19.6,974.0,0.7,167,0,0.0,22.23,29.23,973.09,2.98,234.87,0.0,0.0,0.0,0.0
2019/05/14 13:00,19.6,974.0,0.7,73,0,0.0,22.09,29.04,973.17,3.11,245.95,0.0,0.0,0.0,0.0
2019/05/14 13:15,19.6,975.099976,0.7,117,0,0.0,21.94,28.94,973.22,3.25,252.54,0.0,0.0,0.0,0.0
2019/05/14 13:30,18.5,975.099976,0.7,142,0,0.0,21.81,29.02,973.28,3.32,256.05,0.0,0.0,0.0,0.0
2019/05/14 13:45,18.5,975.099976,0.7,35,0,0.0,21.64,29.46,973.29,3.29,257.61,0.0,0.0,0.0,0.0
2019/05/14 14:00,18.5,975.099976,0.7,73,0,0.0,21.46,30.42,973.34,3.15,261.64,0.0,0.0,0.0,0.0
2019/05/14 14:15,18.5,975.099976,0.7,100,0,0.0,21.26,31.83,973.41,2.98,267.68,0.0,0.0,0.0,0.0
2019/05/14 14:30,18.5,975.099976,0.7,102,0,0.0,21.15,33.17,973.48,2.68,270.02,0.0,0.0,0.0,0.0
2019/05/14 14:45,18.5,975.099976,0.7,129,0,0.0,21.11,34.06,973.47,2.24,270.25,0.0,0.0,0.0,0.0
2019/05/14 15:00,18.5,975.099976,0.7,85,0,0.0,21.06,34.75,973.46,1.9,264.84,0.0,0.0,0.0,0.0
2019/05/14 15:15,17.4,975.099976,0.7,18,0,0.0,20.98,35.55,973.49,1.9,249.13,0.0,0.0,0.0,0.0
2019/05/14 15:30,17.4,975.099976,0.7,126,0,0.0,20.93,36.38,973.5,2.2,235.36,0.0,0.0,0.0,0.0
2019/05/14 15:45,17.4,975.099976,0.7,134,0,0.0,20.7,37.8,973.53,2.6,227.32,0.0,0.0,0.0,0.0
2019/05/14 16:00,17.4,975.099976,0.7,336,0,0.0,16.16,42.97,975.92,2.68,261.82,0.0,0.0,0.0,0.0
2019/05/14 16:15,17.4,975.099976,0.7,121,0,0.0,16.0,43.57,975.7,2.58,261.16,0.0,0.0,0.0,0.0
2019/05/14 16:30,17.4,975.099976,0.7,90,0,0.0,15.92,43.97,976.05,2.5,261.35,0.0,0.0,0.0,0.0
2019/05/14 16:45,17.4,975.099976,0.7,102,0,0.0,15.88,44.14,975.97,2.43,261.96,0.0,0.0,0.0,0.0
2019/05/14 17:00,17.4,974.0,0.7,233,0,0.0,15.84,44.25,975.46,2.39,258.01,0.0,0.0,0.0,0.0
2019/05/14 17:15,17.4,974.0,0.8,261,0,0.0,15.86,44.15,975.44,2.35,257.16,0.0,0.0,0.0,0.0
2019/05/14 17:30,16.299999,974.0,0.3,115,0,0.0,15.89,44.02,975.47,2.29,263.17,0.0,0.0,0.0,0.0
2019/05/14 17:45,16.299999,974.0,0.3,14,0,0.0,15.94,43.8,975.54,2.22,272.58,0.0,0.0,0.0,0.0
2019/05/14 18:00,16.299999,974.0,0.3,90,0,0.0,16.0,43.58,975.83,2.2,282.05,0.0,0.0,0.0,0.0
2019/05/14 18:15,16.299999,974.0,0.3,0,0,0.0,15.98,43.59,975.71,2.22,281.13,0.0,0.0,0.0,0.0
2019/05/14 18:30,16.299999,974.0,0.3,102,0,0.0,15.93,43.75,975.67,2.26,273.81,0.0,0.0,0.0,0.0
2019/05/14 18:45,16.299999,974.0,0.3,18,0,0.0,15.84,44.16,975.43,2.35,265.13,0.0,0.0,0.0,0.0
2019/05/14 19:00,15.3,974.0,0.3,154,0,0.0,15.69,44.95,975.41,2.5,260.17,0.0,0.0,0.0,0.0
2019/05/15 08:00,30.6,970.700012,2.4,271,310,292.320007,33.62,13.49,971.21,7.42,310.63,574.35,47.25,527.1,5.939044
2019/05/15 08:15,30.6,970.700012,1.8,295,206,193.679993,33.44,13.38,971.1,7.61,312.83,525.04,45.589999999999975,479.45,3.822017
2019/05/15 08:30,30.6,970.700012,1.7,169,159,156.96000700000002,33.25,13.2,971.0,7.8,314.56,490.47,45.02000000000004,445.45,2.969522
2019/05/15 08:45,30.6,970.700012,2.4,282,155,165.600006,32.95,13.14,971.01,7.77,316.54,437.89,42.69,395.2,3.06898
2019/05/15 09:00,30.6,970.700012,1.6,253,102,107.279999,32.69,13.21,971.08,7.26,321.4,401.61,41.360000000000014,360.25,1.960737
2019/05/15 09:15,30.6,970.700012,1.2,213,116,114.480003,32.41,13.43,971.17,6.35,331.13,346.65,39.26999999999998,307.38,2.159652
2019/05/15 09:30,30.6,970.700012,1.7,112,102,108.720001,32.26,13.76,971.21,5.26,344.08,309.81,37.53000000000003,272.28,1.974945
2019/05/15 09:45,29.5,970.700012,1.0,104,64,66.959999,32.12,14.52,971.15,4.04,353.5,254.07,34.72999999999999,219.34,1.179284
2019/05/15 10:00,29.5,970.700012,0.0,93,50,52.560001,31.9,15.58,971.15,3.04,346.0,217.4,32.610000000000014,184.79,0.923536
2019/05/15 10:15,29.5,970.700012,1.7,287,38,41.040001,31.27,16.83,971.24,2.96,313.31,163.66,28.849999999999994,134.81,0.653579
2019/05/15 10:30,28.4,970.700012,0.7,121,28,30.959999,30.45,16.48,971.39,3.7,296.13,128.62,25.840000000000003,102.78,0.48308
2019/05/15 10:45,28.4,970.700012,0.7,162,22,25.200001,29.19,16.44,971.72,4.34,292.67,77.85,20.139999999999997,57.71,0.355206
2019/05/15 11:00,28.4,970.700012,0.3,91,0,13.68,28.01,16.52,972.08,4.48,292.98,46.43,15.12,31.31,0.0
2019/05/15 11:15,28.4,970.700012,1.0,293,0,7.92,26.83,16.25,972.36,4.46,294.18,7.86,4.6000000000000005,3.26,0.0
2019/05/15 11:30,27.299999,970.700012,1.0,98,0,0.0,26.0,15.71,972.59,4.55,298.02,0.0,0.0,0.0,0.0
2019/05/15 11:45,27.299999,970.700012,1.0,21,0,0.0,25.22,15.49,972.82,4.72,304.2,0.0,0.0,0.0,0.0
2019/05/15 12:00,26.200001,970.700012,1.0,96,0,0.0,24.65,15.2,973.01,4.86,309.55,0.0,0.0,0.0,0.0
2019/05/15 12:15,26.200001,970.700012,1.0,120,0,0.0,24.19,14.98,973.21,4.87,311.26,0.0,0.0,0.0,0.0
2019/05/15 12:30,26.200001,970.700012,1.0,315,0,0.0,23.74,14.96,973.39,4.74,309.13,0.0,0.0,0.0,0.0
2019/05/15 12:45,25.1,970.700012,1.0,55,0,0.0,23.28,15.16,973.57,4.56,303.51,0.0,0.0,0.0,0.0
2019/05/15 13:00,25.1,971.799988,1.0,126,0,0.0,22.87,15.45,973.71,4.42,295.55,0.0,0.0,0.0,0.0
2019/05/15 13:15,25.1,971.799988,1.0,15,0,0.0,22.48,15.85,973.82,4.42,286.63,0.0,0.0,0.0,0.0
2019/05/15 13:30,24.0,971.799988,1.0,103,0,0.0,22.1,16.32,973.9,4.55,278.82,0.0,0.0,0.0,0.0
2019/05/15 13:45,24.0,971.799988,1.0,8,0,0.0,21.74,16.84,973.93,4.72,273.43,0.0,0.0,0.0,0.0
2019/05/15 14:00,24.0,971.799988,1.5,56,0,0.0,21.35,17.42,973.94,4.85,270.67,0.0,0.0,0.0,0.0
2019/05/15 14:15,24.0,971.799988,0.6,93,0,0.0,20.96,18.02,974.03,4.92,269.48,0.0,0.0,0.0,0.0
2019/05/15 14:30,24.0,971.799988,2.0,119,0,0.0,20.56,18.63,974.16,4.9,268.37,0.0,0.0,0.0,0.0
2019/05/15 14:45,24.0,971.799988,1.1,64,0,0.0,20.07,19.39,974.28,4.76,266.82,0.0,0.0,0.0,0.0
2019/05/15 15:00,25.1,971.799988,0.0,90,0,0.0,19.54,20.28,974.41,4.52,263.77,0.0,0.0,0.0,0.0
2019/05/15 15:15,24.0,971.799988,1.0,122,0,0.0,19.01,21.19,974.54,4.26,257.8,0.0,0.0,0.0,0.0
2019/05/15 15:30,22.9,971.799988,1.3,117,0,0.0,18.58,21.89,974.71,4.04,248.83,0.0,0.0,0.0,0.0
2019/05/15 15:45,22.9,971.799988,0.8,151,0,0.0,18.29,22.32,974.87,3.97,238.87,0.0,0.0,0.0,0.0
2019/05/15 16:00,22.9,971.799988,0.8,105,0,0.0,17.5,30.42,973.82,3.58,219.33,0.0,0.0,0.0,0.0
2019/05/15 16:15,22.9,971.799988,0.8,63,0,0.0,17.25,30.05,973.56,3.49,216.64,0.0,0.0,0.0,0.0
2019/05/15 16:30,22.9,971.799988,0.8,142,0,0.0,17.05,29.65,973.83,3.46,211.27,0.0,0.0,0.0,0.0
2019/05/15 16:45,22.9,971.799988,1.0,60,0,0.0,16.86,29.27,973.85,3.52,204.49,0.0,0.0,0.0,0.0
2019/05/15 17:00,20.700001,971.799988,1.0,125,0,0.0,16.75,28.79,973.8,3.64,196.34,0.0,0.0,0.0,0.0
2019/05/15 17:15,20.700001,971.799988,1.0,110,0,0.0,16.7,28.26,973.8,3.66,194.02,0.0,0.0,0.0,0.0
2019/05/15 17:30,20.700001,971.799988,1.0,288,0,0.0,16.76,27.61,973.91,3.54,195.66,0.0,0.0,0.0,0.0
2019/05/15 17:45,20.700001,971.799988,1.0,355,0,0.0,16.86,27.07,974.17,3.36,197.16,0.0,0.0,0.0,0.0
2019/05/15 18:00,20.700001,971.799988,1.0,88,0,0.0,16.91,26.73,974.43,3.22,200.49,0.0,0.0,0.0,0.0
2019/05/15 18:15,19.6,971.799988,1.0,120,0,0.0,16.93,26.52,974.55,3.19,205.57,0.0,0.0,0.0,0.0
2019/05/15 18:30,20.700001,971.799988,1.0,110,0,0.0,16.86,26.53,974.6,3.3,210.33,0.0,0.0,0.0,0.0
2019/05/15 18:45,20.700001,971.799988,1.0,12,0,0.0,16.72,26.76,974.51,3.48,216.38,0.0,0.0,0.0,0.0
2019/05/15 19:00,19.6,971.799988,1.0,131,0,0.0,16.58,27.06,974.68,3.67,221.67,0.0,0.0,0.0,0.0
2019/05/16 08:00,32.799999,970.700012,1.7,157,267,254.160004,33.35,11.13,971.0,7.33,136.1,581.81,47.16999999999996,534.64,5.186008
2019/05/16 08:15,32.799999,970.700012,2.8,296,252,252.720001,33.26,11.3,970.87,7.38,138.05,531.28,45.65999999999997,485.62,4.84501
2019/05/16 08:30,31.700001,970.700012,2.6,331,192,198.0,33.18,11.56,970.77,7.45,140.29,496.28,44.54999999999996,451.73,3.7936
2019/05/16 08:45,31.700001,970.700012,0.7,327,180,190.080002,33.05,12.0,970.69,7.54,143.16,442.12,42.75,399.37,3.580477
2019/05/16 09:00,31.700001,970.700012,2.6,272,150,161.279999,32.94,12.54,970.63,7.64,146.03,404.74,41.370000000000005,363.37,2.997939
2019/05/16 09:15,31.700001,970.700012,0.7,318,126,138.240005,32.76,13.09,970.57,7.68,148.45,346.6,38.93000000000001,307.67,2.614316
2019/05/16 09:30,31.700001,970.700012,0.7,116,102,112.32,32.56,13.58,970.53,7.57,150.0,301.7,36.69,265.01,2.01757
2019/05/16 09:45,30.6,970.700012,1.9,83,78,87.839996,32.16,14.33,970.47,7.23,150.55,223.39,34.139999999999986,189.25,1.562907
2019/05/16 10:00,30.6,970.700012,0.0,97,56,66.240013,31.76,15.25,970.4,6.72,150.72,185.48,38.97,146.51,1.094035
2019/05/16 10:15,30.6,970.700012,0.8,108,32,41.759998,30.97,16.61,970.3,6.2,151.05,114.73,54.64,60.09,0.625163
2019/05/16 10:30,29.5,970.700012,1.1,112,20,28.799999,30.2,18.0,970.24,5.76,151.94,80.75,44.09,36.66,0.397831
2019/05/16 10:45,29.5,970.700012,0.5,113,16,24.48,29.32,19.32,970.32,5.43,155.16,42.59,33.510000000000005,9.08,0.312581
2019/05/16 11:00,29.5,970.700012,0.3,252,0,10.08,28.59,20.29,970.45,5.17,161.09,24.93,20.76,4.17,0.0
2019/05/16 11:15,28.4,970.700012,0.3,48,0,0.0,28.0,20.54,970.58,4.92,167.77,5.05,4.859999999999999,0.19,0.0
2019/05/16 11:30,28.4,970.700012,0.3,111,0,0.0,27.54,20.41,970.63,4.64,173.18,0.0,0.0,0.0,0.0
2019/05/16 11:45,27.299999,970.700012,0.3,60,0,0.0,27.15,20.4,970.72,4.3,177.69,0.0,0.0,0.0,0.0
2019/05/16 12:00,26.200001,971.799988,0.3,58,0,0.0,26.7,20.56,970.83,3.94,184.28,0.0,0.0,0.0,0.0
2019/05/16 12:15,26.200001,971.799988,0.3,116,0,0.0,26.27,20.87,970.95,3.69,193.25,0.0,0.0,0.0,0.0
2019/05/16 12:30,26.200001,971.799988,0.3,146,0,0.0,25.94,21.06,971.05,3.59,202.01,0.0,0.0,0.0,0.0
2019/05/16 12:45,25.1,971.799988,0.3,336,0,0.0,25.71,21.14,971.17,3.61,208.63,0.0,0.0,0.0,0.0
2019/05/16 13:00,25.1,971.799988,0.3,109,0,0.0,25.41,21.33,971.27,3.66,213.91,0.0,0.0,0.0,0.0
2019/05/16 13:15,25.1,971.799988,0.3,155,0,0.0,25.25,21.35,971.38,3.73,220.71,0.0,0.0,0.0,0.0
2019/05/16 13:30,25.1,971.799988,0.3,106,0,0.0,24.98,21.49,971.46,3.89,228.46,0.0,0.0,0.0,0.0
2019/05/16 13:45,25.1,971.799988,0.3,110,0,0.0,24.69,21.66,971.5,4.1,234.29,0.0,0.0,0.0,0.0
2019/05/16 14:00,25.1,971.799988,0.3,343,0,0.0,24.49,21.7,971.59,4.25,236.27,0.0,0.0,0.0,0.0
2019/05/16 14:15,24.0,971.799988,0.3,131,0,0.0,24.36,21.69,971.65,4.28,235.03,0.0,0.0,0.0,0.0
2019/05/16 14:30,24.0,971.799988,0.3,42,0,0.0,24.22,21.72,971.68,4.24,233.94,0.0,0.0,0.0,0.0
2019/05/16 14:45,24.0,971.799988,0.3,100,0,0.0,24.06,21.8,971.68,4.19,233.44,0.0,0.0,0.0,0.0
2019/05/16 15:00,24.0,971.799988,0.3,145,0,0.0,23.97,21.76,971.66,4.13,231.33,0.0,0.0,0.0,0.0
2019/05/16 15:15,24.0,971.799988,0.3,129,0,0.0,23.99,21.6,971.7,4.12,227.01,0.0,0.0,0.0,0.0
2019/05/16 15:30,22.9,971.799988,0.3,16,0,0.0,23.98,21.65,971.72,4.2,219.69,0.0,0.0,0.0,0.0
2019/05/16 15:45,22.9,971.799988,0.3,111,0,0.0,23.82,22.19,971.75,4.39,215.39,0.0,0.0,0.0,0.0
2019/05/16 16:00,22.9,971.799988,0.3,121,0,0.0,19.26,31.7,972.7,2.32,177.07,0.0,0.0,0.0,0.0
2019/05/16 16:15,21.799999,971.799988,0.0,118,0,0.0,19.31,31.23,972.79,1.75,184.67,0.0,0.0,0.0,0.0
2019/05/16 16:30,21.799999,971.799988,0.0,125,0,0.0,19.3,30.87,973.24,1.25,192.98,0.0,0.0,0.0,0.0
2019/05/16 16:45,21.799999,971.799988,1.2,123,0,0.0,19.36,30.31,973.08,0.94,201.63,0.0,0.0,0.0,0.0
2019/05/16 17:00,21.799999,971.799988,0.0,108,0,0.0,19.48,29.66,972.83,0.87,201.33,0.0,0.0,0.0,0.0
2019/05/16 17:15,21.799999,971.799988,0.0,127,0,0.0,19.52,29.27,972.65,1.08,189.65,0.0,0.0,0.0,0.0
2019/05/16 17:30,21.799999,971.799988,1.1,97,0,0.0,19.61,28.73,972.54,1.47,176.72,0.0,0.0,0.0,0.0
2019/05/16 17:45,21.799999,971.799988,0.0,296,0,0.0,19.72,28.26,972.88,1.84,169.08,0.0,0.0,0.0,0.0
2019/05/16 18:00,20.700001,971.799988,0.0,136,0,0.0,19.79,27.96,973.16,2.05,165.22,0.0,0.0,0.0,0.0
2019/05/16 18:15,21.799999,971.799988,1.1,109,0,0.0,19.8,27.81,973.18,2.13,162.64,0.0,0.0,0.0,0.0
2019/05/16 18:30,21.799999,971.799988,0.0,120,0,0.0,19.77,27.81,972.96,2.13,159.61,0.0,0.0,0.0,0.0
2019/05/16 18:45,20.700001,971.799988,0.0,351,0,0.0,19.75,27.87,972.69,1.99,156.78,0.0,0.0,0.0,0.0
2019/05/16 19:00,21.799999,971.799988,0.0,92,0,0.0,19.75,27.97,972.65,1.73,155.51,0.0,0.0,0.0,0.0
2019/05/17 08:00,32.799999,970.700012,1.8,270,371,355.679993,33.06,17.89,970.74,7.48,150.12,577.54,47.14999999999998,530.39,7.061495
2019/05/17 08:15,32.799999,969.599976,2.8,246,337,334.079987,33.02,18.07,970.53,7.59,151.35,527.33,45.64000000000004,481.69,6.251626
2019/05/17 08:30,31.700001,969.599976,3.4,213,281,285.839996,32.98,18.37,970.34,7.73,152.5,492.65,44.54999999999996,448.1,5.384923000000001
2019/05/17 08:45,31.700001,969.599976,2.1,193,247,259.920013,32.87,18.87,970.25,7.85,153.9,439.07,42.74000000000001,396.33,4.674511
2019/05/17 09:00,31.700001,969.599976,1.8,227,205,222.479996,32.76,19.4,970.22,7.94,154.94,402.52,41.41999999999996,361.1,3.87885
2019/05/17 09:15,31.700001,969.599976,1.2,201,165,186.479996,32.58,19.88,970.23,7.97,155.52,347.03,39.23999999999995,307.79,3.211062
2019/05/17 09:30,31.700001,969.599976,0.6,182,125,154.800003,32.39,20.28,970.26,7.93,156.01,309.85,37.610000000000014,272.24,2.614316
2019/05/17 09:45,31.700001,969.599976,2.1,199,86,85.68,32.09,20.9,970.25,7.73,156.51,254.15,34.849999999999994,219.3,2.045987
2019/05/17 10:00,31.700001,969.599976,1.2,259,72,69.839996,31.76,21.89,970.2,7.34,156.4,217.29,32.75,184.54,1.577115
2019/05/17 10:15,30.6,969.599976,0.7,142,56,56.880001,31.26,23.31,970.18,6.83,156.17,162.95,29.06,133.89,1.2077
2019/05/17 10:30,30.6,969.599976,1.7,258,42,42.48,30.67,24.87,970.21,6.32,156.51,127.81,26.10000000000001,101.71,0.8382860000000001
2019/05/17 10:45,30.6,969.599976,0.3,304,28,30.959999,29.85,26.55,970.36,5.84,157.82,77.8,20.559999999999995,57.24,0.525705
2019/05/17 11:00,30.6,969.599976,0.8,265,14,18.0,29.0,28.04,970.57,5.38,160.15,47.31,15.730000000000004,31.58,0.255748
2019/05/17 11:15,29.5,969.599976,0.8,18,0,7.92,28.07,29.16,970.7,4.97,162.6,9.91,5.66,4.25,0.0
2019/05/17 11:30,29.5,969.599976,0.7,110,0,0.0,27.34,29.85,970.83,4.69,165.12,0.0,0.0,0.0,0.0
2019/05/17 11:45,29.5,969.599976,0.7,5,0,0.0,26.82,30.49,970.96,4.52,168.47,0.0,0.0,0.0,0.0
2019/05/17 12:00,28.4,969.599976,0.5,125,0,0.0,26.42,31.1,971.13,4.4,173.22,0.0,0.0,0.0,0.0
2019/05/17 12:15,28.4,969.599976,0.8,138,0,0.0,26.12,31.74,971.32,4.26,179.1,0.0,0.0,0.0,0.0
2019/05/17 12:30,27.299999,969.599976,0.8,30,0,0.0,25.81,32.49,971.48,4.07,186.15,0.0,0.0,0.0,0.0
2019/05/17 12:45,27.299999,969.599976,0.8,126,0,0.0,25.5,33.28,971.59,3.87,193.98,0.0,0.0,0.0,0.0
2019/05/17 13:00,27.299999,970.700012,0.0,103,0,0.0,25.21,34.04,971.73,3.74,201.83,0.0,0.0,0.0,0.0
2019/05/17 13:15,27.299999,970.700012,0.0,89,0,0.0,24.98,34.64,971.84,3.68,207.8,0.0,0.0,0.0,0.0
2019/05/17 13:30,27.299999,970.700012,0.0,141,0,0.0,24.8,35.19,971.9,3.64,211.22,0.0,0.0,0.0,0.0
2019/05/17 13:45,26.200001,970.700012,0.0,147,0,0.0,24.61,35.8,971.98,3.6,214.04,0.0,0.0,0.0,0.0
2019/05/17 14:00,26.200001,970.700012,0.0,53,0,0.0,24.44,36.48,972.09,3.56,216.94,0.0,0.0,0.0,0.0
2019/05/17 14:15,25.1,970.700012,0.0,31,0,0.0,24.24,37.23,972.23,3.51,221.45,0.0,0.0,0.0,0.0
2019/05/17 14:30,25.1,971.799988,0.0,216,0,0.0,24.04,37.97,972.41,3.47,225.93,0.0,0.0,0.0,0.0
2019/05/17 14:45,25.1,971.799988,0.0,160,0,0.0,23.86,38.6,972.56,3.43,228.43,0.0,0.0,0.0,0.0
2019/05/17 15:00,25.1,971.799988,0.0,20,0,0.0,23.73,39.1,972.67,3.39,228.9,0.0,0.0,0.0,0.0
2019/05/17 15:15,25.1,971.799988,0.0,130,0,0.0,23.61,39.54,972.8,3.37,229.06,0.0,0.0,0.0,0.0
2019/05/17 15:30,25.1,971.799988,0.0,25,0,0.0,23.49,39.97,973.02,3.4,229.26,0.0,0.0,0.0,0.0
2019/05/17 15:45,25.1,972.900024,0.0,19,0,0.0,23.39,40.35,973.24,3.41,229.33,0.0,0.0,0.0,0.0
2019/05/17 16:00,24.0,972.900024,0.0,121,0,0.0,22.18,48.34,973.96,1.76,358.61,0.0,0.0,0.0,0.0
2019/05/17 16:15,24.0,972.900024,0.0,88,0,0.0,21.93,49.2,974.06,1.92,330.91,0.0,0.0,0.0,0.0
2019/05/17 16:30,24.0,972.900024,0.0,88,0,0.0,21.59,50.31,973.98,2.35,316.6,0.0,0.0,0.0,0.0
2019/05/17 16:45,22.9,972.900024,0.0,141,0,0.0,21.23,51.47,974.11,2.85,315.03,0.0,0.0,0.0,0.0
2019/05/17 17:00,22.9,972.900024,0.0,13,0,0.0,20.91,52.39,974.26,3.15,316.44,0.0,0.0,0.0,0.0
2019/05/17 17:15,22.9,972.900024,0.0,125,0,0.0,20.62,52.96,974.03,3.2,321.51,0.0,0.0,0.0,0.0
2019/05/17 17:30,21.799999,972.900024,1.1,132,0,0.0,20.4,53.18,973.98,3.11,326.73,0.0,0.0,0.0,0.0
2019/05/17 17:45,21.799999,972.900024,0.0,47,0,0.0,20.19,53.39,974.33,3.03,330.03,0.0,0.0,0.0,0.0
2019/05/17 18:00,21.799999,972.900024,0.0,14,0,0.0,19.96,53.83,974.63,3.03,328.21,0.0,0.0,0.0,0.0
2019/05/17 18:15,21.799999,972.900024,0.0,102,0,0.0,19.71,54.49,974.59,3.14,322.0,0.0,0.0,0.0,0.0
2019/05/17 18:30,21.799999,972.900024,0.0,103,0,0.0,19.47,55.12,974.55,3.23,314.26,0.0,0.0,0.0,0.0
2019/05/17 18:45,21.799999,972.900024,0.0,177,0,0.0,19.26,55.72,974.67,3.22,310.12,0.0,0.0,0.0,0.0
2019/05/17 19:00,21.799999,972.900024,0.3,53,0,0.0,19.07,56.27,974.98,3.15,309.24,0.0,0.0,0.0,0.0
2019/05/18 08:00,22.9,974.0,1.9,220,278,246.240005,30.46,35.57,971.6,10.97,152.8,515.22,43.150000000000034,472.07,5.001301
2019/05/18 08:15,22.9,974.0,1.9,216,269,255.600006,30.39,35.53,971.52,10.82,153.65,485.24,43.06,442.18,4.461388
2019/05/18 08:30,22.9,974.0,1.3,269,191,187.919998,30.28,35.95,971.43,10.65,154.39,464.64,43.079999999999984,421.56,4.12039
2019/05/18 08:45,22.9,974.0,1.9,238,164,162.720001,30.14,36.72,971.33,10.47,154.94,421.49,42.079999999999984,379.41,3.111605
2019/05/18 09:00,22.9,972.900024,2.6,262,66,59.759998,30.02,37.21,971.29,10.31,155.51,390.18,41.19,348.99,0.909327
2019/05/18 09:15,22.9,972.900024,3.0,241,181,172.080002,29.86,37.4,971.23,10.17,156.45,337.7,39.15999999999997,298.54,3.608893
2019/05/18 09:30,22.9,972.900024,2.6,206,70,71.280006,29.71,37.36,971.12,10.05,157.46,301.91,37.57000000000005,264.34,1.079826
2019/05/18 09:45,22.9,972.900024,1.2,284,18,18.0,29.47,37.42,970.94,9.91,158.22,247.94,34.829999999999984,213.11,0.298373
2019/05/18 10:00,22.9,972.900024,2.9,176,24,23.76,29.22,37.59,970.73,9.74,158.35,212.22,32.74000000000001,179.48,0.355206
2019/05/18 10:15,22.9,972.900024,3.0,214,42,42.48,28.87,38.06,970.53,9.48,158.2,159.5,29.080000000000013,130.42,0.710412
2019/05/18 10:30,22.9,972.900024,2.1,155,14,16.559998999999998,28.52,38.77,970.48,9.13,158.03,125.3,26.16,99.14,0.312581
2019/05/18 10:45,22.9,972.900024,2.5,152,0,7.92,28.07,39.8,970.56,8.72,158.7,76.61,20.69,55.92,0.0
2019/05/18 11:00,22.9,972.900024,1.2,213,0,7.92,27.64,40.79,970.74,8.24,160.14,46.98,15.949999999999996,31.03,0.0
2019/05/18 11:15,22.9,972.900024,0.8,223,0,0.0,27.19,41.49,970.85,7.75,162.01,10.67,6.13,4.54,0.0
2019/05/18 11:30,22.9,972.900024,0.3,201,0,0.0,26.79,42.02,970.93,7.28,163.86,0.0,0.0,0.0,0.0
2019/05/18 11:45,22.9,972.900024,0.5,193,0,0.0,26.43,42.65,970.99,6.88,166.01,0.0,0.0,0.0,0.0
2019/05/18 12:00,22.9,972.900024,1.5,312,0,0.0,26.13,43.21,971.11,6.54,168.72,0.0,0.0,0.0,0.0
2019/05/18 12:15,22.9,972.900024,1.1,213,0,0.0,25.86,43.74,971.23,6.27,172.8,0.0,0.0,0.0,0.0
2019/05/18 12:30,22.9,972.900024,1.7,192,0,0.0,25.62,44.28,971.35,6.03,177.52,0.0,0.0,0.0,0.0
2019/05/18 12:45,22.9,972.900024,1.3,249,0,0.0,25.38,44.92,971.5,5.83,182.16,0.0,0.0,0.0,0.0
2019/05/18 13:00,22.9,972.900024,2.2,182,0,0.0,25.16,45.63,971.6,5.66,187.71,0.0,0.0,0.0,0.0
2019/05/18 13:15,22.9,972.900024,1.7,214,0,0.0,24.95,46.44,971.7,5.47,192.85,0.0,0.0,0.0,0.0
2019/05/18 13:30,21.799999,974.0,1.0,223,0,0.0,24.72,47.37,971.71,5.2,197.55,0.0,0.0,0.0,0.0
2019/05/18 13:45,21.799999,974.0,1.0,131,0,0.0,24.48,48.35,971.7,4.92,202.95,0.0,0.0,0.0,0.0
2019/05/18 14:00,21.799999,974.0,1.0,167,0,0.0,24.21,49.37,971.74,4.68,208.75,0.0,0.0,0.0,0.0
2019/05/18 14:15,20.700001,974.0,1.0,340,0,0.0,24.04,50.03,971.83,4.52,214.18,0.0,0.0,0.0,0.0
2019/05/18 14:30,20.700001,974.0,1.0,165,0,0.0,23.87,50.52,971.94,4.36,218.58,0.0,0.0,0.0,0.0
2019/05/18 14:45,20.700001,974.0,1.0,220,0,0.0,23.7,50.85,972.01,4.21,219.22,0.0,0.0,0.0,0.0
2019/05/18 15:00,20.700001,974.0,1.0,43,0,0.0,23.58,50.86,972.1,4.1,219.32,0.0,0.0,0.0,0.0
2019/05/18 15:15,20.700001,974.0,1.0,131,0,0.0,23.45,50.77,972.16,3.98,218.89,0.0,0.0,0.0,0.0
2019/05/18 15:30,20.700001,974.0,1.0,46,0,0.0,23.28,50.72,972.25,3.79,214.71,0.0,0.0,0.0,0.0
2019/05/18 15:45,20.700001,974.0,1.0,79,0,0.0,23.04,50.91,972.36,3.58,210.21,0.0,0.0,0.0,0.0
2019/05/18 16:00,20.700001,974.0,1.0,188,0,0.0,17.66,81.99,974.21,3.54,314.17,0.0,0.0,0.0,0.0
2019/05/18 16:15,20.700001,974.0,1.0,133,0,0.0,17.58,81.84,974.22,3.95,317.05,0.0,0.0,0.0,0.0
2019/05/18 16:30,19.6,974.0,1.0,117,0,0.0,17.59,81.18,974.75,4.34,317.77,0.0,0.0,0.0,0.0
2019/05/18 16:45,19.6,974.0,1.0,69,0,0.0,17.66,80.28,974.79,4.76,322.16,0.0,0.0,0.0,0.0
2019/05/18 17:00,19.6,974.0,1.0,76,0,0.0,17.76,79.22,974.82,5.59,325.09,0.0,0.0,0.0,0.0
2019/05/18 17:15,19.6,974.0,0.0,30,0,0.0,18.33,76.15,975.14,6.86,319.95,0.0,0.0,0.0,0.0
2019/05/18 17:30,20.700001,974.0,1.1,136,0,0.0,18.91,74.42,975.2,7.72,323.59,0.0,0.0,0.0,0.0
2019/05/18 17:45,21.799999,974.0,1.8,102,0,0.0,19.1,74.57,975.78,7.94,326.71,0.0,0.0,0.0,0.0
2019/05/18 18:00,21.799999,974.0,1.0,14,0,0.0,19.24,73.8,976.31,7.79,334.87,0.0,0.0,0.0,0.0
2019/05/18 18:15,21.799999,974.0,0.9,331,0,0.0,18.89,77.1,976.41,6.76,349.86,0.0,0.0,0.0,0.0
2019/05/18 18:30,21.799999,974.0,1.0,320,0,0.0,18.12,83.06,975.75,4.59,25.46,0.0,0.0,0.0,0.0
2019/05/18 18:45,21.799999,974.0,1.0,60,0,0.0,17.99,82.97,975.21,2.35,69.04,0.0,0.0,0.0,0.0
2019/05/18 19:00,21.799999,974.0,1.0,89,0,0.0,17.87,81.45,975.13,1.63,258.43,0.0,0.0,0.0,0.0
2019/05/19 08:00,22.9,979.5,5.3,132,550,547.200012,21.03,16.92,979.54,13.71,317.49,606.34,47.780000000000086,558.56,10.49989
2019/05/19 08:15,22.9,979.5,1.3,148,402,408.959991,20.71,17.7,979.53,13.48,317.31,553.85,46.27000000000004,507.58,6.805747
2019/05/19 08:30,22.9,979.5,0.9,164,433,462.959991,20.46,18.66,979.59,13.1,316.56,517.53,45.15999999999997,472.37,8.056072
2019/05/19 08:45,22.9,979.5,1.6,290,355,403.200012,20.31,19.11,979.72,12.83,314.98,461.97,43.360000000000014,418.61,6.422125
2019/05/19 09:00,22.9,979.5,1.7,133,301,360.720001,20.19,18.68,979.82,12.9,314.5,424.99,42.06,382.93,6.081127
2019/05/19 09:15,22.9,979.5,2.0,124,232,293.040009,19.93,18.22,979.9,13.07,315.59,369.06,39.870000000000005,329.19,4.688719
2019/05/19 09:30,21.799999,979.5,4.1,56,144,228.240005,19.7,17.8,979.89,13.13,316.66,331.22,38.26000000000005,292.96,3.267895
2019/05/19 09:45,21.799999,980.599976,0.7,15,71,66.240013,19.37,17.44,979.84,13.16,317.4,274.17,35.51000000000002,238.66,2.415401
2019/05/19 10:00,21.799999,980.599976,1.5,78,59,53.279999,19.01,17.37,979.82,13.18,317.97,236.1,33.44,202.66,1.847071
2019/05/19 10:15,21.799999,980.599976,2.4,135,77,72.0,18.62,17.47,979.82,13.08,318.89,179.5,29.77000000000001,149.73,2.01757
2019/05/19 10:30,20.700001,980.599976,1.3,336,39,33.119999,18.28,17.38,979.92,12.93,320.25,142.75,26.849999999999994,115.9,0.96616
2019/05/19 10:45,20.700001,980.599976,0.0,129,27,25.92,17.88,16.44,980.29,12.93,321.86,90.08,21.450000000000003,68.63,0.610954
2019/05/19 11:00,20.700001,981.700012,0.5,175,13,14.4,17.45,15.25,980.82,12.92,322.87,57.14,16.75,40.39,0.255748
2019/05/19 11:15,20.700001,981.700012,1.1,202,0,11.52,16.98,14.4,981.27,12.67,323.2,14.59,6.98,7.61,0.0
2019/05/19 11:30,20.700001,981.700012,3.0,140,0,0.0,16.57,14.13,981.63,12.19,323.23,0.0,0.0,0.0,0.0
2019/05/19 11:45,19.6,981.700012,0.3,184,0,0.0,16.21,14.42,981.94,11.6,323.72,0.0,0.0,0.0,0.0
2019/05/19 12:00,19.6,982.799988,0.7,15,0,0.0,15.9,14.87,982.25,11.06,324.57,0.0,0.0,0.0,0.0
2019/05/19 12:15,19.6,982.799988,1.7,350,0,0.0,15.63,15.36,982.55,10.64,325.46,0.0,0.0,0.0,0.0
2019/05/19 12:30,19.6,982.799988,3.3,74,0,0.0,15.37,15.91,982.83,10.31,325.97,0.0,0.0,0.0,0.0
2019/05/19 12:45,19.6,982.799988,1.2,101,0,0.0,15.14,16.48,983.09,9.99,325.83,0.0,0.0,0.0,0.0
2019/05/19 13:00,19.6,983.900024,3.4,85,0,0.0,14.92,17.08,983.27,9.67,325.0,0.0,0.0,0.0,0.0
2019/05/19 13:15,19.6,983.900024,3.8,135,0,0.0,14.71,17.69,983.44,9.37,323.54,0.0,0.0,0.0,0.0
2019/05/19 13:30,19.6,983.900024,2.2,53,0,0.0,14.53,18.31,983.56,9.14,321.78,0.0,0.0,0.0,0.0
2019/05/19 13:45,18.5,983.900024,0.8,14,0,0.0,14.36,18.88,983.58,9.01,319.83,0.0,0.0,0.0,0.0
2019/05/19 14:00,18.5,983.900024,0.0,175,0,0.0,14.21,19.35,983.59,8.98,317.97,0.0,0.0,0.0,0.0
2019/05/19 14:15,18.5,983.900024,1.8,142,0,0.0,14.09,19.69,983.65,9.05,316.27,0.0,0.0,0.0,0.0
2019/05/19 14:30,17.4,983.900024,0.7,323,0,0.0,13.99,19.9,983.77,9.18,314.68,0.0,0.0,0.0,0.0
2019/05/19 14:45,17.4,983.900024,0.8,111,0,0.0,13.9,20.04,983.88,9.37,313.0,0.0,0.0,0.0,0.0
2019/05/19 15:00,17.4,983.900024,0.0,92,0,0.0,13.82,20.17,983.96,9.59,311.26,0.0,0.0,0.0,0.0
2019/05/19 15:15,17.4,983.900024,0.0,207,0,0.0,13.75,20.32,984.0,9.81,309.64,0.0,0.0,0.0,0.0
2019/05/19 15:30,17.4,983.900024,0.4,349,0,0.0,13.69,20.48,984.06,10.03,308.44,0.0,0.0,0.0,0.0
2019/05/19 15:45,17.4,983.900024,0.0,352,0,0.0,13.63,20.67,984.1,10.23,307.81,0.0,0.0,0.0,0.0
2019/05/19 16:00,17.4,983.900024,0.7,316,0,0.0,11.18,22.94,984.97,4.29,277.53,0.0,0.0,0.0,0.0
2019/05/19 16:15,17.4,983.900024,0.6,104,0,0.0,10.93,23.57,985.09,4.1,277.3,0.0,0.0,0.0,0.0
2019/05/19 16:30,17.4,983.900024,0.6,104,0,0.0,10.76,24.06,985.31,3.99,276.31,0.0,0.0,0.0,0.0
2019/05/19 16:45,16.299999,983.900024,0.6,81,0,0.0,10.57,24.52,984.98,3.88,273.24,0.0,0.0,0.0,0.0
2019/05/19 17:00,16.299999,983.900024,0.6,12,0,0.0,10.4,24.89,984.86,3.81,269.94,0.0,0.0,0.0,0.0
2019/05/19 17:15,16.299999,983.900024,0.6,60,0,0.0,10.22,25.18,984.54,3.79,267.71,0.0,0.0,0.0,0.0
2019/05/19 17:30,15.3,983.900024,0.6,126,0,0.0,10.18,25.09,984.52,3.82,267.51,0.0,0.0,0.0,0.0
2019/05/19 17:45,15.3,983.900024,0.6,4,0,0.0,10.22,24.71,984.65,3.84,270.33,0.0,0.0,0.0,0.0
2019/05/19 18:00,15.3,983.900024,0.7,107,0,0.0,10.28,24.26,984.83,3.83,271.61,0.0,0.0,0.0,0.0
2019/05/19 18:15,15.3,983.900024,0.7,45,0,0.0,10.34,23.77,984.8,3.84,269.86,0.0,0.0,0.0,0.0
2019/05/19 18:30,15.3,983.900024,0.4,96,0,0.0,10.43,23.23,984.6,3.94,267.53,0.0,0.0,0.0,0.0
2019/05/19 18:45,15.3,983.900024,0.4,85,0,0.0,10.63,22.48,984.35,4.16,267.71,0.0,0.0,0.0,0.0
2019/05/19 19:00,14.2,983.900024,0.4,128,0,0.0,10.93,21.59,984.5,4.44,267.22,0.0,0.0,0.0,0.0
2019/05/20 08:00,28.4,977.299988,0.7,314,487,499.679993,26.34,10.49,978.59,9.47,305.43,606.1,47.75999999999999,558.34,8.9654
2019/05/20 08:15,28.4,977.299988,1.0,321,431,463.679993,26.31,10.59,978.34,9.3,306.16,554.57,46.25000000000006,508.32,7.985030999999999
2019/05/20 08:30,28.4,977.299988,1.7,274,371,422.64001500000006,26.3,10.7,978.17,9.1,306.88,519.01,45.15999999999997,473.85,6.962038000000001
2019/05/20 08:45,28.4,977.299988,1.0,99,317,383.040009,26.23,10.85,978.11,8.86,307.29,464.12,43.360000000000014,420.76,5.853795
2019/05/20 09:00,28.4,977.299988,0.9,120,259,337.679993,26.17,11.02,978.08,8.59,307.29,426.67,42.05000000000001,384.62,4.830801999999999
2019/05/20 09:15,27.299999,977.299988,1.8,106,213,295.920013,26.05,11.26,978.04,8.27,307.0,369.56,39.88,329.68,3.935683
2019/05/20 09:30,27.299999,976.200012,2.1,43,146,247.679993,25.93,11.52,977.99,7.93,306.65,331.11,38.25999999999999,292.85,3.125813
2019/05/20 09:45,27.299999,976.200012,0.8,110,44,37.439999,25.72,11.9,977.89,7.54,306.31,273.35,35.53000000000003,237.82,2.159652
2019/05/20 10:00,26.200001,976.200012,0.8,154,42,33.119999,25.49,12.43,977.75,7.05,305.91,235.08,33.45000000000002,201.63,1.719197
2019/05/20 10:15,26.200001,976.200012,0.7,122,34,27.360001,25.07,13.22,977.63,6.46,305.29,178.54,29.829999999999984,148.71,1.079826
2019/05/20 10:30,26.200001,976.200012,1.6,26,30,28.799999,24.53,14.28,977.58,5.82,304.25,141.84,26.950000000000003,114.89,0.753037
2019/05/20 10:45,26.200001,976.200012,0.6,6,24,24.48,23.69,15.59,977.71,5.2,302.27,89.24,21.58999999999999,67.65,0.539913
2019/05/20 11:00,25.1,976.200012,0.7,131,14,18.719999,22.78,16.75,977.92,4.75,298.95,56.76,16.979999999999997,39.78,0.312581
2019/05/20 11:15,24.0,976.200012,0.7,124,0,11.52,21.72,17.32,978.03,4.56,294.84,15.36,7.43,7.93,0.0
2019/05/20 11:30,24.0,976.200012,0.7,101,0,0.0,20.91,17.28,978.09,4.57,291.09,0.0,0.0,0.0,0.0
2019/05/20 11:45,24.0,976.200012,0.7,117,0,0.0,20.23,17.43,978.16,4.65,288.1,0.0,0.0,0.0,0.0
2019/05/20 12:00,24.0,976.200012,0.7,44,0,0.0,19.64,17.64,978.24,4.69,285.95,0.0,0.0,0.0,0.0
2019/05/20 12:15,24.0,976.200012,0.9,84,0,0.0,19.14,17.89,978.33,4.71,284.49,0.0,0.0,0.0,0.0
2019/05/20 12:30,24.0,976.200012,0.9,90,0,0.0,18.72,18.13,978.45,4.71,283.58,0.0,0.0,0.0,0.0
2019/05/20 12:45,22.9,977.299988,0.9,98,0,0.0,18.37,18.37,978.56,4.68,282.78,0.0,0.0,0.0,0.0
2019/05/20 13:00,22.9,977.299988,0.9,64,0,0.0,18.07,18.58,978.66,4.64,282.23,0.0,0.0,0.0,0.0
2019/05/20 13:15,22.9,977.299988,0.9,81,0,0.0,17.81,18.78,978.75,4.58,281.47,0.0,0.0,0.0,0.0
2019/05/20 13:30,22.9,977.299988,0.9,60,0,0.0,17.56,19.02,978.82,4.52,280.21,0.0,0.0,0.0,0.0
2019/05/20 13:45,22.9,977.299988,0.9,62,0,0.0,17.29,19.31,978.82,4.45,278.16,0.0,0.0,0.0,0.0
2019/05/20 14:00,22.9,977.299988,0.9,57,0,0.0,17.04,19.61,978.83,4.39,276.1,0.0,0.0,0.0,0.0
2019/05/20 14:15,22.9,977.299988,0.9,78,0,0.0,16.76,19.99,978.92,4.33,273.67,0.0,0.0,0.0,0.0
2019/05/20 14:30,22.9,977.299988,0.9,88,0,0.0,16.44,20.47,979.05,4.26,269.96,0.0,0.0,0.0,0.0
2019/05/20 14:45,22.9,977.299988,0.9,109,0,0.0,16.08,21.06,979.15,4.2,265.52,0.0,0.0,0.0,0.0
2019/05/20 15:00,21.799999,977.299988,0.9,82,0,0.0,15.73,21.66,979.2,4.15,261.29,0.0,0.0,0.0,0.0
2019/05/20 15:15,21.799999,977.299988,0.9,94,0,0.0,15.44,22.2,979.22,4.12,258.51,0.0,0.0,0.0,0.0
2019/05/20 15:30,21.799999,977.299988,0.9,125,0,0.0,15.27,22.52,979.24,4.1,258.14,0.0,0.0,0.0,0.0
2019/05/20 15:45,20.700001,977.299988,0.9,22,0,0.0,15.2,22.65,979.27,4.07,259.53,0.0,0.0,0.0,0.0
2019/05/20 16:00,19.6,977.299988,1.7,103,0,0.0,14.53,24.22,978.49,3.23,233.91,0.0,0.0,0.0,0.0
2019/05/20 16:15,19.6,977.299988,1.6,70,0,0.0,14.57,24.04,978.28,3.18,238.02,0.0,0.0,0.0,0.0
2019/05/20 16:30,19.6,977.299988,1.6,50,0,0.0,14.64,23.8,978.47,3.13,243.57,0.0,0.0,0.0,0.0
2019/05/20 16:45,19.6,977.299988,0.5,79,0,0.0,14.63,23.67,978.31,3.13,247.21,0.0,0.0,0.0,0.0
2019/05/20 17:00,19.6,977.299988,0.5,43,0,0.0,14.53,23.73,977.99,3.23,245.42,0.0,0.0,0.0,0.0
2019/05/20 17:15,19.6,977.299988,2.4,124,0,0.0,14.38,23.88,977.61,3.36,239.25,0.0,0.0,0.0,0.0
2019/05/20 17:30,18.5,977.299988,1.5,136,0,0.0,14.34,23.85,977.43,3.45,234.34,0.0,0.0,0.0,0.0
2019/05/20 17:45,18.5,977.299988,1.6,74,0,0.0,14.38,23.66,977.46,3.47,231.9,0.0,0.0,0.0,0.0
2019/05/20 18:00,18.5,977.299988,1.4,73,0,0.0,14.43,23.39,977.55,3.44,230.97,0.0,0.0,0.0,0.0
2019/05/20 18:15,18.5,976.200012,1.7,118,0,0.0,14.43,23.17,977.44,3.36,229.48,0.0,0.0,0.0,0.0
2019/05/20 18:30,18.5,976.200012,1.7,162,0,0.0,14.4,22.96,977.46,3.17,227.48,0.0,0.0,0.0,0.0
2019/05/20 18:45,18.5,976.200012,1.7,113,0,0.0,14.41,22.69,977.35,2.93,223.79,0.0,0.0,0.0,0.0
2019/05/20 19:00,18.5,976.200012,1.7,113,0,0.0,14.47,22.32,977.29,2.72,221.22,0.0,0.0,0.0,0.0
2019/05/21 08:00,33.900002,971.799988,0.8,183,437,455.040009,31.57,12.01,972.31,0.76,340.08,595.03,47.45999999999992,547.57,8.269196
2019/05/21 08:15,33.900002,971.799988,1.5,67,218,211.679993,31.76,11.71,972.11,1.54,322.53,545.04,45.97999999999996,499.06,5.114966000000001
2019/05/21 08:30,33.900002,971.799988,1.3,55,317,354.959991,31.93,11.4,971.95,2.65,321.5,510.51,44.89999999999998,465.61,5.995877
2019/05/21 08:45,33.900002,971.799988,2.1,301,306,369.359985,32.0,11.16,971.88,3.8,324.5,457.26,43.13999999999999,414.12,5.498589
2019/05/21 09:00,33.900002,970.700012,1.7,108,254,326.160004,32.03,11.0,971.86,4.73,326.89,420.95,41.860000000000014,379.09,4.646095
2019/05/21 09:15,32.799999,970.700012,2.1,203,206,278.640015,31.94,10.95,971.86,5.33,328.59,365.56,39.72000000000003,325.84,3.694143
2019/05/21 09:30,30.6,970.700012,2.2,208,144,223.919998,31.82,10.98,971.85,5.57,330.51,328.2,38.13999999999999,290.06,2.884273
2019/05/21 09:45,30.6,970.700012,3.1,161,56,41.759998,31.57,11.3,971.82,5.46,333.16,271.81,35.44999999999999,236.36,2.188069
2019/05/21 10:00,29.5,970.700012,1.0,215,46,34.560001,31.25,11.99,971.81,5.01,336.38,234.24,33.420000000000016,200.82,1.619739
2019/05/21 10:15,29.5,970.700012,2.6,115,38,28.799999,30.63,13.61,971.81,4.28,339.67,178.45,29.849999999999994,148.6,1.150867
2019/05/21 10:30,29.5,970.700012,1.1,196,32,25.92,29.87,15.78,971.84,3.39,343.47,142.09,27.010000000000005,115.08,0.795661
2019/05/21 10:45,28.4,970.700012,1.7,275,22,20.16,29.03,17.31,971.95,2.49,347.57,89.95,21.760000000000005,68.19,0.48308
2019/05/21 11:00,28.4,970.700012,2.4,198,14,14.4,28.31,18.5,972.12,1.74,348.71,57.74,17.240000000000002,40.5,0.269957
2019/05/21 11:15,28.4,971.799988,1.2,248,0,8.64,27.53,19.27,972.25,1.17,342.34,16.55,7.91,8.64,0.0
2019/05/21 11:30,27.299999,971.799988,0.0,54,0,0.0,26.86,19.46,972.36,0.89,316.22,0.0,0.0,0.0,0.0
2019/05/21 11:45,26.200001,971.799988,0.0,23,0,0.0,26.32,19.57,972.43,1.05,280.65,0.0,0.0,0.0,0.0
2019/05/21 12:00,25.1,971.799988,0.0,19,0,0.0,25.7,19.63,972.52,1.65,267.5,0.0,0.0,0.0,0.0
2019/05/21 12:15,25.1,971.799988,0.0,45,0,0.0,24.98,19.68,972.63,2.46,268.19,0.0,0.0,0.0,0.0
2019/05/21 12:30,24.0,971.799988,0.0,133,0,0.0,24.26,19.7,972.76,3.24,271.83,0.0,0.0,0.0,0.0
2019/05/21 12:45,24.0,971.799988,0.0,72,0,0.0,23.63,19.74,972.91,3.9,277.83,0.0,0.0,0.0,0.0
2019/05/21 13:00,22.9,971.799988,0.0,24,0,0.0,23.02,19.92,973.13,4.34,285.58,0.0,0.0,0.0,0.0
2019/05/21 13:15,22.9,971.799988,0.0,144,0,0.0,22.62,20.02,973.33,4.44,288.84,0.0,0.0,0.0,0.0
2019/05/21 13:30,22.9,971.799988,0.0,126,0,0.0,22.37,20.11,973.39,4.37,287.15,0.0,0.0,0.0,0.0
2019/05/21 13:45,22.9,971.799988,0.0,20,0,0.0,22.03,20.42,973.38,4.39,283.96,0.0,0.0,0.0,0.0
2019/05/21 14:00,24.0,971.799988,0.0,107,0,0.0,21.66,20.82,973.44,4.49,282.13,0.0,0.0,0.0,0.0
2019/05/21 14:15,24.0,971.799988,1.1,100,0,0.0,21.36,21.12,973.59,4.57,281.36,0.0,0.0,0.0,0.0
2019/05/21 14:30,24.0,971.799988,1.3,14,0,0.0,21.08,21.37,973.75,4.59,281.75,0.0,0.0,0.0,0.0
2019/05/21 14:45,21.799999,971.799988,0.0,129,0,0.0,20.82,21.57,973.88,4.6,285.2,0.0,0.0,0.0,0.0
2019/05/21 15:00,21.799999,971.799988,0.0,130,0,0.0,20.66,21.58,974.0,4.63,290.3,0.0,0.0,0.0,0.0
2019/05/21 15:15,21.799999,971.799988,0.0,97,0,0.0,20.55,21.47,974.17,4.64,296.24,0.0,0.0,0.0,0.0
2019/05/21 15:30,21.799999,971.799988,0.0,297,0,0.0,20.5,21.26,974.41,4.67,301.57,0.0,0.0,0.0,0.0
2019/05/21 15:45,20.700001,971.799988,1.2,156,0,0.0,20.52,20.92,974.64,4.77,301.66,0.0,0.0,0.0,0.0
2019/05/21 16:00,20.700001,971.799988,1.2,135,0,0.0,20.59,20.06,973.51,4.13,290.79,0.0,0.0,0.0,0.0
2019/05/21 16:15,20.700001,971.799988,0.8,83,0,0.0,20.22,20.44,973.52,3.8,292.89,0.0,0.0,0.0,0.0
2019/05/21 16:30,19.6,971.799988,0.8,131,0,0.0,19.74,21.05,973.89,3.6,295.46,0.0,0.0,0.0,0.0
2019/05/21 16:45,19.6,971.799988,0.8,129,0,0.0,19.23,21.71,974.03,3.46,289.42,0.0,0.0,0.0,0.0
2019/05/21 17:00,19.6,971.799988,0.8,87,0,0.0,18.75,22.34,973.77,3.37,275.08,0.0,0.0,0.0,0.0
2019/05/21 17:15,19.6,971.799988,0.4,150,0,0.0,18.28,22.96,973.51,3.35,263.29,0.0,0.0,0.0,0.0
2019/05/21 17:30,19.6,971.799988,0.3,109,0,0.0,18.02,23.3,973.57,3.33,258.4,0.0,0.0,0.0,0.0
2019/05/21 17:45,18.5,971.799988,0.3,138,0,0.0,17.87,23.48,973.8,3.23,255.93,0.0,0.0,0.0,0.0
2019/05/21 18:00,18.5,971.799988,0.3,129,0,0.0,17.79,23.56,974.11,3.16,252.9,0.0,0.0,0.0,0.0
2019/05/21 18:15,18.5,971.799988,0.3,122,0,0.0,17.65,23.72,974.16,3.18,246.72,0.0,0.0,0.0,0.0
2019/05/21 18:30,20.700001,971.799988,1.3,124,0,0.0,17.48,23.94,974.18,3.28,241.75,0.0,0.0,0.0,0.0
2019/05/21 18:45,20.700001,971.799988,1.5,93,0,0.0,17.3,24.17,974.18,3.39,239.73,0.0,0.0,0.0,0.0
2019/05/21 19:00,20.700001,971.799988,1.3,123,0,0.0,17.19,24.33,974.29,3.5,240.4,0.0,0.0,0.0,0.0
2019/05/22 08:00,37.200001,969.599976,0.8,108,478,486.0,36.38,6.63,970.09,7.63,305.24,603.53,47.48000000000002,556.05,8.425487
2019/05/22 08:15,37.200001,969.599976,1.0,146,422,450.720001,36.36,6.53,970.01,7.58,304.99,553.16,46.01999999999998,507.14,7.416701
2019/05/22 08:30,37.200001,969.599976,0.3,212,356,411.839996,36.34,6.42,969.91,7.52,306.41,518.47,44.97000000000003,473.5,6.493166
2019/05/22 08:45,38.299999,969.599976,2.4,138,306,378.0,36.25,6.38,969.88,7.45,307.83,464.82,43.19,421.63,5.555422
2019/05/22 09:00,38.299999,969.599976,2.4,157,258,337.679993,36.17,6.43,969.91,7.36,309.13,428.07,41.920000000000016,386.15,4.631886
2019/05/22 09:15,37.200001,969.599976,0.7,90,200,287.27999900000003,36.01,6.61,969.93,7.25,310.79,371.76,39.78999999999997,331.97,3.708351
2019/05/22 09:30,37.200001,969.599976,0.7,68,126,241.919998,35.82,6.88,969.91,7.09,312.31,333.78,38.20999999999998,295.57,2.884273
2019/05/22 09:45,37.200001,969.599976,1.8,183,43,33.84,35.48,7.3,969.89,6.8,313.4,276.56,35.55000000000001,241.01,2.159652
2019/05/22 10:00,36.099998,969.599976,0.7,75,35,26.639999,35.06,7.88,969.86,6.37,314.1,238.55,33.52000000000001,205.03,1.577115
2019/05/22 10:15,35.0,969.599976,0.7,163,31,25.200001,34.38,8.66,969.84,5.86,313.72,182.29,29.97999999999999,152.31,1.05141
2019/05/22 10:30,35.0,969.599976,0.7,62,25,20.879999,33.6,9.52,969.83,5.34,311.12,145.67,27.189999999999984,118.48,0.681996
2019/05/22 10:45,35.0,969.599976,0.7,61,19,18.0,32.57,10.38,969.86,4.91,306.32,93.04,22.0,71.04,0.426247
2019/05/22 11:00,33.900002,969.599976,0.7,83,11,13.68,31.63,10.98,969.96,4.7,300.89,60.44,17.57,42.87,0.24154
2019/05/22 11:15,32.799999,969.599976,0.7,96,0,9.360001,30.57,11.26,970.0,4.64,295.7,18.39,8.42,9.97,0.0
2019/05/22 11:30,32.799999,969.599976,0.7,100,0,0.0,29.67,11.33,970.04,4.62,291.01,0.36,0.35,0.01,0.0
2019/05/22 11:45,32.799999,969.599976,0.7,76,0,0.0,28.83,11.79,970.13,4.57,285.19,0.0,0.0,0.0,0.0
2019/05/22 12:00,31.700001,969.599976,0.7,27,0,0.0,28.08,12.35,970.22,4.53,275.76,0.0,0.0,0.0,0.0
2019/05/22 12:15,31.700001,969.599976,0.7,140,0,0.0,27.29,13.07,970.32,4.59,265.03,0.0,0.0,0.0,0.0
2019/05/22 12:30,31.700001,969.599976,1.7,80,0,0.0,26.59,13.77,970.41,4.69,255.53,0.0,0.0,0.0,0.0
2019/05/22 12:45,32.799999,969.599976,1.7,118,0,0.0,25.92,14.55,970.5,4.71,247.75,0.0,0.0,0.0,0.0
2019/05/22 13:00,32.799999,969.599976,0.7,61,0,0.0,25.19,15.45,970.62,4.59,242.49,0.0,0.0,0.0,0.0
2019/05/22 13:15,32.799999,969.599976,0.7,67,0,0.0,24.54,16.29,970.74,4.44,240.41,0.0,0.0,0.0,0.0
2019/05/22 13:30,32.799999,969.599976,0.6,69,0,0.0,24.44,16.43,970.83,4.4,243.73,0.0,0.0,0.0,0.0
2019/05/22 13:45,32.799999,969.599976,1.7,95,0,0.0,24.65,16.04,970.88,4.44,247.75,0.0,0.0,0.0,0.0
2019/05/22 14:00,29.5,969.599976,0.7,23,0,0.0,24.83,15.61,971.02,4.49,251.92,0.0,0.0,0.0,0.0
2019/05/22 14:15,29.5,969.599976,1.5,76,0,0.0,24.92,15.2,971.23,4.55,256.24,0.0,0.0,0.0,0.0
2019/05/22 14:30,28.4,969.599976,1.1,41,0,0.0,24.95,14.82,971.44,4.57,259.9,0.0,0.0,0.0,0.0
2019/05/22 14:45,28.4,969.599976,1.2,76,0,0.0,24.91,14.5,971.56,4.55,262.39,0.0,0.0,0.0,0.0
2019/05/22 15:00,28.4,969.599976,1.1,99,0,0.0,24.84,14.24,971.64,4.48,263.52,0.0,0.0,0.0,0.0
2019/05/22 15:15,28.4,969.599976,1.1,61,0,0.0,24.73,14.04,971.71,4.41,263.91,0.0,0.0,0.0,0.0
2019/05/22 15:30,28.4,969.599976,1.0,88,0,0.0,24.61,13.9,971.77,4.35,264.04,0.0,0.0,0.0,0.0
2019/05/22 15:45,28.4,969.599976,1.3,96,0,0.0,24.54,13.74,971.86,4.3,264.11,0.0,0.0,0.0,0.0
2019/05/22 16:00,28.4,969.599976,1.3,125,0,0.0,23.4,15.46,970.85,3.55,240.79,0.0,0.0,0.0,0.0
2019/05/22 16:15,28.4,970.700012,1.4,91,0,0.0,23.51,15.05,970.83,3.67,241.31,0.0,0.0,0.0,0.0
2019/05/22 16:30,27.299999,970.700012,1.4,62,0,0.0,23.56,14.73,971.36,3.91,242.99,0.0,0.0,0.0,0.0
2019/05/22 16:45,27.299999,970.700012,2.2,53,0,0.0,23.59,14.47,971.43,4.18,245.74,0.0,0.0,0.0,0.0
2019/05/22 17:00,27.299999,970.700012,1.3,62,0,0.0,23.69,14.18,971.39,4.5,248.52,0.0,0.0,0.0,0.0
2019/05/22 17:15,27.299999,970.700012,1.3,87,0,0.0,23.85,13.88,971.21,4.85,249.9,0.0,0.0,0.0,0.0
2019/05/22 17:30,27.299999,970.700012,1.4,97,0,0.0,23.98,13.71,971.09,5.14,249.26,0.0,0.0,0.0,0.0
2019/05/22 17:45,27.299999,970.700012,3.0,61,0,0.0,24.03,13.68,971.33,5.28,247.33,0.0,0.0,0.0,0.0
2019/05/22 18:00,27.299999,970.700012,2.0,140,0,0.0,23.97,13.76,971.5,5.33,246.22,0.0,0.0,0.0,0.0
2019/05/22 18:15,27.299999,970.700012,1.1,68,0,0.0,23.85,13.87,971.63,5.36,245.67,0.0,0.0,0.0,0.0
2019/05/22 18:30,26.200001,970.700012,2.5,70,0,0.0,23.76,13.93,971.73,5.39,246.11,0.0,0.0,0.0,0.0
2019/05/22 18:45,26.200001,970.700012,1.4,101,0,0.0,23.7,13.96,971.65,5.43,245.84,0.0,0.0,0.0,0.0
2019/05/22 19:00,26.200001,970.700012,2.6,112,0,0.0,23.7,13.91,971.65,5.52,245.1,0.0,0.0,0.0,0.0
2019/05/23 08:00,38.299999,969.599976,1.7,292,322,320.399994,38.81,6.2,971.2,4.19,239.24,604.74,47.53999999999997,557.2,6.010086
2019/05/23 08:15,38.299999,969.599976,1.0,271,322,339.119995,38.77,6.39,971.07,3.71,238.98,552.74,46.06999999999999,506.67,6.407916999999999
2019/05/23 08:30,38.299999,969.599976,2.6,305,321,342.720001,38.73,6.6,970.93,3.23,230.98,516.84,44.99000000000001,471.85,5.782754
2019/05/23 08:45,38.299999,969.599976,2.3,121,236,258.480011,38.64,6.83,970.85,3.01,210.22,461.93,43.23000000000002,418.7,3.87885
2019/05/23 09:00,37.200001,969.599976,3.1,286,154,149.03999299999998,38.54,7.06,970.79,3.25,184.26,424.82,41.94,382.88,2.671149
2019/05/23 09:15,37.200001,969.599976,1.8,215,118,112.32,38.35,7.34,970.74,3.86,165.33,368.67,39.81,328.86,2.216486
2019/05/23 09:30,37.200001,969.599976,2.0,300,108,105.120003,38.14,7.66,970.68,4.44,152.81,330.97,38.25,292.72,2.031778
2019/05/23 09:45,37.200001,969.599976,1.0,313,102,107.279999,37.81,8.2,970.58,4.67,142.7,274.26,35.59,238.67,1.974945
2019/05/23 10:00,37.200001,969.599976,0.8,185,80,87.120003,37.37,9.11,970.46,4.47,132.62,236.63,33.579999999999984,203.05,1.577115
2019/05/23 10:15,36.099998,969.599976,2.7,170,62,65.519997,36.56,10.61,970.38,4.11,122.24,181.1,30.079999999999984,151.02,1.165076
2019/05/23 10:30,36.099998,969.599976,1.8,179,50,56.880001,35.67,12.01,970.32,3.91,114.39,145.08,27.320000000000007,117.76,1.008785
2019/05/23 10:45,36.099998,969.599976,1.9,324,50,62.639999,34.52,13.49,970.32,3.89,111.83,93.41,22.200000000000003,71.21,0.994577
2019/05/23 11:00,36.099998,969.599976,0.0,120,22,32.400002,33.61,14.38,970.41,3.95,112.78,61.33,17.839999999999996,43.49,0.468872
2019/05/23 11:15,36.099998,969.599976,0.0,100,0,10.8,32.84,14.51,970.46,3.92,114.21,19.62,8.89,10.73,0.0
2019/05/23 11:30,35.0,969.599976,0.7,133,0,0.0,32.36,14.22,970.49,3.7,114.6,1.07,0.97,0.1,0.0
2019/05/23 11:45,35.0,969.599976,0.7,129,0,0.0,31.86,14.3,970.53,3.4,117.35,0.0,0.0,0.0,0.0
2019/05/23 12:00,31.700001,969.599976,0.7,336,0,0.0,31.14,14.63,970.58,3.1,126.89,0.0,0.0,0.0,0.0
2019/05/23 12:15,31.700001,969.599976,0.7,142,0,0.0,30.46,14.87,970.63,2.73,144.37,0.0,0.0,0.0,0.0
2019/05/23 12:30,30.6,969.599976,0.7,40,0,0.0,29.72,15.16,970.69,2.53,179.29,0.0,0.0,0.0,0.0
2019/05/23 12:45,30.6,969.599976,0.6,149,0,0.0,29.01,15.41,970.77,2.91,222.0,0.0,0.0,0.0,0.0
2019/05/23 13:00,29.5,969.599976,0.6,136,0,0.0,28.33,15.64,970.87,3.72,241.52,0.0,0.0,0.0,0.0
2019/05/23 13:15,29.5,970.700012,0.7,109,0,0.0,27.72,15.78,971.01,4.48,246.57,0.0,0.0,0.0,0.0
2019/05/23 13:30,29.5,970.700012,0.7,136,0,0.0,27.27,15.87,971.14,5.11,244.39,0.0,0.0,0.0,0.0
2019/05/23 13:45,29.5,970.700012,0.7,89,0,0.0,27.17,15.83,971.29,5.71,241.51,0.0,0.0,0.0,0.0
2019/05/23 14:00,29.5,970.700012,0.7,88,0,0.0,27.13,15.88,971.5,6.06,239.5,0.0,0.0,0.0,0.0
2019/05/23 14:15,28.4,970.700012,0.7,121,0,0.0,27.0,15.84,971.75,6.11,238.6,0.0,0.0,0.0,0.0
2019/05/23 14:30,28.4,970.700012,0.7,96,0,0.0,27.17,15.14,971.99,6.25,237.65,0.0,0.0,0.0,0.0
2019/05/23 14:45,27.299999,970.700012,0.7,284,0,0.0,27.61,13.93,972.16,6.64,237.42,0.0,0.0,0.0,0.0
2019/05/23 15:00,27.299999,970.700012,0.7,172,0,0.0,27.86,12.99,972.34,7.07,236.15,0.0,0.0,0.0,0.0
2019/05/23 15:15,27.299999,970.700012,0.7,28,0,0.0,27.93,12.59,972.53,7.43,236.43,0.0,0.0,0.0,0.0
2019/05/23 15:30,26.200001,970.700012,0.7,0,0,0.0,27.98,12.57,972.68,7.73,239.44,0.0,0.0,0.0,0.0
2019/05/23 15:45,26.200001,971.799988,0.7,106,0,0.0,28.07,12.74,972.82,7.94,242.81,0.0,0.0,0.0,0.0
2019/05/23 16:00,26.200001,971.799988,0.7,143,0,0.0,25.59,18.78,971.89,3.99,215.7,0.0,0.0,0.0,0.0
2019/05/23 16:15,26.200001,971.799988,0.7,59,0,0.0,25.4,19.42,972.02,3.74,214.99,0.0,0.0,0.0,0.0
2019/05/23 16:30,28.4,971.799988,0.8,113,0,0.0,25.36,20.0,972.2,3.51,217.79,0.0,0.0,0.0,0.0
2019/05/23 16:45,28.4,971.799988,0.8,106,0,0.0,25.31,20.68,972.21,3.32,221.58,0.0,0.0,0.0,0.0
2019/05/23 17:00,28.4,971.799988,0.8,139,0,0.0,25.32,21.31,971.95,3.15,226.53,0.0,0.0,0.0,0.0
2019/05/23 17:15,27.299999,971.799988,0.8,18,0,0.0,25.25,21.92,971.86,2.93,226.39,0.0,0.0,0.0,0.0
2019/05/23 17:30,27.299999,971.799988,0.6,131,0,0.0,25.13,22.51,971.98,2.69,220.72,0.0,0.0,0.0,0.0
2019/05/23 17:45,27.299999,971.799988,0.8,111,0,0.0,24.93,23.17,972.13,2.53,213.49,0.0,0.0,0.0,0.0
2019/05/23 18:00,27.299999,971.799988,0.3,332,0,0.0,24.76,23.73,972.36,2.44,207.47,0.0,0.0,0.0,0.0
2019/05/23 18:15,27.299999,971.799988,0.7,115,0,0.0,24.56,24.32,972.46,2.41,202.38,0.0,0.0,0.0,0.0
2019/05/23 18:30,27.299999,971.799988,1.7,115,0,0.0,24.33,25.0,972.21,2.46,196.21,0.0,0.0,0.0,0.0
2019/05/23 18:45,27.299999,971.799988,1.7,125,0,0.0,24.0,25.83,972.1,2.58,191.25,0.0,0.0,0.0,0.0
2019/05/23 19:00,27.299999,971.799988,1.7,119,0,0.0,23.7,26.57,972.02,2.68,185.3,0.0,0.0,0.0,0.0
2019/05/24 08:00,32.799999,968.5,2.0,157,186,167.03999299999998,34.25,15.87,968.9,5.57,159.1,87.57,16.159999999999997,71.41,3.466811
2019/05/24 08:15,32.799999,968.5,2.9,173,203,195.119995,34.72,15.96,968.74,6.51,154.52,155.6,18.72,136.88,3.253687
2019/05/24 08:30,31.700001,968.5,3.3,236,182,179.279999,34.83,16.39,968.61,7.34,160.9,160.94,29.66,131.28,3.182646
2019/05/24 08:45,31.700001,968.5,2.7,249,115,114.480003,34.37,17.49,968.65,7.74,166.26,131.85,16.489999999999995,115.36,2.571692
2019/05/24 09:00,31.700001,968.5,2.4,193,97,100.080002,33.73,18.78,968.76,7.78,167.14,107.56,16.909999999999997,90.65,1.861279
2019/05/24 09:15,30.6,968.5,0.5,294,87,94.320007,32.59,20.26,968.84,7.57,168.93,38.63,26.680000000000003,11.95,1.733405
2019/05/24 09:30,30.6,968.5,1.1,135,83,85.68,32.09,21.77,968.79,7.25,174.32,34.38,26.22,8.16,1.520282
2019/05/24 09:45,30.6,968.5,2.4,150,57,59.759998,31.33,23.97,968.7,6.84,184.22,13.88,5.630000000000001,8.25,1.079826
2019/05/24 10:00,29.5,968.5,2.3,199,25,28.08,30.61,26.71,968.63,6.28,191.81,12.43,4.449999999999999,7.98,0.412039
2019/05/24 10:15,29.5,968.5,1.7,197,21,25.200001,30.09,29.24,968.56,5.62,194.72,21.9,15.249999999999998,6.65,0.355206
2019/05/24 10:30,29.5,968.5,1.7,169,17,25.200001,29.42,31.49,968.58,4.89,197.72,16.75,11.74,5.01,0.312581
2019/05/24 10:45,29.5,968.5,2.7,223,35,43.919998,28.55,33.82,968.75,4.05,207.85,2.82,1.39,1.43,0.639371
2019/05/24 11:00,29.5,968.5,2.7,120,25,29.52,27.89,36.36,968.93,3.35,223.93,1.57,0.93,0.64,0.454664
2019/05/24 11:15,29.5,968.5,1.7,204,11,13.68,27.47,38.19,968.99,3.09,240.58,0.14,0.14,0.0,0.156291
2019/05/24 11:30,28.4,968.5,1.4,54,0,0.0,27.2,39.55,969.12,3.15,253.26,0.01,0.01,0.0,0.0
2019/05/24 11:45,28.4,968.5,1.3,212,0,0.0,26.98,40.54,969.27,3.23,259.06,0.0,0.0,0.0,0.0
2019/05/24 12:00,28.4,969.599976,1.0,174,0,0.0,26.84,41.23,969.38,3.19,259.83,0.0,0.0,0.0,0.0
2019/05/24 12:15,27.299999,969.599976,1.0,344,0,0.0,26.31,42.54,969.51,3.1,257.98,0.0,0.0,0.0,0.0
2019/05/24 12:30,26.200001,969.599976,1.0,120,0,0.0,26.17,43.22,969.58,3.02,253.81,0.0,0.0,0.0,0.0
2019/05/24 12:45,26.200001,969.599976,1.0,39,0,0.0,25.78,44.83,969.65,3.15,252.85,0.0,0.0,0.0,0.0
2019/05/24 13:00,26.200001,969.599976,1.0,121,0,0.0,25.28,47.12,969.74,3.46,256.68,0.0,0.0,0.0,0.0
2019/05/24 13:15,26.200001,969.599976,1.0,124,0,0.0,24.77,49.59,969.78,3.71,260.44,0.0,0.0,0.0,0.0
2019/05/24 13:30,26.200001,969.599976,1.0,155,0,0.0,24.7,51.01,969.87,3.73,263.8,0.0,0.0,0.0,0.0
2019/05/24 13:45,26.200001,969.599976,1.2,108,0,0.0,24.62,52.49,969.95,3.56,263.83,0.0,0.0,0.0,0.0
2019/05/24 14:00,26.200001,969.599976,1.5,88,0,0.0,24.46,54.1,970.08,3.33,265.18,0.0,0.0,0.0,0.0
2019/05/24 14:15,26.200001,969.599976,1.2,118,0,0.0,24.44,55.22,970.33,2.96,273.23,0.0,0.0,0.0,0.0
2019/05/24 14:30,25.1,969.599976,0.0,93,0,0.0,24.26,56.97,970.65,2.44,291.2,0.0,0.0,0.0,0.0
2019/05/24 14:45,25.1,969.599976,1.1,123,0,0.0,23.95,59.33,970.98,2.06,311.8,0.0,0.0,0.0,0.0
2019/05/24 15:00,25.1,969.599976,1.0,128,0,0.0,23.83,60.53,971.27,1.9,298.47,0.0,0.0,0.0,0.0
2019/05/24 15:15,25.1,969.599976,1.0,142,0,0.0,23.81,60.96,971.4,1.83,267.41,0.0,0.0,0.0,0.0
2019/05/24 15:30,25.1,969.599976,1.0,127,0,0.0,23.71,61.51,971.43,1.92,227.52,0.0,0.0,0.0,0.0
2019/05/24 15:45,25.1,969.599976,1.0,94,0,0.0,23.44,62.5,971.41,2.18,206.35,0.0,0.0,0.0,0.0
2019/05/24 16:00,24.0,969.599976,1.0,127,0,0.0,21.05,33.81,971.23,3.54,300.85,0.0,0.0,0.0,0.0
2019/05/24 16:15,24.0,969.599976,0.0,158,0,0.0,20.9,34.18,971.23,3.57,302.41,0.0,0.0,0.0,0.0
2019/05/24 16:30,24.0,969.599976,0.0,138,0,0.0,20.76,34.41,971.27,3.6,306.79,0.0,0.0,0.0,0.0
2019/05/24 16:45,24.0,969.599976,1.2,102,0,0.0,20.63,34.57,971.2,3.63,311.44,0.0,0.0,0.0,0.0
2019/05/24 17:00,24.0,969.599976,0.3,123,0,0.0,20.49,34.75,971.21,3.66,314.84,0.0,0.0,0.0,0.0
2019/05/24 17:15,24.0,969.599976,0.3,126,0,0.0,20.34,35.0,971.01,3.7,317.01,0.0,0.0,0.0,0.0
2019/05/24 17:30,22.9,969.599976,0.0,176,0,0.0,20.22,35.24,971.18,3.72,316.23,0.0,0.0,0.0,0.0
2019/05/24 17:45,22.9,969.599976,0.0,119,0,0.0,20.12,35.5,971.52,3.69,312.72,0.0,0.0,0.0,0.0
2019/05/24 18:00,22.9,969.599976,0.0,86,0,0.0,20.01,35.82,971.6,3.64,309.44,0.0,0.0,0.0,0.0
2019/05/24 18:15,22.9,969.599976,0.0,125,0,0.0,19.92,36.17,971.57,3.59,305.71,0.0,0.0,0.0,0.0
2019/05/24 18:30,21.799999,969.599976,1.2,89,0,0.0,19.81,36.61,971.39,3.55,301.96,0.0,0.0,0.0,0.0
2019/05/24 18:45,21.799999,969.599976,0.0,56,0,0.0,19.72,37.09,971.51,3.51,298.83,0.0,0.0,0.0,0.0
2019/05/24 19:00,21.799999,969.599976,0.0,97,0,0.0,19.62,37.66,971.48,3.45,294.42,0.0,0.0,0.0,0.0
2019/05/25 08:00,32.799999,968.5,2.8,275,358,345.600006,35.46,19.98,968.23,7.16,140.16,579.45,47.25,532.2,6.024294
2019/05/25 08:15,32.799999,968.5,1.5,341,316,331.200012,35.5,19.99,968.14,7.05,141.39,530.56,45.79999999999996,484.76,5.100759
2019/05/25 08:30,32.799999,968.5,1.3,216,181,177.839996,35.52,20.2,967.96,6.96,142.06,496.8,44.75,452.05,3.2963120000000004
2019/05/25 08:45,31.700001,968.5,1.1,225,349,385.920013,35.47,20.66,967.82,6.91,142.44,444.69,43.00999999999999,401.68,6.53579
2019/05/25 09:00,31.700001,968.5,2.3,223,151,166.320007,35.43,21.19,967.71,6.88,142.92,408.82,42.06999999999999,366.75,2.941106
2019/05/25 09:15,31.700001,968.5,1.7,245,191,226.800003,35.32,21.67,967.62,6.81,143.35,353.57,40.25999999999999,313.31,3.651518
2019/05/25 09:30,31.700001,968.5,1.9,253,123,161.279999,35.25,21.98,967.52,6.68,144.26,318.46,38.21999999999997,280.24,1.733405
2019/05/25 09:45,31.700001,968.5,1.3,337,71,72.0,35.09,22.31,967.43,6.5,145.86,264.45,35.48999999999998,228.96,1.832863
2019/05/25 10:00,31.700001,968.5,3.5,233,73,69.120003,34.91,22.76,967.31,6.22,147.49,228.39,33.50999999999999,194.88,1.506073
2019/05/25 10:15,30.6,968.5,1.4,270,67,66.240013,34.55,23.62,967.23,5.79,148.47,175.19,30.090000000000003,145.1,1.406616
2019/05/25 10:30,30.6,968.5,2.7,205,41,38.880001,34.06,24.91,967.23,5.24,149.43,140.55,27.470000000000013,113.08,0.753037
2019/05/25 10:45,30.6,968.5,1.9,178,21,24.48,33.25,26.77,967.43,4.66,151.23,91.16,22.42,68.74,0.3694139999999999
2019/05/25 11:00,30.6,968.5,2.8,186,11,12.96,32.36,28.61,967.59,4.22,153.71,60.55,18.39,42.16,0.1420819999999999
2019/05/25 11:15,29.5,968.5,1.4,218,9,14.4,31.32,30.24,967.68,3.96,156.67,20.86,9.66,11.2,0.0
2019/05/25 11:30,29.5,968.5,1.3,193,0,0.0,30.52,31.02,967.74,3.83,159.55,2.47,2.02,0.45,0.0
2019/05/25 11:45,29.5,968.5,0.7,162,0,0.0,29.91,31.53,967.88,3.73,163.02,0.0,0.0,0.0,0.0
2019/05/25 12:00,29.5,968.5,0.7,115,0,0.0,29.38,31.98,968.0,3.6,168.42,0.0,0.0,0.0,0.0
2019/05/25 12:15,29.5,968.5,0.7,157,0,0.0,28.88,32.53,968.11,3.43,179.05,0.0,0.0,0.0,0.0
2019/05/25 12:30,28.4,968.5,0.7,174,0,0.0,28.43,33.2,968.14,3.27,194.85,0.0,0.0,0.0,0.0
2019/05/25 12:45,28.4,968.5,0.7,111,0,0.0,28.09,33.79,968.22,3.16,210.33,0.0,0.0,0.0,0.0
2019/05/25 13:00,28.4,969.599976,0.7,70,0,0.0,27.87,34.21,968.29,3.11,221.53,0.0,0.0,0.0,0.0
2019/05/25 13:15,28.4,969.599976,0.7,350,0,0.0,27.72,34.5,968.35,3.1,228.4,0.0,0.0,0.0,0.0
2019/05/25 13:30,27.299999,969.599976,0.7,44,0,0.0,27.59,34.67,968.4,3.12,233.55,0.0,0.0,0.0,0.0
2019/05/25 13:45,27.299999,969.599976,0.7,345,0,0.0,27.46,34.79,968.45,3.17,236.01,0.0,0.0,0.0,0.0
2019/05/25 14:00,27.299999,969.599976,0.7,123,0,0.0,27.34,34.87,968.56,3.23,236.54,0.0,0.0,0.0,0.0
2019/05/25 14:15,27.299999,969.599976,0.7,20,0,0.0,27.25,34.92,968.72,3.25,237.19,0.0,0.0,0.0,0.0
2019/05/25 14:30,27.299999,969.599976,0.7,57,0,0.0,27.16,35.01,968.87,3.23,239.64,0.0,0.0,0.0,0.0
2019/05/25 14:45,26.200001,969.599976,0.7,86,0,0.0,27.15,35.04,968.99,3.2,242.03,0.0,0.0,0.0,0.0
2019/05/25 15:00,26.200001,969.599976,0.7,88,0,0.0,27.08,35.29,969.13,3.15,242.92,0.0,0.0,0.0,0.0
2019/05/25 15:15,26.200001,969.599976,0.7,117,0,0.0,27.08,35.47,969.25,3.09,245.46,0.0,0.0,0.0,0.0
2019/05/25 15:30,26.200001,969.599976,0.7,146,0,0.0,27.01,35.89,969.35,2.89,250.15,0.0,0.0,0.0,0.0
2019/05/25 15:45,26.200001,969.599976,0.7,11,0,0.0,26.87,36.52,969.54,2.42,254.56,0.0,0.0,0.0,0.0
2019/05/25 16:00,26.200001,969.599976,0.7,22,0,0.0,23.58,47.19,971.16,2.37,318.86,0.0,0.0,0.0,0.0
2019/05/25 16:15,26.200001,969.599976,0.7,127,0,0.0,23.5,47.42,971.35,2.51,316.12,0.0,0.0,0.0,0.0
2019/05/25 16:30,26.200001,969.599976,0.7,164,0,0.0,23.32,47.85,971.72,2.84,314.97,0.0,0.0,0.0,0.0
2019/05/25 16:45,25.1,969.599976,0.7,70,0,0.0,23.13,48.15,971.52,3.02,314.68,0.0,0.0,0.0,0.0
2019/05/25 17:00,25.1,969.599976,0.7,107,0,0.0,22.96,48.38,971.0,3.04,312.5,0.0,0.0,0.0,0.0
2019/05/25 17:15,25.1,969.599976,0.7,73,0,0.0,22.8,48.65,970.73,3.0,311.17,0.0,0.0,0.0,0.0
2019/05/25 17:30,25.1,969.599976,0.7,235,0,0.0,22.69,48.9,970.8,2.91,307.13,0.0,0.0,0.0,0.0
2019/05/25 17:45,24.0,969.599976,0.7,140,0,0.0,22.58,49.36,970.98,2.86,298.92,0.0,0.0,0.0,0.0
2019/05/25 18:00,24.0,969.599976,0.7,50,0,0.0,22.41,50.09,970.83,2.89,292.33,0.0,0.0,0.0,0.0
2019/05/25 18:15,24.0,969.599976,0.7,277,0,0.0,22.25,50.75,970.65,2.91,292.46,0.0,0.0,0.0,0.0
2019/05/25 18:30,24.0,969.599976,0.7,36,0,0.0,22.14,51.09,970.52,2.88,291.41,0.0,0.0,0.0,0.0
2019/05/25 18:45,24.0,969.599976,0.7,150,0,0.0,22.04,51.46,970.6,2.88,286.97,0.0,0.0,0.0,0.0
2019/05/25 19:00,24.0,969.599976,0.7,130,0,0.0,21.9,51.95,970.62,2.99,285.31,0.0,0.0,0.0,0.0
2019/05/26 08:00,30.6,967.400024,1.8,254,290,272.880005,26.49,52.35,970.98,7.78,47.25,331.05,27.470000000000027,303.58,6.052711
2019/05/26 08:15,30.6,967.400024,2.2,232,187,190.080002,26.24,51.64,970.95,7.79,50.17,265.61,23.32000000000002,242.29,3.87885
2019/05/26 08:30,30.6,967.400024,1.0,135,269,274.320007,26.03,50.74,970.96,7.57,54.9,233.51,21.379999999999995,212.13,4.802385
2019/05/26 08:45,30.6,967.400024,1.6,322,234,240.479996,25.8,50.11,971.01,7.3,58.03,202.76,19.899999999999977,182.86,4.432971
2019/05/26 09:00,30.6,967.400024,2.7,233,220,235.440002,25.57,49.7,971.2,7.18,52.21,178.37,18.450000000000017,159.92,4.020932
2019/05/26 09:15,30.6,967.400024,2.1,172,152,159.839996,25.19,49.77,971.43,7.29,47.55,147.1,16.620000000000005,130.48,2.656941
2019/05/26 09:30,30.6,967.400024,2.7,237,145,164.880005,24.73,49.86,971.63,7.64,44.98,127.85,15.429999999999993,112.42,2.799023
2019/05/26 09:45,30.6,968.5,1.3,194,117,133.919998,24.14,49.97,971.94,8.03,39.87,98.25,39.61,58.64,2.5148580000000003
2019/05/26 10:00,30.6,968.5,1.9,149,113,110.879997,23.56,50.47,972.25,8.24,37.82,91.66,13.579999999999998,78.08,2.34436
2019/05/26 10:15,30.6,969.599976,4.5,119,63,61.919998,22.97,51.8,972.61,8.31,36.86,72.09,12.480000000000004,59.61,1.349783
2019/05/26 10:30,30.6,969.599976,3.0,140,47,50.400002,22.43,53.59,972.81,8.08,41.49,59.87,11.68,48.19,0.895119
2019/05/26 10:45,29.5,970.700012,1.8,92,31,34.560001,21.89,55.77,973.15,7.29,46.2,39.74,9.700000000000005,30.04,0.56833
2019/05/26 11:00,29.5,970.700012,0.3,98,11,14.4,21.51,57.04,973.71,6.16,47.01,26.37,7.84,18.53,0.227332
2019/05/26 11:15,26.200001,971.799988,1.6,187,0,0.0,21.08,57.56,974.13,5.11,45.68,9.47,4.290000000000001,5.18,0.0
2019/05/26 11:30,26.200001,971.799988,1.3,125,0,0.0,20.62,57.54,974.54,4.3,39.63,1.47,1.13,0.34,0.0
2019/05/26 11:45,24.0,972.900024,0.5,65,0,0.0,20.13,57.74,974.83,3.66,34.33,0.0,0.0,0.0,0.0
2019/05/26 12:00,24.0,972.900024,1.2,205,0,0.0,19.72,57.88,975.15,3.36,25.67,0.0,0.0,0.0,0.0
2019/05/26 12:15,22.9,972.900024,3.0,192,0,0.0,19.38,57.84,975.59,3.44,4.34,0.0,0.0,0.0,0.0
2019/05/26 12:30,22.9,974.0,1.0,241,0,0.0,19.08,57.83,975.99,3.64,353.22,0.0,0.0,0.0,0.0
2019/05/26 12:45,22.9,974.0,1.5,279,0,0.0,18.81,58.02,976.3,3.77,352.76,0.0,0.0,0.0,0.0
2019/05/26 13:00,22.9,974.0,1.2,283,0,0.0,18.54,58.47,976.64,3.81,350.63,0.0,0.0,0.0,0.0
2019/05/26 13:15,21.799999,974.0,0.7,201,0,0.0,18.31,59.19,976.99,3.84,346.61,0.0,0.0,0.0,0.0
2019/05/26 13:30,21.799999,974.0,0.7,111,0,0.0,18.1,60.24,977.24,3.88,342.51,0.0,0.0,0.0,0.0
2019/05/26 13:45,21.799999,975.099976,0.7,261,0,0.0,17.99,61.18,977.43,3.92,338.66,0.0,0.0,0.0,0.0
2019/05/26 14:00,20.700001,975.099976,0.7,42,0,0.0,17.86,62.26,977.55,3.81,334.72,0.0,0.0,0.0,0.0
2019/05/26 14:15,20.700001,975.099976,0.7,267,0,0.0,17.53,64.04,977.67,3.58,329.12,0.0,0.0,0.0,0.0
2019/05/26 14:30,20.700001,975.099976,0.7,120,0,0.0,17.29,65.27,977.83,3.41,321.88,0.0,0.0,0.0,0.0
2019/05/26 14:45,19.6,976.200012,0.7,78,0,0.0,17.08,66.33,977.98,3.42,318.69,0.0,0.0,0.0,0.0
2019/05/26 15:00,19.6,976.200012,0.7,38,0,0.0,16.84,67.37,978.18,3.6,317.73,0.0,0.0,0.0,0.0
2019/05/26 15:15,19.6,976.200012,0.6,349,0,0.0,16.87,67.1,978.43,3.75,317.01,0.0,0.0,0.0,0.0
2019/05/26 15:30,21.799999,976.200012,0.0,59,0,0.0,17.29,65.12,978.67,3.61,320.62,0.0,0.0,0.0,0.0
2019/05/26 15:45,22.9,976.200012,2.0,170,0,0.0,17.7,63.4,978.86,3.24,332.7,0.0,0.0,0.0,0.0
2019/05/26 16:00,22.9,977.299988,1.5,310,0,0.0,18.66,42.12,980.1,6.64,5.89,0.0,0.0,0.0,0.0
2019/05/26 16:15,22.9,977.299988,4.7,124,0,0.0,18.33,41.1,980.43,6.01,359.95,0.0,0.0,0.0,0.0
2019/05/26 16:30,22.9,977.299988,1.4,175,0,0.0,17.85,41.73,980.78,5.37,350.09,0.0,0.0,0.0,0.0
2019/05/26 16:45,22.9,977.299988,1.7,80,0,0.0,17.47,41.97,980.97,5.1,336.64,0.0,0.0,0.0,0.0
2019/05/26 17:00,22.9,977.299988,1.0,215,0,0.0,17.31,41.03,980.7,5.33,324.13,0.0,0.0,0.0,0.0
2019/05/26 17:15,22.9,978.400024,3.2,137,0,0.0,17.33,39.5,980.53,5.83,319.02,0.0,0.0,0.0,0.0
2019/05/26 17:30,22.9,978.400024,2.2,81,0,0.0,17.39,38.36,980.7,6.41,316.67,0.0,0.0,0.0,0.0
2019/05/26 17:45,22.9,978.400024,0.6,277,0,0.0,17.48,37.54,981.12,6.93,317.32,0.0,0.0,0.0,0.0
2019/05/26 18:00,21.799999,979.5,1.7,202,0,0.0,17.51,37.06,981.47,7.24,318.57,0.0,0.0,0.0,0.0
2019/05/26 18:15,21.799999,979.5,3.1,251,0,0.0,17.4,36.86,981.56,7.33,319.22,0.0,0.0,0.0,0.0
2019/05/26 18:30,21.799999,979.5,1.8,318,0,0.0,17.25,36.74,981.63,7.29,320.05,0.0,0.0,0.0,0.0
2019/05/26 18:45,20.700001,980.599976,0.8,192,0,0.0,17.12,36.61,981.97,7.18,321.66,0.0,0.0,0.0,0.0
2019/05/26 19:00,20.700001,980.599976,0.6,258,0,0.0,16.97,36.58,982.3,7.05,323.04,0.0,0.0,0.0,0.0
2019/05/27 08:00,27.299999,982.700012,2.3,206,289,267.119995,27.05,13.38,984.04,4.85,39.81,529.99,73.62,456.37,5.242841
2019/05/27 08:15,27.299999,982.700012,1.0,187,366,366.480011,27.01,13.43,983.91,4.6,41.73,493.63,63.839999999999975,429.79,6.663664999999999
2019/05/27 08:30,27.299999,982.700012,1.8,176,325,347.76001,26.97,13.49,983.8,4.33,44.02,457.43,53.63999999999999,403.79,6.081127
2019/05/27 08:45,27.299999,982.700012,1.3,297,250,258.480011,26.89,13.59,983.76,4.02,46.99,398.65,56.099999999999966,342.55,5.200216
2019/05/27 09:00,27.299999,982.700012,0.7,246,195,198.720001,26.87,13.69,983.72,3.69,51.53,379.43,52.900000000000034,326.53,4.134598
2019/05/27 09:15,27.299999,982.700012,0.8,196,137,134.639999,26.77,13.9,983.69,3.37,59.6,332.5,40.920000000000016,291.58,2.727982
2019/05/27 09:30,27.299999,982.700012,1.0,170,121,123.120003,26.63,14.23,983.65,3.12,72.96,280.66,45.70000000000002,234.96,2.429609
2019/05/27 09:45,27.299999,982.700012,1.0,196,105,107.279999,26.41,14.72,983.57,3.06,92.25,224.71,58.82000000000002,165.89,2.060195
2019/05/27 10:00,27.299999,982.700012,1.0,277,85,90.0,26.17,15.39,983.52,3.25,113.07,194.32,46.13,148.19,1.719197
2019/05/27 10:15,27.299999,982.700012,1.0,42,67,75.600014,25.79,16.46,983.52,3.52,129.35,146.87,43.93000000000001,102.94,1.378199
2019/05/27 10:30,27.299999,982.700012,1.0,210,63,71.280006,25.39,17.84,983.55,3.54,139.47,112.22,42.8,69.42,1.335575
2019/05/27 10:45,27.299999,982.700012,1.0,294,39,42.48,24.47,20.61,983.66,3.32,145.63,69.86,33.93,35.93,0.7388279999999999
2019/05/27 11:00,26.200001,982.700012,1.0,183,19,25.200001,23.83,21.84,983.8,3.24,152.05,46.09,24.250000000000004,21.84,0.3694139999999999
2019/05/27 11:15,26.200001,982.700012,1.0,56,9,18.0,23.13,22.35,983.87,3.33,160.0,17.3,11.91,5.39,0.1847069999999999
2019/05/27 11:30,25.1,982.700012,1.0,129,0,0.0,22.49,22.58,983.93,3.38,169.34,3.6,2.67,0.93,0.0
2019/05/27 11:45,24.0,982.700012,1.0,132,0,0.0,21.88,22.9,984.05,3.38,179.63,0.0,0.0,0.0,0.0
2019/05/27 12:00,24.0,982.700012,1.0,67,0,0.0,21.27,23.38,984.18,3.38,190.41,0.0,0.0,0.0,0.0
2019/05/27 12:15,22.9,982.700012,1.0,134,0,0.0,20.71,23.81,984.3,3.39,201.53,0.0,0.0,0.0,0.0
2019/05/27 12:30,22.9,982.700012,1.0,5,0,0.0,20.17,24.21,984.42,3.47,212.54,0.0,0.0,0.0,0.0
2019/05/27 12:45,22.9,982.700012,1.0,139,0,0.0,19.62,24.64,984.53,3.63,222.48,0.0,0.0,0.0,0.0
2019/05/27 13:00,22.9,982.700012,1.0,151,0,0.0,19.24,24.83,984.64,3.77,230.48,0.0,0.0,0.0,0.0
2019/05/27 13:15,22.9,982.700012,1.0,122,0,0.0,18.93,24.98,984.75,3.85,235.4,0.0,0.0,0.0,0.0
2019/05/27 13:30,22.9,983.799988,1.0,105,0,0.0,18.69,25.06,984.82,3.89,238.43,0.0,0.0,0.0,0.0
2019/05/27 13:45,22.9,983.799988,1.0,45,0,0.0,18.5,25.12,984.79,3.9,240.33,0.0,0.0,0.0,0.0
2019/05/27 14:00,22.9,983.799988,1.0,122,0,0.0,18.3,25.22,984.83,3.88,241.57,0.0,0.0,0.0,0.0
2019/05/27 14:15,22.9,983.799988,1.0,124,0,0.0,18.15,25.26,984.97,3.85,242.19,0.0,0.0,0.0,0.0
2019/05/27 14:30,22.9,983.799988,1.0,225,0,0.0,18.02,25.28,985.15,3.82,241.9,0.0,0.0,0.0,0.0
2019/05/27 14:45,22.9,983.799988,1.0,77,0,0.0,17.87,25.37,985.35,3.8,240.84,0.0,0.0,0.0,0.0
2019/05/27 15:00,22.9,983.799988,1.0,94,0,0.0,17.63,25.64,985.52,3.78,238.53,0.0,0.0,0.0,0.0
2019/05/27 15:15,22.9,983.799988,1.0,114,0,0.0,17.26,26.2,985.65,3.71,235.71,0.0,0.0,0.0,0.0
2019/05/27 15:30,22.9,983.799988,1.0,117,0,0.0,16.82,26.98,985.78,3.58,233.52,0.0,0.0,0.0,0.0
2019/05/27 15:45,21.799999,983.799988,1.0,67,0,0.0,16.4,27.78,985.92,3.4,233.34,0.0,0.0,0.0,0.0
2019/05/27 16:00,21.799999,983.799988,1.0,116,0,0.0,16.53,27.44,984.78,2.02,269.58,0.0,0.0,0.0,0.0
2019/05/27 16:15,21.799999,983.799988,1.0,79,0,0.0,16.48,27.43,984.8,1.98,267.9,0.0,0.0,0.0,0.0
2019/05/27 16:30,21.799999,983.799988,1.0,70,0,0.0,16.43,27.4,984.99,2.21,258.95,0.0,0.0,0.0,0.0
2019/05/27 16:45,21.799999,983.799988,1.0,78,0,0.0,16.26,27.56,985.0,2.63,251.11,0.0,0.0,0.0,0.0
2019/05/27 17:00,21.799999,983.799988,1.0,137,0,0.0,16.05,27.79,984.77,3.07,246.92,0.0,0.0,0.0,0.0
2019/05/27 17:15,21.799999,983.799988,1.0,34,0,0.0,15.95,27.83,984.76,3.37,245.22,0.0,0.0,0.0,0.0
2019/05/27 17:30,20.700001,983.799988,1.0,99,0,0.0,15.81,27.92,984.92,3.52,245.16,0.0,0.0,0.0,0.0
2019/05/27 17:45,20.700001,983.799988,1.0,76,0,0.0,15.73,27.94,985.03,3.62,244.72,0.0,0.0,0.0,0.0
2019/05/27 18:00,19.6,983.799988,1.0,135,0,0.0,15.68,27.9,985.16,3.69,246.7,0.0,0.0,0.0,0.0
2019/05/27 18:15,19.6,983.799988,1.0,113,0,0.0,15.6,27.93,985.14,3.73,248.93,0.0,0.0,0.0,0.0
2019/05/27 18:30,19.6,983.799988,1.0,45,0,0.0,15.55,27.94,985.21,3.74,250.97,0.0,0.0,0.0,0.0
2019/05/27 18:45,18.5,983.799988,1.0,196,0,0.0,15.51,27.96,985.35,3.75,252.83,0.0,0.0,0.0,0.0
2019/05/27 19:00,18.5,983.799988,1.0,122,0,0.0,15.45,28.02,985.43,3.77,255.11,0.0,0.0,0.0,0.0
2019/05/28 08:00,31.700001,978.299988,3.2,210,459,452.160004,32.26,9.73,979.12,1.08,171.24,608.75,48.00999999999999,560.74,8.041864
2019/05/28 08:15,31.700001,978.299988,1.5,100,405,426.23999,32.22,9.83,978.98,1.32,168.08,558.69,46.54000000000008,512.15,7.132536999999999
2019/05/28 08:30,31.700001,978.299988,3.5,238,357,396.0,32.19,9.94,978.86,1.58,164.88,524.13,45.48000000000002,478.65,6.194793
2019/05/28 08:45,31.700001,978.299988,1.2,157,305,357.119995,32.11,10.08,978.78,1.9,162.32,470.75,43.75999999999999,426.99,5.370715000000001
2019/05/28 09:00,31.700001,978.299988,2.6,312,255,309.600006,32.05,10.23,978.73,2.31,159.31,434.32,42.48000000000002,391.84,4.461388
2019/05/28 09:15,31.700001,978.299988,2.2,189,203,264.959991,31.92,10.45,978.64,2.8,157.43,378.79,40.39000000000004,338.4,3.608893
2019/05/28 09:30,30.6,978.299988,1.5,319,137,216.0,31.79,10.69,978.53,3.29,157.09,341.36,38.84000000000003,302.52,2.813232
2019/05/28 09:45,30.6,978.299988,1.6,227,80,158.399994,31.59,11.03,978.37,3.69,157.83,285.03,36.24999999999997,248.78,2.159652
2019/05/28 10:00,30.6,978.299988,2.4,215,54,46.080002,31.4,11.53,978.22,3.88,158.13,247.58,34.30000000000001,213.28,1.633948
2019/05/28 10:15,30.6,978.299988,0.6,180,42,38.880001,31.03,12.83,978.1,3.8,155.12,192.01,30.91,161.1,1.05141
2019/05/28 10:30,29.5,978.299988,0.0,329,42,43.200001,30.37,15.28,978.02,3.6,149.02,155.77,28.25000000000001,127.52,0.937744
2019/05/28 10:45,29.5,978.299988,1.1,119,28,28.799999,29.33,17.77,978.11,3.61,142.07,103.52,23.39999999999999,80.12,0.596746
2019/05/28 11:00,29.5,978.299988,0.0,172,18,21.6,28.39,19.47,978.27,3.84,137.77,70.86,19.33,51.53,0.326789
2019/05/28 11:15,29.5,978.299988,0.0,227,10,14.4,27.3,20.76,978.38,4.14,139.64,27.46,11.11,16.35,0.1847069999999999
2019/05/28 11:30,29.5,978.299988,1.5,56,0,0.0,26.42,21.24,978.5,4.35,146.96,5.61,3.66,1.95,0.0
2019/05/28 11:45,28.4,978.299988,1.1,133,0,0.0,25.73,21.21,978.62,4.42,155.17,0.0,0.0,0.0,0.0
2019/05/28 12:00,27.299999,978.299988,0.0,91,0,0.0,25.2,21.06,978.75,4.36,162.2,0.0,0.0,0.0,0.0
2019/05/28 12:15,27.299999,978.299988,1.2,113,0,0.0,24.7,20.98,978.88,4.16,170.49,0.0,0.0,0.0,0.0
2019/05/28 12:30,27.299999,978.299988,1.1,104,0,0.0,24.18,21.05,978.99,3.88,182.87,0.0,0.0,0.0,0.0
2019/05/28 12:45,27.299999,978.299988,1.3,115,0,0.0,23.67,21.17,979.1,3.64,199.53,0.0,0.0,0.0,0.0
2019/05/28 13:00,26.200001,978.299988,1.0,94,0,0.0,23.29,21.08,979.23,3.55,216.77,0.0,0.0,0.0,0.0
2019/05/28 13:15,25.1,978.299988,1.0,104,0,0.0,23.04,20.73,979.32,3.6,230.76,0.0,0.0,0.0,0.0
2019/05/28 13:30,25.1,978.299988,1.0,54,0,0.0,22.89,20.23,979.32,3.69,237.16,0.0,0.0,0.0,0.0
2019/05/28 13:45,25.1,978.299988,1.0,99,0,0.0,22.72,19.83,979.22,3.78,235.53,0.0,0.0,0.0,0.0
2019/05/28 14:00,25.1,978.299988,1.0,62,0,0.0,22.36,19.84,979.14,3.88,228.7,0.0,0.0,0.0,0.0
2019/05/28 14:15,24.0,978.299988,1.0,0,0,0.0,21.84,20.36,979.13,4.01,222.77,0.0,0.0,0.0,0.0
2019/05/28 14:30,22.9,978.299988,1.0,148,0,0.0,21.26,21.29,979.18,4.13,222.42,0.0,0.0,0.0,0.0
2019/05/28 14:45,22.9,978.299988,1.0,94,0,0.0,20.7,22.36,979.24,4.2,226.18,0.0,0.0,0.0,0.0
2019/05/28 15:00,24.0,978.299988,1.0,103,0,0.0,20.35,23.29,979.32,4.22,230.15,0.0,0.0,0.0,0.0
2019/05/28 15:15,24.0,978.299988,1.0,74,0,0.0,20.2,24.1,979.39,4.21,232.73,0.0,0.0,0.0,0.0
2019/05/28 15:30,22.9,978.299988,1.0,135,0,0.0,20.15,24.92,979.46,4.24,234.13,0.0,0.0,0.0,0.0
2019/05/28 15:45,22.9,978.299988,1.0,59,0,0.0,20.12,25.83,979.53,4.35,235.66,0.0,0.0,0.0,0.0
2019/05/28 16:00,22.9,978.299988,1.0,70,0,0.0,20.82,26.5,978.61,5.22,236.3,0.0,0.0,0.0,0.0
2019/05/28 16:15,22.9,978.299988,1.0,82,0,0.0,20.14,27.3,978.7,4.78,233.26,0.0,0.0,0.0,0.0
2019/05/28 16:30,22.9,978.299988,1.0,7,0,0.0,19.61,27.88,978.9,4.47,232.87,0.0,0.0,0.0,0.0
2019/05/28 16:45,21.799999,978.299988,1.0,124,0,0.0,19.28,27.98,978.71,4.29,235.39,0.0,0.0,0.0,0.0
2019/05/28 17:00,22.9,978.299988,1.9,83,0,0.0,19.22,27.57,978.69,4.2,239.24,0.0,0.0,0.0,0.0
2019/05/28 17:15,22.9,978.299988,1.1,101,0,0.0,19.42,26.95,978.66,4.19,241.85,0.0,0.0,0.0,0.0
2019/05/28 17:30,21.799999,978.299988,0.5,68,0,0.0,19.64,26.95,978.54,4.26,243.16,0.0,0.0,0.0,0.0
2019/05/28 17:45,21.799999,978.299988,0.7,16,0,0.0,19.82,27.84,978.62,4.4,244.78,0.0,0.0,0.0,0.0
2019/05/28 18:00,22.9,978.299988,1.2,149,0,0.0,19.97,29.45,978.73,4.56,246.22,0.0,0.0,0.0,0.0
2019/05/28 18:15,22.9,978.299988,3.5,119,0,0.0,20.01,31.53,978.71,4.66,246.37,0.0,0.0,0.0,0.0
2019/05/28 18:30,22.9,978.299988,2.0,199,0,0.0,19.97,33.48,978.85,4.7,246.73,0.0,0.0,0.0,0.0
2019/05/28 18:45,22.9,978.299988,1.4,115,0,0.0,19.85,35.07,978.84,4.71,245.55,0.0,0.0,0.0,0.0
2019/05/28 19:00,22.9,978.299988,1.7,107,0,0.0,19.67,36.28,978.71,4.67,244.37,0.0,0.0,0.0,0.0
2019/05/29 08:00,32.799999,973.900024,0.6,46,460,452.880005,32.8,11.73,974.96,7.18,150.56,546.88,61.110000000000014,485.77,7.985030999999999
2019/05/29 08:15,32.799999,973.900024,2.6,235,304,311.040009,32.76,11.12,974.8,7.4,153.93,501.62,56.93000000000001,444.69,4.347722
2019/05/29 08:30,32.799999,973.900024,2.4,173,335,359.27999900000003,32.7,10.51,974.63,7.63,156.9,476.25,45.589999999999975,430.66,5.058134
2019/05/29 08:45,32.799999,973.900024,1.6,236,304,355.679993,32.55,10.03,974.5,7.82,159.47,418.01,47.18000000000001,370.83,4.972884
2019/05/29 09:00,32.799999,973.900024,1.0,344,275,334.799988,32.34,9.79,974.38,7.97,161.52,357.87,74.57999999999998,283.29,4.873426
2019/05/29 09:15,32.799999,973.900024,2.7,220,179,201.600006,32.13,9.81,974.27,8.07,162.99,318.51,65.91,252.6,3.253687
2019/05/29 09:30,31.700001,973.900024,0.8,313,104,105.839996,31.92,10.03,974.17,8.09,164.06,284.75,62.870000000000005,221.88,1.946529
2019/05/29 09:45,31.700001,973.900024,2.4,263,108,115.199997,31.61,10.38,974.05,8.03,165.32,242.67,46.80999999999997,195.86,2.074403
2019/05/29 10:00,31.700001,973.900024,1.1,65,84,87.839996,31.3,10.82,973.96,7.83,166.66,221.21,36.110000000000014,185.1,1.690781
2019/05/29 10:15,31.700001,973.900024,2.5,268,64,69.120003,30.82,11.46,973.93,7.48,167.92,174.09,29.69,144.4,1.221909
2019/05/29 10:30,30.6,973.900024,1.9,342,62,66.240013,30.25,12.27,973.94,7.06,169.19,140.35,28.989999999999995,111.36,1.165076
2019/05/29 10:45,30.6,973.900024,1.8,328,30,34.560001,29.52,13.23,974.04,6.6,170.54,95.07,21.72999999999999,73.34,0.610954
2019/05/29 11:00,30.6,973.900024,0.0,115,20,23.040001,28.63,14.35,974.13,6.1,172.06,66.31,18.0,48.31,0.326789
2019/05/29 11:15,30.6,973.900024,0.5,14,0,15.84,27.55,15.43,974.22,5.59,173.98,26.56,10.529999999999998,16.03,0.170499
2019/05/29 11:30,29.5,973.900024,0.8,346,0,0.0,26.54,16.27,974.31,5.12,176.91,5.92,3.69,2.23,0.0
2019/05/29 11:45,28.4,973.900024,0.8,92,0,0.0,25.62,17.0,974.38,4.71,181.54,0.0,0.0,0.0,0.0
2019/05/29 12:00,27.299999,973.900024,0.8,125,0,0.0,24.83,17.81,974.48,4.36,188.41,0.0,0.0,0.0,0.0
2019/05/29 12:15,27.299999,973.900024,0.8,59,0,0.0,24.14,18.58,974.57,4.09,196.96,0.0,0.0,0.0,0.0
2019/05/29 12:30,27.299999,973.900024,0.8,152,0,0.0,23.61,19.25,974.66,3.94,205.93,0.0,0.0,0.0,0.0
2019/05/29 12:45,27.299999,973.900024,0.8,27,0,0.0,23.22,19.84,974.74,3.87,213.31,0.0,0.0,0.0,0.0
2019/05/29 13:00,27.299999,973.900024,0.8,91,0,0.0,22.87,20.39,974.8,3.85,218.48,0.0,0.0,0.0,0.0
2019/05/29 13:15,26.200001,973.900024,0.8,145,0,0.0,22.59,20.86,974.81,3.82,221.48,0.0,0.0,0.0,0.0
2019/05/29 13:30,26.200001,973.900024,0.8,122,0,0.0,22.42,21.12,974.79,3.79,223.21,0.0,0.0,0.0,0.0
2019/05/29 13:45,26.200001,973.900024,0.8,88,0,0.0,22.2,21.41,974.74,3.8,223.89,0.0,0.0,0.0,0.0
2019/05/29 14:00,26.200001,973.900024,0.8,130,0,0.0,22.06,21.56,974.71,3.88,224.29,0.0,0.0,0.0,0.0
2019/05/29 14:15,26.200001,973.900024,0.8,130,0,0.0,22.05,21.56,974.71,4.05,225.17,0.0,0.0,0.0,0.0
2019/05/29 14:30,25.1,973.900024,0.8,44,0,0.0,22.12,21.47,974.71,4.27,226.21,0.0,0.0,0.0,0.0
2019/05/29 14:45,25.1,973.900024,0.8,90,0,0.0,22.13,21.43,974.67,4.48,225.83,0.0,0.0,0.0,0.0
2019/05/29 15:00,25.1,973.900024,0.8,113,0,0.0,22.08,21.42,974.6,4.59,224.08,0.0,0.0,0.0,0.0
2019/05/29 15:15,25.1,973.900024,0.8,155,0,0.0,21.9,21.51,974.55,4.57,221.25,0.0,0.0,0.0,0.0
2019/05/29 15:30,24.0,973.900024,0.8,6,0,0.0,21.59,21.79,974.53,4.39,217.36,0.0,0.0,0.0,0.0
2019/05/29 15:45,24.0,973.900024,0.8,130,0,0.0,21.1,22.42,974.53,4.04,213.38,0.0,0.0,0.0,0.0
2019/05/29 16:00,24.0,973.900024,0.8,46,0,0.0,20.57,23.15,974.54,3.57,210.02,0.0,0.0,0.0,0.0
2019/05/29 16:15,24.0,973.900024,0.8,118,0,0.0,20.24,23.68,974.61,2.98,209.2,0.0,0.0,0.0,0.0
2019/05/29 16:30,24.0,973.900024,0.8,140,0,0.0,20.28,23.89,974.7,2.23,208.5,0.0,0.0,0.0,0.0
2019/05/29 16:45,22.9,973.900024,0.8,296,0,0.0,20.49,24.18,974.51,1.42,201.22,0.0,0.0,0.0,0.0
2019/05/29 17:00,22.9,973.900024,0.8,100,0,0.0,20.67,24.7,974.17,0.94,162.7,0.0,0.0,0.0,0.0
2019/05/29 17:15,22.9,973.900024,0.8,139,0,0.0,20.67,25.37,973.83,1.08,110.34,0.0,0.0,0.0,0.0
2019/05/29 17:30,22.9,973.900024,0.8,18,0,0.0,20.64,25.81,973.56,1.55,101.58,0.0,0.0,0.0,0.0
2019/05/29 17:45,22.9,973.900024,0.8,29,0,0.0,20.59,26.2,973.38,1.92,106.55,0.0,0.0,0.0,0.0
2019/05/29 18:00,22.9,973.900024,0.8,76,0,0.0,20.47,26.77,973.25,2.08,117.03,0.0,0.0,0.0,0.0
2019/05/29 18:15,22.9,973.900024,0.8,201,0,0.0,20.44,27.25,973.12,2.12,129.31,0.0,0.0,0.0,0.0
2019/05/29 18:30,21.799999,973.900024,0.8,150,0,0.0,20.43,27.74,972.98,2.13,139.42,0.0,0.0,0.0,0.0
2019/05/29 18:45,21.799999,972.799988,0.8,109,0,0.0,20.41,28.21,972.82,2.14,148.73,0.0,0.0,0.0,0.0
2019/05/29 19:00,21.799999,972.799988,0.8,16,0,0.0,20.41,28.65,972.67,2.17,157.77,0.0,0.0,0.0,0.0
2019/05/30 08:00,30.6,972.799988,4.5,267,447,428.3999940000001,30.07,19.2,974.87,4.62,61.85,592.23,47.870000000000005,544.36,7.857157000000001
2019/05/30 08:15,30.6,972.799988,1.9,203,392,407.519989,30.04,19.03,974.91,4.47,61.16,543.97,46.31,497.66,7.018871000000001
2019/05/30 08:30,30.6,972.799988,3.1,319,338,370.079987,30.01,18.89,974.92,4.31,61.83,510.59,45.25999999999999,465.33,5.967461
2019/05/30 08:45,30.6,972.799988,2.0,213,270,306.0,29.94,18.85,974.98,4.13,64.09,459.03,43.56999999999999,415.46,5.072342
2019/05/30 09:00,30.6,972.799988,1.3,233,241,288.720001,29.88,18.86,975.04,3.95,66.37,423.79,42.33000000000004,381.46,4.333513
2019/05/30 09:15,30.6,972.799988,2.6,224,193,242.639999,29.76,18.96,975.1,3.8,67.94,369.93,40.26999999999998,329.66,3.4810190000000003
2019/05/30 09:30,30.6,972.799988,1.5,184,155,201.600006,29.66,19.1,975.14,3.66,69.3,333.61,38.75999999999999,294.85,2.82744
2019/05/30 09:45,30.6,972.799988,3.1,209,116,169.919998,29.5,19.35,975.16,3.53,70.3,278.85,36.20000000000002,242.65,2.301735
2019/05/30 10:00,29.5,972.799988,0.9,291,84,78.480003,29.35,19.62,975.17,3.39,72.12,242.44,34.28,208.16,2.074403
2019/05/30 10:15,29.5,972.799988,2.0,211,80,77.040001,29.12,20.12,975.18,3.29,77.22,188.51,30.94999999999999,157.56,1.747614
2019/05/30 10:30,29.5,972.799988,2.7,202,42,35.279999,28.82,20.99,975.18,3.17,86.44,153.45,28.36999999999999,125.08,0.8809110000000001
2019/05/30 10:45,28.4,973.900024,1.7,289,34,32.400002,28.03,23.42,975.35,3.09,96.38,102.89,23.620000000000005,79.27,0.596746
2019/05/30 11:00,28.4,973.900024,1.2,188,22,23.76,27.19,25.29,975.64,3.17,99.54,71.14,19.64,51.5,0.3694139999999999
2019/05/30 11:15,28.4,973.900024,1.7,207,0,10.8,26.19,26.77,975.95,3.35,96.12,28.81,11.66,17.15,0.0
2019/05/30 11:30,28.4,973.900024,1.2,187,0,7.92,25.39,27.45,976.26,3.43,89.29,7.17,4.449999999999999,2.72,0.0
2019/05/30 11:45,27.299999,975.0,1.8,142,0,0.0,24.73,27.7,976.57,3.39,82.19,0.0,0.0,0.0,0.0
2019/05/30 12:00,27.299999,975.0,0.8,178,0,0.0,24.24,27.75,976.88,3.33,76.09,0.0,0.0,0.0,0.0
2019/05/30 12:15,27.299999,975.0,1.1,140,0,0.0,23.84,27.66,977.22,3.28,70.73,0.0,0.0,0.0,0.0
2019/05/30 12:30,27.299999,975.0,1.3,221,0,0.0,23.5,27.55,977.59,3.22,64.65,0.0,0.0,0.0,0.0
2019/05/30 12:45,26.200001,976.099976,1.1,214,0,0.0,23.15,27.63,977.96,3.17,55.79,0.0,0.0,0.0,0.0
2019/05/30 13:00,26.200001,976.099976,0.0,11,0,0.0,22.7,28.05,978.34,3.18,40.7,0.0,0.0,0.0,0.0
2019/05/30 13:15,25.1,976.099976,0.0,87,0,0.0,22.07,28.81,978.75,3.28,20.09,0.0,0.0,0.0,0.0
2019/05/30 13:30,25.1,976.099976,0.0,126,0,0.0,21.42,29.3,979.1,3.36,2.72,0.0,0.0,0.0,0.0
2019/05/30 13:45,24.0,977.200012,0.0,120,0,0.0,20.9,29.16,979.21,3.37,351.01,0.0,0.0,0.0,0.0
2019/05/30 14:00,24.0,977.200012,0.0,49,0,0.0,20.49,28.57,979.4,3.37,343.65,0.0,0.0,0.0,0.0
2019/05/30 14:15,24.0,977.200012,0.0,56,0,0.0,20.22,27.52,979.69,3.38,345.75,0.0,0.0,0.0,0.0
2019/05/30 14:30,24.0,977.200012,0.0,126,0,0.0,20.08,26.49,980.01,3.35,357.98,0.0,0.0,0.0,0.0
2019/05/30 14:45,24.0,977.200012,0.0,132,0,0.0,19.85,25.92,980.29,3.28,4.83,0.0,0.0,0.0,0.0
2019/05/30 15:00,24.0,977.200012,0.0,24,0,0.0,19.62,25.47,980.57,3.19,4.46,0.0,0.0,0.0,0.0
2019/05/30 15:15,24.0,977.200012,1.4,139,0,0.0,19.42,25.05,980.84,3.04,5.83,0.0,0.0,0.0,0.0
2019/05/30 15:30,24.0,977.200012,0.8,292,0,0.0,19.22,24.69,981.11,2.84,8.93,0.0,0.0,0.0,0.0
2019/05/30 15:45,24.0,978.299988,1.9,132,0,0.0,19.06,24.35,981.41,2.59,7.97,0.0,0.0,0.0,0.0
2019/05/30 16:00,24.0,978.299988,1.7,227,0,0.0,19.15,22.68,980.28,0.96,100.69,0.0,0.0,0.0,0.0
2019/05/30 16:15,24.0,978.299988,1.3,184,0,0.0,19.03,22.28,980.34,0.67,56.91,0.0,0.0,0.0,0.0
2019/05/30 16:30,24.0,978.299988,1.3,20,0,0.0,18.95,21.79,980.78,0.56,9.8,0.0,0.0,0.0,0.0
2019/05/30 16:45,24.0,978.299988,0.3,157,0,0.0,18.76,21.5,980.72,0.53,342.54,0.0,0.0,0.0,0.0
2019/05/30 17:00,24.0,978.299988,0.8,160,0,0.0,18.54,21.32,980.69,0.53,297.33,0.0,0.0,0.0,0.0
2019/05/30 17:15,24.0,978.299988,1.7,183,0,0.0,18.33,21.13,980.59,0.72,258.63,0.0,0.0,0.0,0.0
2019/05/30 17:30,22.9,979.400024,0.8,152,0,0.0,18.13,20.9,980.6,1.15,243.17,0.0,0.0,0.0,0.0
2019/05/30 17:45,22.9,979.400024,0.8,13,0,0.0,17.79,20.94,980.87,1.74,237.44,0.0,0.0,0.0,0.0
2019/05/30 18:00,22.9,979.400024,0.8,231,0,0.0,17.41,21.04,981.01,2.35,235.5,0.0,0.0,0.0,0.0
2019/05/30 18:15,21.799999,979.400024,0.8,174,0,0.0,17.0,21.19,980.94,2.83,235.0,0.0,0.0,0.0,0.0
2019/05/30 18:30,21.799999,979.400024,0.8,14,0,0.0,16.7,21.16,980.96,3.08,234.21,0.0,0.0,0.0,0.0
2019/05/30 18:45,21.799999,979.400024,0.8,133,0,0.0,16.52,20.96,981.02,3.17,232.64,0.0,0.0,0.0,0.0
2019/05/30 19:00,20.700001,979.400024,0.8,120,0,0.0,16.32,20.78,981.12,3.24,231.86,0.0,0.0,0.0,0.0
2019/05/31 08:00,28.4,975.0,2.2,93,331,305.27999900000003,29.54,12.43,975.07,8.27,143.88,606.27,47.90999999999997,558.36,6.464748999999999
2019/05/31 08:15,28.4,975.0,2.5,246,244,236.880005,29.65,12.34,974.89,8.19,145.26,557.0,46.47000000000003,510.53,4.077765
2019/05/31 08:30,28.4,975.0,0.0,178,242,241.199997,29.74,12.23,974.7,8.14,147.1,522.91,45.41999999999996,477.49,4.489804
2019/05/31 08:45,28.4,975.0,1.6,119,304,316.079987,29.75,12.21,974.54,8.14,148.98,470.1,43.700000000000045,426.4,5.498589
2019/05/31 09:00,28.4,975.0,1.1,92,291,324.0,29.73,12.24,974.41,8.18,150.44,433.65,42.39999999999998,391.25,5.1718
2019/05/31 09:15,28.4,975.0,2.4,249,267,306.720001,29.61,12.37,974.28,8.2,151.33,376.84,42.06999999999999,334.77,5.072342
2019/05/31 09:30,28.4,975.0,1.8,298,144,176.399994,29.51,12.55,974.17,8.15,151.37,335.25,43.339999999999975,291.91,3.097396
2019/05/31 09:45,28.4,975.0,2.2,289,83,91.440002,29.33,12.85,974.03,8.01,150.6,281.6,36.26000000000002,245.34,1.690781
2019/05/31 10:00,28.4,975.0,0.0,214,79,82.08000200000001,29.13,13.21,973.87,7.71,150.57,243.07,34.129999999999995,208.94,1.420824
2019/05/31 10:15,28.4,975.0,0.0,35,55,56.16,28.8,13.83,973.74,7.18,150.49,189.0,30.28,158.72,1.05141
2019/05/31 10:30,28.4,975.0,0.6,331,51,57.599998,28.37,14.67,973.65,6.49,149.01,149.44,28.120000000000005,121.32,0.96616
2019/05/31 10:45,28.4,975.0,0.6,95,27,30.24,27.73,15.7,973.7,5.81,148.01,101.63,23.14,78.49,0.48308
2019/05/31 11:00,27.299999,975.0,0.6,337,0,14.4,26.93,16.9,973.78,5.18,147.73,71.54,19.17000000000001,52.37,0.156291
2019/05/31 11:15,27.299999,975.0,0.8,26,0,8.64,25.88,18.1,973.85,4.62,149.24,29.54,11.52,18.02,0.0
2019/05/31 11:30,27.299999,975.0,0.9,73,0,0.0,24.96,18.83,973.93,4.07,152.45,7.71,4.77,2.94,0.0
2019/05/31 11:45,26.200001,975.0,0.9,135,0,0.0,24.34,19.09,974.02,3.49,157.54,0.0,0.0,0.0,0.0
2019/05/31 12:00,26.200001,975.0,0.9,112,0,0.0,23.95,19.36,974.16,2.85,168.02,0.0,0.0,0.0,0.0
2019/05/31 12:15,26.200001,975.0,1.0,329,0,0.0,23.73,19.53,974.28,2.23,182.86,0.0,0.0,0.0,0.0
2019/05/31 12:30,26.200001,975.0,1.0,94,0,0.0,23.54,19.76,974.38,1.78,201.16,0.0,0.0,0.0,0.0
2019/05/31 12:45,25.1,975.0,1.0,136,0,0.0,23.33,20.03,974.47,1.55,218.35,0.0,0.0,0.0,0.0
2019/05/31 13:00,24.0,975.0,1.0,22,0,0.0,23.2,20.26,974.54,1.49,227.61,0.0,0.0,0.0,0.0
2019/05/31 13:15,24.0,975.0,1.0,116,0,0.0,23.05,20.53,974.58,1.49,227.56,0.0,0.0,0.0,0.0
2019/05/31 13:30,24.0,975.0,1.0,114,0,0.0,22.99,20.8,974.57,1.5,226.44,0.0,0.0,0.0,0.0
2019/05/31 13:45,24.0,975.0,1.0,121,0,0.0,22.92,21.18,974.46,1.5,230.2,0.0,0.0,0.0,0.0
2019/05/31 14:00,22.9,975.0,1.0,114,0,0.0,22.86,21.7,974.4,1.38,239.95,0.0,0.0,0.0,0.0
2019/05/31 14:15,22.9,975.0,1.0,73,0,0.0,22.73,22.5,974.38,1.05,256.06,0.0,0.0,0.0,0.0
2019/05/31 14:30,22.9,975.0,1.0,126,0,0.0,22.79,22.66,974.39,0.77,303.08,0.0,0.0,0.0,0.0
2019/05/31 14:45,22.9,975.0,1.0,15,0,0.0,22.7,23.16,974.42,0.94,15.57,0.0,0.0,0.0,0.0
2019/05/31 15:00,22.9,975.0,1.0,41,0,0.0,22.52,23.69,974.43,1.46,41.3,0.0,0.0,0.0,0.0
2019/05/31 15:15,22.9,975.0,1.0,37,0,0.0,22.43,24.0,974.45,1.99,53.77,0.0,0.0,0.0,0.0
2019/05/31 15:30,22.9,975.0,1.0,96,0,0.0,22.4,24.14,974.44,2.37,58.92,0.0,0.0,0.0,0.0
2019/05/31 15:45,22.9,975.0,1.0,20,0,0.0,22.29,24.37,974.46,2.53,58.67,0.0,0.0,0.0,0.0
2019/05/31 16:00,22.9,975.0,1.0,89,0,0.0,20.33,46.9,975.63,1.98,311.02,0.0,0.0,0.0,0.0
2019/05/31 16:15,22.9,975.0,1.0,137,0,0.0,20.28,47.2,975.3,1.83,303.43,0.0,0.0,0.0,0.0
2019/05/31 16:30,22.9,975.0,1.0,48,0,0.0,20.22,47.69,975.46,1.78,290.66,0.0,0.0,0.0,0.0
2019/05/31 16:45,22.9,975.0,1.0,19,0,0.0,20.09,48.45,975.31,1.82,283.8,0.0,0.0,0.0,0.0
2019/05/31 17:00,21.799999,975.0,1.0,115,0,0.0,19.96,49.14,974.89,1.88,284.92,0.0,0.0,0.0,0.0
2019/05/31 17:15,21.799999,973.900024,1.0,43,0,0.0,19.84,49.72,974.58,1.96,293.35,0.0,0.0,0.0,0.0
2019/05/31 17:30,21.799999,973.900024,1.0,91,0,0.0,19.7,50.23,974.3,2.09,300.72,0.0,0.0,0.0,0.0
2019/05/31 17:45,21.799999,973.900024,1.0,107,0,0.0,19.6,50.6,974.34,2.21,306.48,0.0,0.0,0.0,0.0
2019/05/31 18:00,21.799999,973.900024,1.0,12,0,0.0,19.49,50.97,974.33,2.33,313.87,0.0,0.0,0.0,0.0
2019/05/31 18:15,21.799999,973.900024,1.0,86,0,0.0,19.27,51.68,974.08,2.52,319.67,0.0,0.0,0.0,0.0
2019/05/31 18:30,21.799999,973.900024,1.0,317,0,0.0,19.02,52.5,974.14,2.76,322.01,0.0,0.0,0.0,0.0
2019/05/31 18:45,21.799999,973.900024,1.0,347,0,0.0,18.76,53.31,973.99,2.97,322.57,0.0,0.0,0.0,0.0
2019/05/31 19:00,21.799999,972.799988,1.0,132,0,0.0,18.5,54.08,973.81,3.06,324.25,0.0,0.0,0.0,0.0
2019/06/01 08:00,30.6,968.400024,1.7,330,419,390.959991,32.04,18.74,967.33,2.37,182.13,171.68,27.30000000000001,144.38,7.473535000000001
2019/06/01 08:15,31.700001,968.400024,1.7,234,366,388.079987,30.68,21.09,967.31,2.61,179.95,29.41,29.41,0.0,6.493166
2019/06/01 08:30,31.700001,968.400024,1.1,265,318,351.359985,30.32,21.67,966.98,2.96,146.19,28.93,28.93,0.0,5.839587
2019/06/01 08:45,31.700001,968.400024,2.4,243,266,308.880005,31.46,19.39,966.79,3.34,137.09,155.6,52.3,103.3,4.859218
2019/06/01 09:00,31.700001,968.400024,2.1,203,226,267.119995,31.3,19.53,966.68,3.84,143.98,148.85,50.03999999999999,98.81,4.12039
2019/06/01 09:15,30.6,968.400024,1.7,216,186,223.919998,31.99,18.11,966.58,4.23,154.11,235.22,25.359999999999985,209.86,3.4810190000000003
2019/06/01 09:30,30.6,968.400024,2.4,242,144,179.279999,31.97,18.35,966.47,4.31,156.82,232.32,26.70999999999998,205.61,2.685357
2019/06/01 09:45,30.6,968.400024,0.7,199,103,136.080002,31.84,18.95,966.31,4.26,153.96,217.59,27.91,189.68,2.159652
2019/06/01 10:00,30.6,968.400024,3.1,174,75,72.720001,31.68,19.76,966.17,4.22,151.32,211.68,29.53,182.15,1.591323
2019/06/01 10:15,30.6,968.400024,0.9,320,57,59.759998,31.37,21.06,966.1,4.06,149.3,179.67,29.019999999999985,150.65,1.179284
2019/06/01 10:30,29.5,968.400024,1.6,140,39,39.599998,30.92,22.91,966.03,3.71,145.98,153.71,27.870000000000005,125.84,0.667787
2019/06/01 10:45,29.5,968.400024,1.7,168,31,35.279999,30.0,25.79,966.03,3.32,143.88,106.06,23.78,82.28,0.554121
2019/06/01 11:00,29.5,968.400024,0.8,352,19,23.76,29.25,27.69,966.07,3.16,144.73,74.79,20.070000000000007,54.72,0.340998
2019/06/01 11:15,29.5,968.400024,2.5,323,0,10.8,28.5,28.92,966.13,3.11,148.78,32.08,12.45,19.63,0.0
2019/06/01 11:30,28.4,968.400024,0.3,252,0,0.0,27.84,29.86,966.19,2.97,155.68,9.49,5.470000000000001,4.02,0.0
2019/06/01 11:45,28.4,968.400024,1.2,142,0,0.0,27.22,30.53,966.24,2.81,166.08,0.0,0.0,0.0,0.0
2019/06/01 12:00,28.4,968.400024,1.3,171,0,0.0,26.65,31.17,966.31,2.78,182.94,0.0,0.0,0.0,0.0
2019/06/01 12:15,27.299999,968.400024,0.0,76,0,0.0,25.99,31.92,966.38,2.98,203.93,0.0,0.0,0.0,0.0
2019/06/01 12:30,26.200001,968.400024,0.0,145,0,0.0,25.29,32.62,966.45,3.4,221.79,0.0,0.0,0.0,0.0
2019/06/01 12:45,26.200001,969.5,0.0,20,0,0.0,24.75,32.81,966.46,3.9,235.2,0.0,0.0,0.0,0.0
2019/06/01 13:00,26.200001,969.5,0.0,111,0,0.0,24.38,32.55,966.49,4.27,242.48,0.0,0.0,0.0,0.0
2019/06/01 13:15,26.200001,969.5,0.0,111,0,0.0,24.14,31.97,966.49,4.44,245.45,0.0,0.0,0.0,0.0
2019/06/01 13:30,26.200001,969.5,0.0,27,0,0.0,23.87,31.47,966.49,4.44,246.06,0.0,0.0,0.0,0.0
2019/06/01 13:45,25.1,969.5,0.0,97,0,0.0,23.6,30.95,966.52,4.31,246.64,0.0,0.0,0.0,0.0
2019/06/01 14:00,25.1,969.5,0.0,86,0,0.0,23.12,30.83,966.54,3.94,252.35,0.0,0.0,0.0,0.0
2019/06/01 14:15,25.1,969.5,0.0,346,0,0.0,22.19,31.9,966.65,3.35,277.9,0.0,0.0,0.0,0.0
2019/06/01 14:30,24.0,969.5,0.0,91,0,0.0,21.51,33.21,966.78,2.84,314.77,0.0,0.0,0.0,0.0
2019/06/01 14:45,24.0,969.5,0.0,159,0,0.0,21.48,33.27,966.81,2.73,316.72,0.0,0.0,0.0,0.0
2019/06/01 15:00,24.0,969.5,0.0,101,0,0.0,21.51,33.27,966.86,3.25,309.5,0.0,0.0,0.0,0.0
2019/06/01 15:15,24.0,969.5,0.0,24,0,0.0,21.25,34.75,967.09,3.93,316.07,0.0,0.0,0.0,0.0
2019/06/01 15:30,24.0,969.5,0.0,124,0,0.0,20.94,37.57,967.19,4.05,323.24,0.0,0.0,0.0,0.0
2019/06/01 15:45,22.9,969.5,0.0,83,0,0.0,20.69,39.98,967.22,3.8,320.84,0.0,0.0,0.0,0.0
2019/06/01 16:00,22.9,969.5,0.0,114,0,0.0,19.74,46.86,969.92,2.62,327.03,0.0,0.0,0.0,0.0
2019/06/01 16:15,22.9,968.400024,0.0,137,0,0.0,19.69,46.92,969.6,2.42,319.97,0.0,0.0,0.0,0.0
2019/06/01 16:30,22.9,968.400024,0.0,16,0,0.0,19.64,46.9,969.86,2.44,302.17,0.0,0.0,0.0,0.0
2019/06/01 16:45,22.9,968.400024,0.0,169,0,0.0,19.43,47.12,969.64,2.73,285.78,0.0,0.0,0.0,0.0
2019/06/01 17:00,22.9,968.400024,0.0,113,0,0.0,19.21,47.33,969.53,3.04,275.89,0.0,0.0,0.0,0.0
2019/06/01 17:15,21.799999,968.400024,0.0,344,0,0.0,19.03,47.44,969.4,3.21,271.62,0.0,0.0,0.0,0.0
2019/06/01 17:30,21.799999,968.400024,0.0,138,0,0.0,18.89,47.51,969.29,3.32,267.56,0.0,0.0,0.0,0.0
2019/06/01 17:45,21.799999,968.400024,0.0,124,0,0.0,18.74,47.61,969.1,3.46,267.5,0.0,0.0,0.0,0.0
2019/06/01 18:00,21.799999,968.400024,0.0,118,0,0.0,18.64,47.58,969.16,3.59,271.11,0.0,0.0,0.0,0.0
2019/06/01 18:15,21.799999,968.400024,0.0,74,0,0.0,18.51,47.7,969.03,3.65,273.73,0.0,0.0,0.0,0.0
2019/06/01 18:30,21.799999,968.400024,0.0,111,0,0.0,18.4,47.78,968.93,3.65,275.52,0.0,0.0,0.0,0.0
2019/06/01 18:45,20.700001,967.299988,0.0,88,0,0.0,18.23,47.88,968.77,3.67,273.83,0.0,0.0,0.0,0.0
2019/06/01 19:00,20.700001,967.299988,0.0,72,0,0.0,18.11,47.61,968.66,3.84,272.82,0.0,0.0,0.0,0.0
2019/06/02 08:00,33.900002,964.0,1.7,171,119,132.479996,36.05,9.21,963.31,4.19,278.64,169.13,30.90000000000001,138.23,2.273319
2019/06/02 08:15,33.900002,964.0,1.3,292,95,106.559998,34.63,10.71,963.35,3.73,252.53,51.13,35.24,15.89,1.875488
2019/06/02 08:30,32.799999,964.0,1.8,275,93,97.920013,34.08,11.69,963.3,3.53,231.02,52.58,37.78,14.8,1.889696
2019/06/02 08:45,32.799999,964.0,3.1,208,182,200.160004,34.43,12.41,963.23,3.34,212.67,104.1,104.1,0.0,4.035141
2019/06/02 09:00,32.799999,964.0,0.6,250,221,238.320007,34.25,13.12,963.21,3.08,205.73,106.52,106.52,0.0,3.452602
2019/06/02 09:15,32.799999,964.0,1.8,196,91,90.0,33.63,14.25,963.15,2.72,203.25,45.87,45.87,0.0,1.591323
2019/06/02 09:30,32.799999,964.0,1.5,165,76,77.040001,33.79,14.03,963.09,2.3,199.56,39.77,39.77,0.0,1.477657
2019/06/02 09:45,32.799999,964.0,0.8,214,38,33.84,33.8,14.65,963.17,2.18,226.73,49.74,49.74,0.0,0.610954
2019/06/02 10:00,32.799999,964.0,0.8,124,60,78.480003,33.15,15.3,963.23,2.41,239.36,41.13,41.13,0.0,1.250325
2019/06/02 10:15,32.799999,964.0,0.8,144,34,32.400002,32.58,14.7,963.11,2.5,233.02,8.03,8.03,0.0,0.554121
2019/06/02 10:30,32.799999,964.0,2.1,269,44,48.240002,32.14,14.81,963.01,2.59,226.47,6.47,6.47,0.0,0.767245
2019/06/02 10:45,32.799999,964.0,1.0,67,24,33.84,31.28,15.94,963.1,3.05,237.72,4.28,4.28,0.0,0.440455
2019/06/02 11:00,32.799999,964.0,1.0,185,16,22.32,30.02,18.28,963.38,3.65,259.27,2.96,2.96,0.0,0.284165
2019/06/02 11:15,31.700001,964.0,1.1,151,0,10.8,29.01,20.33,963.56,3.91,270.28,2.02,2.02,0.0,0.0
2019/06/02 11:30,31.700001,964.0,0.0,66,0,0.0,28.69,20.83,963.63,3.83,270.89,0.81,0.81,0.0,0.0
2019/06/02 11:45,30.6,964.0,0.0,52,0,0.0,28.39,21.24,963.7,3.81,270.89,0.0,0.0,0.0,0.0
2019/06/02 12:00,29.5,964.0,0.0,130,0,0.0,27.92,22.02,963.78,3.94,270.19,0.0,0.0,0.0,0.0
2019/06/02 12:15,28.4,964.0,0.0,173,0,0.0,26.61,23.76,963.92,4.13,268.12,0.0,0.0,0.0,0.0
2019/06/02 12:30,28.4,964.0,0.0,144,0,0.0,25.65,25.4,964.1,4.26,267.71,0.0,0.0,0.0,0.0
2019/06/02 12:45,28.4,964.0,0.0,118,0,0.0,24.94,26.5,964.29,4.29,267.69,0.0,0.0,0.0,0.0
2019/06/02 13:00,28.4,964.0,0.0,113,0,0.0,24.77,26.35,964.5,4.41,271.95,0.0,0.0,0.0,0.0
2019/06/02 13:15,28.4,964.0,0.0,23,0,0.0,25.11,25.04,964.76,4.86,282.22,0.0,0.0,0.0,0.0
2019/06/02 13:30,27.299999,964.0,0.0,129,0,0.0,25.64,23.33,964.99,5.61,293.13,0.0,0.0,0.0,0.0
2019/06/02 13:45,27.299999,964.0,0.0,113,0,0.0,26.02,21.91,965.24,6.32,298.37,0.0,0.0,0.0,0.0
2019/06/02 14:00,27.299999,964.0,0.0,188,0,0.0,26.1,21.04,965.55,6.77,299.76,0.0,0.0,0.0,0.0
2019/06/02 14:15,28.4,964.0,2.5,135,0,0.0,26.24,20.03,965.91,7.14,300.99,0.0,0.0,0.0,0.0
2019/06/02 14:30,28.4,964.0,0.7,137,0,0.0,26.45,18.83,966.29,7.42,302.53,0.0,0.0,0.0,0.0
2019/06/02 14:45,28.4,964.0,1.1,31,0,0.0,26.44,17.87,966.61,7.45,303.22,0.0,0.0,0.0,0.0
2019/06/02 15:00,28.4,965.099976,1.0,137,0,0.0,26.22,17.15,966.9,7.2,303.4,0.0,0.0,0.0,0.0
2019/06/02 15:15,28.4,965.099976,2.0,186,0,0.0,25.85,16.59,967.15,6.73,304.14,0.0,0.0,0.0,0.0
2019/06/02 15:30,28.4,965.099976,0.0,178,0,0.0,25.4,16.16,967.42,6.19,305.6,0.0,0.0,0.0,0.0
2019/06/02 15:45,27.299999,965.099976,0.5,168,0,0.0,24.96,15.7,967.68,5.79,306.71,0.0,0.0,0.0,0.0
2019/06/02 16:00,27.299999,965.099976,0.5,128,0,0.0,23.37,17.68,965.37,4.01,315.24,0.0,0.0,0.0,0.0
2019/06/02 16:15,27.299999,965.099976,0.8,136,0,0.0,22.85,18.56,965.79,4.43,333.3,0.0,0.0,0.0,0.0
2019/06/02 16:30,27.299999,965.099976,2.0,125,0,0.0,22.5,19.2,966.43,4.36,333.24,0.0,0.0,0.0,0.0
2019/06/02 16:45,26.200001,966.200012,0.9,352,0,0.0,21.99,19.99,966.82,3.68,331.83,0.0,0.0,0.0,0.0
2019/06/02 17:00,25.1,966.200012,0.9,59,0,0.0,21.92,20.31,967.23,3.1,324.12,0.0,0.0,0.0,0.0
2019/06/02 17:15,25.1,966.200012,0.9,30,0,0.0,21.91,20.65,967.41,3.08,306.81,0.0,0.0,0.0,0.0
2019/06/02 17:30,25.1,966.200012,0.9,94,0,0.0,21.78,21.3,967.39,3.39,296.74,0.0,0.0,0.0,0.0
2019/06/02 17:45,25.1,966.200012,0.9,112,0,0.0,21.87,21.93,967.66,3.67,296.89,0.0,0.0,0.0,0.0
2019/06/02 18:00,25.1,966.200012,0.9,85,0,0.0,22.01,22.51,968.0,3.76,298.96,0.0,0.0,0.0,0.0
2019/06/02 18:15,24.0,966.200012,0.9,121,0,0.0,22.09,22.99,968.03,3.73,299.59,0.0,0.0,0.0,0.0
2019/06/02 18:30,24.0,966.200012,0.9,81,0,0.0,22.02,23.33,968.05,3.69,297.28,0.0,0.0,0.0,0.0
2019/06/02 18:45,24.0,966.200012,0.9,59,0,0.0,21.69,23.64,968.05,3.76,294.83,0.0,0.0,0.0,0.0
2019/06/02 19:00,24.0,966.200012,0.9,112,0,0.0,21.18,24.05,968.18,3.92,288.82,0.0,0.0,0.0,0.0
2019/06/03 08:00,33.900002,967.299988,1.7,138,471,411.119995,34.13,15.01,968.5,5.3,132.94,604.26,47.68999999999994,556.57,7.786116000000001
2019/06/03 08:15,33.900002,967.299988,2.2,238,405,434.880005,34.17,15.0,968.46,5.38,132.89,554.7,46.27000000000004,508.43,7.004663000000001
2019/06/03 08:30,33.900002,967.299988,1.8,202,339,385.200012,34.22,14.91,968.41,5.47,134.31,520.54,45.24999999999994,475.29,6.024294
2019/06/03 08:45,33.900002,967.299988,0.9,231,285,340.559998,34.23,14.8,968.39,5.6,134.65,467.99,43.56,424.43,5.072342
2019/06/03 09:00,33.900002,967.299988,1.2,171,223,275.76001,34.23,14.69,968.34,5.76,134.91,432.24,42.34000000000003,389.9,3.850433
2019/06/03 09:15,33.900002,967.299988,2.4,350,214,270.720001,34.16,14.68,968.32,5.93,137.16,377.79,40.33000000000004,337.46,3.694143
2019/06/03 09:30,32.799999,967.299988,1.6,249,170,232.559998,34.09,14.74,968.28,6.06,139.7,340.95,38.81,302.14,2.699566
2019/06/03 09:45,32.799999,967.299988,3.6,212,112,175.679993,33.94,14.88,968.23,6.09,141.27,284.21,36.089999999999975,248.12,2.230694
2019/06/03 10:00,32.799999,967.299988,1.8,241,61,53.279999,33.8,15.07,968.24,5.97,141.7,241.66,33.359999999999985,208.3,1.577115
2019/06/03 10:15,32.799999,967.299988,1.0,117,47,43.200001,33.52,15.56,968.36,5.74,141.66,177.62,28.379999999999995,149.24,1.122451
2019/06/03 10:30,32.799999,967.299988,2.2,213,39,36.0,33.08,16.38,968.45,5.35,140.5,130.85,23.459999999999997,107.39,0.8382860000000001
2019/06/03 10:45,31.700001,967.299988,1.1,173,31,30.24,32.28,17.77,968.58,4.8,142.55,78.84,17.450000000000003,61.39,0.56833
2019/06/03 11:00,31.700001,968.400024,2.1,175,21,23.040001,31.33,19.4,968.72,4.27,148.22,50.68,13.4,37.28,0.355206
2019/06/03 11:15,31.700001,968.400024,1.4,277,0,12.96,30.15,21.09,968.85,3.93,154.08,21.58,8.189999999999998,13.39,0.156291
2019/06/03 11:30,30.6,968.400024,1.6,152,0,0.0,29.26,22.11,968.96,3.8,161.08,7.17,3.95,3.22,0.0
2019/06/03 11:45,30.6,968.400024,0.9,238,0,0.0,28.45,22.93,969.1,3.79,172.58,0.0,0.0,0.0,0.0
2019/06/03 12:00,30.6,968.400024,2.1,144,0,0.0,27.78,23.81,969.29,3.85,187.34,0.0,0.0,0.0,0.0
2019/06/03 12:15,29.5,968.400024,1.0,151,0,0.0,27.23,24.57,969.43,3.98,200.33,0.0,0.0,0.0,0.0
2019/06/03 12:30,28.4,968.400024,1.0,313,0,0.0,26.81,25.16,969.51,4.14,211.03,0.0,0.0,0.0,0.0
2019/06/03 12:45,28.4,969.5,1.0,100,0,0.0,26.52,25.56,969.57,4.34,217.9,0.0,0.0,0.0,0.0
2019/06/03 13:00,28.4,969.5,1.0,167,0,0.0,26.25,25.98,969.69,4.47,222.48,0.0,0.0,0.0,0.0
2019/06/03 13:15,28.4,969.5,1.0,30,0,0.0,25.96,26.64,969.77,4.43,227.26,0.0,0.0,0.0,0.0
2019/06/03 13:30,27.299999,969.5,1.0,346,0,0.0,25.68,27.4,969.73,4.26,229.55,0.0,0.0,0.0,0.0
2019/06/03 13:45,27.299999,969.5,1.0,120,0,0.0,25.47,27.88,969.66,4.1,229.56,0.0,0.0,0.0,0.0
2019/06/03 14:00,27.299999,969.5,1.0,29,0,0.0,25.31,28.09,969.62,4.0,230.33,0.0,0.0,0.0,0.0
2019/06/03 14:15,27.299999,969.5,1.0,122,0,0.0,25.15,28.18,969.63,3.94,231.68,0.0,0.0,0.0,0.0
2019/06/03 14:30,26.200001,969.5,1.0,128,0,0.0,24.98,28.24,969.76,3.97,232.38,0.0,0.0,0.0,0.0
2019/06/03 14:45,26.200001,969.5,1.0,55,0,0.0,24.75,28.37,969.87,4.04,231.86,0.0,0.0,0.0,0.0
2019/06/03 15:00,26.200001,969.5,1.0,94,0,0.0,24.49,28.58,969.88,4.01,230.12,0.0,0.0,0.0,0.0
2019/06/03 15:15,26.200001,969.5,1.0,129,0,0.0,24.19,28.97,969.91,3.86,227.6,0.0,0.0,0.0,0.0
2019/06/03 15:30,26.200001,970.599976,1.0,117,0,0.0,23.76,29.7,970.0,3.63,225.39,0.0,0.0,0.0,0.0
2019/06/03 15:45,26.200001,970.599976,1.0,355,0,0.0,23.29,30.62,970.19,3.38,225.46,0.0,0.0,0.0,0.0
2019/06/03 16:00,26.200001,970.599976,1.0,354,0,0.0,22.73,36.25,970.86,2.69,66.81,0.0,0.0,0.0,0.0
2019/06/03 16:15,26.200001,970.599976,1.0,141,0,0.0,22.82,35.76,970.85,2.08,77.32,0.0,0.0,0.0,0.0
2019/06/03 16:30,25.1,970.599976,1.0,126,0,0.0,22.73,35.81,971.36,1.41,90.9,0.0,0.0,0.0,0.0
2019/06/03 16:45,25.1,970.599976,1.0,146,0,0.0,22.68,35.75,971.23,0.92,129.17,0.0,0.0,0.0,0.0
2019/06/03 17:00,25.1,970.599976,1.0,144,0,0.0,22.38,36.08,971.14,1.15,231.83,0.0,0.0,0.0,0.0
2019/06/03 17:15,25.1,970.599976,1.0,18,0,0.0,21.89,36.63,971.19,1.99,260.68,0.0,0.0,0.0,0.0
2019/06/03 17:30,24.0,970.599976,1.0,19,0,0.0,21.31,37.28,971.43,2.71,279.01,0.0,0.0,0.0,0.0
2019/06/03 17:45,24.0,970.599976,1.0,109,0,0.0,20.81,37.84,971.7,3.14,299.92,0.0,0.0,0.0,0.0
2019/06/03 18:00,24.0,970.599976,1.0,184,0,0.0,20.37,38.37,971.86,3.49,311.78,0.0,0.0,0.0,0.0
2019/06/03 18:15,22.9,970.599976,1.0,16,0,0.0,20.07,38.55,971.86,3.72,313.67,0.0,0.0,0.0,0.0
2019/06/03 18:30,22.9,970.599976,1.0,64,0,0.0,19.86,38.5,971.91,3.85,313.53,0.0,0.0,0.0,0.0
2019/06/03 18:45,22.9,970.599976,1.0,128,0,0.0,19.63,38.59,972.07,4.02,316.08,0.0,0.0,0.0,0.0
2019/06/03 19:00,22.9,970.599976,1.0,142,0,0.0,19.48,38.49,972.22,4.28,324.33,0.0,0.0,0.0,0.0
2019/06/04 08:00,25.1,971.700012,0.0,174,317,282.959991,34.64,21.18,969.9,6.56,126.74,489.22,54.88000000000005,434.34,5.853795
2019/06/04 08:15,25.1,971.700012,2.1,204,345,351.359985,35.08,19.95,969.73,6.32,128.44,432.17,36.860000000000014,395.31,6.052711
2019/06/04 08:30,25.1,971.700012,1.0,11,193,188.639999,35.53,18.65,969.51,5.82,133.25,366.93,32.56999999999999,334.36,4.006724
2019/06/04 08:45,25.1,971.700012,0.0,327,239,254.880005,35.8,17.74,969.43,5.28,143.67,303.48,28.850000000000023,274.63,4.219847
2019/06/04 09:00,25.1,971.700012,1.5,305,187,193.679993,35.96,17.4,969.3,5.03,152.04,281.37,28.14000000000001,253.23,3.495227
2019/06/04 09:15,25.1,971.700012,1.9,206,155,163.440002,35.96,17.53,969.21,5.1,157.64,266.86,29.07000000000002,237.79,2.997939
2019/06/04 09:30,25.1,971.700012,1.5,351,107,110.160004,35.94,17.77,969.29,5.27,163.69,262.69,31.15000000000001,231.54,2.003362
2019/06/04 09:45,25.1,971.700012,1.9,198,101,105.839996,35.68,18.26,969.17,5.37,166.85,210.64,41.63,169.01,1.889696
2019/06/04 10:00,25.1,971.700012,1.3,101,87,90.0,35.45,18.84,969.12,5.34,169.19,197.39,37.47,159.92,1.562907
2019/06/04 10:15,25.1,971.700012,1.6,211,67,72.720001,34.85,20.15,969.23,5.14,171.74,149.84,29.5,120.34,1.420824
2019/06/04 10:30,25.1,971.700012,0.5,150,53,56.880001,34.21,21.62,969.02,4.92,168.39,121.7,22.460000000000008,99.24,0.980369
2019/06/04 10:45,25.1,971.700012,0.5,175,33,36.720001,33.23,23.4,969.3,4.75,176.87,69.0,16.450000000000003,52.55,0.56833
2019/06/04 11:00,25.1,971.700012,0.5,120,19,22.32,32.16,25.36,969.58,4.53,188.88,41.35,11.44,29.91,0.312581
2019/06/04 11:15,25.1,971.700012,0.0,228,0,9.360001,31.12,27.05,969.84,4.33,201.81,8.53,4.659999999999999,3.87,0.0
2019/06/04 11:30,25.1,971.700012,1.8,135,0,0.0,30.25,29.04,970.12,4.24,211.03,2.38,2.09,0.29,0.0
2019/06/04 11:45,24.0,971.700012,1.7,230,0,0.0,29.91,30.01,970.2,4.07,214.04,0.0,0.0,0.0,0.0
2019/06/04 12:00,24.0,972.799988,0.6,96,0,0.0,29.51,31.2,970.34,4.0,228.49,0.0,0.0,0.0,0.0
2019/06/04 12:15,24.0,972.799988,0.9,185,0,0.0,28.85,33.73,970.72,4.45,250.39,0.0,0.0,0.0,0.0
2019/06/04 12:30,24.0,973.900024,0.9,144,0,0.0,28.7,34.79,971.12,5.41,243.18,0.0,0.0,0.0,0.0
2019/06/04 12:45,24.0,973.900024,0.9,215,0,0.0,28.62,35.55,971.39,6.51,231.12,0.0,0.0,0.0,0.0
2019/06/04 13:00,24.0,973.900024,1.1,216,0,0.0,28.53,36.26,971.86,7.32,233.15,0.0,0.0,0.0,0.0
2019/06/04 13:15,24.0,973.900024,1.4,206,0,0.0,28.79,35.68,972.61,7.52,234.97,0.0,0.0,0.0,0.0
2019/06/04 13:30,24.0,973.900024,0.4,108,0,0.0,29.21,34.21,972.7,7.03,213.48,0.0,0.0,0.0,0.0
2019/06/04 13:45,24.0,973.900024,0.4,84,0,0.0,29.13,34.19,972.25,6.65,184.74,0.0,0.0,0.0,0.0
2019/06/04 14:00,24.0,973.900024,0.4,62,0,0.0,28.02,38.41,972.0,6.88,179.59,0.0,0.0,0.0,0.0
2019/06/04 14:15,24.0,973.900024,2.7,153,0,0.0,26.68,43.84,972.03,6.95,185.95,0.0,0.0,0.0,0.0
2019/06/04 14:30,24.0,973.900024,0.3,115,0,0.0,26.41,44.69,972.04,6.33,189.37,0.0,0.0,0.0,0.0
2019/06/04 14:45,24.0,973.900024,0.7,200,0,0.0,26.4,44.06,972.25,4.94,192.02,0.0,0.0,0.0,0.0
2019/06/04 15:00,24.0,973.900024,0.7,177,0,0.0,26.36,43.33,972.49,3.37,205.34,0.0,0.0,0.0,0.0
2019/06/04 15:15,24.0,973.900024,0.7,7,0,0.0,26.12,43.53,972.85,3.2,285.19,0.0,0.0,0.0,0.0
2019/06/04 15:30,24.0,973.900024,0.7,215,0,0.0,25.42,45.08,973.15,4.25,308.24,0.0,0.0,0.0,0.0
2019/06/04 15:45,22.9,973.900024,0.7,290,0,0.0,25.13,45.39,973.28,4.55,303.95,0.0,0.0,0.0,0.0
2019/06/04 16:00,22.9,973.900024,0.7,121,0,0.0,21.19,52.59,975.12,1.31,282.6,0.0,0.0,0.0,0.0
2019/06/04 16:15,22.9,973.900024,1.7,135,0,0.0,21.28,52.26,975.1,1.13,290.55,0.0,0.0,0.0,0.0
2019/06/04 16:30,22.9,973.900024,1.7,157,0,0.0,21.36,51.95,975.24,0.93,291.15,0.0,0.0,0.0,0.0
2019/06/04 16:45,22.9,973.900024,0.7,179,0,0.0,21.3,52.1,975.21,0.74,280.12,0.0,0.0,0.0,0.0
2019/06/04 17:00,22.9,973.900024,0.7,198,0,0.0,21.23,52.27,975.13,0.83,283.89,0.0,0.0,0.0,0.0
2019/06/04 17:15,22.9,973.900024,0.7,44,0,0.0,21.2,52.37,975.14,1.14,300.45,0.0,0.0,0.0,0.0
2019/06/04 17:30,22.9,973.900024,0.7,113,0,0.0,21.1,52.73,975.11,1.35,305.0,0.0,0.0,0.0,0.0
2019/06/04 17:45,22.9,973.900024,0.7,102,0,0.0,21.0,53.07,975.02,1.49,315.77,0.0,0.0,0.0,0.0
2019/06/04 18:00,22.9,973.900024,0.7,167,0,0.0,20.86,53.61,975.25,1.74,326.85,0.0,0.0,0.0,0.0
2019/06/04 18:15,22.9,973.900024,0.7,15,0,0.0,20.58,54.61,975.39,2.14,330.34,0.0,0.0,0.0,0.0
2019/06/04 18:30,22.9,973.900024,0.7,324,0,0.0,20.14,56.16,975.34,2.61,334.72,0.0,0.0,0.0,0.0
2019/06/04 18:45,21.799999,973.900024,0.7,35,0,0.0,19.75,57.56,975.5,3.05,341.06,0.0,0.0,0.0,0.0
2019/06/04 19:00,21.799999,973.900024,0.7,117,0,0.0,19.44,58.61,975.58,3.41,343.5,0.0,0.0,0.0,0.0
2019/06/05 08:00,19.6,978.299988,1.2,105,26,24.48,19.71,86.87,978.07,2.54,283.05,28.27,28.27,0.0,0.48308
2019/06/05 08:15,19.6,978.299988,0.0,65,42,40.32,19.66,87.43,978.03,2.57,316.43,40.19,40.19,0.0,0.96616
2019/06/05 08:30,19.6,978.299988,1.3,121,38,37.439999,19.73,86.92,977.43,2.99,353.6,63.83,37.43,26.4,0.8667030000000001
2019/06/05 08:45,19.6,978.299988,0.0,4,32,31.68,19.79,85.9,977.46,3.41,330.07,46.96,41.01,5.95,0.625163
2019/06/05 09:00,19.6,978.299988,0.0,144,30,30.24,19.42,89.3,978.08,3.37,283.69,12.59,12.59,0.0,0.625163
2019/06/05 09:15,19.6,978.299988,0.0,49,24,23.040001,19.24,91.75,977.74,3.06,296.02,5.02,5.02,0.0,0.468872
2019/06/05 09:30,18.5,978.299988,0.0,124,26,25.92,19.2,92.03,977.78,3.36,295.66,4.04,4.04,0.0,0.440455
2019/06/05 09:45,18.5,978.299988,0.0,52,26,25.92,19.13,91.76,977.22,3.82,321.13,1.57,1.57,0.0,0.454664
2019/06/05 10:00,18.5,978.299988,0.0,76,24,23.040001,19.16,91.31,977.02,3.35,330.5,1.3,1.3,0.0,0.397831
2019/06/05 10:15,18.5,978.299988,0.0,139,24,24.48,19.25,91.01,977.12,2.32,321.07,2.08,2.08,0.0,0.426247
2019/06/05 10:30,18.5,978.299988,0.0,180,22,23.040001,19.17,92.67,977.12,1.43,308.18,1.59,1.59,0.0,0.412039
2019/06/05 10:45,18.5,977.200012,1.4,95,12,11.52,18.97,94.59,977.09,1.25,90.6,0.83,0.83,0.0,0.198915
2019/06/05 11:00,18.5,977.200012,0.0,129,0,7.2,18.81,96.06,977.34,1.48,119.38,0.6,0.6,0.0,0.0
2019/06/05 11:15,18.5,977.200012,0.0,336,9,7.92,18.65,96.72,977.1,1.42,63.58,0.15,0.15,0.0,0.0
2019/06/05 11:30,18.5,977.200012,0.0,194,0,0.0,18.55,96.86,976.91,1.24,55.1,0.06,0.06,0.0,0.0
2019/06/05 11:45,18.5,977.200012,1.2,239,0,0.0,18.5,96.82,977.24,1.41,111.43,0.0,0.0,0.0,0.0
2019/06/05 12:00,18.5,977.200012,1.5,114,0,0.0,18.36,97.64,977.12,1.86,68.78,0.0,0.0,0.0,0.0
2019/06/05 12:15,18.5,977.200012,0.8,117,0,0.0,18.26,97.97,977.12,1.7,46.03,0.0,0.0,0.0,0.0
2019/06/05 12:30,18.5,977.200012,0.9,181,0,0.0,18.29,97.7,977.4,1.32,354.91,0.0,0.0,0.0,0.0
2019/06/05 12:45,18.5,977.200012,0.0,79,0,0.0,18.28,97.5,977.61,1.87,272.69,0.0,0.0,0.0,0.0
2019/06/05 13:00,18.5,977.200012,0.3,101,0,0.0,18.32,97.5,977.75,2.5,283.76,0.0,0.0,0.0,0.0
2019/06/05 13:15,18.5,977.200012,0.0,90,0,0.0,18.27,97.87,977.49,2.6,329.72,0.0,0.0,0.0,0.0
2019/06/05 13:30,18.5,977.200012,0.0,113,0,0.0,18.22,98.06,977.39,2.81,353.88,0.0,0.0,0.0,0.0
2019/06/05 13:45,18.5,977.200012,0.0,104,0,0.0,18.2,97.57,977.3,3.2,351.52,0.0,0.0,0.0,0.0
2019/06/05 14:00,18.5,977.200012,0.0,15,0,0.0,18.18,97.03,977.42,3.57,345.71,0.0,0.0,0.0,0.0
2019/06/05 14:15,18.5,977.200012,0.0,25,0,0.0,18.11,96.7,977.35,3.83,340.75,0.0,0.0,0.0,0.0
2019/06/05 14:30,18.5,977.200012,0.0,100,0,0.0,18.02,96.65,977.48,3.91,335.6,0.0,0.0,0.0,0.0
2019/06/05 14:45,18.5,977.200012,0.0,97,0,0.0,17.91,96.98,977.46,4.0,331.44,0.0,0.0,0.0,0.0
2019/06/05 15:00,18.5,977.200012,0.0,352,0,0.0,17.81,97.35,977.36,4.22,332.76,0.0,0.0,0.0,0.0
2019/06/05 15:15,18.5,977.200012,0.0,186,0,0.0,17.79,97.4,977.34,4.35,337.0,0.0,0.0,0.0,0.0
2019/06/05 15:30,18.5,977.200012,0.0,17,0,0.0,17.83,97.39,977.36,4.19,345.65,0.0,0.0,0.0,0.0
2019/06/05 15:45,18.5,976.099976,0.0,128,0,0.0,17.88,97.41,977.49,3.9,353.15,0.0,0.0,0.0,0.0
2019/06/05 16:00,18.5,976.099976,0.0,109,0,0.0,18.8,88.75,977.27,1.27,181.5,0.0,0.0,0.0,0.0
2019/06/05 16:15,18.5,976.099976,0.3,109,0,0.0,18.74,89.08,977.03,1.2,191.58,0.0,0.0,0.0,0.0
2019/06/05 16:30,18.5,976.099976,0.4,57,0,0.0,18.68,89.45,976.84,1.16,221.62,0.0,0.0,0.0,0.0
2019/06/05 16:45,18.5,976.099976,1.3,121,0,0.0,18.62,89.72,976.47,1.21,241.74,0.0,0.0,0.0,0.0
2019/06/05 17:00,18.5,976.099976,0.0,133,0,0.0,18.59,89.63,976.05,1.18,250.24,0.0,0.0,0.0,0.0
2019/06/05 17:15,18.5,976.099976,0.0,72,0,0.0,18.56,89.69,976.03,1.0,258.28,0.0,0.0,0.0,0.0
2019/06/05 17:30,18.5,976.099976,0.0,72,0,0.0,18.64,89.11,976.28,0.68,255.78,0.0,0.0,0.0,0.0
2019/06/05 17:45,18.5,976.099976,0.0,99,0,0.0,18.65,88.52,976.32,0.37,262.73,0.0,0.0,0.0,0.0
2019/06/05 18:00,18.5,976.099976,0.0,116,0,0.0,18.69,88.4,976.39,0.4,31.52,0.0,0.0,0.0,0.0
2019/06/05 18:15,18.5,976.099976,0.0,355,0,0.0,18.69,88.79,976.45,0.75,29.33,0.0,0.0,0.0,0.0
2019/06/05 18:30,18.5,975.0,0.0,161,0,0.0,18.65,89.2,976.16,1.13,41.5,0.0,0.0,0.0,0.0
2019/06/05 18:45,18.5,975.0,0.0,176,0,0.0,18.57,89.87,975.62,1.43,43.79,0.0,0.0,0.0,0.0
2019/06/05 19:00,18.5,975.0,0.0,161,0,0.0,18.52,90.76,975.86,1.67,47.56,0.0,0.0,0.0,0.0
2019/06/06 08:00,21.799999,976.099976,0.8,127,228,210.240005,20.87,81.55,975.91,5.22,19.23,137.16,134.9,2.26,4.617678
2019/06/06 08:15,21.799999,976.099976,0.6,323,235,205.919998,20.96,81.22,975.86,5.07,23.08,125.84,125.34,0.5,4.504012
2019/06/06 08:30,21.799999,976.099976,0.8,182,175,119.519997,20.88,81.7,975.89,4.9,25.68,81.87,81.87,0.0,4.447179
2019/06/06 08:45,21.799999,976.099976,0.8,14,303,329.040009,20.81,82.2,975.87,4.79,25.04,60.93,60.93,0.0,6.336875
2019/06/06 09:00,21.799999,976.099976,0.5,268,273,321.119995,20.68,82.95,975.93,4.81,25.51,39.14,39.14,0.0,4.830801999999999
2019/06/06 09:15,22.9,976.099976,2.3,198,223,232.559998,20.5,83.55,975.89,4.94,28.2,23.65,23.65,0.0,4.376138
2019/06/06 09:30,22.9,976.099976,1.1,182,177,222.479996,20.36,83.52,975.82,5.06,32.55,23.38,23.38,0.0,3.125813
2019/06/06 09:45,22.9,976.099976,1.3,263,106,95.760002,20.3,82.87,975.73,5.02,37.09,30.61,30.61,0.0,2.244902
2019/06/06 10:00,21.799999,976.099976,1.8,201,78,76.32,20.31,81.91,975.63,4.74,40.32,47.7,43.57,4.13,1.335575
2019/06/06 10:15,21.799999,976.099976,0.3,265,68,64.800003,20.25,81.45,975.54,4.33,42.56,35.43,22.14,13.29,1.463449
2019/06/06 10:30,21.799999,976.099976,1.5,212,46,46.080002,20.23,81.08,975.52,3.93,40.82,36.13,22.85,13.28,1.150867
2019/06/06 10:45,21.799999,976.099976,1.9,197,28,23.040001,20.13,81.18,975.54,3.6,38.15,21.78,10.660000000000002,11.12,0.48308
2019/06/06 11:00,21.799999,976.099976,1.7,163,14,14.4,20.1,81.07,975.7,3.32,34.71,17.87,7.340000000000002,10.53,0.2131239999999999
2019/06/06 11:15,20.700001,976.099976,0.7,188,0,8.64,20.01,81.11,975.81,2.94,29.78,8.24,6.26,1.98,0.0
2019/06/06 11:30,20.700001,976.099976,1.8,155,0,0.0,20.04,80.79,975.84,2.51,23.31,3.35,2.73,0.62,0.0
2019/06/06 11:45,20.700001,976.099976,1.7,221,0,0.0,19.91,80.95,975.93,2.3,17.29,0.0,0.0,0.0,0.0
2019/06/06 12:00,20.700001,976.099976,1.7,156,0,0.0,19.96,80.43,976.0,2.21,10.1,0.0,0.0,0.0,0.0
2019/06/06 12:15,20.700001,976.099976,0.8,146,0,0.0,19.92,80.18,976.1,2.13,8.13,0.0,0.0,0.0,0.0
2019/06/06 12:30,20.700001,976.099976,0.8,114,0,0.0,19.96,79.74,976.24,2.04,8.48,0.0,0.0,0.0,0.0
2019/06/06 12:45,19.6,976.099976,0.8,153,0,0.0,19.98,79.33,976.35,1.93,12.51,0.0,0.0,0.0,0.0
2019/06/06 13:00,19.6,976.099976,0.8,147,0,0.0,19.96,79.1,976.41,1.75,18.85,0.0,0.0,0.0,0.0
2019/06/06 13:15,19.6,976.099976,0.8,28,0,0.0,19.97,78.89,976.43,1.44,23.08,0.0,0.0,0.0,0.0
2019/06/06 13:30,19.6,976.099976,0.8,72,0,0.0,19.99,78.65,976.37,1.08,21.7,0.0,0.0,0.0,0.0
2019/06/06 13:45,19.6,976.099976,0.8,312,0,0.0,19.98,78.53,976.32,0.81,4.94,0.0,0.0,0.0,0.0
2019/06/06 14:00,19.6,976.099976,0.8,14,0,0.0,19.98,78.49,976.31,0.77,329.3,0.0,0.0,0.0,0.0
2019/06/06 14:15,19.6,976.099976,0.8,110,0,0.0,19.97,78.55,976.41,0.94,300.39,0.0,0.0,0.0,0.0
2019/06/06 14:30,19.6,976.099976,0.8,146,0,0.0,19.71,79.98,976.52,1.18,289.46,0.0,0.0,0.0,0.0
2019/06/06 14:45,19.6,976.099976,0.8,88,0,0.0,19.49,81.11,976.57,1.43,282.22,0.0,0.0,0.0,0.0
2019/06/06 15:00,19.6,976.099976,0.8,178,0,0.0,19.2,82.69,976.72,1.73,273.24,0.0,0.0,0.0,0.0
2019/06/06 15:15,19.6,976.099976,0.8,298,0,0.0,18.88,84.59,977.0,2.1,270.5,0.0,0.0,0.0,0.0
2019/06/06 15:30,19.6,976.099976,0.8,17,0,0.0,18.57,86.6,977.24,2.42,267.93,0.0,0.0,0.0,0.0
2019/06/06 15:45,19.6,976.099976,0.8,139,0,0.0,18.3,88.31,977.44,2.62,264.44,0.0,0.0,0.0,0.0
2019/06/06 16:00,19.6,976.099976,0.8,46,0,0.0,17.57,86.25,976.83,0.57,207.45,0.0,0.0,0.0,0.0
2019/06/06 16:15,19.6,976.099976,0.8,114,0,0.0,17.43,86.83,976.86,0.8,214.81,0.0,0.0,0.0,0.0
2019/06/06 16:30,19.6,976.099976,0.8,15,0,0.0,17.31,87.18,977.17,0.91,226.74,0.0,0.0,0.0,0.0
2019/06/06 16:45,19.6,976.099976,0.8,28,0,0.0,17.16,87.59,976.93,1.01,249.35,0.0,0.0,0.0,0.0
2019/06/06 17:00,19.6,976.099976,0.8,57,0,0.0,17.04,87.83,976.8,1.16,269.06,0.0,0.0,0.0,0.0
2019/06/06 17:15,19.6,976.099976,0.8,166,0,0.0,16.92,88.1,976.71,1.37,290.48,0.0,0.0,0.0,0.0
2019/06/06 17:30,19.6,976.099976,0.8,189,0,0.0,16.78,88.48,976.7,1.62,312.04,0.0,0.0,0.0,0.0
2019/06/06 17:45,19.6,976.099976,0.8,30,0,0.0,16.63,89.04,976.87,1.83,323.97,0.0,0.0,0.0,0.0
2019/06/06 18:00,19.6,976.099976,0.8,184,0,0.0,16.49,89.48,976.72,1.88,327.05,0.0,0.0,0.0,0.0
2019/06/06 18:15,19.6,976.099976,0.8,7,0,0.0,16.38,89.71,976.67,1.81,327.82,0.0,0.0,0.0,0.0
2019/06/06 18:30,19.6,976.099976,0.8,348,0,0.0,16.29,89.82,976.67,1.7,325.52,0.0,0.0,0.0,0.0
2019/06/06 18:45,19.6,976.099976,0.8,82,0,0.0,16.24,89.75,976.59,1.56,320.86,0.0,0.0,0.0,0.0
2019/06/06 19:00,19.6,976.099976,0.8,122,0,0.0,16.21,89.51,976.66,1.41,313.0,0.0,0.0,0.0,0.0
2019/06/07 08:00,24.0,972.799988,1.0,348,13,16.559998999999998,34.05,32.91,970.63,6.96,164.96,408.01,134.81,273.2,0.24154
2019/06/07 08:15,24.0,971.700012,2.7,330,47,74.160004,34.19,33.13,970.4,6.72,162.89,391.5,73.60000000000002,317.9,1.037202
2019/06/07 08:30,26.200001,970.599976,2.1,114,198,191.520004,34.06,33.69,970.63,7.21,176.93,327.63,77.85999999999999,249.77,4.134598
2019/06/07 08:45,26.200001,970.599976,2.3,73,120,144.720001,30.58,44.28,971.81,8.57,222.87,204.32,69.25,135.07,2.7421900000000003
2019/06/07 09:00,26.200001,970.599976,1.0,28,110,125.279999,28.82,49.7,971.52,10.03,238.34,190.07,29.40000000000001,160.67,2.34436
2019/06/07 09:15,25.1,970.599976,1.9,346,56,51.84,26.43,57.32,972.09,11.27,234.75,17.66,17.66,0.0,1.05141
2019/06/07 09:30,24.0,970.599976,2.6,71,42,41.759998,25.16,62.82,971.7,11.34,233.85,18.07,18.07,0.0,0.753037
2019/06/07 09:45,24.0,970.599976,1.7,120,26,30.24,25.84,58.58,971.26,10.1,230.03,167.95,67.29999999999998,100.65,0.48308
2019/06/07 10:00,24.0,971.700012,0.9,94,22,25.92,25.85,53.92,970.9,8.59,227.62,133.99,70.48000000000002,63.51,0.3836219999999999
2019/06/07 10:15,25.1,971.700012,0.9,124,18,23.040001,26.33,48.67,970.94,7.63,228.25,137.85,33.66,104.19,0.298373
2019/06/07 10:30,25.1,971.700012,0.6,114,12,15.84,26.5,46.41,971.01,7.38,236.22,124.11,24.89,99.22,0.170499
2019/06/07 10:45,24.0,971.700012,1.0,112,0,10.08,26.27,46.88,971.2,7.27,241.64,80.98,20.180000000000007,60.8,0.0
2019/06/07 11:00,24.0,971.700012,1.4,121,0,0.0,25.99,47.65,971.44,7.21,241.26,51.15,15.079999999999998,36.07,0.0
2019/06/07 11:15,24.0,972.799988,1.7,127,0,0.0,25.47,49.22,971.67,7.62,240.27,11.06,9.02,2.04,0.0
2019/06/07 11:30,25.1,972.799988,0.8,37,0,0.0,24.93,51.57,972.03,8.32,237.39,3.55,3.34,0.21,0.0
2019/06/07 11:45,25.1,972.799988,1.7,111,0,0.0,24.64,54.43,972.06,8.56,234.95,0.0,0.0,0.0,0.0
2019/06/07 12:00,25.1,972.799988,1.7,171,0,0.0,24.57,57.29,972.09,8.29,234.84,0.0,0.0,0.0,0.0
2019/06/07 12:15,25.1,972.799988,0.7,49,0,0.0,24.67,59.21,972.22,7.97,233.08,0.0,0.0,0.0,0.0
2019/06/07 12:30,25.1,972.799988,0.8,149,0,0.0,24.77,60.23,972.46,7.83,231.85,0.0,0.0,0.0,0.0
2019/06/07 12:45,25.1,972.799988,1.5,102,0,0.0,24.67,61.52,972.7,7.88,229.75,0.0,0.0,0.0,0.0
2019/06/07 13:00,25.1,972.799988,1.3,347,0,0.0,24.54,62.05,972.78,7.82,230.67,0.0,0.0,0.0,0.0
2019/06/07 13:15,25.1,972.799988,1.8,139,0,0.0,24.61,61.15,972.45,7.55,236.76,0.0,0.0,0.0,0.0
2019/06/07 13:30,25.1,972.799988,2.7,97,0,0.0,24.72,60.13,972.32,7.28,236.04,0.0,0.0,0.0,0.0
2019/06/07 13:45,25.1,972.799988,0.8,128,0,0.0,24.77,59.24,972.35,7.15,233.47,0.0,0.0,0.0,0.0
2019/06/07 14:00,25.1,972.799988,1.1,178,0,0.0,24.81,58.48,972.39,6.95,234.01,0.0,0.0,0.0,0.0
2019/06/07 14:15,24.0,972.799988,0.9,141,0,0.0,24.32,59.71,972.32,6.45,238.35,0.0,0.0,0.0,0.0
2019/06/07 14:30,24.0,972.799988,1.7,129,0,0.0,24.1,60.2,972.32,5.7,240.35,0.0,0.0,0.0,0.0
2019/06/07 14:45,24.0,972.799988,1.2,89,0,0.0,23.84,60.76,972.4,4.93,232.95,0.0,0.0,0.0,0.0
2019/06/07 15:00,24.0,971.700012,0.0,102,0,0.0,23.47,61.66,972.6,4.66,213.73,0.0,0.0,0.0,0.0
2019/06/07 15:15,24.0,971.700012,2.0,19,0,0.0,22.97,63.22,972.98,5.24,193.43,0.0,0.0,0.0,0.0
2019/06/07 15:30,24.0,971.700012,1.8,22,0,0.0,22.7,63.84,973.3,5.91,191.99,0.0,0.0,0.0,0.0
2019/06/07 15:45,24.0,971.700012,1.6,91,0,0.0,22.72,63.1,973.42,5.89,208.03,0.0,0.0,0.0,0.0
2019/06/07 16:00,24.0,971.700012,1.7,116,0,0.0,23.51,48.54,972.66,2.56,258.79,0.0,0.0,0.0,0.0
2019/06/07 16:15,24.0,971.700012,1.7,76,0,0.0,22.98,49.58,972.69,2.32,218.02,0.0,0.0,0.0,0.0
2019/06/07 16:30,24.0,971.700012,1.3,109,0,0.0,22.46,50.55,972.75,2.38,183.46,0.0,0.0,0.0,0.0
2019/06/07 16:45,24.0,971.700012,1.0,89,0,0.0,22.5,48.94,972.31,2.03,166.84,0.0,0.0,0.0,0.0
2019/06/07 17:00,22.9,971.700012,1.5,136,0,0.0,22.75,46.67,972.47,1.51,110.96,0.0,0.0,0.0,0.0
2019/06/07 17:15,22.9,971.700012,1.2,64,0,0.0,22.53,46.54,972.43,1.6,49.32,0.0,0.0,0.0,0.0
2019/06/07 17:30,22.9,971.700012,1.0,122,0,0.0,22.24,47.05,972.46,1.65,52.91,0.0,0.0,0.0,0.0
2019/06/07 17:45,22.9,971.700012,0.4,149,0,0.0,21.85,47.82,972.63,1.34,50.25,0.0,0.0,0.0,0.0
2019/06/07 18:00,22.9,971.700012,1.7,146,0,0.0,21.62,47.71,972.75,1.5,356.49,0.0,0.0,0.0,0.0
2019/06/07 18:15,22.9,971.700012,1.2,107,0,0.0,21.13,48.3,972.85,2.38,330.17,0.0,0.0,0.0,0.0
2019/06/07 18:30,22.9,971.700012,1.2,110,0,0.0,20.64,49.06,973.25,3.38,324.37,0.0,0.0,0.0,0.0
2019/06/07 18:45,22.9,971.700012,0.7,63,0,0.0,20.8,47.68,973.55,4.01,320.21,0.0,0.0,0.0,0.0
2019/06/07 19:00,22.9,971.700012,1.5,130,0,0.0,21.0,46.39,973.68,4.3,316.62,0.0,0.0,0.0,0.0
2019/06/08 08:00,36.099998,967.299988,0.0,231,129,138.240005,36.52,12.41,967.94,8.05,307.85,603.05,47.74000000000001,555.31,3.012147
2019/06/08 08:15,36.099998,967.299988,1.2,181,183,172.080002,36.48,12.58,967.82,8.28,310.21,552.97,46.200000000000045,506.77,3.836225
2019/06/08 08:30,36.099998,967.299988,0.8,76,410,463.679993,36.42,12.9,967.67,8.4,312.17,513.28,44.64999999999998,468.63,7.757699000000001
2019/06/08 08:45,37.200001,967.299988,3.2,110,86,65.519997,36.3,13.43,967.58,8.5,311.85,449.06,41.81999999999999,407.24,3.935683
2019/06/08 09:00,36.099998,967.299988,0.7,95,268,367.200012,36.18,14.19,967.53,8.57,308.19,397.44,38.920000000000016,358.52,5.285465
2019/06/08 09:15,36.099998,967.299988,2.6,123,212,309.600006,35.97,15.25,967.47,8.48,305.6,331.95,35.44999999999999,296.5,4.234056
2019/06/08 09:30,36.099998,967.299988,0.7,70,168,275.040009,35.76,16.4,967.37,8.04,308.99,286.44,32.650000000000006,253.79,3.5236440000000004
2019/06/08 09:45,36.099998,967.299988,0.7,326,75,211.679993,35.35,17.56,967.3,7.35,317.76,208.96,27.460000000000008,181.5,2.529067
2019/06/08 10:00,35.0,967.299988,0.7,133,47,41.759998,34.9,18.67,967.21,6.66,328.97,160.76,22.870000000000005,137.89,1.278742
2019/06/08 10:15,35.0,967.299988,0.8,56,39,34.560001,34.23,20.21,967.13,6.1,338.41,107.38,18.81,88.57,0.795661
2019/06/08 10:30,32.799999,967.299988,0.8,132,37,34.560001,33.39,22.27,967.18,5.57,338.47,74.78,14.050000000000004,60.73,1.008785
2019/06/08 10:45,31.700001,967.299988,0.8,127,21,23.040001,32.07,24.16,967.29,4.84,331.81,1.7,1.7,0.0,0.48308
2019/06/08 11:00,31.700001,967.299988,0.8,160,11,15.84,31.21,26.45,967.46,3.97,319.49,1.56,1.56,0.0,0.24154
2019/06/08 11:15,30.6,967.299988,0.8,11,0,14.4,30.6,28.46,967.51,3.3,302.69,0.69,0.69,0.0,0.2131239999999999
2019/06/08 11:30,31.700001,967.299988,0.8,82,0,8.64,30.25,29.84,967.56,3.06,283.05,0.37,0.37,0.0,0.0
2019/06/08 11:45,30.6,967.299988,0.8,139,0,0.0,29.74,31.62,967.61,3.12,267.69,0.0,0.0,0.0,0.0
2019/06/08 12:00,30.6,967.299988,0.8,122,0,0.0,29.18,33.48,967.67,3.27,259.03,0.0,0.0,0.0,0.0
2019/06/08 12:15,31.700001,967.299988,0.8,58,0,0.0,27.99,36.4,967.77,3.41,256.37,0.0,0.0,0.0,0.0
2019/06/08 12:30,30.6,967.299988,0.8,66,0,0.0,27.43,37.78,967.88,3.5,259.49,0.0,0.0,0.0,0.0
2019/06/08 12:45,31.700001,967.299988,0.8,66,0,0.0,26.96,38.92,968.03,3.51,261.93,0.0,0.0,0.0,0.0
2019/06/08 13:00,31.700001,967.299988,1.5,124,0,0.0,26.52,40.07,968.19,3.42,262.55,0.0,0.0,0.0,0.0
2019/06/08 13:15,31.700001,967.299988,0.8,64,0,0.0,26.18,40.71,968.42,3.24,265.12,0.0,0.0,0.0,0.0
2019/06/08 13:30,31.700001,967.299988,1.0,101,0,0.0,25.97,40.69,968.61,3.07,276.27,0.0,0.0,0.0,0.0
2019/06/08 13:45,31.700001,967.299988,0.0,124,0,0.0,25.84,40.18,968.8,3.01,293.47,0.0,0.0,0.0,0.0
2019/06/08 14:00,31.700001,967.299988,0.8,120,0,0.0,25.73,39.53,968.98,3.08,307.56,0.0,0.0,0.0,0.0
2019/06/08 14:15,31.700001,967.299988,0.9,40,0,0.0,25.56,39.08,969.2,3.21,311.28,0.0,0.0,0.0,0.0
2019/06/08 14:30,31.700001,967.299988,1.3,123,0,0.0,25.35,38.79,969.44,3.4,309.27,0.0,0.0,0.0,0.0
2019/06/08 14:45,29.5,967.299988,0.3,60,0,0.0,25.13,38.43,969.68,3.59,309.02,0.0,0.0,0.0,0.0
2019/06/08 15:00,28.4,968.400024,0.3,211,0,0.0,24.98,37.57,969.92,3.69,311.61,0.0,0.0,0.0,0.0
2019/06/08 15:15,29.5,968.400024,1.6,97,0,0.0,24.81,36.48,970.16,3.68,316.58,0.0,0.0,0.0,0.0
2019/06/08 15:30,28.4,968.400024,1.0,131,0,0.0,24.67,35.02,970.4,3.66,323.94,0.0,0.0,0.0,0.0
2019/06/08 15:45,29.5,968.400024,1.3,236,0,0.0,24.49,33.52,970.67,3.71,328.83,0.0,0.0,0.0,0.0
2019/06/08 16:00,29.5,968.400024,0.0,202,0,0.0,24.36,20.67,971.05,5.79,334.7,0.0,0.0,0.0,0.0
2019/06/08 16:15,29.5,969.5,0.7,35,0,0.0,23.89,20.94,971.45,5.09,337.96,0.0,0.0,0.0,0.0
2019/06/08 16:30,29.5,969.5,1.0,153,0,0.0,23.47,21.24,972.1,4.49,337.67,0.0,0.0,0.0,0.0
2019/06/08 16:45,29.5,969.5,1.0,191,0,0.0,23.2,21.32,972.08,3.91,338.43,0.0,0.0,0.0,0.0
2019/06/08 17:00,26.200001,969.5,1.5,190,0,0.0,23.12,21.17,972.34,3.27,337.52,0.0,0.0,0.0,0.0
2019/06/08 17:15,26.200001,970.599976,1.8,151,0,0.0,23.23,20.79,972.18,2.53,332.87,0.0,0.0,0.0,0.0
2019/06/08 17:30,26.200001,970.599976,2.7,195,0,0.0,23.3,20.54,972.1,1.86,313.84,0.0,0.0,0.0,0.0
2019/06/08 17:45,26.200001,970.599976,3.0,191,0,0.0,23.08,20.85,972.49,1.59,274.23,0.0,0.0,0.0,0.0
2019/06/08 18:00,26.200001,970.599976,0.0,200,0,0.0,22.74,21.44,972.92,1.7,245.01,0.0,0.0,0.0,0.0
2019/06/08 18:15,25.1,970.599976,1.7,172,0,0.0,22.23,22.52,973.25,1.93,232.51,0.0,0.0,0.0,0.0
2019/06/08 18:30,24.0,970.599976,0.0,129,0,0.0,21.67,23.82,973.34,2.26,231.97,0.0,0.0,0.0,0.0
2019/06/08 18:45,24.0,970.599976,0.0,130,0,0.0,21.18,25.03,973.51,2.71,238.23,0.0,0.0,0.0,0.0
2019/06/08 19:00,22.9,970.599976,0.0,129,0,0.0,20.69,26.25,973.63,3.17,245.93,0.0,0.0,0.0,0.0
2019/06/09 08:00,31.700001,971.700012,1.0,236,481,300.959991,32.02,20.96,971.43,4.38,32.04,602.29,47.88999999999999,554.4,8.979608
2019/06/09 08:15,31.700001,971.700012,1.8,326,433,480.23999,31.94,21.46,971.2,4.63,46.75,554.01,46.49000000000001,507.52,8.141322
2019/06/09 08:30,32.799999,971.700012,1.0,220,373,447.839996,31.69,22.45,971.07,5.46,71.63,520.59,45.46000000000004,475.13,7.160953
2019/06/09 08:45,31.700001,971.700012,1.9,257,321,412.559998,31.28,23.65,971.11,6.51,89.49,469.25,43.81,425.44,6.194793
2019/06/09 09:00,31.700001,971.700012,1.2,140,261,374.399994,30.92,24.52,971.16,7.04,100.11,434.41,42.620000000000005,391.79,5.1718
2019/06/09 09:15,31.700001,971.700012,1.0,185,213,325.440002,30.68,24.96,971.16,6.95,106.35,381.34,40.64999999999998,340.69,4.248264
2019/06/09 09:30,31.700001,971.700012,2.5,254,163,280.079987,30.54,25.16,971.2,6.7,106.85,345.48,39.200000000000045,306.28,3.353145
2019/06/09 09:45,31.700001,971.700012,2.0,334,86,226.800003,30.33,25.48,971.21,6.51,104.14,291.4,36.75999999999999,254.64,2.571692
2019/06/09 10:00,30.6,971.700012,1.5,198,43,30.959999,30.1,25.88,971.2,6.28,102.69,255.46,34.95000000000002,220.51,1.903904
2019/06/09 10:15,30.6,971.700012,1.8,253,37,26.639999,29.8,26.46,971.19,5.96,103.22,202.19,31.849999999999994,170.34,1.335575
2019/06/09 10:30,30.6,971.700012,1.7,272,31,25.200001,29.5,27.21,971.24,5.56,102.64,167.39,29.42999999999998,137.96,0.937744
2019/06/09 10:45,30.6,971.700012,0.3,182,25,22.32,29.05,28.36,971.49,5.1,99.51,116.93,25.120000000000005,91.81,0.625163
2019/06/09 11:00,30.6,971.700012,0.7,207,17,16.559998999999998,28.49,29.95,971.88,4.54,96.21,85.03,21.57,63.46,0.3694139999999999
2019/06/09 11:15,29.5,971.700012,2.4,228,11,13.68,27.67,32.15,972.17,3.93,93.74,41.47,14.68,26.79,0.2131239999999999
2019/06/09 11:30,29.5,971.700012,0.0,241,0,7.92,26.84,34.38,972.42,3.47,91.06,17.2,8.43,8.77,0.0
2019/06/09 11:45,29.5,971.700012,1.0,183,0,0.0,26.15,35.88,972.67,3.28,87.7,0.0,0.0,0.0,0.0
2019/06/09 12:00,28.4,971.700012,1.0,168,0,0.0,25.59,37.38,972.9,3.21,85.7,0.0,0.0,0.0,0.0
2019/06/09 12:15,28.4,972.799988,0.0,156,0,0.0,25.06,38.67,973.14,3.1,86.85,0.0,0.0,0.0,0.0
2019/06/09 12:30,27.299999,972.799988,0.4,177,0,0.0,24.63,39.61,973.36,2.87,90.69,0.0,0.0,0.0,0.0
2019/06/09 12:45,27.299999,972.799988,2.0,156,0,0.0,24.33,40.09,973.54,2.53,96.41,0.0,0.0,0.0,0.0
2019/06/09 13:00,27.299999,972.799988,1.5,155,0,0.0,24.14,40.29,973.71,2.05,104.34,0.0,0.0,0.0,0.0
2019/06/09 13:15,26.200001,972.799988,1.2,153,0,0.0,24.0,40.38,973.91,1.48,116.48,0.0,0.0,0.0,0.0
2019/06/09 13:30,26.200001,972.799988,0.0,167,0,0.0,23.9,40.36,974.07,1.02,143.85,0.0,0.0,0.0,0.0
2019/06/09 13:45,26.200001,973.900024,0.0,144,0,0.0,23.77,40.43,974.16,0.98,201.82,0.0,0.0,0.0,0.0
2019/06/09 14:00,26.200001,973.900024,1.1,132,0,0.0,23.58,40.72,974.26,1.36,235.13,0.0,0.0,0.0,0.0
2019/06/09 14:15,25.1,973.900024,0.0,112,0,0.0,23.34,41.14,974.43,1.9,248.34,0.0,0.0,0.0,0.0
2019/06/09 14:30,25.1,973.900024,0.0,137,0,0.0,23.09,41.58,974.66,2.41,255.42,0.0,0.0,0.0,0.0
2019/06/09 14:45,24.0,973.900024,0.0,125,0,0.0,22.84,42.03,974.84,2.8,258.47,0.0,0.0,0.0,0.0
2019/06/09 15:00,24.0,973.900024,0.0,21,0,0.0,22.61,42.39,975.02,3.05,258.76,0.0,0.0,0.0,0.0
2019/06/09 15:15,24.0,973.900024,0.0,38,0,0.0,22.39,42.7,975.2,3.2,257.9,0.0,0.0,0.0,0.0
2019/06/09 15:30,22.9,973.900024,0.0,30,0,0.0,22.17,43.01,975.42,3.29,257.02,0.0,0.0,0.0,0.0
2019/06/09 15:45,22.9,973.900024,0.0,127,0,0.0,21.96,43.3,975.63,3.36,255.92,0.0,0.0,0.0,0.0
2019/06/09 16:00,22.9,973.900024,0.0,143,0,0.0,22.44,37.99,975.43,0.5,277.81,0.0,0.0,0.0,0.0
2019/06/09 16:15,22.9,973.900024,0.0,123,0,0.0,22.21,38.4,975.34,0.8,290.54,0.0,0.0,0.0,0.0
2019/06/09 16:30,22.9,973.900024,0.0,118,0,0.0,21.94,39.02,975.76,1.22,292.21,0.0,0.0,0.0,0.0
2019/06/09 16:45,22.9,973.900024,0.0,93,0,0.0,21.58,39.87,975.82,1.76,287.43,0.0,0.0,0.0,0.0
2019/06/09 17:00,21.799999,973.900024,0.0,18,0,0.0,21.11,40.99,975.72,2.32,282.43,0.0,0.0,0.0,0.0
2019/06/09 17:15,21.799999,973.900024,0.0,110,0,0.0,20.68,42.03,975.43,2.77,279.65,0.0,0.0,0.0,0.0
2019/06/09 17:30,21.799999,973.900024,0.0,75,0,0.0,20.33,42.87,975.19,3.01,276.5,0.0,0.0,0.0,0.0
2019/06/09 17:45,21.799999,973.900024,0.0,150,0,0.0,20.1,43.45,975.42,3.1,274.36,0.0,0.0,0.0,0.0
2019/06/09 18:00,21.799999,973.900024,0.0,80,0,0.0,19.89,44.02,975.56,3.13,272.99,0.0,0.0,0.0,0.0
2019/06/09 18:15,21.799999,973.900024,0.0,66,0,0.0,19.67,44.62,975.59,3.13,271.77,0.0,0.0,0.0,0.0
2019/06/09 18:30,21.799999,973.900024,0.0,2,0,0.0,19.45,45.26,975.5,3.13,271.28,0.0,0.0,0.0,0.0
2019/06/09 18:45,20.700001,973.900024,0.0,129,0,0.0,19.24,45.86,975.48,3.14,272.48,0.0,0.0,0.0,0.0
2019/06/09 19:00,20.700001,973.900024,0.0,143,0,0.0,19.06,46.41,975.41,3.16,274.28,0.0,0.0,0.0,0.0
2019/06/10 08:00,32.799999,972.799988,2.6,237,476,280.079987,32.8,20.78,972.65,4.22,109.01,600.3,47.92999999999995,552.37,8.780693
2019/06/10 08:15,32.799999,972.799988,2.4,221,420,464.3999940000001,32.74,20.84,972.54,4.34,109.7,552.71,46.53000000000003,506.18,7.899782000000001
2019/06/10 08:30,32.799999,971.700012,0.7,184,363,429.839996,32.7,20.87,972.43,4.42,110.46,519.77,45.52999999999997,474.24,6.990454
2019/06/10 08:45,32.799999,971.700012,2.2,217,286,365.76001,32.63,20.95,972.39,4.46,111.66,468.82,43.88,424.94,5.65488
2019/06/10 09:00,32.799999,971.700012,1.5,273,258,354.959991,32.57,21.0,972.39,4.46,113.39,434.04,42.68000000000001,391.36,5.001301
2019/06/10 09:15,32.799999,971.700012,1.8,210,208,307.440002,32.48,21.12,972.39,4.43,115.35,381.01,40.70999999999998,340.3,4.106182
2019/06/10 09:30,32.799999,971.700012,1.8,196,166,266.399994,32.38,21.23,972.35,4.38,117.26,345.3,39.25999999999999,306.04,3.381561
2019/06/10 09:45,32.799999,971.700012,1.8,209,89,211.679993,32.23,21.43,972.28,4.31,118.98,291.54,36.85000000000002,254.69,2.614316
2019/06/10 10:00,32.799999,971.700012,0.8,340,54,41.040001,32.09,21.62,972.23,4.2,120.21,255.77,35.03,220.74,1.974945
2019/06/10 10:15,31.700001,971.700012,1.0,220,44,35.279999,31.88,21.97,972.19,4.06,120.88,202.7,31.94,170.76,1.435032
2019/06/10 10:30,31.700001,971.700012,1.3,260,34,28.08,31.66,22.51,972.17,3.81,120.98,168.01,29.53,138.48,0.8382860000000001
2019/06/10 10:45,31.700001,971.700012,1.9,221,32,28.08,31.19,24.05,972.22,3.38,120.49,117.7,25.24000000000001,92.46,0.7246199999999999
2019/06/10 11:00,31.700001,971.700012,0.8,110,24,25.200001,30.55,26.35,972.3,3.03,119.43,85.88,21.72999999999999,64.15,0.511497
2019/06/10 11:15,31.700001,971.700012,0.8,157,14,18.0,29.82,27.79,972.41,2.97,119.79,42.34,14.890000000000004,27.45,0.298373
2019/06/10 11:30,30.6,971.700012,1.0,331,0,9.360001,29.25,28.63,972.57,2.95,121.55,18.0,8.72,9.28,0.0
2019/06/10 11:45,30.6,971.700012,1.0,138,0,0.0,28.76,28.98,972.75,2.77,124.12,0.0,0.0,0.0,0.0
2019/06/10 12:00,29.5,971.700012,1.0,154,0,0.0,28.42,29.41,972.93,2.49,127.97,0.0,0.0,0.0,0.0
2019/06/10 12:15,29.5,971.700012,1.0,134,0,0.0,28.13,29.77,973.13,2.18,134.27,0.0,0.0,0.0,0.0
2019/06/10 12:30,28.4,972.799988,1.0,133,0,0.0,27.87,30.09,973.33,1.9,145.27,0.0,0.0,0.0,0.0
2019/06/10 12:45,28.4,972.799988,1.0,89,0,0.0,27.57,30.56,973.51,1.7,164.17,0.0,0.0,0.0,0.0
2019/06/10 13:00,27.299999,972.799988,1.0,150,0,0.0,27.21,31.23,973.7,1.7,191.01,0.0,0.0,0.0,0.0
2019/06/10 13:15,27.299999,972.799988,1.0,55,0,0.0,26.85,31.91,973.87,1.96,216.7,0.0,0.0,0.0,0.0
2019/06/10 13:30,27.299999,972.799988,1.0,113,0,0.0,26.46,32.66,974.03,2.38,234.36,0.0,0.0,0.0,0.0
2019/06/10 13:45,27.299999,972.799988,1.0,18,0,0.0,26.11,33.3,974.19,2.8,244.95,0.0,0.0,0.0,0.0
2019/06/10 14:00,26.200001,973.900024,1.0,86,0,0.0,25.84,33.78,974.37,3.07,251.15,0.0,0.0,0.0,0.0
2019/06/10 14:15,26.200001,973.900024,1.0,82,0,0.0,25.66,34.12,974.56,3.12,255.44,0.0,0.0,0.0,0.0
2019/06/10 14:30,26.200001,973.900024,1.0,109,0,0.0,25.53,34.35,974.8,2.97,260.46,0.0,0.0,0.0,0.0
2019/06/10 14:45,26.200001,973.900024,1.0,107,0,0.0,25.44,34.48,975.02,2.72,267.91,0.0,0.0,0.0,0.0
2019/06/10 15:00,26.200001,973.900024,1.0,126,0,0.0,25.31,34.69,975.21,2.47,276.49,0.0,0.0,0.0,0.0
2019/06/10 15:15,25.1,973.900024,1.0,26,0,0.0,25.18,34.91,975.41,2.26,282.63,0.0,0.0,0.0,0.0
2019/06/10 15:30,25.1,973.900024,1.0,118,0,0.0,25.05,35.14,975.61,2.13,286.1,0.0,0.0,0.0,0.0
2019/06/10 15:45,25.1,973.900024,1.0,29,0,0.0,24.86,35.52,975.8,2.06,290.95,0.0,0.0,0.0,0.0
2019/06/10 16:00,25.1,973.900024,1.0,164,0,0.0,22.23,44.61,974.81,3.2,320.49,0.0,0.0,0.0,0.0
2019/06/10 16:15,24.0,973.900024,1.0,131,0,0.0,22.22,44.52,975.06,3.51,316.19,0.0,0.0,0.0,0.0
2019/06/10 16:30,24.0,973.900024,1.0,142,0,0.0,22.17,44.54,975.62,3.71,314.47,0.0,0.0,0.0,0.0
2019/06/10 16:45,24.0,973.900024,1.0,35,0,0.0,21.97,44.83,975.52,3.8,316.2,0.0,0.0,0.0,0.0
2019/06/10 17:00,24.0,973.900024,1.0,117,0,0.0,21.75,45.11,975.48,3.85,318.26,0.0,0.0,0.0,0.0
2019/06/10 17:15,22.9,973.900024,1.0,123,0,0.0,21.52,45.35,975.69,3.9,319.37,0.0,0.0,0.0,0.0
2019/06/10 17:30,22.9,973.900024,1.0,84,0,0.0,21.25,45.77,975.62,3.91,319.51,0.0,0.0,0.0,0.0
2019/06/10 17:45,22.9,973.900024,1.0,95,0,0.0,20.98,46.26,975.77,3.91,320.13,0.0,0.0,0.0,0.0
2019/06/10 18:00,22.9,973.900024,1.0,147,0,0.0,20.71,46.83,975.85,3.93,323.71,0.0,0.0,0.0,0.0
2019/06/10 18:15,22.9,973.900024,1.0,342,0,0.0,20.41,47.55,975.95,3.93,327.56,0.0,0.0,0.0,0.0
2019/06/10 18:30,21.799999,973.900024,1.0,100,0,0.0,20.1,48.39,976.02,3.95,330.42,0.0,0.0,0.0,0.0
2019/06/10 18:45,21.799999,973.900024,1.0,21,0,0.0,19.79,49.41,976.03,3.97,330.71,0.0,0.0,0.0,0.0
2019/06/10 19:00,21.799999,973.900024,1.0,20,0,0.0,19.5,50.45,976.06,3.98,329.01,0.0,0.0,0.0,0.0
2019/06/11 08:00,35.0,970.599976,1.7,341,277,198.0,34.86,24.58,972.26,6.97,139.38,593.41,47.870000000000005,545.54,6.010086
2019/06/11 08:15,35.0,970.599976,1.1,236,367,375.839996,34.95,24.23,972.18,6.93,143.17,545.93,46.46999999999997,499.46,7.075703999999999
2019/06/11 08:30,35.0,970.599976,0.3,352,235,246.960007,35.02,23.93,972.06,6.88,146.52,513.24,45.46000000000004,467.78,4.319305
2019/06/11 08:45,35.0,970.599976,1.7,214,144,141.119995,35.04,23.74,971.97,6.87,148.63,462.87,43.81999999999999,419.05,2.813232
2019/06/11 09:00,35.0,970.599976,2.7,228,170,175.679993,35.07,23.59,971.94,6.85,149.05,428.56,42.63,385.93,3.253687
2019/06/11 09:15,35.0,970.599976,1.6,172,174,187.199997,35.03,23.59,971.89,6.8,147.91,376.24,40.650000000000034,335.59,3.381561
2019/06/11 09:30,35.0,970.599976,1.9,215,124,132.479996,34.99,23.71,971.77,6.74,146.6,340.96,39.21999999999997,301.74,2.50065
2019/06/11 09:45,35.0,970.599976,0.8,200,80,83.519997,34.87,23.97,971.64,6.66,147.09,287.8,36.80000000000001,251.0,1.605531
2019/06/11 10:00,35.0,970.599976,1.0,211,68,69.120003,34.75,24.3,971.56,6.51,148.66,252.48,35.0,217.48,1.378199
2019/06/11 10:15,35.0,970.599976,0.8,152,62,64.800003,34.53,24.79,971.51,6.29,150.13,200.16,31.90000000000001,168.26,1.122451
2019/06/11 10:30,35.0,970.599976,2.3,158,60,67.68,34.26,25.37,971.53,5.98,151.23,166.01,29.53,136.48,1.094035
2019/06/11 10:45,33.900002,970.599976,2.8,265,40,44.639999,33.77,26.24,971.56,5.59,151.16,116.5,25.27,91.23,0.696204
2019/06/11 11:00,33.900002,970.599976,2.4,266,20,25.92,33.15,27.24,971.63,5.18,149.65,85.23,21.790000000000006,63.44,0.340998
2019/06/11 11:15,33.900002,970.599976,0.0,223,12,15.84,32.27,28.41,971.68,4.82,148.26,42.43,15.04,27.39,0.0
2019/06/11 11:30,33.900002,970.599976,0.0,121,0,8.64,31.42,29.33,971.77,4.54,149.44,18.43,8.93,9.5,0.0
2019/06/11 11:45,32.799999,971.700012,1.9,291,0,0.0,30.59,30.0,971.88,4.32,154.1,0.0,0.0,0.0,0.0
2019/06/11 12:00,32.799999,971.700012,1.7,317,0,0.0,29.94,30.56,971.99,4.1,160.78,0.0,0.0,0.0,0.0
2019/06/11 12:15,32.799999,971.700012,0.6,87,0,0.0,29.36,31.14,972.11,3.9,169.36,0.0,0.0,0.0,0.0
2019/06/11 12:30,32.799999,971.700012,2.0,255,0,0.0,28.86,31.67,972.2,3.73,179.07,0.0,0.0,0.0,0.0
2019/06/11 12:45,32.799999,971.700012,0.9,70,0,0.0,28.38,32.35,972.31,3.58,191.16,0.0,0.0,0.0,0.0
2019/06/11 13:00,31.700001,971.700012,0.9,121,0,0.0,27.99,33.02,972.45,3.5,205.92,0.0,0.0,0.0,0.0
2019/06/11 13:15,30.6,971.700012,0.9,89,0,0.0,27.74,33.59,972.59,3.55,222.33,0.0,0.0,0.0,0.0
2019/06/11 13:30,29.5,971.700012,0.9,139,0,0.0,27.54,34.2,972.7,3.65,233.68,0.0,0.0,0.0,0.0
2019/06/11 13:45,29.5,971.700012,0.9,115,0,0.0,27.41,34.77,972.73,3.68,236.88,0.0,0.0,0.0,0.0
2019/06/11 14:00,29.5,971.700012,0.9,101,0,0.0,27.29,35.45,972.74,3.63,233.52,0.0,0.0,0.0,0.0
2019/06/11 14:15,28.4,971.700012,0.9,128,0,0.0,27.09,36.4,972.79,3.59,224.76,0.0,0.0,0.0,0.0
2019/06/11 14:30,28.4,972.799988,0.9,117,0,0.0,26.77,37.63,972.89,3.59,215.99,0.0,0.0,0.0,0.0
2019/06/11 14:45,29.5,972.799988,0.9,210,0,0.0,26.43,38.81,972.98,3.56,210.24,0.0,0.0,0.0,0.0
2019/06/11 15:00,28.4,972.799988,0.9,104,0,0.0,26.12,39.76,973.07,3.43,206.11,0.0,0.0,0.0,0.0
2019/06/11 15:15,28.4,972.799988,0.9,28,0,0.0,25.9,40.5,973.16,3.24,202.97,0.0,0.0,0.0,0.0
2019/06/11 15:30,28.4,972.799988,0.9,22,0,0.0,25.83,41.11,973.28,3.1,202.22,0.0,0.0,0.0,0.0
2019/06/11 15:45,28.4,972.799988,0.9,213,0,0.0,25.84,41.88,973.38,3.01,204.8,0.0,0.0,0.0,0.0
2019/06/11 16:00,27.299999,972.799988,0.9,333,0,0.0,24.55,41.39,973.19,2.91,279.94,0.0,0.0,0.0,0.0
2019/06/11 16:15,27.299999,972.799988,0.9,56,0,0.0,24.4,42.04,973.23,3.11,280.16,0.0,0.0,0.0,0.0
2019/06/11 16:30,27.299999,972.799988,0.9,31,0,0.0,24.28,42.74,973.6,3.31,284.97,0.0,0.0,0.0,0.0
2019/06/11 16:45,26.200001,972.799988,0.9,114,0,0.0,24.07,43.81,973.58,3.51,286.76,0.0,0.0,0.0,0.0
2019/06/11 17:00,26.200001,972.799988,0.9,119,0,0.0,23.86,44.97,973.7,3.72,284.36,0.0,0.0,0.0,0.0
2019/06/11 17:15,26.200001,972.799988,0.9,162,0,0.0,23.66,46.11,973.66,3.88,281.75,0.0,0.0,0.0,0.0
2019/06/11 17:30,26.200001,972.799988,0.9,128,0,0.0,23.53,47.01,973.77,3.91,280.82,0.0,0.0,0.0,0.0
2019/06/11 17:45,26.200001,972.799988,0.9,97,0,0.0,23.37,47.88,973.83,3.83,281.78,0.0,0.0,0.0,0.0
2019/06/11 18:00,26.200001,972.799988,1.3,86,0,0.0,23.2,48.66,974.01,3.68,281.6,0.0,0.0,0.0,0.0
2019/06/11 18:15,26.200001,972.799988,1.0,88,0,0.0,23.02,49.35,974.05,3.58,276.65,0.0,0.0,0.0,0.0
2019/06/11 18:30,26.200001,972.799988,1.0,83,0,0.0,22.84,49.93,974.02,3.56,271.69,0.0,0.0,0.0,0.0
2019/06/11 18:45,26.200001,972.799988,1.0,120,0,0.0,22.72,50.27,973.96,3.62,269.09,0.0,0.0,0.0,0.0
2019/06/11 19:00,26.200001,972.799988,1.0,124,0,0.0,22.62,50.49,973.91,3.64,270.0,0.0,0.0,0.0,0.0
2019/06/12 08:00,33.900002,970.599976,2.4,267,101,110.160004,32.17,36.19,972.34,4.49,274.72,66.39,38.78,27.61,1.974945
2019/06/12 08:15,33.900002,970.599976,2.9,137,93,98.640007,31.37,38.19,972.31,4.38,280.67,36.82,9.09,27.73,1.77603
2019/06/12 08:30,33.900002,970.599976,1.0,275,85,90.0,31.04,39.07,972.27,4.43,283.49,35.65,11.11,24.54,1.719197
2019/06/12 08:45,33.900002,970.599976,0.7,260,59,59.759998,32.66,35.13,972.2,4.68,282.74,240.64,40.44999999999999,200.19,1.037202
2019/06/12 09:00,33.900002,970.599976,1.1,186,49,51.119999,32.78,34.58,972.07,4.74,278.48,227.54,65.69,161.85,0.895119
2019/06/12 09:15,33.900002,970.599976,2.1,179,45,46.799999,32.96,33.99,972.05,4.5,272.44,225.1,44.18000000000001,180.92,0.795661
2019/06/12 09:30,32.799999,970.599976,1.7,308,37,42.48,33.11,33.56,971.97,4.08,267.05,224.25,35.46000000000001,188.79,0.653579
2019/06/12 09:45,32.799999,970.599976,1.7,196,31,36.720001,33.22,33.16,971.88,3.63,263.0,197.65,30.710000000000008,166.94,0.582538
2019/06/12 10:00,31.700001,970.599976,2.2,128,19,25.200001,33.33,32.58,971.73,3.33,261.97,188.62,26.75999999999999,161.86,0.3694139999999999
2019/06/12 10:15,31.700001,971.700012,1.6,109,25,26.639999,33.3,32.59,971.65,3.09,263.97,153.62,24.72,128.9,0.397831
2019/06/12 10:30,30.6,971.700012,1.0,223,33,35.279999,33.19,33.13,971.55,2.76,266.98,127.13,23.02,104.11,0.554121
2019/06/12 10:45,30.6,971.700012,3.6,138,25,28.08,32.83,35.19,971.5,2.31,267.65,90.35,20.059999999999988,70.29,0.397831
2019/06/12 11:00,29.5,971.700012,3.1,98,17,20.879999,32.26,37.51,971.47,2.01,265.39,63.95,17.510000000000005,46.44,0.269957
2019/06/12 11:15,29.5,972.799988,1.0,67,11,15.12,31.67,38.76,971.51,1.93,260.09,31.71,11.470000000000002,20.24,0.0
2019/06/12 11:30,28.4,972.799988,2.4,106,0,0.0,31.02,40.26,971.59,1.94,252.53,14.18,7.06,7.12,0.0
2019/06/12 11:45,28.4,972.799988,1.9,39,0,0.0,30.28,41.87,971.67,2.03,247.14,0.0,0.0,0.0,0.0
2019/06/12 12:00,28.4,972.799988,0.7,45,0,0.0,29.52,43.93,971.8,2.23,244.48,0.0,0.0,0.0,0.0
2019/06/12 12:15,28.4,972.799988,0.3,11,0,0.0,28.72,46.24,971.97,2.49,244.49,0.0,0.0,0.0,0.0
2019/06/12 12:30,27.299999,972.799988,1.1,223,0,0.0,27.98,48.44,972.1,2.68,247.47,0.0,0.0,0.0,0.0
2019/06/12 12:45,27.299999,973.900024,3.7,195,0,0.0,27.44,50.08,972.2,2.76,253.12,0.0,0.0,0.0,0.0
2019/06/12 13:00,26.200001,973.900024,2.2,158,0,0.0,26.98,51.37,972.26,2.74,255.88,0.0,0.0,0.0,0.0
2019/06/12 13:15,26.200001,973.900024,1.0,277,0,0.0,26.59,52.38,972.33,2.72,254.94,0.0,0.0,0.0,0.0
2019/06/12 13:30,26.200001,973.900024,1.0,325,0,0.0,26.22,53.25,972.39,2.76,251.59,0.0,0.0,0.0,0.0
2019/06/12 13:45,26.200001,973.900024,1.0,120,0,0.0,26.0,53.56,972.43,2.86,247.21,0.0,0.0,0.0,0.0
2019/06/12 14:00,26.200001,973.900024,0.0,121,0,0.0,25.73,54.0,972.49,2.93,243.21,0.0,0.0,0.0,0.0
2019/06/12 14:15,26.200001,973.900024,0.0,86,0,0.0,25.57,54.02,972.54,2.92,241.94,0.0,0.0,0.0,0.0
2019/06/12 14:30,25.1,973.900024,0.0,40,0,0.0,25.34,54.3,972.61,2.88,241.74,0.0,0.0,0.0,0.0
2019/06/12 14:45,25.1,973.900024,0.0,136,0,0.0,25.19,54.27,972.69,2.89,240.49,0.0,0.0,0.0,0.0
2019/06/12 15:00,24.0,973.900024,0.0,151,0,0.0,25.07,54.15,972.76,2.94,236.97,0.0,0.0,0.0,0.0
2019/06/12 15:15,24.0,973.900024,0.0,106,0,0.0,24.93,54.11,972.83,3.0,233.59,0.0,0.0,0.0,0.0
2019/06/12 15:30,24.0,973.900024,0.0,120,0,0.0,24.77,54.15,972.87,3.03,232.91,0.0,0.0,0.0,0.0
2019/06/12 15:45,24.0,973.900024,0.0,34,0,0.0,24.67,54.06,972.93,3.05,235.51,0.0,0.0,0.0,0.0
2019/06/12 16:00,24.0,973.900024,1.1,94,0,0.0,22.8,65.55,973.45,3.32,219.14,0.0,0.0,0.0,0.0
2019/06/12 16:15,24.0,973.900024,1.1,128,0,0.0,22.67,65.51,973.36,3.41,218.19,0.0,0.0,0.0,0.0
2019/06/12 16:30,24.0,973.900024,0.0,68,0,0.0,22.58,65.3,973.65,3.47,220.65,0.0,0.0,0.0,0.0
2019/06/12 16:45,24.0,973.900024,0.0,29,0,0.0,22.45,65.2,973.38,3.49,225.24,0.0,0.0,0.0,0.0
2019/06/12 17:00,24.0,973.900024,0.0,118,0,0.0,22.34,65.03,972.95,3.52,228.69,0.0,0.0,0.0,0.0
2019/06/12 17:15,24.0,973.900024,0.0,291,0,0.0,22.21,64.93,972.55,3.56,231.0,0.0,0.0,0.0,0.0
2019/06/12 17:30,24.0,973.900024,0.0,343,0,0.0,22.11,64.74,972.67,3.57,233.26,0.0,0.0,0.0,0.0
2019/06/12 17:45,22.9,973.900024,1.1,92,0,0.0,22.04,64.46,972.82,3.61,233.53,0.0,0.0,0.0,0.0
2019/06/12 18:00,22.9,973.900024,1.2,99,0,0.0,21.98,64.13,972.83,3.7,230.87,0.0,0.0,0.0,0.0
2019/06/12 18:15,22.9,973.900024,1.2,102,0,0.0,21.89,63.96,972.76,3.82,230.15,0.0,0.0,0.0,0.0
2019/06/12 18:30,22.9,973.900024,0.5,135,0,0.0,21.81,63.75,972.67,3.88,231.1,0.0,0.0,0.0,0.0
2019/06/12 18:45,22.9,973.900024,0.6,145,0,0.0,21.71,63.61,972.92,3.86,230.82,0.0,0.0,0.0,0.0
2019/06/12 19:00,22.9,972.799988,0.7,102,0,0.0,21.64,63.38,972.94,3.78,231.22,0.0,0.0,0.0,0.0
2019/06/13 08:00,29.5,971.700012,2.4,231,245,258.480011,28.94,48.72,973.07,2.62,263.25,65.97,21.58,44.39,5.043925
2019/06/13 08:15,29.5,971.700012,1.4,192,184,168.479996,31.0,41.86,973.01,2.93,257.6,322.67,27.83000000000004,294.84,3.537852
2019/06/13 08:30,29.5,971.700012,0.7,122,70,64.800003,31.38,40.61,972.96,2.85,252.01,264.7,23.75999999999999,240.94,1.506073
2019/06/13 08:45,29.5,971.700012,0.7,311,26,25.92,31.54,39.85,972.88,2.57,245.01,208.07,19.94999999999999,188.12,0.511497
2019/06/13 09:00,29.5,971.700012,1.0,177,10,10.08,31.6,39.48,972.81,2.28,237.11,176.15,17.74000000000001,158.41,0.0
2019/06/13 09:15,29.5,971.700012,1.4,166,0,0.0,31.56,39.46,972.77,2.09,233.58,149.18,16.330000000000013,132.85,0.0
2019/06/13 09:30,29.5,971.700012,1.4,206,0,0.0,31.52,39.46,972.69,1.92,233.29,134.41,15.659999999999997,118.75,0.0
2019/06/13 09:45,28.4,972.799988,1.5,134,0,0.0,31.42,39.58,972.63,1.73,228.19,114.85,14.86,99.99,0.0
2019/06/13 10:00,25.1,972.799988,1.9,92,0,0.0,31.33,39.67,972.54,1.63,225.39,105.01,14.72,90.29,0.0
2019/06/13 10:15,25.1,971.700012,0.7,154,0,10.8,31.2,39.93,972.5,1.66,225.17,91.04,14.670000000000002,76.37,0.0
2019/06/13 10:30,24.0,972.799988,1.5,170,13,22.32,31.06,40.26,972.48,1.78,225.28,86.58,15.549999999999995,71.03,0.269957
2019/06/13 10:45,24.0,972.799988,0.3,172,21,32.400002,30.83,41.07,972.52,1.87,227.05,71.8,15.699999999999996,56.1,0.397831
2019/06/13 11:00,24.0,972.799988,1.3,131,35,42.48,30.47,43.18,972.62,1.98,224.92,62.12,15.989999999999997,46.13,0.681996
2019/06/13 11:15,24.0,972.799988,0.0,59,23,28.08,29.76,45.48,972.7,2.22,226.73,36.06,12.810000000000002,23.25,0.454664
2019/06/13 11:30,24.0,972.799988,0.8,154,11,15.12,29.08,47.49,972.89,2.53,231.32,17.69,8.55,9.14,0.198915
2019/06/13 11:45,24.0,972.799988,0.8,31,0,0.0,28.34,49.64,973.07,2.71,238.14,0.0,0.0,0.0,0.0
2019/06/13 12:00,24.0,972.799988,0.7,315,0,0.0,27.78,51.59,973.32,2.59,244.75,0.0,0.0,0.0,0.0
2019/06/13 12:15,24.0,972.799988,0.7,100,0,0.0,27.35,53.17,973.56,2.12,252.92,0.0,0.0,0.0,0.0
2019/06/13 12:30,22.9,972.799988,0.8,78,0,0.0,26.98,54.47,973.8,1.58,271.83,0.0,0.0,0.0,0.0
2019/06/13 12:45,22.9,972.799988,1.3,119,0,0.0,26.7,55.34,973.95,1.34,300.62,0.0,0.0,0.0,0.0
2019/06/13 13:00,21.799999,972.799988,1.3,63,0,0.0,26.53,55.71,974.12,1.39,322.64,0.0,0.0,0.0,0.0
2019/06/13 13:15,21.799999,972.799988,1.2,120,0,0.0,26.37,55.96,974.28,1.53,327.6,0.0,0.0,0.0,0.0
2019/06/13 13:30,21.799999,972.799988,0.3,140,0,0.0,26.21,56.28,974.38,1.68,322.67,0.0,0.0,0.0,0.0
2019/06/13 13:45,21.799999,972.799988,1.2,115,0,0.0,26.02,56.69,974.36,1.86,314.16,0.0,0.0,0.0,0.0
2019/06/13 14:00,21.799999,972.799988,1.2,111,0,0.0,25.73,57.54,974.4,2.23,312.42,0.0,0.0,0.0,0.0
2019/06/13 14:15,21.799999,972.799988,0.8,59,0,0.0,25.32,58.97,974.49,2.89,316.54,0.0,0.0,0.0,0.0
2019/06/13 14:30,21.799999,972.799988,0.8,72,0,0.0,24.78,60.94,974.66,3.59,321.56,0.0,0.0,0.0,0.0
2019/06/13 14:45,21.799999,972.799988,0.8,72,0,0.0,24.45,61.99,974.82,4.0,327.25,0.0,0.0,0.0,0.0
2019/06/13 15:00,20.700001,972.799988,0.7,350,0,0.0,24.24,62.48,974.96,4.08,331.59,0.0,0.0,0.0,0.0
2019/06/13 15:15,20.700001,972.799988,1.0,71,0,0.0,24.08,62.74,975.13,4.02,334.14,0.0,0.0,0.0,0.0
2019/06/13 15:30,20.700001,972.799988,0.0,104,0,0.0,23.95,62.97,975.28,3.94,334.8,0.0,0.0,0.0,0.0
2019/06/13 15:45,20.700001,972.799988,2.4,163,0,0.0,23.82,63.31,975.47,3.85,333.2,0.0,0.0,0.0,0.0
