date,temp,pressure,wind_speed,wind_dir,sun_radiation,sca_radiation,nwp_tmp,nwp_rh,nwp_surfacepres,nwp_windspeed,nwp_winddir,nwp_shortwaveirrad,nwp_scatterirrad,nwp_directirrad,OT
2019/03/04 16:00,9.8,991.900024,0.6,231,0,0,8.94,49.55,993.26,2.63,291.41,0.0,0.0,0.0,0.0
2019/03/04 16:15,9.1,991.799988,0.6,153,0,0,8.7,50.05,993.1,2.69,286.85,0.0,0.0,0.0,0.0
2019/03/04 16:30,9.3,991.900024,0.7,154,0,0,8.49,50.47,993.12,2.75,282.1,0.0,0.0,0.0,0.0
2019/03/04 16:45,9.1,991.700012,0.5,156,0,0,8.33,50.76,993.18,2.8,276.14,0.0,0.0,0.0,0.0
2019/03/04 17:00,9.5,991.799988,0.8,175,0,0,8.22,50.91,993.3,2.86,267.24,0.0,0.0,0.0,0.0
2019/03/04 17:15,8.8,991.799988,0.8,191,0,0,8.13,51.05,993.27,2.99,259.57,0.0,0.0,0.0,0.0
2019/03/04 17:30,7.7,992.099976,0.7,179,0,0,8.06,51.14,993.15,3.16,253.26,0.0,0.0,0.0,0.0
2019/03/04 17:45,7.7,992.099976,1.1,147,0,0,8.0,51.15,993.22,3.36,249.6,0.0,0.0,0.0,0.0
2019/03/04 18:00,8.0,992.099976,1.0,199,0,0,7.94,51.18,993.14,3.57,247.93,0.0,0.0,0.0,0.0
2019/03/04 18:15,7.4,992.099976,0.9,181,0,0,7.87,51.18,993.02,3.76,246.89,0.0,0.0,0.0,0.0
2019/03/04 18:30,7.9,992.0,0.5,164,0,0,7.8,51.16,992.86,3.91,246.95,0.0,0.0,0.0,0.0
2019/03/04 18:45,7.7,991.900024,0.9,186,0,0,7.72,51.21,992.71,3.99,250.83,0.0,0.0,0.0,0.0
2019/03/04 19:00,7.3,991.799988,1.3,192,0,0,7.57,51.5,992.63,4.01,258.22,0.0,0.0,0.0,0.0
2019/03/05 08:00,18.700001,991.299988,2.5,302,466,192,16.41,13.05,995.35,9.29,17.73,406.17,43.28000000000003,362.89,13.48178
2019/03/05 08:15,18.4,991.200012,6.4,290,397,175,16.28,13.35,995.51,9.35,16.86,353.65,41.00999999999999,312.64,11.17944
2019/03/05 08:30,17.9,991.299988,3.0,309,357,155,16.15,13.66,995.54,9.37,16.02,317.29,39.27000000000004,278.02,9.865407
2019/03/05 08:45,18.1,991.400024,2.5,301,294,129,15.97,14.03,995.6,9.33,15.23,261.16,36.28000000000003,224.88,7.979344
2019/03/05 09:00,17.6,991.599976,5.3,314,223,102,15.78,14.44,995.71,9.19,14.75,223.01,33.94999999999999,189.06,6.103672
2019/03/05 09:15,17.5,991.799988,2.1,249,163,78,15.49,15.0,995.78,8.91,14.29,165.37,29.74000000000001,135.63,4.312656
2019/03/05 09:30,17.0,991.900024,2.1,1,110,57,15.19,15.65,995.9,8.43,13.58,127.2,26.3,100.9,2.701344
2019/03/05 09:45,16.6,992.299988,4.9,311,58,37,14.72,16.58,996.02,7.78,12.68,71.79,19.570000000000007,52.22,1.381789
2019/03/05 10:00,16.1,992.599976,2.8,308,24,19,14.14,17.78,996.13,7.08,11.33,37.76,13.409999999999997,24.35,0.578922
2019/03/05 10:15,15.6,992.799988,2.8,284,2,2,13.38,19.26,996.23,6.5,9.22,0.34,0.33,0.01,0.06617
2019/03/05 10:30,15.2,993.200012,3.2,300,0,0,12.77,20.61,996.33,6.18,6.64,0.0,0.0,0.0,0.0
2019/03/05 10:45,14.8,993.5,2.9,309,0,0,12.26,21.8,996.49,6.11,4.08,0.0,0.0,0.0,0.0
2019/03/05 11:00,14.5,993.599976,2.1,311,0,0,11.83,22.97,996.73,6.18,1.92,0.0,0.0,0.0,0.0
2019/03/05 11:15,14.0,994.099976,2.2,306,0,0,11.46,24.08,997.02,6.3,0.36,0.0,0.0,0.0,0.0
2019/03/05 11:30,13.8,994.299988,2.0,308,0,0,11.13,25.12,997.37,6.38,359.08,0.0,0.0,0.0,0.0
2019/03/05 11:45,13.3,994.400024,1.5,295,0,0,10.8,26.11,997.7,6.39,358.1,0.0,0.0,0.0,0.0
2019/03/05 12:00,13.5,994.599976,2.5,301,0,0,10.5,27.05,998.02,6.32,357.22,0.0,0.0,0.0,0.0
2019/03/05 12:15,13.1,994.799988,2.5,309,0,0,10.19,27.98,998.33,6.16,356.53,0.0,0.0,0.0,0.0
2019/03/05 12:30,13.0,995.099976,2.2,304,0,0,9.88,29.0,998.66,5.92,355.5,0.0,0.0,0.0,0.0
2019/03/05 12:45,13.1,995.299988,1.6,291,0,0,9.55,30.1,999.0,5.63,354.25,0.0,0.0,0.0,0.0
2019/03/05 13:00,13.0,995.400024,1.8,310,0,0,9.22,31.24,999.32,5.31,352.73,0.0,0.0,0.0,0.0
2019/03/05 13:15,13.1,995.599976,1.7,305,0,0,8.89,32.42,999.59,4.97,350.93,0.0,0.0,0.0,0.0
2019/03/05 13:30,12.5,996.0,2.3,306,0,0,8.55,33.62,999.82,4.6,348.83,0.0,0.0,0.0,0.0
2019/03/05 13:45,12.6,996.299988,1.9,290,0,0,8.2,34.86,999.89,4.23,345.81,0.0,0.0,0.0,0.0
2019/03/05 14:00,12.2,996.599976,4.2,315,0,0,7.88,35.99,999.99,3.9,341.91,0.0,0.0,0.0,0.0
2019/03/05 14:15,12.1,996.900024,3.3,298,0,0,7.6,36.93,1000.17,3.65,337.24,0.0,0.0,0.0,0.0
2019/03/05 14:30,11.8,997.099976,3.4,313,0,0,7.35,37.72,1000.35,3.49,331.76,0.0,0.0,0.0,0.0
2019/03/05 14:45,11.7,997.200012,3.1,326,0,0,7.14,38.34,1000.55,3.38,326.28,0.0,0.0,0.0,0.0
2019/03/05 15:00,11.1,997.400024,1.8,333,0,0,6.96,38.85,1000.77,3.3,321.51,0.0,0.0,0.0,0.0
2019/03/05 15:15,10.5,997.700012,0.5,148,0,0,6.8,39.28,1000.99,3.24,316.76,0.0,0.0,0.0,0.0
2019/03/05 15:30,10.5,997.799988,0.9,262,0,0,6.65,39.64,1001.19,3.18,312.04,0.0,0.0,0.0,0.0
2019/03/05 15:45,10.5,997.900024,0.0,332,0,0,6.52,39.91,1001.38,3.11,307.71,0.0,0.0,0.0,0.0
2019/03/05 16:00,10.5,998.099976,0.6,292,0,0,8.24,25.79,1000.89,3.49,339.18,0.0,0.0,0.0,0.0
2019/03/05 16:15,10.7,998.099976,1.3,328,0,0,8.02,25.99,1000.98,3.34,324.34,0.0,0.0,0.0,0.0
2019/03/05 16:30,10.4,998.299988,0.4,355,0,0,7.87,26.03,1001.29,3.36,308.71,0.0,0.0,0.0,0.0
2019/03/05 16:45,10.8,998.5,1.3,324,0,0,7.72,26.02,1001.26,3.54,296.38,0.0,0.0,0.0,0.0
2019/03/05 17:00,10.4,998.599976,1.4,312,0,0,7.55,26.02,1001.27,3.77,291.41,0.0,0.0,0.0,0.0
2019/03/05 17:15,10.1,998.900024,0.4,345,0,0,7.38,26.13,1001.31,3.95,291.68,0.0,0.0,0.0,0.0
2019/03/05 17:30,10.4,999.099976,1.3,279,0,0,7.18,26.4,1001.25,4.1,293.93,0.0,0.0,0.0,0.0
2019/03/05 17:45,9.3,999.099976,1.1,278,0,0,6.95,26.86,1001.12,4.22,296.72,0.0,0.0,0.0,0.0
2019/03/05 18:00,8.900001,999.299988,1.4,268,0,0,6.71,27.46,1001.34,4.28,298.94,0.0,0.0,0.0,0.0
2019/03/05 18:15,8.900001,999.299988,1.5,250,0,0,6.41,28.28,1001.49,4.24,298.74,0.0,0.0,0.0,0.0
2019/03/05 18:30,7.2,999.599976,1.2,239,0,0,6.07,29.25,1001.66,4.16,296.45,0.0,0.0,0.0,0.0
2019/03/05 18:45,8.3,999.599976,1.2,251,0,0,5.75,30.21,1001.76,4.11,294.18,0.0,0.0,0.0,0.0
2019/03/05 19:00,8.2,999.599976,0.9,250,0,0,5.45,31.13,1001.86,4.08,292.69,0.0,0.0,0.0,0.0
2019/03/06 08:00,13.7,999.900024,2.7,295,552,173,12.06,13.22,1004.13,7.0,53.12,417.5,43.75999999999999,373.74,16.63113
2019/03/06 08:15,14.0,1000.099976,5.3,323,494,162,11.98,13.19,1004.31,6.65,55.83,364.16,41.47000000000003,322.69,14.534629999999998
2019/03/06 08:30,13.9,1000.5,5.8,352,428,143,11.91,13.14,1004.38,6.32,58.31,327.2,39.74000000000001,287.46,12.23906
2019/03/06 08:45,13.4,1000.5,4.6,325,356,114,11.78,13.14,1004.44,6.0,60.39,270.14,36.73999999999998,233.4,10.08481
2019/03/06 09:00,13.2,1000.700012,5.7,354,283,90,11.68,13.19,1004.54,5.74,63.06,231.3,34.410000000000025,196.89,7.856407000000001
2019/03/06 09:15,12.9,1000.900024,3.5,10,214,66,11.5,13.5,1004.62,5.68,69.44,172.46,30.230000000000015,142.23,5.754328
2019/03/06 09:30,12.6,1001.099976,3.5,329,152,48,11.15,14.26,1004.74,6.05,82.72,133.37,26.78,106.59,3.704094
2019/03/06 09:45,12.1,1001.400024,4.7,342,86,32,10.38,15.75,1004.88,6.7,95.7,76.53,20.130000000000003,56.4,1.942008
2019/03/06 10:00,11.7,1001.700012,4.1,349,34,19,9.55,17.12,1005.04,6.91,99.58,41.47,14.079999999999998,27.39,0.6999449999999999
2019/03/06 10:15,11.2,1002.099976,3.7,345,3,3,8.89,18.47,1005.2,6.34,97.91,1.44,1.26,0.18,0.096187
2019/03/06 10:30,10.5,1002.5,4.5,353,0,0,8.45,20.24,1005.32,5.58,98.85,0.0,0.0,0.0,0.0
2019/03/06 10:45,9.400001,1003.099976,3.2,348,0,0,8.03,22.09,1005.52,5.37,105.1,0.0,0.0,0.0,0.0
2019/03/06 11:00,8.8,1003.5,3.2,19,0,0,7.58,23.39,1005.82,5.65,109.89,0.0,0.0,0.0,0.0
2019/03/06 11:15,8.400001,1004.0,3.2,20,0,0,7.16,24.25,1006.12,5.82,111.81,0.0,0.0,0.0,0.0
2019/03/06 11:30,7.9,1004.400024,2.6,29,0,0,6.76,25.17,1006.45,5.49,113.9,0.0,0.0,0.0,0.0
2019/03/06 11:45,7.5,1004.700012,2.6,357,0,0,6.39,26.07,1006.76,4.83,116.77,0.0,0.0,0.0,0.0
2019/03/06 12:00,7.1,1005.099976,1.3,35,0,0,6.05,26.94,1007.07,4.14,120.07,0.0,0.0,0.0,0.0
2019/03/06 12:15,6.6,1005.400024,1.5,24,0,0,5.73,27.79,1007.4,3.55,124.19,0.0,0.0,0.0,0.0
2019/03/06 12:30,6.5,1005.799988,1.2,352,0,0,5.47,28.33,1007.71,3.13,129.6,0.0,0.0,0.0,0.0
2019/03/06 12:45,6.1,1006.099976,0.5,0,0,0,5.3,28.45,1007.99,2.8,136.59,0.0,0.0,0.0,0.0
2019/03/06 13:00,6.0,1006.299988,1.1,204,0,0,5.16,28.43,1008.26,2.46,145.73,0.0,0.0,0.0,0.0
2019/03/06 13:15,5.6,1006.599976,0.6,165,0,0,5.06,28.3,1008.47,2.15,157.06,0.0,0.0,0.0,0.0
2019/03/06 13:30,5.4,1006.799988,0.3,272,0,0,4.95,28.42,1008.6,1.94,172.54,0.0,0.0,0.0,0.0
2019/03/06 13:45,5.2,1006.900024,0.3,309,0,0,4.76,28.62,1008.5,1.88,191.15,0.0,0.0,0.0,0.0
2019/03/06 14:00,5.0,1006.900024,0.4,263,0,0,4.53,28.75,1008.4,1.99,208.3,0.0,0.0,0.0,0.0
2019/03/06 14:15,5.0,1007.099976,0.3,273,0,0,4.24,28.94,1008.36,2.23,221.66,0.0,0.0,0.0,0.0
2019/03/06 14:30,5.0,1007.099976,0.0,250,0,0,3.95,29.12,1008.37,2.52,231.51,0.0,0.0,0.0,0.0
2019/03/06 14:45,4.8,1007.099976,0.0,298,0,0,3.66,29.33,1008.39,2.8,238.57,0.0,0.0,0.0,0.0
2019/03/06 15:00,5.1,1007.099976,0.0,321,0,0,3.39,29.5,1008.4,3.02,243.78,0.0,0.0,0.0,0.0
2019/03/06 15:15,5.1,1007.099976,0.0,314,0,0,3.16,29.63,1008.43,3.18,247.44,0.0,0.0,0.0,0.0
2019/03/06 15:30,5.5,1006.900024,0.5,308,0,0,2.96,29.78,1008.5,3.28,250.13,0.0,0.0,0.0,0.0
2019/03/06 15:45,5.5,1006.900024,0.4,308,0,0,2.77,29.94,1008.58,3.36,252.36,0.0,0.0,0.0,0.0
2019/03/06 16:00,5.2,1007.099976,0.4,135,0,0,4.34,25.97,1007.16,1.74,274.05,0.0,0.0,0.0,0.0
2019/03/06 16:15,4.2,1007.099976,0.0,163,0,0,4.12,26.22,1007.28,1.93,264.37,0.0,0.0,0.0,0.0
2019/03/06 16:30,4.3,1007.099976,0.7,250,0,0,3.91,26.33,1007.35,2.12,257.98,0.0,0.0,0.0,0.0
2019/03/06 16:45,4.2,1007.0,0.5,251,0,0,3.68,26.42,1007.44,2.3,252.58,0.0,0.0,0.0,0.0
2019/03/06 17:00,3.9,1007.099976,0.0,247,0,0,3.47,26.47,1007.66,2.46,252.01,0.0,0.0,0.0,0.0
2019/03/06 17:15,3.4,1007.200012,0.2,259,0,0,3.25,26.59,1007.68,2.57,252.96,0.0,0.0,0.0,0.0
2019/03/06 17:30,3.9,1007.099976,0.0,243,0,0,3.04,26.79,1007.52,2.63,251.69,0.0,0.0,0.0,0.0
2019/03/06 17:45,3.9,1007.099976,0.0,225,0,0,2.84,27.02,1007.26,2.68,249.91,0.0,0.0,0.0,0.0
2019/03/06 18:00,3.7,1007.200012,0.2,225,0,0,2.66,27.25,1007.24,2.75,249.57,0.0,0.0,0.0,0.0
2019/03/06 18:15,1.2,1007.400024,0.6,120,0,0,2.48,27.54,1007.13,2.86,247.59,0.0,0.0,0.0,0.0
2019/03/06 18:30,2.2,1007.099976,0.7,169,0,0,2.32,27.8,1007.15,2.97,244.71,0.0,0.0,0.0,0.0
2019/03/06 18:45,2.0,1006.900024,0.6,157,0,0,2.17,28.04,1007.24,3.1,242.46,0.0,0.0,0.0,0.0
2019/03/06 19:00,2.5,1006.599976,0.6,181,0,0,2.01,28.29,1007.18,3.24,240.62,0.0,0.0,0.0,0.0
2019/03/07 08:00,13.5,999.099976,1.9,40,515,185,13.97,15.62,1001.15,7.49,151.49,417.72,43.78000000000003,373.94,15.26569
2019/03/07 08:15,13.5,999.099976,1.7,65,457,168,13.91,15.89,1001.22,7.73,150.98,364.52,41.50999999999999,323.01,13.31006
2019/03/07 08:30,13.4,998.799988,3.9,16,395,150,13.85,16.24,1001.12,7.92,150.68,327.7,39.80000000000001,287.9,11.22844
2019/03/07 08:45,13.3,998.700012,1.8,43,326,122,13.73,16.85,1000.98,8.1,150.14,270.83,36.829999999999984,234.0,9.1315
2019/03/07 09:00,13.0,998.700012,2.3,67,254,97,13.54,17.68,1000.85,8.27,149.48,232.14,34.51999999999998,197.62,7.023188
2019/03/07 09:15,12.9,998.599976,2.4,21,188,73,13.23,18.49,1000.69,8.33,149.78,173.67,30.399999999999977,143.27,5.038688
2019/03/07 09:30,12.5,998.599976,3.9,46,127,54,12.93,19.17,1000.51,8.19,150.15,134.9,27.010000000000005,107.89,3.149071
2019/03/07 09:45,12.2,998.700012,3.6,48,68,36,12.45,20.02,1000.35,7.92,149.92,78.47,20.5,57.97,1.6046129999999998
2019/03/07 10:00,11.6,998.799988,2.1,52,19,17,11.93,20.95,1000.22,7.58,150.23,43.52,14.620000000000005,28.9,0.474004
2019/03/07 10:15,11.0,999.0,2.5,42,1,1,11.28,22.07,1000.12,7.23,150.93,2.68,2.0700000000000003,0.61,0.029498
2019/03/07 10:30,10.5,999.099976,3.1,38,0,0,10.75,23.12,1000.04,6.96,151.6,0.0,0.0,0.0,0.0
2019/03/07 10:45,10.1,999.200012,2.5,54,0,0,10.32,24.03,999.97,6.79,152.3,0.0,0.0,0.0,0.0
2019/03/07 11:00,9.8,999.400024,2.4,45,0,0,9.95,24.88,999.9,6.63,153.31,0.0,0.0,0.0,0.0
2019/03/07 11:15,9.7,999.400024,3.3,50,0,0,9.6,25.76,999.85,6.41,154.61,0.0,0.0,0.0,0.0
2019/03/07 11:30,8.8,999.5,2.1,32,0,0,9.26,26.71,999.92,6.11,156.7,0.0,0.0,0.0,0.0
2019/03/07 11:45,8.6,999.700012,1.9,27,0,0,8.93,27.73,1000.01,5.67,159.74,0.0,0.0,0.0,0.0
2019/03/07 12:00,8.900001,999.599976,2.3,14,0,0,8.59,28.85,1000.09,4.99,163.73,0.0,0.0,0.0,0.0
2019/03/07 12:15,8.7,999.700012,1.8,14,0,0,8.28,30.04,1000.23,3.97,170.56,0.0,0.0,0.0,0.0
2019/03/07 12:30,8.400001,999.799988,2.2,7,0,0,7.96,31.27,1000.42,2.73,184.41,0.0,0.0,0.0,0.0
2019/03/07 12:45,8.2,999.799988,1.5,12,0,0,7.64,32.43,1000.63,1.68,218.4,0.0,0.0,0.0,0.0
2019/03/07 13:00,8.2,1000.0,1.8,17,0,0,7.31,33.77,1000.78,1.31,267.95,0.0,0.0,0.0,0.0
2019/03/07 13:15,8.0,1000.099976,1.0,26,0,0,7.02,34.97,1000.86,1.53,289.8,0.0,0.0,0.0,0.0
2019/03/07 13:30,7.7,1000.200012,1.2,15,0,0,6.68,36.15,1000.91,2.06,292.17,0.0,0.0,0.0,0.0
2019/03/07 13:45,7.9,1000.200012,1.2,21,0,0,6.3,37.2,1000.85,2.73,292.33,0.0,0.0,0.0,0.0
2019/03/07 14:00,7.0,1000.299988,0.7,281,0,0,5.91,37.9,1000.84,3.4,295.44,0.0,0.0,0.0,0.0
2019/03/07 14:15,6.6,1000.299988,0.4,329,0,0,5.58,38.14,1000.87,3.91,298.37,0.0,0.0,0.0,0.0
2019/03/07 14:30,6.7,1000.400024,0.9,334,0,0,5.33,38.17,1000.92,4.16,300.59,0.0,0.0,0.0,0.0
2019/03/07 14:45,6.2,1000.299988,0.7,349,0,0,5.13,38.26,1000.94,4.19,300.71,0.0,0.0,0.0,0.0
2019/03/07 15:00,6.0,1000.200012,1.0,332,0,0,5.0,38.27,1000.93,4.11,298.64,0.0,0.0,0.0,0.0
2019/03/07 15:15,5.8,1000.099976,0.8,305,0,0,4.92,38.09,1000.93,3.99,296.54,0.0,0.0,0.0,0.0
2019/03/07 15:30,5.8,1000.0,1.2,337,0,0,4.88,37.75,1000.95,3.85,294.12,0.0,0.0,0.0,0.0
2019/03/07 15:45,6.1,999.900024,1.4,343,0,0,4.86,37.32,1001.0,3.71,293.27,0.0,0.0,0.0,0.0
2019/03/07 16:00,6.3,999.700012,1.3,326,0,0,4.94,36.27,1000.37,2.27,298.9,0.0,0.0,0.0,0.0
2019/03/07 16:15,6.0,999.599976,1.1,313,0,0,4.78,36.07,1000.55,2.44,290.61,0.0,0.0,0.0,0.0
2019/03/07 16:30,4.2,999.900024,0.9,148,0,0,4.63,35.77,1000.65,2.6,285.61,0.0,0.0,0.0,0.0
2019/03/07 16:45,4.4,999.900024,0.0,161,0,0,4.47,35.41,1000.23,2.67,282.97,0.0,0.0,0.0,0.0
2019/03/07 17:00,4.2,999.900024,0.3,124,0,0,4.39,34.97,1000.16,2.63,283.73,0.0,0.0,0.0,0.0
2019/03/07 17:15,4.4,999.900024,0.6,155,0,0,4.35,34.65,1000.13,2.49,287.42,0.0,0.0,0.0,0.0
2019/03/07 17:30,4.7,999.700012,0.5,151,0,0,4.29,34.53,999.85,2.35,289.47,0.0,0.0,0.0,0.0
2019/03/07 17:45,4.5,999.599976,1.0,125,0,0,4.22,34.52,999.75,2.27,284.81,0.0,0.0,0.0,0.0
2019/03/07 18:00,4.1,999.599976,0.8,149,0,0,4.15,34.57,999.8,2.28,283.1,0.0,0.0,0.0,0.0
2019/03/07 18:15,3.6,999.5,0.0,189,0,0,4.04,34.74,999.76,2.33,280.36,0.0,0.0,0.0,0.0
2019/03/07 18:30,3.3,999.200012,0.3,155,0,0,3.93,34.96,999.57,2.41,275.23,0.0,0.0,0.0,0.0
2019/03/07 18:45,2.9,999.099976,0.5,156,0,0,3.82,35.19,999.39,2.49,271.52,0.0,0.0,0.0,0.0
2019/03/07 19:00,2.8,998.900024,0.9,158,0,0,3.74,35.45,999.3,2.56,267.34,0.0,0.0,0.0,0.0
2019/03/08 08:00,13.3,993.0,2.1,32,356,221,16.19,19.19,993.45,7.58,144.34,300.48,32.04000000000002,268.44,10.57634
2019/03/08 08:15,13.4,992.900024,2.3,26,304,201,16.16,19.38,993.44,7.8,146.55,272.26,31.549999999999983,240.71,9.273907
2019/03/08 08:30,13.4,992.700012,3.0,17,246,149,16.07,19.58,993.34,8.06,148.27,250.99,31.02000000000001,219.97,6.6875160000000005
2019/03/08 08:45,13.7,992.700012,1.6,358,220,136,15.85,20.03,993.29,8.3,149.87,209.45,29.00999999999999,180.44,6.142391
2019/03/08 09:00,13.5,992.799988,0.5,299,124,87,15.58,20.55,993.24,8.44,151.63,178.5,27.05000000000001,151.45,3.433227
2019/03/08 09:15,13.3,992.599976,0.3,328,42,41,15.22,21.2,993.17,8.45,152.91,131.29,23.429999999999996,107.86,1.223113
2019/03/08 09:30,12.8,992.599976,1.5,314,28,29,14.82,21.96,993.07,8.34,153.31,99.64,20.370000000000005,79.27,0.843691
2019/03/08 09:45,12.5,992.599976,0.8,321,26,28,14.31,22.79,992.99,8.05,153.87,56.96,15.200000000000005,41.76,0.806504
2019/03/08 10:00,11.9,992.599976,1.3,308,15,17,13.78,23.68,992.92,7.61,154.34,31.53,10.790000000000004,20.74,0.4498319999999999
2019/03/08 10:15,11.8,992.900024,1.8,293,1,0,13.11,24.9,992.84,7.18,154.6,2.75,1.97,0.78,0.004264
2019/03/08 10:30,11.5,993.0,0.6,6,0,0,12.55,26.03,992.77,6.91,155.03,0.0,0.0,0.0,0.0
2019/03/08 10:45,11.5,993.099976,0.6,31,0,0,12.09,26.91,992.8,6.79,155.68,0.0,0.0,0.0,0.0
2019/03/08 11:00,11.1,993.200012,0.7,25,0,0,11.72,27.58,992.84,6.74,156.6,0.0,0.0,0.0,0.0
2019/03/08 11:15,10.8,993.400024,1.1,15,0,0,11.38,28.18,992.86,6.68,157.58,0.0,0.0,0.0,0.0
2019/03/08 11:30,10.4,993.5,1.5,25,0,0,11.07,28.84,992.95,6.58,158.58,0.0,0.0,0.0,0.0
2019/03/08 11:45,9.900001,993.599976,1.9,38,0,0,10.75,29.6,993.02,6.41,159.28,0.0,0.0,0.0,0.0
2019/03/08 12:00,9.8,994.0,2.8,31,0,0,10.43,30.47,993.05,6.15,159.67,0.0,0.0,0.0,0.0
2019/03/08 12:15,9.3,993.799988,1.8,32,0,0,10.08,31.44,993.12,5.76,160.0,0.0,0.0,0.0,0.0
2019/03/08 12:30,9.5,993.799988,2.7,16,0,0,9.75,32.49,993.23,5.11,160.5,0.0,0.0,0.0,0.0
2019/03/08 12:45,9.400001,993.700012,2.5,0,0,0,9.43,33.56,993.38,4.1,162.7,0.0,0.0,0.0,0.0
2019/03/08 13:00,9.0,993.900024,2.0,3,0,0,9.17,34.54,993.52,2.83,168.02,0.0,0.0,0.0,0.0
2019/03/08 13:15,8.900001,994.0,1.8,5,0,0,8.89,35.62,993.62,1.55,176.54,0.0,0.0,0.0,0.0
2019/03/08 13:30,8.900001,994.099976,1.4,357,0,0,8.56,36.87,993.63,0.75,205.11,0.0,0.0,0.0,0.0
2019/03/08 13:45,8.5,994.299988,0.8,313,0,0,8.22,38.27,993.42,0.8,322.48,0.0,0.0,0.0,0.0
2019/03/08 14:00,8.1,994.400024,0.8,311,0,0,7.86,39.74,993.24,1.39,329.11,0.0,0.0,0.0,0.0
2019/03/08 14:15,8.2,994.400024,1.8,316,0,0,7.41,41.44,993.14,2.1,323.1,0.0,0.0,0.0,0.0
2019/03/08 14:30,8.2,994.400024,1.9,309,0,0,6.95,42.99,993.17,2.84,317.57,0.0,0.0,0.0,0.0
2019/03/08 14:45,8.1,994.400024,1.3,307,0,0,6.56,44.04,993.22,3.49,316.39,0.0,0.0,0.0,0.0
2019/03/08 15:00,7.9,994.299988,1.9,307,0,0,6.29,44.28,993.25,3.96,317.48,0.0,0.0,0.0,0.0
2019/03/08 15:15,8.0,994.400024,2.0,307,0,0,6.05,44.47,993.33,4.22,317.38,0.0,0.0,0.0,0.0
2019/03/08 15:30,8.1,994.099976,1.8,333,0,0,5.85,44.65,993.44,4.32,315.45,0.0,0.0,0.0,0.0
2019/03/08 15:45,8.1,994.0,1.5,326,0,0,5.74,44.51,993.62,4.36,312.92,0.0,0.0,0.0,0.0
2019/03/08 16:00,8.1,994.0,2.1,332,0,0,5.85,40.37,994.39,3.02,309.82,0.0,0.0,0.0,0.0
2019/03/08 16:15,7.9,994.099976,1.5,319,0,0,5.72,40.57,994.58,3.08,308.52,0.0,0.0,0.0,0.0
2019/03/08 16:30,7.9,994.099976,1.9,330,0,0,5.62,40.65,994.46,3.07,306.41,0.0,0.0,0.0,0.0
2019/03/08 16:45,7.8,994.0,2.2,327,0,0,5.52,40.67,994.31,3.06,305.14,0.0,0.0,0.0,0.0
2019/03/08 17:00,7.7,994.099976,1.5,307,0,0,5.46,40.6,994.16,3.08,305.39,0.0,0.0,0.0,0.0
2019/03/08 17:15,7.5,994.099976,0.7,309,0,0,5.41,40.49,994.04,3.1,306.56,0.0,0.0,0.0,0.0
2019/03/08 17:30,7.4,994.0,1.4,323,0,0,5.36,40.53,994.22,3.09,306.16,0.0,0.0,0.0,0.0
2019/03/08 17:45,7.4,993.900024,1.9,307,0,0,5.28,40.62,994.06,3.03,305.71,0.0,0.0,0.0,0.0
2019/03/08 18:00,7.6,993.799988,2.1,328,0,0,5.21,40.69,994.09,2.94,305.92,0.0,0.0,0.0,0.0
2019/03/08 18:15,7.6,993.400024,1.6,321,0,0,5.11,40.79,994.12,2.88,302.83,0.0,0.0,0.0,0.0
2019/03/08 18:30,7.5,993.099976,2.3,317,0,0,5.02,40.87,993.89,2.85,297.86,0.0,0.0,0.0,0.0
2019/03/08 18:45,7.3,992.700012,3.0,344,0,0,4.95,40.8,993.69,2.85,293.31,0.0,0.0,0.0,0.0
2019/03/08 19:00,7.2,992.599976,2.2,0,0,0,4.93,40.62,993.65,2.92,287.71,0.0,0.0,0.0,0.0
2019/03/09 08:00,13.8,990.900024,3.5,337,174,181,14.83,21.08,992.12,5.14,89.44,291.54,31.140000000000043,260.4,5.16436
2019/03/09 08:15,13.5,991.099976,3.3,1,183,185,14.83,21.12,992.19,4.85,88.22,277.9,32.23999999999998,245.66,5.597594
2019/03/09 08:30,13.4,991.299988,2.3,353,110,119,14.81,21.22,992.14,4.66,86.33,276.98,34.25000000000003,242.73,3.491633
2019/03/09 08:45,13.3,991.299988,3.4,336,166,137,14.74,21.42,992.12,4.52,84.67,249.12,34.44,214.68,4.646359
2019/03/09 09:00,13.2,991.400024,3.4,337,163,140,14.68,21.63,992.13,4.41,83.66,224.22,33.879999999999995,190.34,4.688797
2019/03/09 09:15,13.0,991.599976,1.7,336,113,99,14.54,21.95,992.13,4.3,83.09,171.88,30.5,141.38,3.102641
2019/03/09 09:30,12.7,991.900024,3.1,2,79,72,14.4,22.37,992.1,4.07,82.95,135.07,27.379999999999995,107.69,2.157367
2019/03/09 09:45,12.2,992.099976,3.1,357,42,38,14.13,23.63,992.1,3.58,82.67,80.43,21.15000000000001,59.28,1.111961
2019/03/09 10:00,11.8,992.299988,1.8,333,18,19,13.68,25.91,992.14,3.05,81.6,46.43,15.56,30.87,0.4722399999999999
2019/03/09 10:15,11.3,992.599976,1.7,348,2,2,13.11,27.68,992.22,2.79,79.62,5.39,3.5699999999999994,1.82,0.0656559999999999
2019/03/09 10:30,11.1,992.900024,1.9,352,0,0,12.74,29.02,992.33,2.62,76.77,0.0,0.0,0.0,0.0
2019/03/09 10:45,10.4,993.200012,1.4,335,0,0,12.44,30.16,992.54,2.37,75.57,0.0,0.0,0.0,0.0
2019/03/09 11:00,10.0,993.400024,1.5,352,0,0,12.19,31.05,992.76,2.12,75.47,0.0,0.0,0.0,0.0
2019/03/09 11:15,10.0,993.599976,1.0,334,0,0,11.98,31.74,993.0,1.83,72.92,0.0,0.0,0.0,0.0
2019/03/09 11:30,9.5,993.799988,1.2,333,0,0,11.8,32.26,993.31,1.54,66.45,0.0,0.0,0.0,0.0
2019/03/09 11:45,9.5,994.099976,1.1,329,0,0,11.58,32.83,993.62,1.28,55.19,0.0,0.0,0.0,0.0
2019/03/09 12:00,9.5,994.400024,0.6,320,0,0,11.32,33.46,993.9,1.07,38.82,0.0,0.0,0.0,0.0
2019/03/09 12:15,9.0,994.599976,1.1,325,0,0,11.05,34.05,994.17,0.96,15.97,0.0,0.0,0.0,0.0
2019/03/09 12:30,9.0,994.700012,0.7,324,0,0,10.78,34.59,994.43,1.0,350.84,0.0,0.0,0.0,0.0
2019/03/09 12:45,8.900001,994.799988,1.5,318,0,0,10.49,35.12,994.67,1.16,330.73,0.0,0.0,0.0,0.0
2019/03/09 13:00,8.5,995.0,0.4,292,0,0,10.19,35.61,994.86,1.38,316.18,0.0,0.0,0.0,0.0
2019/03/09 13:15,8.2,995.200012,0.1,333,0,0,9.9,36.02,995.03,1.62,309.06,0.0,0.0,0.0,0.0
2019/03/09 13:30,7.5,995.400024,0.0,214,0,0,9.59,36.51,995.17,1.86,304.47,0.0,0.0,0.0,0.0
2019/03/09 13:45,7.4,995.5,0.0,239,0,0,9.23,37.18,995.14,2.15,296.9,0.0,0.0,0.0,0.0
2019/03/09 14:00,7.5,995.599976,0.4,245,0,0,8.89,37.73,995.11,2.47,290.78,0.0,0.0,0.0,0.0
2019/03/09 14:15,7.3,995.700012,0.3,126,0,0,8.57,38.26,995.2,2.8,286.84,0.0,0.0,0.0,0.0
2019/03/09 14:30,6.8,996.0,0.4,158,0,0,8.29,38.69,995.35,3.08,284.41,0.0,0.0,0.0,0.0
2019/03/09 14:45,7.4,995.900024,0.4,165,0,0,8.05,39.04,995.48,3.27,282.53,0.0,0.0,0.0,0.0
2019/03/09 15:00,7.7,996.0,0.8,189,0,0,7.85,39.34,995.63,3.4,281.28,0.0,0.0,0.0,0.0
2019/03/09 15:15,7.9,995.900024,0.7,157,0,0,7.66,39.65,995.8,3.48,281.15,0.0,0.0,0.0,0.0
2019/03/09 15:30,7.8,995.799988,0.7,152,0,0,7.49,39.96,996.0,3.51,281.33,0.0,0.0,0.0,0.0
2019/03/09 15:45,8.1,995.799988,0.7,148,0,0,7.34,40.26,996.22,3.53,280.68,0.0,0.0,0.0,0.0
2019/03/09 16:00,7.9,995.599976,0.6,155,0,0,7.61,35.68,996.39,2.31,272.65,0.0,0.0,0.0,0.0
2019/03/09 16:15,7.3,995.900024,0.7,200,0,0,7.5,35.77,996.39,2.28,271.1,0.0,0.0,0.0,0.0
2019/03/09 16:30,7.6,995.700012,0.3,181,0,0,7.43,35.87,996.51,2.19,269.36,0.0,0.0,0.0,0.0
2019/03/09 16:45,6.6,995.900024,0.4,199,0,0,7.3,36.11,996.27,2.13,266.05,0.0,0.0,0.0,0.0
2019/03/09 17:00,6.1,995.900024,0.0,192,0,0,7.22,36.29,996.4,2.1,262.01,0.0,0.0,0.0,0.0
2019/03/09 17:15,6.3,995.799988,0.0,176,0,0,7.1,36.63,996.58,2.15,259.31,0.0,0.0,0.0,0.0
2019/03/09 17:30,6.6,995.599976,0.6,127,0,0,6.96,36.99,996.51,2.27,256.63,0.0,0.0,0.0,0.0
2019/03/09 17:45,6.4,995.700012,0.7,163,0,0,6.78,37.34,996.24,2.41,252.05,0.0,0.0,0.0,0.0
2019/03/09 18:00,5.4,995.700012,1.2,143,0,0,6.63,37.58,996.23,2.52,249.98,0.0,0.0,0.0,0.0
2019/03/09 18:15,4.9,995.599976,1.4,141,0,0,6.52,37.72,996.23,2.55,246.08,0.0,0.0,0.0,0.0
2019/03/09 18:30,4.5,995.5,1.4,142,0,0,6.43,37.77,996.26,2.49,241.93,0.0,0.0,0.0,0.0
2019/03/09 18:45,4.1,995.5,0.8,172,0,0,6.36,37.86,996.11,2.42,238.75,0.0,0.0,0.0,0.0
2019/03/09 19:00,4.0,995.299988,0.6,150,0,0,6.27,38.0,996.04,2.39,235.68,0.0,0.0,0.0,0.0
2019/03/10 08:00,12.0,988.700012,0.4,198,133,142,17.11,14.93,988.36,3.85,306.39,422.79,43.670000000000016,379.12,4.386375
2019/03/10 08:15,12.3,988.900024,0.7,275,298,241,17.04,13.67,988.59,7.88,291.66,370.08,41.53999999999997,328.54,8.683719
2019/03/10 08:30,12.1,988.900024,2.2,295,119,119,16.72,12.13,988.69,11.76,286.67,334.54,39.910000000000025,294.63,3.553977
2019/03/10 08:45,11.9,989.099976,1.5,274,76,80,16.06,12.52,988.88,13.51,284.83,278.79,37.06000000000003,241.73,2.458531
2019/03/10 09:00,11.7,989.5,1.4,270,68,77,15.55,13.49,989.11,13.48,283.81,240.5,34.870000000000005,205.63,2.332422
2019/03/10 09:15,11.9,989.599976,0.8,332,59,66,15.11,14.69,989.26,12.92,284.67,182.08,30.930000000000007,151.15,1.876547
2019/03/10 09:30,11.7,989.599976,0.7,345,28,30,14.73,16.01,989.36,12.38,289.55,142.74,27.730000000000004,115.01,0.861451
2019/03/10 09:45,11.4,990.099976,0.5,243,13,17,14.19,16.19,989.53,11.89,297.99,86.36,21.61,64.75,0.396095
2019/03/10 10:00,10.9,990.299988,0.0,11,5,7,13.59,16.35,989.69,11.11,301.66,51.36,16.159999999999997,35.2,0.134747
2019/03/10 10:15,10.8,990.599976,1.4,264,0,0,12.93,18.79,989.8,9.84,304.4,7.35,4.379999999999999,2.97,0.000993
2019/03/10 10:30,10.4,990.700012,0.2,186,0,0,12.22,22.93,989.92,8.28,308.53,0.0,0.0,0.0,0.0
2019/03/10 10:45,10.1,990.400024,0.2,63,0,0,11.6,26.01,990.07,6.94,309.38,0.0,0.0,0.0,0.0
2019/03/10 11:00,10.5,990.5,0.0,321,0,0,11.1,27.38,990.17,5.97,305.99,0.0,0.0,0.0,0.0
2019/03/10 11:15,10.2,990.900024,0.5,297,0,0,10.65,28.18,990.15,5.12,299.77,0.0,0.0,0.0,0.0
2019/03/10 11:30,9.3,991.099976,1.3,351,0,0,10.21,29.12,990.23,4.32,293.18,0.0,0.0,0.0,0.0
2019/03/10 11:45,9.5,991.099976,1.4,342,0,0,9.79,30.17,990.32,3.66,288.63,0.0,0.0,0.0,0.0
2019/03/10 12:00,9.2,991.299988,1.0,246,0,0,9.48,31.09,990.42,3.19,283.96,0.0,0.0,0.0,0.0
2019/03/10 12:15,8.0,991.5,0.9,220,0,0,9.26,31.82,990.53,2.85,279.42,0.0,0.0,0.0,0.0
2019/03/10 12:30,7.8,991.599976,2.8,198,0,0,9.11,32.67,990.64,2.54,282.79,0.0,0.0,0.0,0.0
2019/03/10 12:45,9.8,991.299988,4.6,206,0,0,9.01,33.96,990.81,2.34,296.81,0.0,0.0,0.0,0.0
2019/03/10 13:00,10.2,991.400024,5.4,207,0,0,8.81,35.6,990.98,2.3,313.02,0.0,0.0,0.0,0.0
2019/03/10 13:15,10.1,991.700012,4.4,217,0,0,8.65,37.16,991.15,2.4,318.19,0.0,0.0,0.0,0.0
2019/03/10 13:30,9.7,991.599976,2.3,211,0,0,8.51,38.0,991.24,2.61,310.54,0.0,0.0,0.0,0.0
2019/03/10 13:45,9.5,991.599976,3.8,239,0,0,8.48,38.33,991.2,3.0,299.22,0.0,0.0,0.0,0.0
2019/03/10 14:00,9.8,991.5,2.8,223,0,0,8.24,39.23,991.21,3.63,292.19,0.0,0.0,0.0,0.0
2019/03/10 14:15,9.7,991.5,2.2,200,0,0,7.65,41.7,991.3,4.47,287.7,0.0,0.0,0.0,0.0
2019/03/10 14:30,9.900001,991.5,3.9,200,0,0,7.45,44.39,991.42,5.54,285.06,0.0,0.0,0.0,0.0
2019/03/10 14:45,10.1,991.599976,4.0,180,0,0,7.52,46.86,991.53,6.63,285.01,0.0,0.0,0.0,0.0
2019/03/10 15:00,9.900001,991.5,3.5,185,0,0,7.54,48.58,991.68,7.34,286.02,0.0,0.0,0.0,0.0
2019/03/10 15:15,9.7,991.5,2.1,191,0,0,7.45,49.48,991.96,7.7,289.89,0.0,0.0,0.0,0.0
2019/03/10 15:30,9.3,991.900024,2.0,222,0,0,7.46,49.07,992.34,7.88,296.57,0.0,0.0,0.0,0.0
2019/03/10 15:45,8.7,991.799988,1.8,235,0,0,7.71,46.77,992.64,7.89,302.38,0.0,0.0,0.0,0.0
2019/03/10 16:00,8.900001,991.900024,0.7,250,0,0,8.13,37.19,993.52,8.21,286.63,0.0,0.0,0.0,0.0
2019/03/10 16:15,9.0,992.099976,0.2,252,0,0,7.98,36.73,993.7,8.22,284.09,0.0,0.0,0.0,0.0
2019/03/10 16:30,8.6,992.0,0.5,302,0,0,7.8,36.01,994.02,8.17,282.77,0.0,0.0,0.0,0.0
2019/03/10 16:45,8.6,992.200012,0.0,329,0,0,7.55,35.03,994.0,8.07,282.33,0.0,0.0,0.0,0.0
2019/03/10 17:00,9.1,992.299988,0.1,269,0,0,7.32,33.51,994.14,7.99,283.26,0.0,0.0,0.0,0.0
2019/03/10 17:15,9.7,992.200012,0.3,95,0,0,7.08,31.71,994.24,7.92,284.4,0.0,0.0,0.0,0.0
2019/03/10 17:30,8.8,992.5,0.0,81,0,0,6.85,30.01,994.13,7.85,285.71,0.0,0.0,0.0,0.0
2019/03/10 17:45,9.6,992.400024,1.3,111,0,0,6.61,28.79,994.04,7.79,286.42,0.0,0.0,0.0,0.0
2019/03/10 18:00,9.0,992.700012,1.3,134,0,0,6.41,28.13,993.95,7.72,286.82,0.0,0.0,0.0,0.0
2019/03/10 18:15,8.5,992.799988,1.4,137,0,0,6.21,28.0,994.03,7.61,286.19,0.0,0.0,0.0,0.0
2019/03/10 18:30,8.7,992.599976,1.2,117,0,0,6.04,28.22,993.98,7.5,285.14,0.0,0.0,0.0,0.0
2019/03/10 18:45,8.5,992.400024,0.9,133,0,0,5.92,28.61,993.8,7.42,283.43,0.0,0.0,0.0,0.0
2019/03/10 19:00,8.3,992.299988,1.4,132,0,0,5.82,29.15,993.71,7.39,281.54,0.0,0.0,0.0,0.0
2019/03/11 08:00,17.799999,986.099976,3.2,11,532,212,17.0,11.63,989.62,9.09,306.04,428.39,43.90999999999997,384.48,14.34125
2019/03/11 08:15,17.5,986.0,2.1,25,465,187,16.91,11.83,989.71,8.97,305.7,375.28,41.73999999999995,333.54,13.19609
2019/03/11 08:30,17.799999,986.0,0.3,345,410,170,16.82,12.0,989.65,8.89,305.34,338.57,40.089999999999975,298.48,11.43428
2019/03/11 08:45,17.799999,986.099976,0.6,351,347,152,16.65,12.19,989.55,8.8,305.04,282.0,37.25,244.75,9.590438
2019/03/11 09:00,18.1,986.099976,0.8,180,239,119,16.48,12.38,989.49,8.66,304.5,243.52,35.07000000000002,208.45,4.9780940000000005
2019/03/11 09:15,17.200001,986.200012,3.7,209,64,71,16.22,12.63,989.41,8.45,304.17,185.27,31.170000000000016,154.1,1.833617
2019/03/11 09:30,16.9,986.299988,1.9,152,53,47,15.95,12.88,989.34,8.09,304.37,146.56,28.02,118.54,1.360871
2019/03/11 09:45,16.6,986.400024,4.4,201,64,28,15.52,13.3,989.31,7.55,304.87,89.85,22.00999999999999,67.84,1.5025389999999998
2019/03/11 10:00,16.700001,986.5,0.2,192,33,21,14.96,13.96,989.33,6.84,305.13,54.18,16.65,37.53,0.775564
2019/03/11 10:15,16.200001,986.700012,0.0,263,7,6,14.12,14.94,989.39,6.11,304.54,9.24,5.13,4.11,0.217831
2019/03/11 10:30,15.5,986.900024,0.8,334,0,0,13.32,15.93,989.47,5.48,302.84,0.0,0.0,0.0,0.0
2019/03/11 10:45,14.9,987.200012,0.2,330,0,0,12.64,16.9,989.66,5.05,300.44,0.0,0.0,0.0,0.0
2019/03/11 11:00,14.5,987.5,0.9,198,0,0,12.08,17.75,989.96,4.8,297.76,0.0,0.0,0.0,0.0
2019/03/11 11:15,14.7,987.599976,0.9,193,0,0,11.57,18.52,990.26,4.69,295.24,0.0,0.0,0.0,0.0
2019/03/11 11:30,14.2,987.799988,1.8,215,0,0,11.12,19.16,990.62,4.68,292.92,0.0,0.0,0.0,0.0
2019/03/11 11:45,13.8,988.0,1.2,250,0,0,10.73,19.72,990.97,4.72,290.91,0.0,0.0,0.0,0.0
2019/03/11 12:00,13.5,988.099976,0.9,247,0,0,10.36,20.25,991.24,4.78,288.81,0.0,0.0,0.0,0.0
2019/03/11 12:15,13.6,988.200012,1.5,234,0,0,10.03,20.79,991.53,4.84,285.7,0.0,0.0,0.0,0.0
2019/03/11 12:30,13.3,988.200012,1.6,204,0,0,9.72,21.35,991.83,4.92,281.34,0.0,0.0,0.0,0.0
2019/03/11 12:45,13.3,988.400024,1.3,223,0,0,9.41,21.99,992.1,4.97,278.28,0.0,0.0,0.0,0.0
2019/03/11 13:00,13.1,988.700012,1.0,236,0,0,9.06,22.87,992.38,4.82,280.07,0.0,0.0,0.0,0.0
2019/03/11 13:15,13.0,988.700012,1.1,240,0,0,8.64,24.15,992.74,4.5,287.76,0.0,0.0,0.0,0.0
2019/03/11 13:30,12.3,989.099976,1.0,245,0,0,8.29,25.39,993.06,4.19,298.24,0.0,0.0,0.0,0.0
2019/03/11 13:45,12.0,989.099976,1.5,263,0,0,8.12,26.42,993.23,4.07,313.81,0.0,0.0,0.0,0.0
2019/03/11 14:00,11.4,989.5,0.9,270,0,0,8.02,27.59,993.4,4.23,331.28,0.0,0.0,0.0,0.0
2019/03/11 14:15,11.4,989.599976,1.0,223,0,0,7.88,28.54,993.65,4.51,340.58,0.0,0.0,0.0,0.0
2019/03/11 14:30,11.1,989.700012,0.9,186,0,0,7.68,29.34,993.96,4.62,342.35,0.0,0.0,0.0,0.0
2019/03/11 14:45,11.1,990.0,0.9,246,0,0,7.41,30.29,994.24,4.43,341.55,0.0,0.0,0.0,0.0
2019/03/11 15:00,11.0,990.099976,1.0,302,0,0,7.1,31.48,994.49,4.05,342.3,0.0,0.0,0.0,0.0
2019/03/11 15:15,10.8,990.200012,2.8,247,0,0,6.79,32.82,994.79,3.72,347.46,0.0,0.0,0.0,0.0
2019/03/11 15:30,11.1,990.5,2.6,283,0,0,6.52,34.29,995.12,3.52,355.37,0.0,0.0,0.0,0.0
2019/03/11 15:45,11.0,990.400024,3.5,261,0,0,6.23,35.83,995.48,3.45,2.24,0.0,0.0,0.0,0.0
2019/03/11 16:00,10.7,990.599976,1.6,317,0,0,6.92,29.81,993.78,3.75,296.4,0.0,0.0,0.0,0.0
2019/03/11 16:15,10.5,990.799988,2.3,270,0,0,6.73,30.16,994.14,3.27,302.76,0.0,0.0,0.0,0.0
2019/03/11 16:30,10.3,991.0,4.3,289,0,0,6.65,30.2,994.69,2.72,310.17,0.0,0.0,0.0,0.0
2019/03/11 16:45,10.0,991.099976,3.2,241,0,0,6.62,30.14,995.09,2.08,320.12,0.0,0.0,0.0,0.0
2019/03/11 17:00,9.6,991.400024,2.6,282,0,0,6.61,30.1,995.4,1.51,340.12,0.0,0.0,0.0,0.0
2019/03/11 17:15,9.400001,991.5,2.7,272,0,0,6.47,30.47,995.77,1.29,19.82,0.0,0.0,0.0,0.0
2019/03/11 17:30,9.2,992.0,2.4,255,0,0,6.19,31.3,995.97,1.47,56.03,0.0,0.0,0.0,0.0
2019/03/11 17:45,9.0,992.099976,1.8,284,0,0,5.81,32.46,996.25,1.82,73.78,0.0,0.0,0.0,0.0
2019/03/11 18:00,8.6,992.099976,4.0,248,0,0,5.39,33.7,996.47,2.09,80.58,0.0,0.0,0.0,0.0
2019/03/11 18:15,8.400001,992.099976,5.8,295,0,0,4.99,34.65,996.54,2.22,82.0,0.0,0.0,0.0,0.0
2019/03/11 18:30,8.0,992.400024,2.2,311,0,0,4.66,35.25,996.66,2.22,81.19,0.0,0.0,0.0,0.0
2019/03/11 18:45,7.8,992.599976,4.7,267,0,0,4.4,35.53,996.76,2.12,79.96,0.0,0.0,0.0,0.0
2019/03/11 19:00,7.5,992.700012,2.4,293,0,0,4.19,35.56,996.8,1.98,79.52,0.0,0.0,0.0,0.0
2019/03/12 08:00,13.7,991.799988,2.6,149,575,192,12.65,9.04,994.97,5.64,318.18,443.33,44.31999999999999,399.01,15.34619
2019/03/12 08:15,14.0,991.799988,1.8,144,511,179,12.57,9.27,995.03,5.07,326.29,389.16,42.120000000000005,347.04,13.39669
2019/03/12 08:30,14.0,991.700012,1.5,166,455,164,12.5,9.48,995.03,4.69,334.09,351.67,40.48000000000002,311.19,11.72784
2019/03/12 08:45,13.5,991.599976,2.7,317,373,133,12.38,9.64,995.03,4.45,339.16,293.83,37.64999999999998,256.18,10.41009
2019/03/12 09:00,13.2,991.799988,5.5,349,293,103,12.3,9.72,995.07,4.26,340.8,254.49,35.48000000000002,219.01,8.150844000000001
2019/03/12 09:15,13.2,992.099976,2.3,314,223,74,12.19,9.8,995.09,4.04,339.96,194.88,31.599999999999994,163.28,5.829141
2019/03/12 09:30,13.0,992.400024,3.1,327,163,56,12.08,9.9,995.1,3.74,338.09,155.15,28.47,126.68,4.120483999999999
2019/03/12 09:45,12.4,992.700012,2.6,329,98,38,11.82,10.45,995.1,3.31,336.24,96.69,22.53,74.16,2.352492
2019/03/12 10:00,12.0,993.0,1.8,333,49,24,11.39,11.25,995.12,2.84,336.48,59.62,17.269999999999996,42.35,1.071848
2019/03/12 10:15,11.2,993.299988,2.1,326,11,9,10.83,11.88,995.19,2.43,335.66,11.81,5.94,5.87,0.269466
2019/03/12 10:30,10.8,993.5,2.5,349,0,0,10.38,12.58,995.31,2.16,329.33,0.0,0.0,0.0,0.0
2019/03/12 10:45,10.3,993.799988,2.0,339,0,0,9.93,13.6,995.57,2.08,317.99,0.0,0.0,0.0,0.0
2019/03/12 11:00,10.4,994.0,2.4,355,0,0,9.47,14.46,995.94,2.23,303.03,0.0,0.0,0.0,0.0
2019/03/12 11:15,10.3,994.200012,3.7,14,0,0,8.94,15.21,996.34,2.64,289.98,0.0,0.0,0.0,0.0
2019/03/12 11:30,9.400001,994.700012,2.6,42,0,0,8.27,16.03,996.74,3.21,282.03,0.0,0.0,0.0,0.0
2019/03/12 11:45,9.0,995.099976,1.1,57,0,0,7.65,16.77,997.1,3.75,278.09,0.0,0.0,0.0,0.0
2019/03/12 12:00,9.0,995.299988,2.8,48,0,0,7.15,17.23,997.42,4.15,277.06,0.0,0.0,0.0,0.0
2019/03/12 12:15,8.5,995.700012,1.8,74,0,0,6.78,17.58,997.73,4.48,276.45,0.0,0.0,0.0,0.0
2019/03/12 12:30,8.5,996.099976,3.0,38,0,0,6.46,17.96,998.01,4.74,275.89,0.0,0.0,0.0,0.0
2019/03/12 12:45,8.3,996.099976,2.3,54,0,0,6.18,18.29,998.29,4.89,275.83,0.0,0.0,0.0,0.0
2019/03/12 13:00,8.1,996.400024,2.1,43,0,0,5.94,18.67,998.53,4.95,276.19,0.0,0.0,0.0,0.0
2019/03/12 13:15,7.7,996.700012,1.7,44,0,0,5.71,19.1,998.74,4.97,276.61,0.0,0.0,0.0,0.0
2019/03/12 13:30,7.5,997.0,0.0,12,0,0,5.5,19.52,998.9,4.99,276.69,0.0,0.0,0.0,0.0
2019/03/12 13:45,6.3,997.299988,0.6,307,0,0,5.3,19.92,998.92,5.04,276.22,0.0,0.0,0.0,0.0
2019/03/12 14:00,7.0,997.299988,0.0,340,0,0,5.14,20.3,998.9,5.15,275.55,0.0,0.0,0.0,0.0
2019/03/12 14:15,7.5,997.5,0.0,18,0,0,5.0,20.64,999.0,5.29,274.67,0.0,0.0,0.0,0.0
2019/03/12 14:30,8.2,997.5,0.7,24,0,0,4.88,20.97,999.15,5.43,273.72,0.0,0.0,0.0,0.0
2019/03/12 14:45,8.2,997.400024,0.8,22,0,0,4.76,21.34,999.29,5.55,272.98,0.0,0.0,0.0,0.0
2019/03/12 15:00,5.3,997.799988,0.5,266,0,0,4.64,21.81,999.46,5.61,272.57,0.0,0.0,0.0,0.0
2019/03/12 15:15,6.6,997.599976,0.1,99,0,0,4.51,22.35,999.67,5.61,272.79,0.0,0.0,0.0,0.0
2019/03/12 15:30,5.8,997.700012,0.0,257,0,0,4.35,23.01,999.9,5.53,273.66,0.0,0.0,0.0,0.0
2019/03/12 15:45,3.5,997.900024,0.3,329,0,0,4.19,23.72,1000.15,5.36,275.49,0.0,0.0,0.0,0.0
2019/03/12 16:00,5.6,997.700012,0.5,153,0,0,4.81,20.59,999.3,5.2,278.09,0.0,0.0,0.0,0.0
2019/03/12 16:15,6.7,997.700012,0.6,128,0,0,4.62,21.31,999.49,5.1,277.43,0.0,0.0,0.0,0.0
2019/03/12 16:30,5.5,997.799988,0.1,161,0,0,4.42,22.15,999.36,4.98,276.97,0.0,0.0,0.0,0.0
2019/03/12 16:45,4.1,998.099976,0.0,56,0,0,4.22,23.0,999.4,4.82,277.59,0.0,0.0,0.0,0.0
2019/03/12 17:00,6.3,998.0,0.3,135,0,0,4.04,23.91,999.63,4.57,279.41,0.0,0.0,0.0,0.0
2019/03/12 17:15,4.3,998.5,0.7,260,0,0,3.83,24.85,999.83,4.22,281.73,0.0,0.0,0.0,0.0
2019/03/12 17:30,3.9,998.599976,0.0,212,0,0,3.63,25.75,1000.07,3.85,284.19,0.0,0.0,0.0,0.0
2019/03/12 17:45,4.7,998.5,0.3,299,0,0,3.45,26.61,1000.12,3.51,285.61,0.0,0.0,0.0,0.0
2019/03/12 18:00,5.6,998.5,0.0,341,0,0,3.3,27.3,1000.4,3.25,284.98,0.0,0.0,0.0,0.0
2019/03/12 18:15,4.9,998.5,2.0,346,0,0,3.15,27.79,1000.43,3.12,281.71,0.0,0.0,0.0,0.0
2019/03/12 18:30,5.5,998.400024,2.0,344,0,0,3.03,28.05,1000.58,3.16,275.83,0.0,0.0,0.0,0.0
2019/03/12 18:45,5.7,998.400024,1.8,338,0,0,2.92,28.17,1000.73,3.33,269.74,0.0,0.0,0.0,0.0
2019/03/12 19:00,3.4,998.700012,0.0,15,0,0,2.82,28.19,1000.71,3.56,264.76,0.0,0.0,0.0,0.0
2019/03/13 08:00,17.4,994.099976,1.3,83,539,193,16.71,10.34,997.42,7.4,283.63,438.46,44.44999999999999,394.01,15.84669
2019/03/13 08:15,17.5,994.0,3.0,134,486,184,16.77,10.28,997.4,7.62,287.37,385.22,42.27000000000004,342.95,13.791529999999998
2019/03/13 08:30,18.1,993.900024,3.0,154,426,163,16.77,10.3,997.33,7.79,288.37,348.34,40.63999999999999,307.7,11.8965
2019/03/13 08:45,17.6,993.799988,4.0,141,350,137,16.69,10.37,997.26,7.76,288.25,291.32,37.81999999999999,253.5,9.618876
2019/03/13 09:00,17.799999,993.799988,3.7,139,279,108,16.64,10.43,997.2,7.61,288.53,252.5,35.650000000000006,216.85,7.665219
2019/03/13 09:15,17.6,993.900024,3.5,141,214,83,16.49,10.57,997.12,7.38,288.88,193.67,31.80999999999997,161.86,5.774453
2019/03/13 09:30,17.6,994.0,3.4,151,153,63,16.32,10.8,997.08,7.03,288.68,154.48,28.719999999999985,125.76,3.859406
2019/03/13 09:45,17.5,994.099976,3.0,123,93,43,15.94,11.3,997.07,6.57,287.52,96.89,22.86,74.03,2.228297
2019/03/13 10:00,15.6,994.5,2.4,26,44,28,15.39,12.06,997.09,6.11,285.04,60.44,17.699999999999996,42.74,1.023887
2019/03/13 10:15,14.9,994.799988,3.0,37,9,9,14.58,13.01,997.14,5.72,282.18,13.32,6.62,6.7,0.215171
2019/03/13 10:30,14.1,995.099976,2.1,59,0,0,13.87,13.9,997.21,5.36,280.67,0.0,0.0,0.0,0.0
2019/03/13 10:45,13.6,995.400024,3.0,50,0,0,13.3,14.84,997.36,4.97,280.86,0.0,0.0,0.0,0.0
2019/03/13 11:00,13.0,995.400024,2.7,43,0,0,12.76,15.83,997.58,4.65,280.52,0.0,0.0,0.0,0.0
2019/03/13 11:15,12.6,995.400024,2.4,63,0,0,12.24,16.86,997.77,4.53,278.78,0.0,0.0,0.0,0.0
2019/03/13 11:30,12.5,995.700012,3.1,48,0,0,11.76,17.87,998.02,4.59,277.24,0.0,0.0,0.0,0.0
2019/03/13 11:45,12.3,995.700012,2.2,45,0,0,11.32,18.82,998.27,4.72,277.29,0.0,0.0,0.0,0.0
2019/03/13 12:00,12.1,995.799988,2.5,61,0,0,10.91,19.69,998.48,4.84,278.16,0.0,0.0,0.0,0.0
2019/03/13 12:15,11.9,995.900024,1.2,50,0,0,10.54,20.51,998.69,4.97,279.12,0.0,0.0,0.0,0.0
2019/03/13 12:30,11.1,996.400024,0.8,218,0,0,10.2,21.26,998.89,5.07,278.96,0.0,0.0,0.0,0.0
2019/03/13 12:45,10.3,996.599976,1.1,320,0,0,9.89,21.91,999.09,5.16,277.46,0.0,0.0,0.0,0.0
2019/03/13 13:00,10.0,996.799988,1.6,318,0,0,9.58,22.5,999.27,5.29,274.32,0.0,0.0,0.0,0.0
2019/03/13 13:15,9.900001,997.099976,1.5,320,0,0,9.3,22.98,999.42,5.47,270.81,0.0,0.0,0.0,0.0
2019/03/13 13:30,10.1,997.0,1.7,321,0,0,9.05,23.34,999.54,5.67,267.67,0.0,0.0,0.0,0.0
2019/03/13 13:45,10.3,997.099976,1.4,323,0,0,8.77,23.71,999.5,5.91,264.22,0.0,0.0,0.0,0.0
2019/03/13 14:00,9.900001,997.200012,0.8,314,0,0,8.59,23.87,999.45,6.15,262.91,0.0,0.0,0.0,0.0
2019/03/13 14:15,8.400001,997.400024,0.3,314,0,0,8.45,23.98,999.47,6.34,262.66,0.0,0.0,0.0,0.0
2019/03/13 14:30,8.3,997.599976,0.7,205,0,0,8.33,24.09,999.54,6.45,263.27,0.0,0.0,0.0,0.0
2019/03/13 14:45,8.3,997.700012,0.0,267,0,0,8.23,24.22,999.58,6.49,264.25,0.0,0.0,0.0,0.0
2019/03/13 15:00,8.6,997.5,1.0,328,0,0,8.11,24.38,999.58,6.5,265.25,0.0,0.0,0.0,0.0
2019/03/13 15:15,9.7,997.700012,0.3,186,0,0,7.98,24.6,999.61,6.53,266.33,0.0,0.0,0.0,0.0
2019/03/13 15:30,9.3,997.599976,0.0,90,0,0,7.82,24.89,999.69,6.61,268.36,0.0,0.0,0.0,0.0
2019/03/13 15:45,6.3,998.099976,0.0,166,0,0,7.66,25.21,999.84,6.74,271.88,0.0,0.0,0.0,0.0
2019/03/13 16:00,8.2,997.900024,1.0,154,0,0,8.02,24.56,999.02,6.39,275.37,0.0,0.0,0.0,0.0
2019/03/13 16:15,7.8,997.900024,0.9,134,0,0,7.66,25.62,999.21,5.86,276.42,0.0,0.0,0.0,0.0
2019/03/13 16:30,9.3,997.799988,0.9,147,0,0,7.3,26.67,999.52,5.38,277.09,0.0,0.0,0.0,0.0
2019/03/13 16:45,9.8,997.799988,0.7,153,0,0,6.99,27.47,999.44,5.06,276.55,0.0,0.0,0.0,0.0
2019/03/13 17:00,9.1,997.900024,0.0,305,0,0,6.75,28.0,999.37,4.9,275.85,0.0,0.0,0.0,0.0
2019/03/13 17:15,9.3,998.0,0.0,256,0,0,6.58,28.25,999.45,4.85,275.07,0.0,0.0,0.0,0.0
2019/03/13 17:30,9.6,997.799988,0.0,236,0,0,6.46,28.36,999.73,4.86,275.31,0.0,0.0,0.0,0.0
2019/03/13 17:45,9.7,997.799988,0.3,166,0,0,6.33,28.46,999.82,4.88,275.34,0.0,0.0,0.0,0.0
2019/03/13 18:00,9.5,997.799988,0.0,184,0,0,6.18,28.6,999.63,4.91,275.43,0.0,0.0,0.0,0.0
2019/03/13 18:15,9.3,997.900024,0.1,246,0,0,6.07,28.69,999.64,4.95,274.91,0.0,0.0,0.0,0.0
2019/03/13 18:30,8.0,998.0,0.4,122,0,0,5.94,28.82,999.59,4.95,273.92,0.0,0.0,0.0,0.0
2019/03/13 18:45,7.0,997.900024,0.6,125,0,0,5.83,28.93,999.53,4.94,271.85,0.0,0.0,0.0,0.0
2019/03/13 19:00,6.2,998.0,0.0,139,0,0,5.76,28.95,999.53,4.95,269.97,0.0,0.0,0.0,0.0
2019/03/14 08:00,17.4,994.799988,0.1,178,127,114,16.28,11.98,997.76,10.02,318.38,440.61,44.56999999999999,396.04,3.255055
2019/03/14 08:15,17.6,994.400024,1.7,249,536,260,16.17,12.12,997.88,10.15,318.48,387.33,42.40999999999997,344.92,15.34313
2019/03/14 08:30,18.1,994.799988,4.3,193,180,133,16.06,12.19,997.91,10.3,319.16,350.55,40.78000000000003,309.77,4.073453
2019/03/14 08:45,18.0,994.900024,3.6,229,399,170,15.87,12.34,997.95,10.41,320.2,293.78,37.98999999999998,255.79,10.84716
2019/03/14 09:00,18.1,995.0,4.4,237,280,117,15.68,12.58,998.03,10.4,321.2,255.06,35.84,219.22,8.111032000000002
2019/03/14 09:15,17.700001,995.200012,5.0,214,232,92,15.42,12.99,998.09,10.23,321.98,196.13,32.03999999999999,164.09,6.227812999999999
2019/03/14 09:30,17.299999,995.599976,3.9,215,161,67,15.18,13.53,998.16,9.89,322.1,156.81,28.99000000000001,127.82,4.145531
2019/03/14 09:45,17.0,995.799988,5.7,212,104,45,14.84,14.23,998.23,9.43,321.55,99.11,23.209999999999997,75.9,2.436383
2019/03/14 10:00,16.6,996.200012,2.3,249,51,27,14.45,14.96,998.32,8.87,321.31,62.67,18.15,44.52,1.1052620000000002
2019/03/14 10:15,15.9,996.799988,0.9,232,12,10,13.89,15.69,998.42,8.17,321.4,15.25,7.34,7.91,0.322383
2019/03/14 10:30,15.2,997.099976,5.0,208,0,0,13.31,16.45,998.49,7.38,321.51,0.0,0.0,0.0,0.0
2019/03/14 10:45,15.0,997.400024,5.8,196,0,0,12.8,17.26,998.64,6.62,321.35,0.0,0.0,0.0,0.0
2019/03/14 11:00,14.8,997.700012,6.9,200,0,0,12.32,18.12,998.87,5.95,320.43,0.0,0.0,0.0,0.0
2019/03/14 11:15,14.6,998.099976,3.4,232,0,0,11.85,19.04,999.11,5.37,318.33,0.0,0.0,0.0,0.0
2019/03/14 11:30,14.4,998.400024,3.6,202,0,0,11.38,19.96,999.38,4.86,313.89,0.0,0.0,0.0,0.0
2019/03/14 11:45,13.8,998.599976,1.5,229,0,0,10.92,20.91,999.63,4.45,307.22,0.0,0.0,0.0,0.0
2019/03/14 12:00,13.6,998.900024,0.5,225,0,0,10.48,21.86,999.84,4.18,298.99,0.0,0.0,0.0,0.0
2019/03/14 12:15,13.4,999.0,1.4,220,0,0,10.08,22.73,1000.05,4.01,289.84,0.0,0.0,0.0,0.0
2019/03/14 12:30,13.1,999.099976,0.5,233,0,0,9.73,23.46,1000.27,3.91,281.37,0.0,0.0,0.0,0.0
2019/03/14 12:45,13.0,999.200012,0.5,228,0,0,9.45,24.04,1000.46,3.91,275.23,0.0,0.0,0.0,0.0
2019/03/14 13:00,12.6,999.400024,0.0,176,0,0,9.19,24.6,1000.63,4.09,272.15,0.0,0.0,0.0,0.0
2019/03/14 13:15,12.4,999.5,1.8,199,0,0,8.91,25.27,1000.8,4.45,270.24,0.0,0.0,0.0,0.0
2019/03/14 13:30,12.5,999.5,0.9,255,0,0,8.65,25.94,1000.94,4.79,269.39,0.0,0.0,0.0,0.0
2019/03/14 13:45,12.1,999.599976,1.0,251,0,0,8.42,26.52,1000.94,5.02,270.31,0.0,0.0,0.0,0.0
2019/03/14 14:00,11.5,999.799988,1.7,201,0,0,8.21,27.11,1000.95,5.17,271.44,0.0,0.0,0.0,0.0
2019/03/14 14:15,11.1,999.900024,0.4,176,0,0,8.0,27.72,1001.05,5.3,271.62,0.0,0.0,0.0,0.0
2019/03/14 14:30,11.6,999.700012,2.0,203,0,0,7.81,28.3,1001.16,5.38,271.69,0.0,0.0,0.0,0.0
2019/03/14 14:45,11.1,999.700012,0.9,154,0,0,7.62,28.83,1001.24,5.44,272.28,0.0,0.0,0.0,0.0
2019/03/14 15:00,11.1,999.599976,1.5,142,0,0,7.44,29.31,1001.3,5.49,272.79,0.0,0.0,0.0,0.0
2019/03/14 15:15,11.5,999.299988,1.3,170,0,0,7.28,29.72,1001.39,5.52,273.32,0.0,0.0,0.0,0.0
2019/03/14 15:30,10.3,999.5,0.9,145,0,0,7.13,30.12,1001.52,5.52,273.5,0.0,0.0,0.0,0.0
2019/03/14 15:45,10.6,999.299988,1.4,125,0,0,6.98,30.48,1001.67,5.51,272.89,0.0,0.0,0.0,0.0
2019/03/14 16:00,10.4,999.299988,1.3,148,0,0,7.65,24.4,1000.83,5.7,274.83,0.0,0.0,0.0,0.0
2019/03/14 16:15,9.6,999.299988,0.9,157,0,0,7.55,24.75,1000.94,5.7,273.88,0.0,0.0,0.0,0.0
2019/03/14 16:30,10.1,999.400024,1.2,178,0,0,7.46,25.02,1001.13,5.74,272.51,0.0,0.0,0.0,0.0
2019/03/14 16:45,10.0,999.200012,0.6,161,0,0,7.38,25.2,1001.13,5.84,271.78,0.0,0.0,0.0,0.0
2019/03/14 17:00,10.3,999.200012,0.3,165,0,0,7.33,25.35,1001.07,5.98,271.41,0.0,0.0,0.0,0.0
2019/03/14 17:15,10.2,999.200012,0.6,205,0,0,7.32,25.39,1001.11,6.11,271.54,0.0,0.0,0.0,0.0
2019/03/14 17:30,10.5,999.0,1.5,136,0,0,7.33,25.37,1001.23,6.16,271.81,0.0,0.0,0.0,0.0
2019/03/14 17:45,10.4,999.099976,1.4,138,0,0,7.28,25.45,1001.01,6.15,271.62,0.0,0.0,0.0,0.0
2019/03/14 18:00,10.0,999.200012,0.5,212,0,0,7.22,25.61,1000.84,6.1,271.08,0.0,0.0,0.0,0.0
2019/03/14 18:15,10.0,999.200012,1.2,136,0,0,7.16,25.82,1000.7,6.08,270.23,0.0,0.0,0.0,0.0
2019/03/14 18:30,10.3,999.0,1.2,143,0,0,7.12,26.03,1000.8,6.14,269.52,0.0,0.0,0.0,0.0
2019/03/14 18:45,10.5,998.900024,0.7,127,0,0,7.08,26.26,1000.78,6.28,269.94,0.0,0.0,0.0,0.0
2019/03/14 19:00,10.6,998.700012,1.4,117,0,0,7.08,26.42,1000.79,6.45,270.39,0.0,0.0,0.0,0.0
2019/03/15 08:00,16.5,994.5,2.5,26,489,214,16.01,17.57,998.19,6.12,144.79,437.41,44.64000000000004,392.77,14.58669
2019/03/15 08:15,16.5,994.400024,3.2,34,441,200,16.09,17.56,997.98,6.14,146.11,384.96,42.48999999999995,342.47,12.76734
2019/03/15 08:30,16.4,994.200012,4.7,36,379,178,16.13,17.63,997.7,6.16,146.98,348.63,40.870000000000005,307.76,10.76338
2019/03/15 08:45,16.799999,994.099976,3.6,38,311,149,16.09,17.85,997.45,6.19,148.21,292.46,38.089999999999975,254.37,8.794844
2019/03/15 09:00,16.5,994.0,2.7,38,247,123,16.04,18.1,997.22,6.18,149.9,254.2,35.95999999999998,218.24,6.928906
2019/03/15 09:15,16.5,994.0,2.1,40,184,94,15.91,18.5,997.0,6.11,151.65,196.14,32.19999999999999,163.94,5.061438
2019/03/15 09:30,16.6,993.900024,2.4,74,130,72,15.73,19.02,996.8,5.92,153.62,157.44,29.19,128.25,3.422781
2019/03/15 09:45,16.299999,994.200012,1.7,11,81,50,15.38,19.88,996.61,5.5,155.1,100.5,23.52,76.98,2.080258
2019/03/15 10:00,15.8,994.299988,2.3,41,39,30,14.86,21.11,996.43,4.97,155.58,64.37,18.56,45.81,0.957223
2019/03/15 10:15,15.4,994.400024,0.9,18,13,12,14.1,22.55,996.31,4.51,157.85,17.03,8.010000000000002,9.02,0.3431369999999999
2019/03/15 10:30,14.8,994.400024,1.4,350,0,0,13.48,23.68,996.24,4.14,162.25,0.0,0.0,0.0,0.021223
2019/03/15 10:45,14.5,994.599976,2.0,358,0,0,13.02,24.63,996.21,3.77,167.31,0.0,0.0,0.0,0.0
2019/03/15 11:00,14.4,994.5,1.7,354,0,0,12.61,25.57,996.28,3.27,176.74,0.0,0.0,0.0,0.0
2019/03/15 11:15,13.7,994.799988,1.5,330,0,0,12.27,26.37,996.38,2.7,197.62,0.0,0.0,0.0,0.0
2019/03/15 11:30,13.1,994.799988,1.7,340,0,0,11.89,27.24,996.51,2.45,235.09,0.0,0.0,0.0,0.0
2019/03/15 11:45,12.9,994.900024,2.3,351,0,0,11.44,28.28,996.58,2.76,267.13,0.0,0.0,0.0,0.0
2019/03/15 12:00,13.0,994.700012,2.6,345,0,0,10.99,29.24,996.63,3.36,277.95,0.0,0.0,0.0,0.0
2019/03/15 12:15,12.9,994.799988,2.1,350,0,0,10.62,29.87,996.74,3.86,277.66,0.0,0.0,0.0,0.0
2019/03/15 12:30,12.8,994.900024,1.5,11,0,0,10.36,30.0,996.83,4.14,274.62,0.0,0.0,0.0,0.0
2019/03/15 12:45,12.2,994.900024,0.9,354,0,0,10.21,29.72,996.91,4.27,271.77,0.0,0.0,0.0,0.0
2019/03/15 13:00,11.1,995.099976,0.2,242,0,0,10.09,29.34,996.97,4.27,268.98,0.0,0.0,0.0,0.0
2019/03/15 13:15,10.6,995.099976,0.5,247,0,0,9.98,29.08,996.98,4.2,265.94,0.0,0.0,0.0,0.0
2019/03/15 13:30,10.1,995.200012,0.6,300,0,0,9.85,28.98,996.97,4.13,263.0,0.0,0.0,0.0,0.0
2019/03/15 13:45,10.9,995.099976,2.1,304,0,0,9.73,28.9,996.84,4.06,260.18,0.0,0.0,0.0,0.0
2019/03/15 14:00,10.1,995.099976,1.7,305,0,0,9.65,28.69,996.69,4.01,257.44,0.0,0.0,0.0,0.0
2019/03/15 14:15,10.2,995.099976,1.7,325,0,0,9.63,28.31,996.63,4.01,256.38,0.0,0.0,0.0,0.0
2019/03/15 14:30,10.1,995.200012,1.6,322,0,0,9.62,27.83,996.63,4.05,258.11,0.0,0.0,0.0,0.0
2019/03/15 14:45,9.900001,995.0,1.2,307,0,0,9.61,27.38,996.59,4.14,261.87,0.0,0.0,0.0,0.0
2019/03/15 15:00,9.6,994.900024,1.3,330,0,0,9.54,27.06,996.55,4.31,267.06,0.0,0.0,0.0,0.0
2019/03/15 15:15,9.8,994.900024,1.7,352,0,0,9.46,26.83,996.53,4.54,272.4,0.0,0.0,0.0,0.0
2019/03/15 15:30,10.2,994.900024,1.9,347,0,0,9.4,26.6,996.54,4.77,276.95,0.0,0.0,0.0,0.0
2019/03/15 15:45,10.5,994.599976,1.6,357,0,0,9.33,26.41,996.61,4.96,280.37,0.0,0.0,0.0,0.0
2019/03/15 16:00,7.7,994.799988,0.7,183,0,0,9.92,26.14,995.79,1.63,233.73,0.0,0.0,0.0,0.0
2019/03/15 16:15,7.4,994.700012,1.0,148,0,0,9.63,26.55,995.77,1.82,230.33,0.0,0.0,0.0,0.0
2019/03/15 16:30,7.4,994.400024,0.8,144,0,0,9.42,26.67,995.97,2.01,235.07,0.0,0.0,0.0,0.0
2019/03/15 16:45,7.7,994.400024,0.6,184,0,0,9.31,26.44,995.93,2.13,245.5,0.0,0.0,0.0,0.0
2019/03/15 17:00,7.6,994.200012,1.6,143,0,0,9.29,25.94,995.9,2.34,260.82,0.0,0.0,0.0,0.0
2019/03/15 17:15,7.2,994.0,0.9,141,0,0,9.18,25.54,995.66,2.73,273.38,0.0,0.0,0.0,0.0
2019/03/15 17:30,6.9,994.0,0.7,214,0,0,8.97,25.39,995.49,3.22,279.76,0.0,0.0,0.0,0.0
2019/03/15 17:45,6.1,993.599976,0.6,160,0,0,8.79,25.2,995.4,3.7,280.31,0.0,0.0,0.0,0.0
2019/03/15 18:00,6.6,993.5,1.1,165,0,0,8.65,24.98,995.28,4.1,279.25,0.0,0.0,0.0,0.0
2019/03/15 18:15,6.9,993.400024,2.2,140,0,0,8.52,24.86,995.15,4.34,280.57,0.0,0.0,0.0,0.0
2019/03/15 18:30,8.1,992.900024,2.2,157,0,0,8.39,24.83,995.24,4.42,282.49,0.0,0.0,0.0,0.0
2019/03/15 18:45,8.2,992.700012,2.3,159,0,0,8.25,24.91,995.08,4.31,282.81,0.0,0.0,0.0,0.0
2019/03/15 19:00,8.3,992.5,2.1,146,0,0,8.13,25.03,994.86,4.0,283.27,0.0,0.0,0.0,0.0
2019/03/16 08:00,23.5,991.200012,2.8,331,506,211,20.56,14.24,995.57,2.69,65.53,438.34,44.64999999999998,393.69,14.69738
2019/03/16 08:15,23.200001,991.299988,0.7,41,453,199,20.6,14.14,995.63,2.75,67.18,385.77,42.50999999999999,343.26,12.93819
2019/03/16 08:30,23.299999,991.400024,2.7,354,390,180,20.63,13.98,995.58,2.93,64.9,349.44,40.910000000000025,308.53,10.85809
2019/03/16 08:45,23.299999,991.5,0.4,308,315,152,20.61,13.84,995.54,3.22,60.24,293.36,38.170000000000016,255.19,8.776469
2019/03/16 09:00,22.799999,991.400024,3.5,340,249,126,20.57,13.74,995.55,3.63,53.96,255.19,36.06,219.13,6.818
2019/03/16 09:15,22.700001,991.599976,2.6,351,186,99,20.43,13.83,995.6,4.08,47.63,197.33,32.360000000000014,164.97,4.994719
2019/03/16 09:30,22.299999,991.900024,3.1,356,131,76,20.23,14.19,995.65,4.37,43.53,158.79,29.389999999999983,129.4,3.4388589999999994
2019/03/16 09:45,21.799999,992.099976,2.9,305,81,53,19.8,15.13,995.71,4.27,42.91,102.09,23.81,78.28,2.090594
2019/03/16 10:00,21.4,992.400024,1.8,314,40,32,19.16,16.64,995.78,3.85,46.43,66.11,18.950000000000003,47.16,1.03477
2019/03/16 10:15,20.799999,992.700012,1.5,335,13,12,18.32,18.19,995.88,3.45,52.54,18.76,8.650000000000002,10.11,0.383332
2019/03/16 10:30,20.0,992.900024,2.4,323,0,0,17.78,18.97,995.99,3.13,59.54,0.0,0.0,0.0,0.0
2019/03/16 10:45,19.6,993.299988,2.6,300,0,0,17.44,19.53,996.17,2.76,67.15,0.0,0.0,0.0,0.0
2019/03/16 11:00,19.200001,993.400024,2.0,345,0,0,17.2,19.91,996.47,2.39,74.99,0.0,0.0,0.0,0.0
2019/03/16 11:15,19.0,993.599976,2.4,305,0,0,16.98,20.25,996.8,2.1,84.42,0.0,0.0,0.0,0.0
2019/03/16 11:30,18.9,993.900024,3.3,324,0,0,16.78,20.5,997.15,1.87,93.35,0.0,0.0,0.0,0.0
2019/03/16 11:45,18.0,994.400024,3.2,355,0,0,16.59,20.73,997.44,1.64,102.12,0.0,0.0,0.0,0.0
2019/03/16 12:00,17.200001,994.799988,2.9,344,0,0,16.43,20.88,997.7,1.36,109.5,0.0,0.0,0.0,0.0
2019/03/16 12:15,16.6,995.099976,2.4,23,0,0,16.25,21.08,997.99,1.0,115.46,0.0,0.0,0.0,0.0
2019/03/16 12:30,16.4,995.299988,1.7,334,0,0,16.02,21.38,998.28,0.65,127.73,0.0,0.0,0.0,0.0
2019/03/16 12:45,16.1,995.5,2.0,10,0,0,15.77,21.77,998.59,0.44,150.58,0.0,0.0,0.0,0.0
2019/03/16 13:00,15.5,995.700012,1.1,336,0,0,15.52,22.21,998.93,0.51,138.51,0.0,0.0,0.0,0.0
2019/03/16 13:15,15.6,995.799988,1.2,9,0,0,15.26,22.67,999.24,0.83,122.63,0.0,0.0,0.0,0.0
2019/03/16 13:30,14.0,996.200012,0.0,208,0,0,14.99,23.18,999.46,1.13,119.13,0.0,0.0,0.0,0.0
2019/03/16 13:45,13.8,996.599976,0.4,261,0,0,14.73,23.66,999.48,1.18,116.48,0.0,0.0,0.0,0.0
2019/03/16 14:00,13.6,996.900024,0.9,281,0,0,14.52,24.02,999.51,0.96,113.03,0.0,0.0,0.0,0.0
2019/03/16 14:15,13.5,997.099976,1.8,320,0,0,14.33,24.34,999.65,0.57,106.09,0.0,0.0,0.0,0.0
2019/03/16 14:30,13.8,997.200012,1.0,303,0,0,14.12,24.73,999.83,0.35,31.53,0.0,0.0,0.0,0.0
2019/03/16 14:45,13.1,997.400024,2.5,313,0,0,13.9,25.22,1000.02,0.56,324.17,0.0,0.0,0.0,0.0
2019/03/16 15:00,13.8,997.400024,3.3,324,0,0,13.61,25.9,1000.22,0.96,321.02,0.0,0.0,0.0,0.0
2019/03/16 15:15,13.4,997.700012,3.3,312,0,0,13.2,26.89,1000.5,1.24,332.38,0.0,0.0,0.0,0.0
2019/03/16 15:30,13.5,997.900024,3.5,333,0,0,12.63,28.5,1000.89,1.46,3.95,0.0,0.0,0.0,0.0
2019/03/16 15:45,13.4,997.900024,2.4,335,0,0,12.06,30.35,1001.25,1.79,16.66,0.0,0.0,0.0,0.0
2019/03/16 16:00,13.1,998.0,3.0,330,0,0,11.61,28.38,999.31,1.99,255.86,0.0,0.0,0.0,0.0
2019/03/16 16:15,12.9,998.099976,3.0,313,0,0,11.47,28.38,999.2,2.21,255.16,0.0,0.0,0.0,0.0
2019/03/16 16:30,12.8,998.400024,2.7,328,0,0,11.46,28.21,999.52,2.22,257.88,0.0,0.0,0.0,0.0
2019/03/16 16:45,12.7,998.400024,2.0,332,0,0,11.45,28.05,999.4,2.08,262.87,0.0,0.0,0.0,0.0
2019/03/16 17:00,12.6,998.400024,1.0,328,0,0,11.47,27.92,999.69,1.87,267.91,0.0,0.0,0.0,0.0
2019/03/16 17:15,11.6,998.700012,0.6,236,0,0,11.42,27.99,999.84,1.64,271.96,0.0,0.0,0.0,0.0
2019/03/16 17:30,11.6,998.599976,1.0,208,0,0,11.27,28.31,1000.01,1.41,278.8,0.0,0.0,0.0,0.0
2019/03/16 17:45,11.3,998.599976,0.4,265,0,0,11.09,28.79,1000.16,1.27,289.29,0.0,0.0,0.0,0.0
2019/03/16 18:00,11.1,998.700012,0.0,160,0,0,10.89,29.3,1000.4,1.3,296.44,0.0,0.0,0.0,0.0
2019/03/16 18:15,11.1,998.700012,0.5,304,0,0,10.66,29.79,1000.46,1.48,302.52,0.0,0.0,0.0,0.0
2019/03/16 18:30,11.4,998.700012,0.6,325,0,0,10.42,30.3,1000.59,1.69,312.52,0.0,0.0,0.0,0.0
2019/03/16 18:45,11.7,998.700012,0.5,318,0,0,10.06,31.12,1000.66,1.84,319.92,0.0,0.0,0.0,0.0
2019/03/16 19:00,11.8,998.700012,0.5,312,0,0,9.67,32.02,1000.64,1.94,322.71,0.0,0.0,0.0,0.0
2019/03/17 08:00,19.6,992.200012,3.0,39,271,222,19.42,17.89,995.19,6.78,143.55,445.8,44.78000000000003,401.02,8.003844
2019/03/17 08:15,19.4,992.299988,3.8,45,174,165,19.41,18.09,995.02,7.16,143.74,392.67,42.650000000000034,350.02,5.2255
2019/03/17 08:30,19.200001,992.099976,3.2,52,203,182,19.34,18.52,994.73,7.49,144.93,355.96,41.06,314.9,6.103562999999999
2019/03/17 08:45,19.1,992.099976,4.6,44,164,149,19.19,19.1,994.54,7.62,147.4,299.19,38.31999999999999,260.87,5.030047
2019/03/17 09:00,18.9,992.200012,2.2,32,106,110,19.07,19.65,994.39,7.55,149.86,260.52,36.23999999999998,224.28,3.282617
2019/03/17 09:15,18.700001,992.299988,2.1,16,89,96,18.88,20.38,994.15,7.37,150.63,201.96,32.56,169.4,2.795844
2019/03/17 09:30,18.5,992.299988,2.2,36,61,69,18.66,21.34,993.89,7.07,150.57,162.93,29.610000000000014,133.32,1.890438
2019/03/17 09:45,18.200001,992.5,3.5,41,39,45,18.3,22.56,993.71,6.58,150.94,105.47,24.069999999999997,81.4,1.202113
2019/03/17 10:00,17.799999,992.5,2.7,35,21,25,17.85,23.92,993.54,5.87,151.25,68.76,19.200000000000003,49.56,0.631121
2019/03/17 10:15,17.299999,992.5,0.8,35,5,6,17.09,25.78,993.41,5.02,151.99,20.06,9.239999999999998,10.82,0.14728
2019/03/17 10:30,16.700001,992.5,1.1,14,0,0,16.31,27.66,993.36,4.26,154.79,0.09,0.09,0.0,0.0
2019/03/17 10:45,16.4,992.400024,1.1,26,0,0,15.71,29.25,993.41,3.74,159.6,0.0,0.0,0.0,0.0
2019/03/17 11:00,16.299999,992.5,1.9,0,0,0,15.24,30.57,993.51,3.42,164.44,0.0,0.0,0.0,0.0
2019/03/17 11:15,16.1,992.5,1.4,46,0,0,14.84,31.73,993.56,3.19,169.05,0.0,0.0,0.0,0.0
2019/03/17 11:30,15.9,992.599976,1.5,357,0,0,14.49,32.71,993.65,2.95,175.57,0.0,0.0,0.0,0.0
2019/03/17 11:45,15.5,992.599976,0.0,96,0,0,14.23,33.41,993.76,2.61,185.59,0.0,0.0,0.0,0.0
2019/03/17 12:00,14.9,992.700012,0.3,243,0,0,14.0,33.94,993.84,2.14,200.01,0.0,0.0,0.0,0.0
2019/03/17 12:15,14.8,992.599976,0.9,313,0,0,13.82,34.28,993.93,1.67,223.8,0.0,0.0,0.0,0.0
2019/03/17 12:30,14.7,992.900024,0.6,321,0,0,13.67,34.46,994.01,1.47,262.63,0.0,0.0,0.0,0.0
2019/03/17 12:45,14.6,992.700012,0.7,328,0,0,13.39,34.94,994.07,1.65,300.58,0.0,0.0,0.0,0.0
2019/03/17 13:00,14.6,992.700012,1.0,327,0,0,13.03,35.69,994.09,2.04,322.27,0.0,0.0,0.0,0.0
2019/03/17 13:15,14.5,992.599976,1.6,320,0,0,12.63,36.6,994.07,2.37,329.97,0.0,0.0,0.0,0.0
2019/03/17 13:30,14.4,992.5,1.1,309,0,0,12.24,37.47,993.99,2.52,326.49,0.0,0.0,0.0,0.0
2019/03/17 13:45,14.2,992.5,1.3,306,0,0,11.89,38.14,993.74,2.68,313.04,0.0,0.0,0.0,0.0
2019/03/17 14:00,14.6,992.400024,1.2,318,0,0,11.53,38.64,993.56,2.96,296.45,0.0,0.0,0.0,0.0
2019/03/17 14:15,14.4,992.400024,1.3,322,0,0,11.25,38.77,993.46,3.26,282.52,0.0,0.0,0.0,0.0
2019/03/17 14:30,14.3,992.299988,2.2,321,0,0,11.13,38.36,993.41,3.45,272.61,0.0,0.0,0.0,0.0
2019/03/17 14:45,14.2,992.200012,0.7,330,0,0,11.05,37.79,993.3,3.6,270.01,0.0,0.0,0.0,0.0
2019/03/17 15:00,14.3,992.200012,1.0,330,0,0,10.99,37.17,993.17,3.81,270.63,0.0,0.0,0.0,0.0
2019/03/17 15:15,14.3,992.099976,1.4,300,0,0,10.96,36.36,993.13,4.08,269.27,0.0,0.0,0.0,0.0
2019/03/17 15:30,12.1,991.799988,0.9,150,0,0,10.95,35.46,993.12,4.16,271.07,0.0,0.0,0.0,0.0
2019/03/17 15:45,11.8,991.900024,0.7,149,0,0,10.87,35.05,993.09,4.01,275.46,0.0,0.0,0.0,0.0
2019/03/17 16:00,12.1,991.700012,0.0,182,0,0,11.43,42.95,992.53,2.8,253.83,0.0,0.0,0.0,0.0
2019/03/17 16:15,11.9,991.299988,0.1,206,0,0,11.25,43.21,992.41,3.08,251.14,0.0,0.0,0.0,0.0
2019/03/17 16:30,12.5,991.299988,0.2,168,0,0,11.14,43.23,992.47,3.32,248.48,0.0,0.0,0.0,0.0
2019/03/17 16:45,12.9,991.200012,0.8,194,0,0,11.0,43.31,992.46,3.5,245.6,0.0,0.0,0.0,0.0
2019/03/17 17:00,13.0,991.0,0.0,194,0,0,10.86,43.43,992.43,3.64,243.41,0.0,0.0,0.0,0.0
2019/03/17 17:15,12.8,990.799988,0.7,155,0,0,10.69,43.58,992.2,3.72,243.29,0.0,0.0,0.0,0.0
2019/03/17 17:30,12.0,990.700012,0.0,229,0,0,10.54,43.6,991.96,3.77,245.72,0.0,0.0,0.0,0.0
2019/03/17 17:45,11.9,990.599976,0.3,208,0,0,10.3,43.71,991.84,3.83,247.45,0.0,0.0,0.0,0.0
2019/03/17 18:00,11.4,990.599976,1.8,201,0,0,10.13,43.44,991.72,3.89,247.73,0.0,0.0,0.0,0.0
2019/03/17 18:15,10.9,990.400024,0.9,149,0,0,10.03,42.75,991.56,3.93,246.1,0.0,0.0,0.0,0.0
2019/03/17 18:30,11.6,990.200012,1.9,141,0,0,9.92,41.86,991.18,3.95,244.02,0.0,0.0,0.0,0.0
2019/03/17 18:45,12.1,989.900024,1.8,153,0,0,9.89,40.62,990.86,3.98,243.09,0.0,0.0,0.0,0.0
2019/03/17 19:00,12.0,989.700012,1.5,154,0,0,9.83,39.37,990.62,4.04,243.47,0.0,0.0,0.0,0.0
2019/03/18 08:00,25.1,981.799988,4.2,4,769,487,23.35,12.35,985.22,4.58,286.21,419.2,42.18000000000001,377.02,14.517129999999998
2019/03/18 08:15,24.9,981.700012,3.4,359,701,423,23.31,12.7,985.18,4.53,287.74,383.89,41.74000000000001,342.15,12.33466
2019/03/18 08:30,24.799999,981.599976,1.8,5,664,377,23.27,13.03,985.01,4.46,289.15,353.0,40.74000000000001,312.26,10.66428
2019/03/18 08:45,24.6,981.5,2.3,291,530,282,23.18,13.35,984.86,4.38,290.88,298.36,38.18000000000001,260.18,8.0395
2019/03/18 09:00,24.299999,981.599976,1.9,61,212,122,23.12,13.6,984.76,4.25,292.95,260.55,36.150000000000006,224.4,3.192328
2019/03/18 09:15,23.9,981.5,3.8,313,381,178,22.99,13.82,984.67,4.01,294.91,203.03,32.55000000000001,170.48,4.640234
2019/03/18 09:30,23.700001,981.599976,3.0,318,295,126,22.85,14.02,984.54,3.51,295.05,164.66,29.69,134.97,3.256586
2019/03/18 09:45,23.1,981.700012,2.3,318,200,79,22.41,15.01,984.41,2.83,291.83,108.04,24.340000000000003,83.7,1.94868
2019/03/18 10:00,22.1,981.799988,3.2,337,103,43,21.96,15.49,984.32,2.38,282.85,71.85,19.709999999999997,52.14,1.003051
2019/03/18 10:15,21.299999,981.900024,3.8,325,31,16,21.54,15.51,984.28,2.2,268.64,23.28,9.95,13.33,0.369735
2019/03/18 10:30,20.799999,982.200012,3.1,356,0,0,21.08,15.61,984.25,2.22,253.45,1.03,0.94,0.09,0.0
2019/03/18 10:45,20.200001,982.299988,2.8,340,0,0,20.53,16.02,984.32,2.45,241.61,0.0,0.0,0.0,0.0
2019/03/18 11:00,19.700001,982.299988,2.1,340,0,0,19.93,16.62,984.47,2.81,234.59,0.0,0.0,0.0,0.0
2019/03/18 11:15,19.4,982.5,1.4,359,0,0,19.32,17.32,984.59,3.21,229.77,0.0,0.0,0.0,0.0
2019/03/18 11:30,18.799999,982.599976,2.5,322,0,0,18.71,18.1,984.74,3.63,227.44,0.0,0.0,0.0,0.0
2019/03/18 11:45,18.5,982.700012,1.8,327,0,0,18.16,18.85,984.89,4.02,228.95,0.0,0.0,0.0,0.0
2019/03/18 12:00,18.200001,982.799988,1.4,343,0,0,17.65,19.61,985.03,4.31,232.57,0.0,0.0,0.0,0.0
2019/03/18 12:15,17.799999,982.900024,1.7,22,0,0,17.14,20.44,985.17,4.51,235.95,0.0,0.0,0.0,0.0
2019/03/18 12:30,18.0,983.099976,0.0,104,0,0,16.64,21.3,985.3,4.61,238.36,0.0,0.0,0.0,0.0
2019/03/18 12:45,18.1,983.299988,0.0,354,0,0,16.15,22.16,985.42,4.64,239.23,0.0,0.0,0.0,0.0
2019/03/18 13:00,18.1,983.400024,1.6,325,0,0,15.7,23.1,985.52,4.66,237.66,0.0,0.0,0.0,0.0
2019/03/18 13:15,17.799999,983.200012,1.9,327,0,0,15.26,24.17,985.55,4.74,234.69,0.0,0.0,0.0,0.0
2019/03/18 13:30,17.299999,983.400024,0.0,5,0,0,14.87,25.13,985.57,4.86,233.92,0.0,0.0,0.0,0.0
2019/03/18 13:45,16.4,983.299988,0.0,149,0,0,14.56,25.77,985.5,4.87,238.19,0.0,0.0,0.0,0.0
2019/03/18 14:00,16.799999,983.299988,0.0,52,0,0,14.38,26.01,985.43,4.74,242.79,0.0,0.0,0.0,0.0
2019/03/18 14:15,15.8,983.400024,0.0,169,0,0,14.22,26.26,985.35,4.64,245.58,0.0,0.0,0.0,0.0
2019/03/18 14:30,16.700001,983.299988,0.0,153,0,0,14.01,26.71,985.31,4.71,247.57,0.0,0.0,0.0,0.0
2019/03/18 14:45,14.3,983.5,0.5,143,0,0,13.77,27.3,985.3,4.83,248.19,0.0,0.0,0.0,0.0
2019/03/18 15:00,13.3,983.5,0.7,114,0,0,13.52,27.96,985.3,4.86,248.54,0.0,0.0,0.0,0.0
2019/03/18 15:15,13.5,983.599976,0.8,128,0,0,13.26,28.62,985.35,4.88,248.67,0.0,0.0,0.0,0.0
2019/03/18 15:30,13.4,983.700012,0.7,144,0,0,13.05,29.09,985.46,4.95,248.21,0.0,0.0,0.0,0.0
2019/03/18 15:45,12.8,983.700012,0.3,140,0,0,12.87,29.36,985.6,5.06,247.62,0.0,0.0,0.0,0.0
2019/03/18 16:00,12.6,983.799988,0.0,213,0,0,12.38,29.81,985.61,3.83,243.55,0.0,0.0,0.0,0.0
2019/03/18 16:15,13.6,983.799988,1.8,239,0,0,12.19,29.8,985.71,3.86,247.2,0.0,0.0,0.0,0.0
2019/03/18 16:30,14.5,983.900024,1.0,143,0,0,12.08,29.53,985.62,3.93,246.0,0.0,0.0,0.0,0.0
2019/03/18 16:45,14.3,983.900024,0.7,120,0,0,12.0,29.32,985.73,4.07,242.46,0.0,0.0,0.0,0.0
2019/03/18 17:00,14.0,984.099976,1.0,102,0,0,11.92,29.22,985.66,4.19,240.1,0.0,0.0,0.0,0.0
2019/03/18 17:15,14.7,984.200012,2.2,64,0,0,11.8,29.35,985.7,4.19,238.94,0.0,0.0,0.0,0.0
2019/03/18 17:30,14.3,984.299988,1.0,47,0,0,11.58,29.85,985.68,4.08,242.19,0.0,0.0,0.0,0.0
2019/03/18 17:45,14.0,984.299988,1.0,60,0,0,11.35,30.41,985.91,3.94,250.24,0.0,0.0,0.0,0.0
2019/03/18 18:00,13.6,984.0,1.2,87,0,0,11.22,30.64,986.1,3.83,255.55,0.0,0.0,0.0,0.0
2019/03/18 18:15,13.4,984.0,1.1,91,0,0,11.18,30.68,986.23,3.73,257.22,0.0,0.0,0.0,0.0
2019/03/18 18:30,13.4,984.0,1.9,82,0,0,11.16,30.72,986.21,3.63,256.31,0.0,0.0,0.0,0.0
2019/03/18 18:45,13.4,984.0,2.6,76,0,0,11.14,30.82,986.06,3.54,252.85,0.0,0.0,0.0,0.0
2019/03/18 19:00,13.6,983.799988,2.3,71,0,0,11.12,30.95,985.95,3.48,248.93,0.0,0.0,0.0,0.0
2019/03/19 08:00,24.5,978.400024,3.5,344,274,245,27.67,11.3,979.45,6.8,190.82,351.06,47.60000000000002,303.46,7.420219
2019/03/19 08:15,23.9,978.599976,4.4,349,125,128,27.56,11.69,979.38,7.1,191.99,287.86,42.76000000000002,245.1,3.728922
2019/03/19 08:30,23.700001,978.400024,4.9,18,88,93,27.32,12.75,979.29,7.54,184.43,245.38,35.03,210.35,2.753789
2019/03/19 08:45,23.4,978.5,3.9,330,69,70,26.91,14.32,979.23,8.34,175.71,192.97,29.680000000000007,163.29,2.199422
2019/03/19 09:00,23.0,978.299988,4.7,318,120,107,26.34,16.24,979.22,9.78,168.21,164.94,23.460000000000008,141.48,3.15793
2019/03/19 09:15,22.9,978.599976,3.3,343,58,56,25.45,18.51,979.22,11.51,162.89,112.99,18.989999999999995,94.0,1.526793
2019/03/19 09:30,22.5,978.599976,4.5,321,29,29,24.78,20.73,979.15,12.74,161.41,80.04,14.720000000000011,65.32,0.849133
2019/03/19 09:45,22.1,978.900024,5.0,43,39,38,24.22,22.55,979.08,13.21,162.24,37.05,10.929999999999996,26.12,1.19782
2019/03/19 10:00,21.9,979.099976,3.0,49,19,24,23.81,23.74,979.11,13.07,164.81,18.28,6.790000000000001,11.49,0.5936739999999999
2019/03/19 10:15,21.5,979.099976,3.4,43,2,3,23.44,24.87,979.22,12.23,166.3,7.47,4.44,3.03,0.0564919999999999
2019/03/19 10:30,21.299999,979.099976,3.1,50,0,0,22.95,26.52,979.35,10.81,163.44,0.67,0.63,0.04,0.0
2019/03/19 10:45,21.0,979.5,3.8,71,0,0,22.63,27.95,979.57,9.34,159.5,0.0,0.0,0.0,0.0
2019/03/19 11:00,20.700001,979.599976,2.2,41,0,0,22.33,28.99,979.77,8.11,159.24,0.0,0.0,0.0,0.0
2019/03/19 11:15,20.5,979.700012,1.5,56,0,0,22.1,29.5,979.94,7.11,163.25,0.0,0.0,0.0,0.0
2019/03/19 11:30,20.1,979.799988,1.1,329,0,0,21.84,29.54,980.14,6.23,172.19,0.0,0.0,0.0,0.0
2019/03/19 11:45,19.799999,980.099976,0.5,290,0,0,21.53,29.57,980.27,5.41,181.35,0.0,0.0,0.0,0.0
2019/03/19 12:00,19.6,980.099976,2.7,320,0,0,21.17,29.86,980.4,4.73,187.49,0.0,0.0,0.0,0.0
2019/03/19 12:15,19.4,980.299988,1.8,330,0,0,20.91,30.3,980.55,4.31,187.18,0.0,0.0,0.0,0.0
2019/03/19 12:30,19.4,980.400024,2.3,332,0,0,20.81,30.91,980.78,4.18,177.48,0.0,0.0,0.0,0.0
2019/03/19 12:45,19.4,980.299988,3.6,329,0,0,20.63,31.91,980.99,4.08,167.15,0.0,0.0,0.0,0.0
2019/03/19 13:00,19.1,980.299988,1.2,325,0,0,20.36,33.15,981.08,3.84,159.73,0.0,0.0,0.0,0.0
2019/03/19 13:15,18.700001,980.799988,2.7,230,0,0,19.92,34.7,981.13,3.82,154.59,0.0,0.0,0.0,0.0
2019/03/19 13:30,19.1,980.799988,1.6,282,0,0,19.46,36.22,981.23,4.32,164.59,0.0,0.0,0.0,0.0
2019/03/19 13:45,18.799999,981.099976,3.2,312,0,0,19.29,36.93,981.23,5.28,184.28,0.0,0.0,0.0,0.0
2019/03/19 14:00,18.799999,981.099976,2.9,321,0,0,19.68,36.11,981.25,6.58,193.81,0.0,0.0,0.0,0.0
2019/03/19 14:15,18.6,981.099976,2.4,327,0,0,20.06,35.04,981.32,7.51,196.16,0.0,0.0,0.0,0.0
2019/03/19 14:30,18.799999,981.099976,2.2,327,0,0,19.57,37.95,981.49,7.31,195.71,0.0,0.0,0.0,0.0
2019/03/19 14:45,18.6,981.0,2.6,328,0,0,18.91,42.28,981.51,6.24,192.18,0.0,0.0,0.0,0.0
2019/03/19 15:00,18.6,981.099976,2.2,322,0,0,18.28,46.57,981.51,5.11,187.82,0.0,0.0,0.0,0.0
2019/03/19 15:15,18.4,981.0,2.7,334,0,0,17.7,50.58,981.49,4.21,183.53,0.0,0.0,0.0,0.0
2019/03/19 15:30,18.1,980.900024,2.6,324,0,0,17.17,54.44,981.49,3.59,175.53,0.0,0.0,0.0,0.0
2019/03/19 15:45,17.9,980.799988,1.9,332,0,0,16.71,58.22,981.51,3.44,157.85,0.0,0.0,0.0,0.0
2019/03/19 16:00,17.700001,980.900024,2.7,338,0,0,14.09,49.88,981.37,1.99,2.08,0.0,0.0,0.0,0.0
2019/03/19 16:15,17.4,980.599976,1.8,333,0,0,13.73,50.61,981.09,2.17,347.17,0.0,0.0,0.0,0.0
2019/03/19 16:30,17.299999,980.400024,1.4,343,0,0,13.45,51.18,981.32,2.44,338.82,0.0,0.0,0.0,0.0
2019/03/19 16:45,17.4,980.299988,3.2,337,0,0,13.21,51.61,981.21,2.69,335.26,0.0,0.0,0.0,0.0
2019/03/19 17:00,17.200001,980.099976,2.7,318,0,0,12.9,52.3,980.85,2.87,336.24,0.0,0.0,0.0,0.0
2019/03/19 17:15,17.1,980.0,2.2,337,0,0,12.67,52.89,980.78,2.91,338.89,0.0,0.0,0.0,0.0
2019/03/19 17:30,17.1,979.799988,3.5,355,0,0,12.39,53.81,980.67,2.83,341.28,0.0,0.0,0.0,0.0
2019/03/19 17:45,16.9,979.799988,2.5,357,0,0,12.16,54.64,980.59,2.73,339.15,0.0,0.0,0.0,0.0
2019/03/19 18:00,16.700001,979.700012,2.9,2,0,0,11.94,55.41,980.71,2.72,334.49,0.0,0.0,0.0,0.0
2019/03/19 18:15,16.4,979.599976,1.6,10,0,0,11.72,56.1,980.5,2.78,328.24,0.0,0.0,0.0,0.0
2019/03/19 18:30,16.200001,979.5,1.7,347,0,0,11.5,56.76,980.22,2.83,323.72,0.0,0.0,0.0,0.0
2019/03/19 18:45,15.9,979.400024,0.9,321,0,0,11.31,57.4,980.01,2.83,321.38,0.0,0.0,0.0,0.0
2019/03/19 19:00,15.8,979.200012,1.8,332,0,0,11.13,58.15,980.01,2.77,318.43,0.0,0.0,0.0,0.0
2019/03/20 08:00,21.6,977.0,3.3,204,421,249,22.84,26.39,978.71,3.9,4.28,394.95,40.02999999999997,354.92,12.57484
2019/03/20 08:15,21.4,977.400024,2.8,164,344,220,22.47,28.53,978.89,5.39,26.41,370.17,40.54000000000002,329.63,9.80197
2019/03/20 08:30,21.299999,977.599976,1.9,155,205,171,22.05,30.56,979.07,5.95,35.27,340.96,39.63,301.33,5.308078
2019/03/20 08:45,20.9,977.5,2.9,149,69,70,21.79,31.15,979.3,5.28,33.99,278.23,35.870000000000005,242.36,1.7688669999999995
2019/03/20 09:00,20.6,978.099976,3.9,204,22,21,21.78,30.02,979.65,4.55,13.04,224.33,31.380000000000024,192.95,0.482385
2019/03/20 09:15,19.700001,978.799988,4.5,246,5,6,21.87,27.39,980.07,5.67,318.82,157.54,25.50999999999999,132.03,0.169798
2019/03/20 09:30,19.0,979.400024,2.1,297,6,6,21.58,24.8,980.48,8.68,300.61,116.69,21.22,95.47,0.1209069999999999
2019/03/20 09:45,18.700001,980.0,2.2,231,9,10,20.64,24.71,980.82,10.98,300.9,72.15,16.310000000000002,55.84,0.2137489999999999
2019/03/20 10:00,18.299999,980.299988,0.8,124,13,12,19.89,25.55,981.04,11.27,298.02,45.59,12.490000000000002,33.1,0.324659
2019/03/20 10:15,18.0,980.700012,2.8,214,9,9,19.28,26.32,981.13,11.03,291.06,15.49,6.48,9.01,0.184362
2019/03/20 10:30,17.9,980.799988,2.1,249,0,0,18.72,26.75,981.3,11.24,286.13,1.92,1.47,0.45,0.0
2019/03/20 10:45,19.1,981.0,11.1,223,0,0,18.3,26.97,981.8,11.28,282.66,0.0,0.0,0.0,0.0
2019/03/20 11:00,18.799999,981.599976,7.2,217,0,0,17.78,27.34,982.36,10.93,281.02,0.0,0.0,0.0,0.0
2019/03/20 11:15,18.4,982.200012,8.8,200,0,0,17.16,28.07,982.88,10.61,284.58,0.0,0.0,0.0,0.0
2019/03/20 11:30,18.1,982.700012,7.1,219,0,0,16.63,28.82,983.39,10.43,287.86,0.0,0.0,0.0,0.0
2019/03/20 11:45,17.9,983.099976,7.1,243,0,0,16.11,28.88,983.86,10.38,288.74,0.0,0.0,0.0,0.0
2019/03/20 12:00,17.5,983.599976,5.4,239,0,0,15.65,26.65,984.32,10.55,290.04,0.0,0.0,0.0,0.0
2019/03/20 12:15,17.0,984.0,6.5,226,0,0,15.13,23.54,984.84,10.8,291.6,0.0,0.0,0.0,0.0
2019/03/20 12:30,16.5,984.799988,5.5,231,0,0,14.58,22.38,985.38,10.84,292.79,0.0,0.0,0.0,0.0
2019/03/20 12:45,16.4,985.0,7.7,230,0,0,14.02,22.54,985.9,10.8,293.14,0.0,0.0,0.0,0.0
2019/03/20 13:00,15.9,985.5,6.2,227,0,0,13.52,23.17,986.3,10.97,293.73,0.0,0.0,0.0,0.0
2019/03/20 13:15,15.7,986.200012,5.8,241,0,0,13.1,23.9,986.57,11.47,294.79,0.0,0.0,0.0,0.0
2019/03/20 13:30,14.8,986.799988,9.5,242,0,0,12.76,24.66,986.85,12.12,296.73,0.0,0.0,0.0,0.0
2019/03/20 13:45,14.4,987.400024,8.3,230,0,0,12.45,26.15,987.2,12.45,301.38,0.0,0.0,0.0,0.0
2019/03/20 14:00,14.0,987.700012,9.5,213,0,0,12.13,28.65,987.86,12.15,308.62,0.0,0.0,0.0,0.0
2019/03/20 14:15,13.6,988.099976,7.6,203,0,0,11.81,31.57,988.43,11.36,312.93,0.0,0.0,0.0,0.0
2019/03/20 14:30,13.2,988.599976,4.7,221,0,0,11.48,34.41,988.63,10.51,310.82,0.0,0.0,0.0,0.0
2019/03/20 14:45,12.9,989.200012,5.5,224,0,0,11.13,37.17,988.89,9.86,307.47,0.0,0.0,0.0,0.0
2019/03/20 15:00,12.8,989.599976,4.2,247,0,0,10.8,39.52,989.28,9.44,306.11,0.0,0.0,0.0,0.0
2019/03/20 15:15,12.6,990.099976,6.0,214,0,0,10.52,40.34,989.73,9.21,306.42,0.0,0.0,0.0,0.0
2019/03/20 15:30,12.4,990.099976,8.0,224,0,0,10.29,38.92,990.23,9.16,307.18,0.0,0.0,0.0,0.0
2019/03/20 15:45,12.1,990.5,7.5,209,0,0,10.03,36.1,990.67,9.19,307.0,0.0,0.0,0.0,0.0
2019/03/20 16:00,11.8,991.0,6.7,230,0,0,9.23,25.82,993.69,6.63,295.06,0.0,0.0,0.0,0.0
2019/03/20 16:15,11.6,991.400024,4.8,219,0,0,8.85,26.84,993.98,6.43,294.88,0.0,0.0,0.0,0.0
2019/03/20 16:30,11.3,991.799988,7.8,216,0,0,8.47,27.74,994.28,6.19,295.34,0.0,0.0,0.0,0.0
2019/03/20 16:45,11.1,992.400024,1.8,219,0,0,8.09,28.44,994.47,5.86,295.57,0.0,0.0,0.0,0.0
2019/03/20 17:00,10.9,992.5,3.8,224,0,0,7.76,29.05,994.79,5.41,295.91,0.0,0.0,0.0,0.0
2019/03/20 17:15,10.6,992.799988,4.1,229,0,0,7.45,29.75,995.01,4.84,296.9,0.0,0.0,0.0,0.0
2019/03/20 17:30,10.2,993.099976,5.7,223,0,0,7.18,30.61,995.52,4.18,300.11,0.0,0.0,0.0,0.0
2019/03/20 17:45,9.900001,993.200012,6.3,212,0,0,6.88,31.67,995.91,3.59,305.47,0.0,0.0,0.0,0.0
2019/03/20 18:00,9.900001,993.700012,4.9,205,0,0,6.59,32.74,996.35,3.14,313.57,0.0,0.0,0.0,0.0
2019/03/20 18:15,9.6,993.799988,4.6,225,0,0,6.31,33.65,996.73,2.73,322.87,0.0,0.0,0.0,0.0
2019/03/20 18:30,9.5,993.900024,3.5,235,0,0,6.04,34.38,997.0,2.36,333.2,0.0,0.0,0.0,0.0
2019/03/20 18:45,9.3,993.900024,5.0,224,0,0,5.75,34.97,996.93,2.06,343.96,0.0,0.0,0.0,0.0
2019/03/20 19:00,9.2,994.200012,3.3,217,0,0,5.5,35.33,997.14,1.86,354.5,0.0,0.0,0.0,0.0
2019/03/21 08:00,13.7,995.799988,1.9,299,550,210,12.33,13.49,999.24,2.57,12.92,469.89,45.39999999999998,424.49,16.642941
2019/03/21 08:15,14.0,995.599976,2.0,350,490,199,12.37,13.48,999.21,2.91,10.59,415.71,43.329999999999984,372.38,14.81463
2019/03/21 08:30,13.4,995.599976,2.7,24,400,183,12.41,13.54,999.07,3.23,12.22,378.21,41.77999999999997,336.43,11.38069
2019/03/21 08:45,13.3,995.599976,3.3,0,353,181,12.39,13.67,998.97,3.45,15.68,320.23,39.110000000000014,281.12,11.0495
2019/03/21 09:00,13.3,995.700012,1.5,350,251,129,12.38,13.84,998.91,3.54,20.1,280.74,37.09,243.65,6.867985000000001
2019/03/21 09:15,13.4,995.799988,1.9,346,218,101,12.31,14.06,998.84,3.46,25.23,220.82,33.56,187.26,6.460782
2019/03/21 09:30,13.4,995.900024,3.4,351,133,72,12.25,14.29,998.76,3.23,31.7,180.82,30.73999999999998,150.08,3.914531
2019/03/21 09:45,12.7,996.299988,3.0,351,41,40,12.11,14.62,998.65,2.91,40.66,121.71,25.539999999999992,96.17,1.215512
2019/03/21 10:00,12.5,996.5,0.8,42,30,32,11.95,15.25,998.55,2.52,52.41,83.71,21.109999999999992,62.6,0.869627
2019/03/21 10:15,12.0,996.799988,2.4,16,21,22,11.49,16.83,998.51,2.13,69.99,31.63,11.89,19.74,0.559289
2019/03/21 10:30,11.2,997.099976,2.0,26,2,3,11.23,17.63,998.49,1.87,88.12,4.91,3.2300000000000004,1.68,0.064497
2019/03/21 10:45,10.5,997.299988,1.9,31,0,0,10.99,18.68,998.67,1.79,108.24,0.0,0.0,0.0,0.0
2019/03/21 11:00,9.900001,997.700012,1.3,29,0,0,10.72,19.68,998.92,1.86,124.94,0.0,0.0,0.0,0.0
2019/03/21 11:15,9.7,997.900024,1.7,11,0,0,10.43,20.5,999.17,2.02,136.61,0.0,0.0,0.0,0.0
2019/03/21 11:30,9.8,998.200012,0.7,22,0,0,10.12,21.25,999.41,2.22,145.53,0.0,0.0,0.0,0.0
2019/03/21 11:45,9.8,998.5,1.5,30,0,0,9.76,22.03,999.65,2.49,151.68,0.0,0.0,0.0,0.0
2019/03/21 12:00,9.5,998.599976,1.8,32,0,0,9.32,22.84,999.88,2.83,153.2,0.0,0.0,0.0,0.0
2019/03/21 12:15,8.6,999.0,0.6,41,0,0,8.82,23.53,1000.16,3.24,153.61,0.0,0.0,0.0,0.0
2019/03/21 12:30,9.6,999.0,1.5,46,0,0,8.36,23.95,1000.44,3.76,156.28,0.0,0.0,0.0,0.0
2019/03/21 12:45,8.900001,999.299988,1.1,83,0,0,7.98,23.93,1000.7,4.28,160.05,0.0,0.0,0.0,0.0
2019/03/21 13:00,8.900001,999.400024,1.7,93,0,0,7.66,23.79,1000.95,4.47,165.02,0.0,0.0,0.0,0.0
2019/03/21 13:15,8.8,999.599976,0.3,59,0,0,7.35,23.92,1001.17,4.13,169.78,0.0,0.0,0.0,0.0
2019/03/21 13:30,8.400001,999.700012,1.8,99,0,0,7.03,24.36,1001.33,3.37,175.99,0.0,0.0,0.0,0.0
2019/03/21 13:45,8.6,999.700012,2.0,90,0,0,6.69,25.12,1001.35,2.52,186.74,0.0,0.0,0.0,0.0
2019/03/21 14:00,8.900001,999.799988,0.0,38,0,0,6.37,25.94,1001.4,1.9,202.55,0.0,0.0,0.0,0.0
2019/03/21 14:15,9.0,999.799988,1.3,88,0,0,6.17,26.38,1001.51,1.54,221.7,0.0,0.0,0.0,0.0
2019/03/21 14:30,9.2,1000.0,0.0,48,0,0,6.02,26.65,1001.62,1.28,239.91,0.0,0.0,0.0,0.0
2019/03/21 14:45,7.4,1000.299988,1.6,353,0,0,5.91,26.89,1001.7,1.03,253.47,0.0,0.0,0.0,0.0
2019/03/21 15:00,7.5,1000.299988,0.5,339,0,0,5.79,27.2,1001.75,0.78,263.39,0.0,0.0,0.0,0.0
2019/03/21 15:15,7.1,1000.400024,1.9,347,0,0,5.66,27.64,1001.83,0.5,273.5,0.0,0.0,0.0,0.0
2019/03/21 15:30,7.9,1000.099976,1.7,4,0,0,5.45,28.43,1001.95,0.35,316.03,0.0,0.0,0.0,0.0
2019/03/21 15:45,8.3,1000.099976,1.5,19,0,0,5.15,29.86,1002.11,0.53,45.38,0.0,0.0,0.0,0.0
2019/03/21 16:00,6.8,1000.299988,1.1,333,0,0,5.21,31.96,1001.61,2.25,13.66,0.0,0.0,0.0,0.0
2019/03/21 16:15,6.2,1000.400024,1.1,315,0,0,4.92,32.41,1001.74,2.23,12.76,0.0,0.0,0.0,0.0
2019/03/21 16:30,6.2,1000.5,1.3,337,0,0,4.69,32.57,1001.7,2.03,7.29,0.0,0.0,0.0,0.0
2019/03/21 16:45,6.2,1000.5,3.3,357,0,0,4.52,32.64,1001.67,1.73,354.56,0.0,0.0,0.0,0.0
2019/03/21 17:00,6.0,1000.599976,1.5,5,0,0,4.37,32.61,1001.49,1.53,329.71,0.0,0.0,0.0,0.0
2019/03/21 17:15,5.4,1000.599976,0.1,283,0,0,4.26,32.33,1001.53,1.58,304.88,0.0,0.0,0.0,0.0
2019/03/21 17:30,4.9,1000.599976,1.4,331,0,0,4.11,32.17,1001.69,1.87,280.54,0.0,0.0,0.0,0.0
2019/03/21 17:45,5.2,1000.599976,1.7,317,0,0,3.91,31.88,1001.52,2.24,266.01,0.0,0.0,0.0,0.0
2019/03/21 18:00,4.7,1000.400024,2.1,327,0,0,3.78,31.44,1001.59,2.57,262.34,0.0,0.0,0.0,0.0
2019/03/21 18:15,4.8,1000.299988,0.6,323,0,0,3.65,31.08,1001.67,2.85,264.09,0.0,0.0,0.0,0.0
2019/03/21 18:30,4.0,1000.299988,0.6,169,0,0,3.51,30.82,1001.64,3.11,267.6,0.0,0.0,0.0,0.0
2019/03/21 18:45,3.0,1000.400024,0.0,189,0,0,3.35,30.64,1001.55,3.34,269.22,0.0,0.0,0.0,0.0
2019/03/21 19:00,3.6,1000.299988,0.0,192,0,0,3.22,30.54,1001.78,3.52,268.96,0.0,0.0,0.0,0.0
2019/03/22 08:00,15.3,995.0,2.5,339,477,227,14.25,13.86,998.69,1.71,50.73,470.07,45.45999999999998,424.61,14.1505
2019/03/22 08:15,15.5,994.900024,2.7,322,472,217,14.29,13.79,998.74,1.46,34.71,416.03,43.38999999999999,372.64,12.07828
2019/03/22 08:30,15.1,995.0,2.8,337,400,189,14.35,13.65,998.71,1.42,7.73,378.68,41.84000000000003,336.84,9.36075
2019/03/22 08:45,15.3,994.900024,2.1,39,324,162,14.37,13.49,998.64,1.7,341.45,321.08,39.21999999999997,281.86,9.294031
2019/03/22 09:00,15.3,994.900024,3.4,1,258,137,14.41,13.32,998.57,2.2,326.71,281.86,37.21000000000001,244.65,7.455219
2019/03/22 09:15,15.1,995.0,2.8,14,178,102,14.4,13.19,998.52,2.8,318.59,222.31,33.71000000000001,188.6,5.305016
2019/03/22 09:30,14.9,995.299988,1.7,41,77,62,14.38,13.11,998.51,3.38,314.33,182.52,30.930000000000007,151.59,2.909047
2019/03/22 09:45,14.5,995.299988,2.7,14,92,58,14.24,13.26,998.49,3.84,311.66,123.62,25.81,97.81,2.408656
2019/03/22 10:00,14.1,995.5,3.2,34,50,38,13.97,13.9,998.47,4.1,308.6,85.69,21.44,64.25,1.300469
2019/03/22 10:15,13.6,995.700012,1.6,10,20,19,13.43,14.76,998.49,4.2,304.86,33.6,12.44,21.16,0.523359
2019/03/22 10:30,13.1,996.0,1.5,35,2,2,12.78,15.58,998.54,4.27,300.24,6.4,3.94,2.46,0.078654
2019/03/22 10:45,12.3,996.099976,2.4,36,0,0,12.13,16.21,998.74,4.41,294.66,0.0,0.0,0.0,0.0
2019/03/22 11:00,12.2,996.400024,3.6,50,0,0,11.6,16.65,999.07,4.61,289.48,0.0,0.0,0.0,0.0
2019/03/22 11:15,11.7,996.700012,2.8,54,0,0,11.13,17.05,999.38,4.81,286.52,0.0,0.0,0.0,0.0
2019/03/22 11:30,11.1,997.099976,3.4,52,0,0,10.73,17.54,999.7,4.92,284.66,0.0,0.0,0.0,0.0
2019/03/22 11:45,11.5,997.200012,3.6,51,0,0,10.35,18.07,999.93,4.91,283.24,0.0,0.0,0.0,0.0
2019/03/22 12:00,11.3,997.400024,3.7,41,0,0,10.0,18.65,1000.13,4.86,281.26,0.0,0.0,0.0,0.0
2019/03/22 12:15,11.1,997.599976,3.9,47,0,0,9.66,19.29,1000.35,4.84,280.21,0.0,0.0,0.0,0.0
2019/03/22 12:30,10.9,997.700012,3.3,56,0,0,9.34,19.97,1000.61,4.81,280.45,0.0,0.0,0.0,0.0
2019/03/22 12:45,10.7,997.900024,3.2,46,0,0,9.04,20.6,1000.84,4.72,279.31,0.0,0.0,0.0,0.0
2019/03/22 13:00,10.7,998.0,2.7,52,0,0,8.75,21.15,1001.02,4.69,275.08,0.0,0.0,0.0,0.0
2019/03/22 13:15,10.7,998.299988,2.6,43,0,0,8.5,21.6,1001.16,4.79,269.57,0.0,0.0,0.0,0.0
2019/03/22 13:30,10.2,998.400024,1.3,86,0,0,8.27,21.94,1001.24,4.97,265.11,0.0,0.0,0.0,0.0
2019/03/22 13:45,9.6,998.700012,0.0,262,0,0,8.09,22.17,1001.1,5.13,264.0,0.0,0.0,0.0,0.0
2019/03/22 14:00,10.0,998.900024,0.0,195,0,0,7.91,22.43,1000.99,5.26,267.06,0.0,0.0,0.0,0.0
2019/03/22 14:15,9.0,999.200012,0.0,301,0,0,7.72,22.83,1001.06,5.37,273.92,0.0,0.0,0.0,0.0
2019/03/22 14:30,9.0,999.5,0.7,300,0,0,7.47,23.48,1001.28,5.41,282.24,0.0,0.0,0.0,0.0
2019/03/22 14:45,9.2,999.900024,1.7,290,0,0,7.11,24.58,1001.57,5.25,289.39,0.0,0.0,0.0,0.0
2019/03/22 15:00,9.2,1000.0,2.3,313,0,0,6.7,25.97,1001.89,4.94,294.85,0.0,0.0,0.0,0.0
2019/03/22 15:15,8.900001,1000.099976,2.3,313,0,0,6.41,27.11,1002.24,4.63,299.73,0.0,0.0,0.0,0.0
2019/03/22 15:30,9.1,1000.400024,1.4,318,0,0,6.29,27.92,1002.61,4.36,307.4,0.0,0.0,0.0,0.0
2019/03/22 15:45,9.6,1000.400024,2.4,316,0,0,6.25,28.75,1003.01,4.2,318.85,0.0,0.0,0.0,0.0
2019/03/22 16:00,9.900001,1000.599976,3.4,323,0,0,7.22,27.24,1003.28,5.44,6.68,0.0,0.0,0.0,0.0
2019/03/22 16:15,9.400001,1000.799988,3.0,316,0,0,6.93,27.7,1003.19,5.36,5.67,0.0,0.0,0.0,0.0
2019/03/22 16:30,9.1,1001.099976,2.3,321,0,0,6.75,27.86,1003.53,5.3,3.83,0.0,0.0,0.0,0.0
2019/03/22 16:45,8.900001,1001.200012,1.4,280,0,0,6.58,28.07,1003.83,5.37,3.36,0.0,0.0,0.0,0.0
2019/03/22 17:00,9.2,1001.599976,1.1,228,0,0,6.42,28.26,1004.1,5.59,5.1,0.0,0.0,0.0,0.0
2019/03/22 17:15,9.1,1001.799988,2.0,264,0,0,6.21,28.51,1004.11,5.88,7.67,0.0,0.0,0.0,0.0
2019/03/22 17:30,9.5,1002.0,3.0,265,0,0,5.99,28.65,1004.16,6.1,9.86,0.0,0.0,0.0,0.0
2019/03/22 17:45,9.400001,1002.0,4.1,295,0,0,5.75,28.75,1004.29,6.18,12.43,0.0,0.0,0.0,0.0
2019/03/22 18:00,8.900001,1002.400024,1.9,314,0,0,5.54,28.79,1004.66,6.02,14.94,0.0,0.0,0.0,0.0
2019/03/22 18:15,8.6,1002.400024,0.7,22,0,0,5.29,29.07,1005.04,5.56,16.83,0.0,0.0,0.0,0.0
2019/03/22 18:30,8.3,1002.599976,4.3,285,0,0,5.03,29.5,1005.42,4.91,17.58,0.0,0.0,0.0,0.0
2019/03/22 18:45,8.1,1002.700012,2.5,240,0,0,4.8,29.93,1005.7,4.23,16.11,0.0,0.0,0.0,0.0
2019/03/22 19:00,7.8,1002.799988,4.9,253,0,0,4.58,30.42,1006.06,3.55,11.87,0.0,0.0,0.0,0.0
2019/03/23 08:00,12.2,999.700012,3.4,81,539,200,11.54,14.07,1002.67,5.45,144.82,481.16,45.74000000000001,435.42,13.774029999999998
2019/03/23 08:15,12.0,999.5,4.1,54,453,195,11.39,14.85,1002.55,6.13,141.32,426.35,43.670000000000016,382.68,13.49556
2019/03/23 08:30,11.9,999.400024,3.5,52,417,182,11.19,15.66,1002.38,6.76,140.95,388.46,42.13,346.33,12.42106
2019/03/23 08:45,11.6,999.200012,3.7,62,348,162,10.98,16.21,1002.2,7.25,143.46,330.04,39.5,290.54,10.32041
2019/03/23 09:00,11.4,999.099976,3.9,33,277,136,10.85,16.36,1002.04,7.58,146.71,290.29,37.50000000000003,252.79,8.085
2019/03/23 09:15,11.4,999.099976,4.8,46,219,109,10.7,16.28,1001.85,7.72,148.61,229.94,34.03,195.91,6.434094
2019/03/23 09:30,11.1,999.0,3.1,82,160,85,10.58,16.11,1001.63,7.7,148.8,189.55,31.26000000000002,158.29,4.512156
2019/03/23 09:45,11.0,999.0,2.6,65,105,63,10.35,16.12,1001.4,7.58,148.1,129.59,26.200000000000003,103.39,2.710203
2019/03/23 10:00,10.5,999.0,3.0,95,58,40,10.07,16.36,1001.19,7.31,147.46,90.84,21.90000000000001,68.94,1.447824
2019/03/23 10:15,10.2,999.099976,3.5,58,23,21,9.63,16.99,1000.99,6.82,146.64,37.17,13.07,24.1,0.551715
2019/03/23 10:30,9.8,999.099976,2.7,68,4,4,9.1,17.89,1000.82,6.18,146.77,8.37,4.699999999999999,3.67,0.108748
2019/03/23 10:45,9.400001,999.200012,2.5,48,0,0,8.59,18.86,1000.94,5.53,147.18,0.0,0.0,0.0,0.0
2019/03/23 11:00,9.0,999.299988,1.9,52,0,0,8.17,19.71,1001.1,4.91,145.81,0.0,0.0,0.0,0.0
2019/03/23 11:15,8.5,999.400024,2.1,59,0,0,7.76,20.48,1001.19,4.34,143.28,0.0,0.0,0.0,0.0
2019/03/23 11:30,8.400001,999.5,2.1,44,0,0,7.4,21.28,1001.28,3.84,141.22,0.0,0.0,0.0,0.0
2019/03/23 11:45,8.1,999.700012,2.0,44,0,0,7.09,22.02,1001.34,3.43,138.46,0.0,0.0,0.0,0.0
2019/03/23 12:00,8.1,999.700012,1.8,51,0,0,6.83,22.69,1001.34,3.06,134.54,0.0,0.0,0.0,0.0
2019/03/23 12:15,7.4,999.799988,1.7,34,0,0,6.59,23.39,1001.33,2.59,130.22,0.0,0.0,0.0,0.0
2019/03/23 12:30,7.4,999.900024,1.7,43,0,0,6.42,24.1,1001.32,1.92,125.17,0.0,0.0,0.0,0.0
2019/03/23 12:45,7.6,999.900024,1.4,31,0,0,6.24,24.86,1001.34,1.18,110.53,0.0,0.0,0.0,0.0
2019/03/23 13:00,7.4,999.900024,1.7,38,0,0,6.05,25.69,1001.34,0.8,43.09,0.0,0.0,0.0,0.0
2019/03/23 13:15,7.5,999.700012,2.1,47,0,0,5.76,26.8,1001.29,1.02,347.65,0.0,0.0,0.0,0.0
2019/03/23 13:30,7.3,999.599976,2.2,51,0,0,5.44,27.77,1001.2,1.6,326.51,0.0,0.0,0.0,0.0
2019/03/23 13:45,7.3,999.599976,1.3,57,0,0,5.0,28.76,1000.98,2.32,307.76,0.0,0.0,0.0,0.0
2019/03/23 14:00,6.9,999.5,1.0,58,0,0,4.55,29.7,1000.76,3.09,296.78,0.0,0.0,0.0,0.0
2019/03/23 14:15,6.9,999.5,0.3,91,0,0,4.17,30.06,1000.63,3.72,290.85,0.0,0.0,0.0,0.0
2019/03/23 14:30,6.5,999.299988,0.2,140,0,0,3.87,30.07,1000.58,4.08,286.88,0.0,0.0,0.0,0.0
2019/03/23 14:45,5.7,999.099976,0.0,325,0,0,3.68,29.88,1000.49,4.17,284.42,0.0,0.0,0.0,0.0
2019/03/23 15:00,5.5,999.099976,0.0,287,0,0,3.56,29.74,1000.36,4.1,282.59,0.0,0.0,0.0,0.0
2019/03/23 15:15,6.0,998.799988,1.3,343,0,0,3.47,29.58,1000.3,3.97,281.12,0.0,0.0,0.0,0.0
2019/03/23 15:30,6.3,998.799988,0.0,292,0,0,3.42,29.33,1000.31,3.82,279.1,0.0,0.0,0.0,0.0
2019/03/23 15:45,5.5,998.599976,0.6,328,0,0,3.38,29.03,1000.37,3.66,275.15,0.0,0.0,0.0,0.0
2019/03/23 16:00,5.3,998.5,0.0,272,0,0,3.97,34.27,999.78,3.12,293.25,0.0,0.0,0.0,0.0
2019/03/23 16:15,5.1,998.5,0.0,353,0,0,3.87,33.89,999.55,3.12,289.68,0.0,0.0,0.0,0.0
2019/03/23 16:30,5.6,998.099976,0.8,218,0,0,3.79,33.45,999.4,3.08,287.64,0.0,0.0,0.0,0.0
2019/03/23 16:45,4.4,998.0,0.0,141,0,0,3.73,32.95,999.34,2.99,284.83,0.0,0.0,0.0,0.0
2019/03/23 17:00,4.0,998.0,0.3,141,0,0,3.71,32.38,999.27,2.87,283.16,0.0,0.0,0.0,0.0
2019/03/23 17:15,4.0,998.0,1.1,134,0,0,3.67,31.84,999.01,2.76,278.59,0.0,0.0,0.0,0.0
2019/03/23 17:30,4.0,997.799988,1.3,143,0,0,3.65,31.19,998.95,2.68,270.38,0.0,0.0,0.0,0.0
2019/03/23 17:45,4.5,997.599976,0.5,146,0,0,3.6,30.55,998.61,2.68,260.61,0.0,0.0,0.0,0.0
2019/03/23 18:00,4.1,997.200012,1.1,129,0,0,3.55,29.89,998.56,2.77,250.79,0.0,0.0,0.0,0.0
2019/03/23 18:15,4.3,997.099976,0.9,141,0,0,3.48,29.23,998.39,2.93,242.32,0.0,0.0,0.0,0.0
2019/03/23 18:30,3.8,996.799988,0.9,146,0,0,3.43,28.53,998.29,3.07,237.16,0.0,0.0,0.0,0.0
2019/03/23 18:45,3.3,996.900024,1.5,135,0,0,3.43,27.76,998.12,3.14,234.52,0.0,0.0,0.0,0.0
2019/03/23 19:00,3.1,996.700012,0.0,123,0,0,3.46,26.94,998.04,3.18,233.75,0.0,0.0,0.0,0.0
2019/03/24 08:00,20.5,985.099976,1.2,124,410,313,21.54,7.75,988.3,7.84,312.35,166.35,93.35,73.0,13.29081
2019/03/24 08:15,20.5,985.0,3.1,99,446,315,21.52,7.73,988.22,7.76,312.37,142.05,75.56000000000002,66.49,13.96369
2019/03/24 08:30,20.6,984.900024,3.8,104,371,275,21.49,7.66,988.07,7.65,312.67,126.26,71.25,55.01,11.40913
2019/03/24 08:45,19.9,984.700012,4.5,59,181,182,21.41,7.63,987.96,7.46,313.47,107.68,58.99000000000001,48.69,5.452344
2019/03/24 09:00,20.0,984.900024,2.9,115,180,172,21.29,7.66,987.91,7.19,314.83,89.03,58.71,30.32,6.042203
2019/03/24 09:15,19.4,984.799988,2.8,90,114,122,21.09,7.8,987.84,6.82,316.66,69.49,47.31,22.18,3.677188
2019/03/24 09:30,19.0,984.900024,4.0,104,91,98,20.87,8.07,987.74,6.32,318.68,56.27,34.800000000000004,21.47,2.786766
2019/03/24 09:45,18.6,985.200012,3.9,54,45,49,20.42,8.64,987.65,5.67,320.6,40.07,24.46,15.61,1.360406
2019/03/24 10:00,18.4,985.299988,0.4,13,26,25,19.83,9.44,987.57,4.99,322.04,26.59,20.13,6.46,0.752391
2019/03/24 10:15,18.1,985.599976,3.0,104,12,12,18.95,10.32,987.53,4.44,322.54,11.12,9.38,1.74,0.315957
2019/03/24 10:30,17.700001,985.599976,1.7,48,1,2,18.14,10.9,987.51,4.12,322.37,3.6,2.9000000000000004,0.7,0.013666
2019/03/24 10:45,17.5,986.099976,1.5,70,0,0,17.34,11.28,987.66,4.02,320.31,0.0,0.0,0.0,0.0
2019/03/24 11:00,17.0,986.200012,3.1,96,0,0,16.73,11.7,987.91,4.04,314.19,0.0,0.0,0.0,0.0
2019/03/24 11:15,16.6,986.400024,2.7,85,0,0,16.01,12.26,988.18,4.15,303.45,0.0,0.0,0.0,0.0
2019/03/24 11:30,16.299999,986.400024,3.7,84,0,0,15.38,12.85,988.45,4.34,289.92,0.0,0.0,0.0,0.0
2019/03/24 11:45,16.1,986.5,1.8,76,0,0,14.86,13.39,988.66,4.61,277.85,0.0,0.0,0.0,0.0
2019/03/24 12:00,15.9,986.700012,2.2,65,0,0,14.48,13.84,988.82,4.95,269.27,0.0,0.0,0.0,0.0
2019/03/24 12:15,15.2,987.0,0.3,257,0,0,14.22,14.17,989.0,5.23,265.23,0.0,0.0,0.0,0.0
2019/03/24 12:30,14.9,987.099976,1.6,348,0,0,14.02,14.44,989.16,5.37,264.88,0.0,0.0,0.0,0.0
2019/03/24 12:45,13.8,987.400024,0.1,189,0,0,13.82,14.62,989.32,5.42,265.85,0.0,0.0,0.0,0.0
2019/03/24 13:00,13.9,987.400024,0.0,236,0,0,13.62,14.7,989.49,5.43,266.03,0.0,0.0,0.0,0.0
2019/03/24 13:15,13.6,987.299988,0.2,277,0,0,13.39,14.75,989.64,5.42,265.24,0.0,0.0,0.0,0.0
2019/03/24 13:30,14.1,987.299988,0.0,284,0,0,13.15,14.86,989.73,5.41,265.08,0.0,0.0,0.0,0.0
2019/03/24 13:45,14.6,987.200012,0.0,252,0,0,12.9,15.06,989.63,5.43,265.74,0.0,0.0,0.0,0.0
2019/03/24 14:00,13.0,987.299988,0.7,252,0,0,12.65,15.37,989.52,5.45,267.01,0.0,0.0,0.0,0.0
2019/03/24 14:15,12.8,987.299988,0.2,263,0,0,12.38,15.79,989.51,5.47,268.33,0.0,0.0,0.0,0.0
2019/03/24 14:30,12.4,987.5,1.5,141,0,0,12.11,16.25,989.57,5.49,269.61,0.0,0.0,0.0,0.0
2019/03/24 14:45,11.7,987.5,0.1,183,0,0,11.83,16.73,989.63,5.54,270.84,0.0,0.0,0.0,0.0
2019/03/24 15:00,12.0,987.400024,0.0,289,0,0,11.58,17.17,989.68,5.61,272.04,0.0,0.0,0.0,0.0
2019/03/24 15:15,11.7,987.400024,1.4,337,0,0,11.34,17.54,989.77,5.71,272.87,0.0,0.0,0.0,0.0
2019/03/24 15:30,13.5,987.400024,0.0,65,0,0,11.14,17.83,989.87,5.82,273.13,0.0,0.0,0.0,0.0
2019/03/24 15:45,14.1,987.299988,0.9,138,0,0,10.95,18.07,990.0,5.92,272.87,0.0,0.0,0.0,0.0
2019/03/24 16:00,13.0,987.299988,0.6,137,0,0,10.89,18.53,989.34,6.15,275.77,0.0,0.0,0.0,0.0
2019/03/24 16:15,10.6,987.299988,0.0,243,0,0,10.68,18.8,989.34,6.23,276.26,0.0,0.0,0.0,0.0
2019/03/24 16:30,11.1,987.200012,0.8,122,0,0,10.52,18.95,989.32,6.41,276.93,0.0,0.0,0.0,0.0
2019/03/24 16:45,10.7,987.200012,0.6,134,0,0,10.4,19.02,989.42,6.6,278.15,0.0,0.0,0.0,0.0
2019/03/24 17:00,10.4,987.299988,1.2,136,0,0,10.25,19.12,989.58,6.69,279.29,0.0,0.0,0.0,0.0
2019/03/24 17:15,11.5,987.200012,1.8,140,0,0,10.03,19.34,989.36,6.72,279.24,0.0,0.0,0.0,0.0
2019/03/24 17:30,11.6,987.099976,2.0,148,0,0,9.83,19.61,989.24,6.76,277.73,0.0,0.0,0.0,0.0
2019/03/24 17:45,11.6,987.099976,2.2,132,0,0,9.66,19.75,989.16,6.81,276.03,0.0,0.0,0.0,0.0
2019/03/24 18:00,11.5,987.099976,0.8,185,0,0,9.52,19.84,989.29,6.83,275.44,0.0,0.0,0.0,0.0
2019/03/24 18:15,11.5,987.0,1.7,161,0,0,9.32,19.96,989.09,6.8,275.81,0.0,0.0,0.0,0.0
2019/03/24 18:30,11.2,987.0,2.0,150,0,0,9.13,20.06,989.06,6.71,277.25,0.0,0.0,0.0,0.0
2019/03/24 18:45,11.3,987.0,1.4,154,0,0,8.96,20.11,989.22,6.63,278.19,0.0,0.0,0.0,0.0
2019/03/24 19:00,11.1,987.099976,0.8,155,0,0,8.79,20.11,989.18,6.61,279.35,0.0,0.0,0.0,0.0
2019/03/25 08:00,24.1,983.700012,7.2,140,505,246,22.79,5.79,988.31,7.19,287.17,486.32,45.44,440.88,15.17294
2019/03/25 08:15,24.0,983.599976,4.0,156,442,235,22.76,5.8,988.24,6.99,285.94,431.66,43.43000000000001,388.23,13.174220000000002
2019/03/25 08:30,23.799999,983.599976,3.5,146,371,213,22.72,5.81,988.1,6.76,286.25,393.96,41.93000000000001,352.03,11.01384
2019/03/25 08:45,24.200001,983.700012,4.7,211,312,191,22.62,5.83,988.01,6.49,287.12,335.76,39.38,296.38,9.241969
2019/03/25 09:00,24.200001,983.900024,2.6,167,252,164,22.53,5.84,987.99,6.14,288.09,296.04,37.450000000000045,258.59,7.348032000000001
2019/03/25 09:15,23.6,984.0,3.8,170,191,134,22.35,5.92,987.96,5.73,288.88,235.59,34.09,201.5,5.547172
2019/03/25 09:30,23.5,984.099976,3.1,160,137,104,22.14,6.13,987.9,5.22,288.85,195.13,31.430000000000007,163.7,3.909719
2019/03/25 09:45,23.299999,984.299988,1.6,149,94,77,21.67,6.7,987.9,4.55,287.33,135.08,26.570000000000007,108.51,2.571023
2019/03/25 10:00,22.799999,984.5,3.1,157,55,53,20.92,7.76,987.96,3.94,282.56,96.23,22.460000000000008,73.77,1.5025389999999998
2019/03/25 10:15,22.4,984.700012,3.1,157,26,27,19.99,8.43,988.07,3.65,275.31,42.05,14.069999999999997,27.98,0.6765800000000001
2019/03/25 10:30,22.0,985.0,2.1,141,3,5,19.22,8.61,988.22,3.65,267.68,12.06,6.08,5.98,0.152472
2019/03/25 10:45,21.299999,985.299988,3.2,135,0,0,18.5,8.57,988.44,3.74,262.06,0.0,0.0,0.0,0.0
2019/03/25 11:00,20.4,985.5,1.1,126,0,0,17.92,8.63,988.76,3.82,259.89,0.0,0.0,0.0,0.0
2019/03/25 11:15,20.1,985.700012,1.2,104,0,0,17.43,8.72,989.06,3.86,261.33,0.0,0.0,0.0,0.0
2019/03/25 11:30,19.5,986.0,1.9,93,0,0,16.91,8.95,989.37,3.9,264.0,0.0,0.0,0.0,0.0
2019/03/25 11:45,19.700001,986.299988,1.8,85,0,0,16.29,9.37,989.65,4.03,264.76,0.0,0.0,0.0,0.0
2019/03/25 12:00,18.5,986.799988,1.5,30,0,0,15.66,9.86,989.91,4.26,262.75,0.0,0.0,0.0,0.0
2019/03/25 12:15,19.0,986.799988,2.6,49,0,0,15.2,10.23,990.16,4.52,260.11,0.0,0.0,0.0,0.0
2019/03/25 12:30,17.799999,987.099976,1.8,67,0,0,14.87,10.54,990.4,4.66,258.59,0.0,0.0,0.0,0.0
2019/03/25 12:45,17.799999,987.400024,1.9,78,0,0,14.58,10.88,990.64,4.67,258.91,0.0,0.0,0.0,0.0
2019/03/25 13:00,17.6,987.599976,0.0,51,0,0,14.3,11.26,990.89,4.64,261.4,0.0,0.0,0.0,0.0
2019/03/25 13:15,16.1,987.799988,0.5,273,0,0,14.01,11.66,991.1,4.64,264.5,0.0,0.0,0.0,0.0
2019/03/25 13:30,17.200001,987.900024,0.5,56,0,0,13.7,12.1,991.26,4.72,266.71,0.0,0.0,0.0,0.0
2019/03/25 13:45,17.200001,987.900024,0.4,36,0,0,13.4,12.59,991.23,4.89,267.83,0.0,0.0,0.0,0.0
2019/03/25 14:00,16.799999,988.0,0.7,49,0,0,13.16,13.03,991.19,5.07,268.77,0.0,0.0,0.0,0.0
2019/03/25 14:15,12.6,988.5,0.7,229,0,0,12.94,13.43,991.23,5.21,270.05,0.0,0.0,0.0,0.0
2019/03/25 14:30,12.5,988.700012,0.3,333,0,0,12.7,13.9,991.35,5.29,270.92,0.0,0.0,0.0,0.0
2019/03/25 14:45,14.7,988.799988,0.3,305,0,0,12.41,14.47,991.47,5.3,270.82,0.0,0.0,0.0,0.0
2019/03/25 15:00,15.3,988.599976,0.0,272,0,0,12.07,15.15,991.58,5.2,270.89,0.0,0.0,0.0,0.0
2019/03/25 15:15,14.6,988.799988,0.9,218,0,0,11.73,15.88,991.74,4.99,271.73,0.0,0.0,0.0,0.0
2019/03/25 15:30,14.0,988.799988,0.0,111,0,0,11.42,16.51,991.98,4.71,273.74,0.0,0.0,0.0,0.0
2019/03/25 15:45,13.6,988.799988,0.0,253,0,0,11.12,17.11,992.3,4.37,278.03,0.0,0.0,0.0,0.0
2019/03/25 16:00,13.2,988.799988,0.0,267,0,0,11.86,15.7,990.88,4.48,265.82,0.0,0.0,0.0,0.0
2019/03/25 16:15,11.0,989.0,1.3,156,0,0,11.7,15.8,990.68,4.66,266.22,0.0,0.0,0.0,0.0
2019/03/25 16:30,10.9,989.099976,0.6,172,0,0,11.51,15.91,991.01,4.8,266.81,0.0,0.0,0.0,0.0
2019/03/25 16:45,13.1,988.900024,2.4,163,0,0,11.26,16.09,990.9,5.02,267.59,0.0,0.0,0.0,0.0
2019/03/25 17:00,12.8,989.099976,2.1,199,0,0,11.08,16.12,990.95,5.24,271.91,0.0,0.0,0.0,0.0
2019/03/25 17:15,12.7,989.099976,0.9,183,0,0,10.87,16.18,990.89,5.25,274.83,0.0,0.0,0.0,0.0
2019/03/25 17:30,13.1,989.099976,2.3,134,0,0,10.57,16.45,990.94,5.08,272.61,0.0,0.0,0.0,0.0
2019/03/25 17:45,13.0,989.099976,2.0,169,0,0,10.32,16.71,991.1,4.93,268.89,0.0,0.0,0.0,0.0
2019/03/25 18:00,13.1,988.900024,1.5,135,0,0,10.09,16.97,991.15,4.84,264.18,0.0,0.0,0.0,0.0
2019/03/25 18:15,13.1,988.799988,1.9,147,0,0,9.85,17.32,991.06,4.74,260.05,0.0,0.0,0.0,0.0
2019/03/25 18:30,12.7,988.700012,1.9,146,0,0,9.59,17.78,991.06,4.49,257.49,0.0,0.0,0.0,0.0
2019/03/25 18:45,12.8,988.700012,2.9,158,0,0,9.32,18.31,990.99,3.98,257.25,0.0,0.0,0.0,0.0
2019/03/25 19:00,12.6,988.700012,2.6,152,0,0,9.1,18.85,991.15,3.25,261.87,0.0,0.0,0.0,0.0
2019/03/26 08:00,25.0,983.599976,4.2,73,464,268,26.41,6.14,987.32,4.56,302.78,448.72,43.32000000000005,405.4,14.00525
2019/03/26 08:15,24.4,983.599976,5.0,68,394,278,26.42,6.03,987.21,4.85,303.4,388.8,54.18000000000001,334.62,11.65806
2019/03/26 08:30,24.700001,983.400024,4.7,87,345,228,26.41,5.93,987.04,5.14,303.98,347.89,54.599999999999966,293.29,10.16159
2019/03/26 08:45,24.4,983.400024,4.1,75,288,203,26.28,5.89,986.91,5.48,304.49,287.51,58.579999999999984,228.93,8.585500999999999
2019/03/26 09:00,24.4,983.5,3.9,69,232,174,26.15,5.88,986.83,5.73,303.17,254.4,53.110000000000014,201.29,6.964233999999999
2019/03/26 09:15,23.9,983.5,4.9,96,158,133,25.91,6.03,986.72,5.73,300.23,211.33,41.73000000000002,169.6,4.873859
2019/03/26 09:30,23.6,983.400024,3.0,76,131,113,25.62,6.34,986.6,5.45,297.48,185.4,30.65000000000001,154.75,3.914422
2019/03/26 09:45,23.4,983.5,2.5,48,83,79,25.01,6.93,986.49,5.02,295.09,129.91,27.129999999999995,102.78,2.38011
2019/03/26 10:00,22.9,983.599976,2.9,91,40,45,24.24,7.64,986.42,4.63,291.39,95.66,22.47,73.19,1.165227
2019/03/26 10:15,22.4,983.799988,3.5,103,17,22,23.19,8.29,986.38,4.39,285.47,43.04,14.439999999999998,28.6,0.5039859999999999
2019/03/26 10:30,21.799999,983.700012,2.7,74,1,3,22.22,8.66,986.35,4.31,277.0,13.43,6.66,6.77,0.07695
2019/03/26 10:45,21.200001,984.0,2.9,84,0,0,21.41,8.76,986.47,4.37,265.94,0.0,0.0,0.0,0.0
2019/03/26 11:00,20.9,983.900024,3.0,52,0,0,20.73,9.06,986.67,4.67,257.81,0.0,0.0,0.0,0.0
2019/03/26 11:15,20.1,984.200012,2.6,344,0,0,20.11,9.47,986.92,5.14,258.27,0.0,0.0,0.0,0.0
2019/03/26 11:30,19.9,984.599976,2.7,340,0,0,19.55,9.98,987.26,5.49,264.02,0.0,0.0,0.0,0.0
2019/03/26 11:45,19.1,984.900024,2.9,313,0,0,19.05,10.54,987.49,5.6,266.51,0.0,0.0,0.0,0.0
2019/03/26 12:00,18.0,985.099976,3.7,313,0,0,18.6,11.12,987.66,5.64,266.46,0.0,0.0,0.0,0.0
2019/03/26 12:15,17.5,985.400024,3.7,335,0,0,18.24,11.63,987.87,5.78,267.62,0.0,0.0,0.0,0.0
2019/03/26 12:30,17.0,985.799988,1.1,357,0,0,17.93,12.04,988.12,5.95,269.82,0.0,0.0,0.0,0.0
2019/03/26 12:45,16.0,986.200012,0.6,290,0,0,17.67,12.38,988.37,6.02,271.28,0.0,0.0,0.0,0.0
2019/03/26 13:00,16.0,986.400024,0.0,326,0,0,17.45,12.63,988.56,5.93,271.98,0.0,0.0,0.0,0.0
2019/03/26 13:15,16.1,986.599976,0.7,297,0,0,17.17,12.92,988.69,5.66,270.38,0.0,0.0,0.0,0.0
2019/03/26 13:30,16.200001,986.700012,0.4,320,0,0,16.76,13.39,988.76,5.37,264.46,0.0,0.0,0.0,0.0
2019/03/26 13:45,16.299999,986.900024,0.3,293,0,0,16.35,13.93,988.68,5.24,255.67,0.0,0.0,0.0,0.0
2019/03/26 14:00,16.299999,986.900024,0.6,304,0,0,16.0,14.53,988.58,5.16,251.43,0.0,0.0,0.0,0.0
2019/03/26 14:15,16.0,987.099976,0.0,68,0,0,15.68,15.24,988.56,5.06,250.46,0.0,0.0,0.0,0.0
2019/03/26 14:30,16.0,987.299988,0.9,3,0,0,15.44,15.93,988.64,4.99,250.85,0.0,0.0,0.0,0.0
2019/03/26 14:45,15.5,987.400024,1.3,16,0,0,15.19,16.58,988.71,4.92,248.91,0.0,0.0,0.0,0.0
2019/03/26 15:00,14.8,987.400024,0.6,46,0,0,14.97,17.11,988.73,4.91,244.84,0.0,0.0,0.0,0.0
2019/03/26 15:15,14.9,987.200012,0.6,53,0,0,14.79,17.48,988.76,5.0,241.69,0.0,0.0,0.0,0.0
2019/03/26 15:30,14.8,987.200012,0.9,73,0,0,14.66,17.71,988.83,5.1,240.97,0.0,0.0,0.0,0.0
2019/03/26 15:45,14.5,987.200012,0.6,241,0,0,14.53,17.82,988.95,5.19,243.06,0.0,0.0,0.0,0.0
2019/03/26 16:00,13.7,987.400024,0.2,11,0,0,13.57,16.16,989.22,2.5,220.55,0.0,0.0,0.0,0.0
2019/03/26 16:15,15.0,987.400024,0.0,82,0,0,13.54,16.22,989.2,2.47,228.68,0.0,0.0,0.0,0.0
2019/03/26 16:30,13.6,987.400024,0.0,82,0,0,13.51,16.29,989.6,2.58,237.59,0.0,0.0,0.0,0.0
2019/03/26 16:45,12.9,987.5,0.0,129,0,0,13.3,16.5,989.53,2.88,245.31,0.0,0.0,0.0,0.0
2019/03/26 17:00,13.3,987.599976,0.0,120,0,0,13.01,16.84,989.31,3.22,244.74,0.0,0.0,0.0,0.0
2019/03/26 17:15,13.9,987.5,0.0,138,0,0,12.69,17.28,989.31,3.52,238.44,0.0,0.0,0.0,0.0
2019/03/26 17:30,13.6,987.5,0.7,137,0,0,12.4,17.76,989.36,3.8,231.82,0.0,0.0,0.0,0.0
2019/03/26 17:45,12.3,987.599976,0.7,210,0,0,12.18,18.2,989.59,4.02,233.23,0.0,0.0,0.0,0.0
2019/03/26 18:00,11.2,987.5,0.0,257,0,0,12.05,18.49,989.93,4.23,238.85,0.0,0.0,0.0,0.0
2019/03/26 18:15,11.1,987.400024,1.2,241,0,0,12.03,18.61,990.12,4.52,245.95,0.0,0.0,0.0,0.0
2019/03/26 18:30,11.1,987.599976,0.2,223,0,0,12.07,18.64,990.19,4.97,254.15,0.0,0.0,0.0,0.0
2019/03/26 18:45,11.7,987.200012,0.6,171,0,0,12.17,18.58,990.17,5.57,261.61,0.0,0.0,0.0,0.0
2019/03/26 19:00,11.6,987.200012,0.7,156,0,0,12.32,18.47,990.27,6.14,267.15,0.0,0.0,0.0,0.0
2019/03/27 08:00,21.0,984.900024,4.5,24,211,224,21.82,14.79,989.44,9.16,97.3,466.27,45.00999999999999,421.26,6.9114070000000005
2019/03/27 08:15,20.9,984.799988,4.5,25,169,186,21.6,15.29,989.75,9.01,96.77,413.65,43.06,370.59,5.484938
2019/03/27 08:30,20.700001,984.900024,3.7,24,129,148,21.33,15.73,989.95,8.96,95.98,376.02,41.43000000000001,334.59,4.329828
2019/03/27 08:45,20.6,985.0,3.6,18,115,130,20.97,16.07,990.07,8.88,96.5,318.44,38.85000000000002,279.59,3.752875
2019/03/27 09:00,20.5,985.0,1.9,25,91,104,20.68,16.29,990.25,8.72,96.02,280.72,36.81000000000003,243.91,2.974125
2019/03/27 09:15,20.299999,985.200012,3.2,18,69,79,20.33,16.52,990.39,8.48,95.02,224.37,33.640000000000015,190.73,2.240711
2019/03/27 09:30,20.1,985.400024,2.8,34,52,61,20.0,16.8,990.5,8.14,93.66,183.09,31.210000000000008,151.88,1.6776490000000002
2019/03/27 09:45,19.9,985.599976,1.6,29,38,45,19.63,17.23,990.61,7.61,92.32,130.37,26.540000000000006,103.83,1.23468
2019/03/27 10:00,19.6,985.799988,2.4,20,18,23,19.21,18.04,990.72,6.88,89.24,92.17,22.22,69.95,0.567191
2019/03/27 10:15,19.4,986.0,2.0,350,6,9,18.54,19.44,990.83,6.14,85.77,40.04,13.829999999999998,26.21,0.207771
2019/03/27 10:30,19.0,986.299988,1.5,348,0,1,17.78,21.27,991.05,6.44,82.08,12.87,6.44,6.43,0.000801
2019/03/27 10:45,18.6,986.799988,1.5,329,0,0,16.89,23.45,991.61,8.0,96.12,0.0,0.0,0.0,0.0
2019/03/27 11:00,18.299999,987.099976,2.1,337,0,0,15.74,25.69,992.16,8.84,103.65,0.0,0.0,0.0,0.0
2019/03/27 11:15,18.0,987.5,1.5,342,0,0,15.18,26.02,992.73,8.56,101.91,0.0,0.0,0.0,0.0
2019/03/27 11:30,17.700001,987.900024,2.4,342,0,0,14.72,25.7,993.31,8.7,102.7,0.0,0.0,0.0,0.0
2019/03/27 11:45,17.9,988.299988,3.3,10,0,0,13.91,26.39,993.91,9.1,104.39,0.0,0.0,0.0,0.0
2019/03/27 12:00,17.5,988.599976,2.2,347,0,0,13.15,27.23,994.5,8.81,103.94,0.0,0.0,0.0,0.0
2019/03/27 12:15,17.0,989.0,3.2,12,0,0,12.61,27.7,995.04,8.06,104.63,0.0,0.0,0.0,0.0
2019/03/27 12:30,16.1,989.599976,4.4,355,0,0,12.15,28.37,995.6,7.4,106.86,0.0,0.0,0.0,0.0
2019/03/27 12:45,15.5,990.0,5.6,352,0,0,11.71,29.16,996.14,6.99,110.21,0.0,0.0,0.0,0.0
2019/03/27 13:00,14.9,990.700012,5.6,337,0,0,11.23,29.57,996.66,6.64,113.28,0.0,0.0,0.0,0.0
2019/03/27 13:15,14.2,991.200012,3.7,358,0,0,10.74,29.39,997.15,6.18,112.35,0.0,0.0,0.0,0.0
2019/03/27 13:30,13.7,991.599976,3.5,339,0,0,10.28,29.02,997.49,5.66,110.17,0.0,0.0,0.0,0.0
2019/03/27 13:45,13.2,991.799988,4.3,351,0,0,9.85,28.94,997.68,5.09,108.75,0.0,0.0,0.0,0.0
2019/03/27 14:00,12.8,992.099976,3.9,347,0,0,9.44,29.17,997.82,4.45,106.26,0.0,0.0,0.0,0.0
2019/03/27 14:15,12.5,992.599976,5.1,331,0,0,9.07,29.71,997.9,3.87,100.43,0.0,0.0,0.0,0.0
2019/03/27 14:30,11.5,993.200012,4.6,316,0,0,8.72,30.5,998.06,3.43,89.99,0.0,0.0,0.0,0.0
2019/03/27 14:45,10.9,993.599976,4.5,1,0,0,8.39,31.47,998.23,3.24,78.38,0.0,0.0,0.0,0.0
2019/03/27 15:00,10.4,994.0,4.6,335,0,0,8.08,32.53,998.35,3.3,69.63,0.0,0.0,0.0,0.0
2019/03/27 15:15,9.900001,994.400024,2.8,349,0,0,7.79,33.51,998.44,3.49,66.94,0.0,0.0,0.0,0.0
2019/03/27 15:30,9.5,994.799988,2.6,348,0,0,7.5,34.5,998.52,3.66,67.46,0.0,0.0,0.0,0.0
2019/03/27 15:45,9.3,995.099976,2.5,336,0,0,7.2,35.53,998.62,3.76,69.16,0.0,0.0,0.0,0.0
2019/03/27 16:00,8.900001,995.099976,3.4,348,0,0,8.73,31.13,995.91,5.61,64.77,0.0,0.0,0.0,0.0
2019/03/27 16:15,8.7,995.200012,3.7,359,0,0,8.36,31.55,996.23,5.23,63.57,0.0,0.0,0.0,0.0
2019/03/27 16:30,8.5,995.400024,2.6,335,0,0,8.01,32.09,996.72,4.67,62.93,0.0,0.0,0.0,0.0
2019/03/27 16:45,8.400001,995.799988,1.2,336,0,0,7.67,32.81,997.01,4.05,61.57,0.0,0.0,0.0,0.0
2019/03/27 17:00,8.1,995.599976,2.0,311,0,0,7.36,33.64,997.44,3.48,61.3,0.0,0.0,0.0,0.0
2019/03/27 17:15,7.8,995.5,2.1,353,0,0,7.04,34.62,997.47,3.05,56.67,0.0,0.0,0.0,0.0
2019/03/27 17:30,7.6,996.099976,2.5,320,0,0,6.72,35.84,997.72,2.83,47.8,0.0,0.0,0.0,0.0
2019/03/27 17:45,7.4,996.099976,1.7,349,0,0,6.44,36.91,997.68,2.8,37.52,0.0,0.0,0.0,0.0
2019/03/27 18:00,7.0,995.799988,0.8,344,0,0,6.13,38.05,997.64,2.84,31.59,0.0,0.0,0.0,0.0
2019/03/27 18:15,6.7,995.799988,1.4,358,0,0,5.84,39.15,997.62,2.9,29.05,0.0,0.0,0.0,0.0
2019/03/27 18:30,6.5,995.799988,1.3,351,0,0,5.59,40.2,997.8,3.0,30.79,0.0,0.0,0.0,0.0
2019/03/27 18:45,6.3,995.700012,1.6,324,0,0,5.33,41.41,997.53,3.13,34.24,0.0,0.0,0.0,0.0
2019/03/27 19:00,6.3,995.700012,1.6,316,0,0,5.13,42.29,997.38,3.25,38.55,0.0,0.0,0.0,0.0
2019/03/28 08:00,9.6,991.099976,1.4,342,449,243,11.23,26.54,992.23,2.94,77.17,348.97,53.200000000000045,295.77,14.11856
2019/03/28 08:15,9.1,991.200012,2.3,42,387,227,11.28,26.32,992.14,2.94,73.85,294.65,30.5,264.15,12.08659
2019/03/28 08:30,9.5,991.099976,1.7,328,333,206,11.32,26.14,991.88,2.89,79.32,251.84,27.590000000000003,224.25,10.31822
2019/03/28 08:45,9.400001,991.099976,2.0,39,274,178,11.34,26.01,991.66,2.82,86.01,228.29,29.049999999999983,199.24,8.514844
2019/03/28 09:00,9.7,991.200012,0.7,4,216,149,11.38,25.8,991.5,2.7,89.76,234.0,30.41,203.59,6.759266
2019/03/28 09:15,9.400001,991.099976,1.2,48,170,123,11.38,25.64,991.39,2.49,91.02,210.61,31.200000000000017,179.41,5.199906
2019/03/28 09:30,9.1,991.299988,1.3,13,122,96,11.36,25.49,991.32,2.32,85.46,184.98,30.44,154.54,3.685063
2019/03/28 09:45,8.900001,991.5,2.5,38,82,71,11.27,25.53,991.19,2.38,77.06,132.47,26.47,106.0,2.3776490000000003
2019/03/28 10:00,8.7,991.400024,2.0,47,47,45,11.16,25.68,991.04,2.55,70.05,97.3,22.92,74.38,1.352996
2019/03/28 10:15,8.400001,991.599976,1.8,37,23,25,10.86,26.94,990.98,2.61,60.97,46.07,15.28,30.79,0.656524
2019/03/28 10:30,8.1,991.5,1.1,46,5,7,10.4,28.41,991.06,2.7,48.21,16.44,7.81,8.63,0.175321
2019/03/28 10:45,7.6,991.700012,0.8,41,0,0,9.99,29.86,991.34,2.89,37.51,0.0,0.0,0.0,0.0
2019/03/28 11:00,7.1,991.799988,1.1,24,0,0,9.64,31.62,991.64,2.99,30.4,0.0,0.0,0.0,0.0
2019/03/28 11:15,7.2,991.900024,1.1,28,0,0,9.29,33.02,991.91,2.98,25.46,0.0,0.0,0.0,0.0
2019/03/28 11:30,7.2,992.0,1.0,19,0,0,8.96,34.13,992.15,2.94,21.79,0.0,0.0,0.0,0.0
2019/03/28 11:45,7.1,992.299988,1.6,357,0,0,8.67,35.0,992.33,2.91,20.9,0.0,0.0,0.0,0.0
2019/03/28 12:00,7.3,992.5,1.0,2,0,0,8.35,35.95,992.5,2.86,21.66,0.0,0.0,0.0,0.0
2019/03/28 12:15,7.0,992.700012,1.2,354,0,0,8.03,36.92,992.66,2.76,23.45,0.0,0.0,0.0,0.0
2019/03/28 12:30,6.9,993.0,0.9,358,0,0,7.73,37.81,992.85,2.63,26.19,0.0,0.0,0.0,0.0
2019/03/28 12:45,7.1,993.0,1.7,353,0,0,7.44,38.62,993.02,2.53,28.92,0.0,0.0,0.0,0.0
2019/03/28 13:00,6.5,993.099976,1.3,347,0,0,7.16,39.38,993.16,2.44,29.27,0.0,0.0,0.0,0.0
2019/03/28 13:15,6.4,993.400024,0.6,337,0,0,6.91,40.05,993.27,2.33,25.66,0.0,0.0,0.0,0.0
2019/03/28 13:30,6.3,993.200012,0.6,336,0,0,6.66,40.6,993.34,2.25,20.26,0.0,0.0,0.0,0.0
2019/03/28 13:45,5.1,993.299988,0.0,118,0,0,6.39,41.12,993.22,2.42,18.61,0.0,0.0,0.0,0.0
2019/03/28 14:00,5.0,993.400024,0.0,225,0,0,6.04,41.21,993.17,3.05,34.78,0.0,0.0,0.0,0.0
2019/03/28 14:15,5.0,993.400024,0.0,281,0,0,5.69,40.26,993.17,3.87,57.31,0.0,0.0,0.0,0.0
2019/03/28 14:30,5.2,993.299988,0.0,300,0,0,5.32,39.06,993.23,4.37,77.78,0.0,0.0,0.0,0.0
2019/03/28 14:45,5.6,993.299988,2.3,1,0,0,4.93,38.57,993.31,4.37,91.45,0.0,0.0,0.0,0.0
2019/03/28 15:00,5.0,993.099976,1.9,357,0,0,4.55,38.75,993.43,4.01,98.47,0.0,0.0,0.0,0.0
2019/03/28 15:15,4.7,993.400024,1.6,4,0,0,4.17,39.39,993.61,3.42,98.95,0.0,0.0,0.0,0.0
2019/03/28 15:30,4.6,993.200012,1.7,358,0,0,3.81,40.43,993.88,2.76,87.61,0.0,0.0,0.0,0.0
2019/03/28 15:45,4.4,993.0,1.0,10,0,0,3.57,41.02,994.13,2.38,61.09,0.0,0.0,0.0,0.0
2019/03/28 16:00,4.2,993.099976,1.2,19,0,0,4.96,39.07,993.52,0.47,333.69,0.0,0.0,0.0,0.0
2019/03/28 16:15,4.3,992.700012,1.0,352,0,0,4.81,39.71,993.5,0.43,0.58,0.0,0.0,0.0,0.0
2019/03/28 16:30,3.5,992.900024,0.0,239,0,0,4.67,40.27,993.53,0.42,22.9,0.0,0.0,0.0,0.0
2019/03/28 16:45,2.7,992.900024,0.6,253,0,0,4.52,40.73,993.47,0.45,13.35,0.0,0.0,0.0,0.0
2019/03/28 17:00,2.6,992.900024,0.0,263,0,0,4.35,40.87,993.27,0.42,5.79,0.0,0.0,0.0,0.0
2019/03/28 17:15,2.6,992.400024,1.1,308,0,0,4.22,41.24,993.38,0.38,21.84,0.0,0.0,0.0,0.0
2019/03/28 17:30,2.9,992.400024,0.8,315,0,0,4.09,41.58,993.43,0.41,40.84,0.0,0.0,0.0,0.0
2019/03/28 17:45,3.6,992.099976,0.0,348,0,0,3.92,42.07,993.15,0.47,59.39,0.0,0.0,0.0,0.0
2019/03/28 18:00,3.7,991.900024,1.5,345,0,0,3.75,42.63,993.13,0.48,66.72,0.0,0.0,0.0,0.0
2019/03/28 18:15,3.3,991.5,0.7,339,0,0,3.56,43.2,992.8,0.4,59.83,0.0,0.0,0.0,0.0
2019/03/28 18:30,3.3,991.400024,1.3,323,0,0,3.39,43.58,992.69,0.33,34.73,0.0,0.0,0.0,0.0
2019/03/28 18:45,3.3,991.299988,0.9,328,0,0,3.23,43.87,992.45,0.45,323.62,0.0,0.0,0.0,0.0
2019/03/28 19:00,3.4,991.099976,1.9,320,0,0,3.08,44.03,992.26,0.81,302.0,0.0,0.0,0.0,0.0
2019/03/29 08:00,16.4,986.200012,1.1,234,502,304,16.71,9.56,988.45,12.27,296.04,497.97,45.75,452.22,16.330561
2019/03/29 08:15,17.1,986.299988,4.1,232,133,137,16.53,9.84,988.55,11.81,300.72,442.74,43.79000000000002,398.95,4.562797
2019/03/29 08:30,17.5,986.299988,2.7,198,347,251,16.33,10.36,988.6,11.36,307.01,404.24,42.31999999999999,361.92,7.776782000000001
2019/03/29 08:45,17.1,986.599976,2.5,216,281,203,16.04,10.93,988.71,11.09,313.96,345.19,39.85000000000002,305.34,6.318375
2019/03/29 09:00,17.200001,986.700012,3.9,213,239,183,15.7,11.35,988.92,11.11,320.68,305.36,37.97000000000003,267.39,7.146891
2019/03/29 09:15,17.0,986.900024,4.0,239,185,147,15.23,11.72,989.16,11.27,323.98,245.33,34.74000000000001,210.59,5.330063
2019/03/29 09:30,16.9,987.299988,5.9,205,135,117,14.79,12.2,989.41,11.23,322.97,205.16,32.19999999999999,172.96,3.864438
2019/03/29 09:45,16.6,987.599976,4.1,211,93,86,14.36,12.98,989.59,10.85,321.73,145.16,27.58,117.58,2.54182
2019/03/29 10:00,15.9,988.099976,5.4,278,54,57,13.95,13.98,989.8,10.25,323.14,106.14,23.730000000000004,82.41,1.493926
2019/03/29 10:15,15.2,988.5,6.7,248,29,30,13.4,15.15,990.06,9.67,326.69,51.24,16.0,35.24,0.7086819999999999
2019/03/29 10:30,14.7,988.799988,2.8,253,10,12,12.79,16.26,990.35,9.23,329.86,19.75,8.71,11.04,0.269411
2019/03/29 10:45,14.2,989.200012,4.6,263,0,0,12.18,17.22,990.77,8.91,331.44,0.0,0.0,0.0,0.0
2019/03/29 11:00,13.6,989.700012,2.4,297,0,0,11.7,18.03,991.3,8.7,331.77,0.0,0.0,0.0,0.0
2019/03/29 11:15,13.1,990.200012,3.1,235,0,0,11.27,18.53,991.81,8.59,330.85,0.0,0.0,0.0,0.0
2019/03/29 11:30,12.7,990.599976,3.5,297,0,0,10.89,18.75,992.28,8.5,328.75,0.0,0.0,0.0,0.0
2019/03/29 11:45,12.3,990.900024,3.6,286,0,0,10.52,18.88,992.7,8.36,326.07,0.0,0.0,0.0,0.0
2019/03/29 12:00,12.1,991.299988,7.2,244,0,0,10.17,19.05,993.05,8.15,323.2,0.0,0.0,0.0,0.0
2019/03/29 12:15,12.0,991.599976,6.2,279,0,0,9.78,19.47,993.41,7.79,320.55,0.0,0.0,0.0,0.0
2019/03/29 12:30,11.5,992.0,4.6,247,0,0,9.34,20.21,993.78,7.3,318.48,0.0,0.0,0.0,0.0
2019/03/29 12:45,11.3,992.299988,3.1,240,0,0,8.88,21.15,994.13,6.77,316.73,0.0,0.0,0.0,0.0
2019/03/29 13:00,11.0,992.700012,4.0,248,0,0,8.43,22.15,994.44,6.26,315.12,0.0,0.0,0.0,0.0
2019/03/29 13:15,10.8,993.200012,4.1,262,0,0,8.0,23.17,994.71,5.81,313.45,0.0,0.0,0.0,0.0
2019/03/29 13:30,10.8,993.5,3.2,254,0,0,7.59,24.16,994.92,5.46,311.45,0.0,0.0,0.0,0.0
2019/03/29 13:45,10.5,993.799988,2.3,231,0,0,7.21,25.08,994.95,5.22,308.66,0.0,0.0,0.0,0.0
2019/03/29 14:00,10.4,994.099976,3.1,231,0,0,6.88,25.73,995.01,5.12,305.53,0.0,0.0,0.0,0.0
2019/03/29 14:15,9.7,994.5,1.6,247,0,0,6.6,26.23,995.14,5.18,302.76,0.0,0.0,0.0,0.0
2019/03/29 14:30,9.400001,994.400024,1.8,267,0,0,6.36,26.55,995.34,5.32,300.83,0.0,0.0,0.0,0.0
2019/03/29 14:45,9.2,994.700012,3.6,278,0,0,6.14,26.82,995.51,5.48,299.95,0.0,0.0,0.0,0.0
2019/03/29 15:00,8.400001,994.700012,1.8,226,0,0,5.94,27.09,995.64,5.63,299.69,0.0,0.0,0.0,0.0
2019/03/29 15:15,8.2,994.900024,1.8,270,0,0,5.74,27.32,995.81,5.78,299.65,0.0,0.0,0.0,0.0
2019/03/29 15:30,8.0,995.099976,1.3,278,0,0,5.53,27.53,996.04,5.91,299.12,0.0,0.0,0.0,0.0
2019/03/29 15:45,7.9,995.0,3.3,264,0,0,5.31,27.72,996.25,5.99,298.05,0.0,0.0,0.0,0.0
2019/03/29 16:00,7.8,995.200012,2.5,224,0,0,5.08,25.98,997.42,3.91,289.91,0.0,0.0,0.0,0.0
2019/03/29 16:15,7.3,995.200012,3.0,273,0,0,4.77,26.55,997.49,3.8,288.31,0.0,0.0,0.0,0.0
2019/03/29 16:30,6.8,995.400024,2.6,239,0,0,4.51,27.08,997.91,3.76,286.01,0.0,0.0,0.0,0.0
2019/03/29 16:45,6.7,995.5,2.9,258,0,0,4.26,27.49,998.07,3.78,283.94,0.0,0.0,0.0,0.0
2019/03/29 17:00,6.6,995.599976,2.4,252,0,0,4.04,27.72,998.28,3.79,283.73,0.0,0.0,0.0,0.0
2019/03/29 17:15,6.4,995.700012,1.1,270,0,0,3.81,27.94,998.26,3.76,284.62,0.0,0.0,0.0,0.0
2019/03/29 17:30,6.3,995.799988,1.3,268,0,0,3.59,28.15,998.25,3.7,282.96,0.0,0.0,0.0,0.0
2019/03/29 17:45,6.3,995.700012,1.1,293,0,0,3.4,28.34,998.34,3.63,279.62,0.0,0.0,0.0,0.0
2019/03/29 18:00,6.0,995.799988,1.6,280,0,0,3.23,28.5,998.64,3.63,277.16,0.0,0.0,0.0,0.0
2019/03/29 18:15,5.9,996.0,0.8,242,0,0,3.06,28.67,998.95,3.68,276.03,0.0,0.0,0.0,0.0
2019/03/29 18:30,5.9,996.0,1.2,238,0,0,2.88,28.86,998.97,3.74,274.29,0.0,0.0,0.0,0.0
2019/03/29 18:45,6.0,996.0,1.5,277,0,0,2.7,29.1,998.92,3.82,272.36,0.0,0.0,0.0,0.0
2019/03/29 19:00,5.9,996.299988,0.8,240,0,0,2.53,29.35,998.93,3.95,272.0,0.0,0.0,0.0,0.0
2019/03/30 08:00,14.2,994.799988,0.9,326,532,201,12.74,10.85,998.17,6.82,320.89,501.17,46.150000000000034,455.02,16.25313
2019/03/30 08:15,13.9,995.0,2.3,18,472,196,12.73,10.85,998.2,6.73,321.77,446.66,44.18000000000001,402.48,14.24369
2019/03/30 08:30,14.4,994.799988,2.9,315,416,189,12.72,10.88,998.14,6.61,322.67,408.93,42.72000000000003,366.21,12.5265
2019/03/30 08:45,13.8,995.0,1.5,34,338,168,12.65,10.97,998.12,6.46,323.4,350.6,40.23000000000002,310.37,10.43591
2019/03/30 09:00,13.8,994.900024,3.0,41,278,148,12.59,11.12,998.14,6.27,324.3,310.79,38.360000000000014,272.43,8.577844
2019/03/30 09:15,13.5,995.099976,2.1,55,218,121,12.46,11.4,998.18,6.03,325.54,250.21,35.110000000000014,215.1,6.620469
2019/03/30 09:30,13.7,995.200012,2.6,1,157,93,12.33,11.75,998.2,5.73,326.9,209.63,32.56999999999999,177.06,4.728391
2019/03/30 09:45,13.1,995.5,1.6,23,111,72,12.11,12.22,998.24,5.37,328.18,149.28,27.97,121.31,3.099141
2019/03/30 10:00,13.3,995.799988,1.8,28,60,47,11.85,12.86,998.29,4.89,329.3,110.05,24.14,85.91,1.747457
2019/03/30 10:15,12.9,996.0,0.7,21,32,26,11.27,14.1,998.36,4.3,329.86,54.59,16.53,38.06,0.820436
2019/03/30 10:30,12.1,996.299988,1.5,16,10,11,10.54,15.44,998.47,3.73,330.11,22.3,9.38,12.92,0.287882
2019/03/30 10:45,11.3,996.599976,1.9,48,0,0,9.88,16.16,998.65,3.26,326.49,0.0,0.0,0.0,0.0
2019/03/30 11:00,11.0,996.900024,1.9,39,0,0,9.4,16.82,998.99,2.99,319.24,0.0,0.0,0.0,0.0
2019/03/30 11:15,10.4,997.200012,1.1,67,0,0,8.93,17.32,999.33,2.93,311.66,0.0,0.0,0.0,0.0
2019/03/30 11:30,10.4,997.200012,1.0,51,0,0,8.47,17.73,999.68,3.0,305.57,0.0,0.0,0.0,0.0
2019/03/30 11:45,10.7,997.5,1.5,58,0,0,8.02,18.17,1000.01,3.1,302.28,0.0,0.0,0.0,0.0
2019/03/30 12:00,10.3,997.799988,0.6,67,0,0,7.61,18.64,1000.31,3.18,299.77,0.0,0.0,0.0,0.0
2019/03/30 12:15,10.1,998.099976,1.4,47,0,0,7.24,19.15,1000.63,3.22,295.38,0.0,0.0,0.0,0.0
2019/03/30 12:30,9.5,998.400024,1.6,37,0,0,6.9,19.72,1000.95,3.27,287.81,0.0,0.0,0.0,0.0
2019/03/30 12:45,10.0,998.599976,1.6,65,0,0,6.57,20.26,1001.27,3.36,278.26,0.0,0.0,0.0,0.0
2019/03/30 13:00,10.3,998.799988,1.4,49,0,0,6.26,20.73,1001.56,3.47,269.03,0.0,0.0,0.0,0.0
2019/03/30 13:15,8.7,999.299988,0.0,162,0,0,5.99,21.11,1001.8,3.6,262.04,0.0,0.0,0.0,0.0
2019/03/30 13:30,7.7,999.700012,0.0,145,0,0,5.76,21.39,1001.99,3.71,258.46,0.0,0.0,0.0,0.0
2019/03/30 13:45,8.8,999.700012,0.3,116,0,0,5.55,21.64,1002.1,3.79,257.17,0.0,0.0,0.0,0.0
2019/03/30 14:00,8.2,1000.099976,0.0,101,0,0,5.35,21.94,1002.22,3.86,257.25,0.0,0.0,0.0,0.0
2019/03/30 14:15,8.400001,1000.099976,0.0,113,0,0,5.14,22.3,1002.41,3.92,258.47,0.0,0.0,0.0,0.0
2019/03/30 14:30,8.7,1000.099976,0.7,69,0,0,4.91,22.7,1002.62,3.97,260.03,0.0,0.0,0.0,0.0
2019/03/30 14:45,8.7,1000.200012,1.6,29,0,0,4.68,23.16,1002.79,3.98,261.34,0.0,0.0,0.0,0.0
2019/03/30 15:00,8.8,1000.099976,1.1,23,0,0,4.44,23.64,1002.94,3.95,262.13,0.0,0.0,0.0,0.0
2019/03/30 15:15,8.8,1000.200012,0.0,105,0,0,4.21,24.13,1003.12,3.9,262.27,0.0,0.0,0.0,0.0
2019/03/30 15:30,7.4,1000.400024,0.0,38,0,0,4.0,24.58,1003.31,3.84,261.96,0.0,0.0,0.0,0.0
2019/03/30 15:45,8.7,1000.400024,1.2,34,0,0,3.81,24.98,1003.52,3.8,261.68,0.0,0.0,0.0,0.0
2019/03/30 16:00,8.1,1000.400024,1.4,345,0,0,4.55,20.98,1002.38,4.22,278.08,0.0,0.0,0.0,0.0
2019/03/30 16:15,7.7,1000.400024,1.5,338,0,0,4.39,21.27,1002.37,4.3,278.64,0.0,0.0,0.0,0.0
2019/03/30 16:30,7.1,1000.299988,1.2,2,0,0,4.26,21.51,1002.84,4.29,277.7,0.0,0.0,0.0,0.0
2019/03/30 16:45,7.5,1000.200012,1.4,5,0,0,4.1,21.77,1003.04,4.24,275.83,0.0,0.0,0.0,0.0
2019/03/30 17:00,4.8,1000.599976,0.0,163,0,0,3.95,21.99,1003.17,4.18,274.56,0.0,0.0,0.0,0.0
2019/03/30 17:15,4.4,1000.599976,1.1,235,0,0,3.77,22.22,1003.25,4.12,274.35,0.0,0.0,0.0,0.0
2019/03/30 17:30,3.5,1001.099976,3.4,310,0,0,3.63,22.41,1003.52,4.11,274.9,0.0,0.0,0.0,0.0
2019/03/30 17:45,4.8,1001.099976,1.7,308,0,0,3.47,22.65,1003.53,4.15,275.85,0.0,0.0,0.0,0.0
2019/03/30 18:00,5.1,1001.0,1.6,302,0,0,3.3,22.97,1003.38,4.2,276.31,0.0,0.0,0.0,0.0
2019/03/30 18:15,5.3,1001.0,1.6,311,0,0,3.12,23.39,1003.42,4.19,276.47,0.0,0.0,0.0,0.0
2019/03/30 18:30,5.5,1000.900024,2.1,313,0,0,2.96,23.84,1003.55,4.14,274.78,0.0,0.0,0.0,0.0
2019/03/30 18:45,5.5,1000.799988,1.7,323,0,0,2.8,24.26,1003.61,4.08,273.12,0.0,0.0,0.0,0.0
2019/03/30 19:00,4.9,1000.799988,0.5,252,0,0,2.67,24.58,1003.57,4.06,272.12,0.0,0.0,0.0,0.0
2019/03/31 08:00,18.6,993.599976,3.0,65,524,207,16.89,10.66,997.82,3.63,303.95,499.11,46.18000000000001,452.93,14.85575
2019/03/31 08:15,18.299999,993.599976,3.2,239,467,201,17.09,10.46,997.66,3.66,300.63,445.06,44.20999999999998,400.85,13.09613
2019/03/31 08:30,18.1,993.5,0.9,202,402,188,17.27,10.28,997.46,3.92,300.22,407.71,42.75999999999999,364.95,11.30806
2019/03/31 08:45,18.1,993.400024,0.9,264,333,169,17.36,10.16,997.24,4.28,301.99,350.12,40.30000000000001,309.82,9.435563
2019/03/31 09:00,18.9,993.299988,2.0,259,265,143,17.37,10.15,997.07,4.4,305.92,310.87,38.44,272.43,7.536813
2019/03/31 09:15,16.1,993.599976,3.7,54,208,125,17.22,10.41,996.94,3.85,309.22,250.96,35.22,215.74,5.829688
2019/03/31 09:30,15.2,993.700012,8.400001,46,149,102,16.95,10.99,996.85,2.51,306.99,210.66,32.71000000000001,177.95,4.039438
2019/03/31 09:45,14.5,994.099976,6.1,52,103,77,16.44,12.23,996.79,1.57,259.39,150.59,28.16,122.43,2.620078
2019/03/31 10:00,14.4,994.099976,6.3,49,58,52,15.67,14.23,996.72,2.31,160.28,111.55,24.39999999999999,87.15,1.50675
2019/03/31 10:15,14.0,994.099976,6.2,38,30,30,14.64,15.88,996.61,4.03,156.4,56.36,16.939999999999998,39.42,0.692002
2019/03/31 10:30,13.6,994.099976,5.1,54,10,12,13.61,17.05,996.46,5.56,158.21,24.08,9.949999999999998,14.13,0.217198
2019/03/31 10:45,13.2,994.400024,4.3,57,0,0,12.81,17.5,996.37,6.66,160.45,0.0,0.0,0.0,0.0
2019/03/31 11:00,13.0,994.599976,5.0,82,0,0,12.33,17.74,996.45,7.35,162.69,0.0,0.0,0.0,0.0
2019/03/31 11:15,12.8,994.700012,2.5,34,0,0,11.98,17.85,996.59,7.61,165.21,0.0,0.0,0.0,0.0
2019/03/31 11:30,12.5,994.700012,3.3,49,0,0,11.7,17.98,996.77,7.39,168.1,0.0,0.0,0.0,0.0
2019/03/31 11:45,12.3,995.0,3.1,50,0,0,11.35,18.34,996.96,6.7,173.56,0.0,0.0,0.0,0.0
2019/03/31 12:00,12.0,995.0,2.5,75,0,0,10.98,18.75,997.15,5.78,182.53,0.0,0.0,0.0,0.0
2019/03/31 12:15,11.8,995.0,1.2,73,0,0,10.6,19.13,997.3,4.92,193.82,0.0,0.0,0.0,0.0
2019/03/31 12:30,11.8,995.099976,1.3,84,0,0,10.25,19.51,997.41,4.3,204.21,0.0,0.0,0.0,0.0
2019/03/31 12:45,11.4,995.099976,0.5,267,0,0,9.96,19.79,997.5,3.95,212.79,0.0,0.0,0.0,0.0
2019/03/31 13:00,11.2,995.200012,0.0,348,0,0,9.74,19.92,997.57,3.75,222.3,0.0,0.0,0.0,0.0
2019/03/31 13:15,11.2,995.400024,0.7,330,0,0,9.5,20.1,997.68,3.62,239.04,0.0,0.0,0.0,0.0
2019/03/31 13:30,10.7,995.5,1.6,324,0,0,9.31,20.26,997.77,3.68,254.8,0.0,0.0,0.0,0.0
2019/03/31 13:45,10.2,995.599976,1.3,303,0,0,9.25,20.25,997.65,4.0,259.67,0.0,0.0,0.0,0.0
2019/03/31 14:00,10.0,995.599976,2.2,313,0,0,9.23,20.21,997.5,4.46,260.23,0.0,0.0,0.0,0.0
2019/03/31 14:15,9.8,995.599976,1.8,318,0,0,9.2,20.24,997.49,4.89,262.91,0.0,0.0,0.0,0.0
2019/03/31 14:30,9.900001,995.599976,1.5,324,0,0,9.13,20.41,997.58,5.18,268.26,0.0,0.0,0.0,0.0
2019/03/31 14:45,10.5,995.599976,1.2,311,0,0,8.96,20.89,997.77,5.2,277.19,0.0,0.0,0.0,0.0
2019/03/31 15:00,9.8,995.799988,2.1,327,0,0,8.61,21.83,998.08,4.99,287.72,0.0,0.0,0.0,0.0
2019/03/31 15:15,9.400001,995.900024,1.5,301,0,0,8.31,22.52,998.36,4.92,289.35,0.0,0.0,0.0,0.0
2019/03/31 15:30,9.8,996.0,2.7,307,0,0,8.2,22.66,998.57,5.12,284.5,0.0,0.0,0.0,0.0
2019/03/31 15:45,9.6,996.400024,1.3,260,0,0,8.2,22.68,998.82,5.28,284.51,0.0,0.0,0.0,0.0
2019/03/31 16:00,8.3,996.5,4.5,314,0,0,7.57,22.42,998.59,3.94,292.02,0.0,0.0,0.0,0.0
2019/03/31 16:15,8.400001,996.599976,2.7,284,0,0,7.37,23.19,998.86,3.54,298.73,0.0,0.0,0.0,0.0
2019/03/31 16:30,8.6,996.799988,1.6,299,0,0,7.33,23.63,999.2,3.16,296.65,0.0,0.0,0.0,0.0
2019/03/31 16:45,8.6,997.099976,1.6,304,0,0,7.38,23.85,999.12,2.76,294.6,0.0,0.0,0.0,0.0
2019/03/31 17:00,8.400001,997.200012,0.9,295,0,0,7.46,24.04,999.09,2.26,300.78,0.0,0.0,0.0,0.0
2019/03/31 17:15,8.6,997.299988,1.2,285,0,0,7.52,24.36,999.02,1.69,304.62,0.0,0.0,0.0,0.0
2019/03/31 17:30,8.5,997.200012,2.0,249,0,0,7.51,24.79,999.01,1.25,288.56,0.0,0.0,0.0,0.0
2019/03/31 17:45,8.5,997.299988,1.9,273,0,0,7.45,25.15,999.25,1.16,253.19,0.0,0.0,0.0,0.0
2019/03/31 18:00,8.5,997.5,0.6,266,0,0,7.4,25.27,999.77,1.46,235.03,0.0,0.0,0.0,0.0
2019/03/31 18:15,8.3,997.599976,0.8,298,0,0,7.25,25.39,999.99,1.9,232.21,0.0,0.0,0.0,0.0
2019/03/31 18:30,7.8,998.0,0.3,242,0,0,7.17,25.22,1000.17,2.3,237.17,0.0,0.0,0.0,0.0
2019/03/31 18:45,8.0,998.0,0.7,203,0,0,7.07,25.11,1000.45,2.64,241.39,0.0,0.0,0.0,0.0
2019/03/31 19:00,8.2,997.900024,0.3,194,0,0,6.89,25.2,1000.55,2.93,245.57,0.0,0.0,0.0,0.0
2019/04/01 08:00,16.9,994.099976,3.8,24,497,233,15.88,16.19,998.29,6.3,127.46,494.58,46.06999999999999,448.51,13.92453
2019/04/01 08:15,16.799999,994.0,2.3,37,437,218,15.85,16.16,998.21,6.31,131.78,441.94,44.24000000000001,397.7,12.01288
2019/04/01 08:30,17.299999,993.900024,2.6,27,375,205,15.81,16.39,998.06,6.31,134.57,404.85,42.81,362.04,10.31888
2019/04/01 08:45,16.9,993.799988,4.5,30,293,178,15.74,16.63,997.96,6.3,136.8,347.23,40.360000000000014,306.87,8.230032000000001
2019/04/01 09:00,16.799999,993.900024,2.7,14,248,164,15.68,16.72,997.88,6.29,138.1,308.04,38.51000000000005,269.53,6.735094
2019/04/01 09:15,16.700001,993.799988,3.4,38,157,113,15.55,16.67,997.8,6.29,138.29,248.61,35.32000000000002,213.29,3.8675
2019/04/01 09:30,16.200001,994.0,1.8,21,71,63,15.4,16.51,997.7,6.2,137.32,208.91,32.829999999999984,176.08,1.461086
2019/04/01 09:45,15.9,994.0,2.2,40,66,66,15.16,16.55,997.59,5.93,135.14,149.9,28.35000000000001,121.55,0.440118
2019/04/01 10:00,15.6,994.099976,1.7,36,45,51,14.89,16.95,997.46,5.39,132.45,111.53,24.64,86.89,0.0
2019/04/01 10:15,15.4,994.400024,2.6,18,17,21,14.35,18.16,997.32,4.63,129.2,57.24,17.300000000000004,39.94,0.0
2019/04/01 10:30,14.9,994.5,1.8,28,4,5,13.58,20.08,997.22,3.92,125.06,25.41,10.48,14.93,0.0
2019/04/01 10:45,14.4,994.700012,1.5,357,0,0,12.81,21.6,997.23,3.42,120.78,0.0,0.0,0.0,0.0
2019/04/01 11:00,14.2,994.599976,1.5,1,0,0,12.34,22.94,997.34,3.0,117.63,0.0,0.0,0.0,0.0
2019/04/01 11:15,13.7,994.799988,1.0,20,0,0,12.0,24.05,997.45,2.5,114.8,0.0,0.0,0.0,0.0
2019/04/01 11:30,13.3,995.099976,1.7,11,0,0,11.75,24.92,997.64,1.97,112.91,0.0,0.0,0.0,0.0
2019/04/01 11:45,13.3,995.400024,1.5,7,0,0,11.54,25.63,997.8,1.45,111.8,0.0,0.0,0.0,0.0
2019/04/01 12:00,13.1,995.5,1.5,20,0,0,11.3,26.23,997.95,0.91,108.67,0.0,0.0,0.0,0.0
2019/04/01 12:15,12.8,995.599976,1.6,357,0,0,11.05,26.76,998.11,0.48,91.72,0.0,0.0,0.0,0.0
2019/04/01 12:30,12.7,995.900024,1.8,354,0,0,10.82,27.09,998.28,0.42,331.22,0.0,0.0,0.0,0.0
2019/04/01 12:45,12.3,996.0,1.2,344,0,0,10.62,27.17,998.44,0.71,310.16,0.0,0.0,0.0,0.0
2019/04/01 13:00,11.7,996.099976,1.2,349,0,0,10.39,27.24,998.59,1.07,300.38,0.0,0.0,0.0,0.0
2019/04/01 13:15,11.6,996.299988,1.7,339,0,0,10.17,27.21,998.7,1.37,293.35,0.0,0.0,0.0,0.0
2019/04/01 13:30,11.4,996.5,1.3,338,0,0,9.93,27.19,998.74,1.61,292.02,0.0,0.0,0.0,0.0
2019/04/01 13:45,11.3,996.5,2.1,348,0,0,9.69,27.17,998.68,1.81,294.3,0.0,0.0,0.0,0.0
2019/04/01 14:00,11.2,996.5,1.3,347,0,0,9.44,27.22,998.61,1.98,297.61,0.0,0.0,0.0,0.0
2019/04/01 14:15,10.8,996.400024,1.3,351,0,0,9.19,27.34,998.64,2.08,299.72,0.0,0.0,0.0,0.0
2019/04/01 14:30,10.5,996.5,0.0,63,0,0,8.97,27.46,998.69,2.08,300.52,0.0,0.0,0.0,0.0
2019/04/01 14:45,9.7,996.5,0.0,279,0,0,8.78,27.61,998.73,1.98,301.94,0.0,0.0,0.0,0.0
2019/04/01 15:00,9.400001,996.599976,0.0,208,0,0,8.6,27.86,998.77,1.84,303.72,0.0,0.0,0.0,0.0
2019/04/01 15:15,9.3,996.5,0.0,253,0,0,8.42,28.22,998.85,1.7,304.74,0.0,0.0,0.0,0.0
2019/04/01 15:30,8.900001,996.599976,0.0,179,0,0,8.24,28.63,998.98,1.58,302.88,0.0,0.0,0.0,0.0
2019/04/01 15:45,9.2,996.5,0.0,319,0,0,8.06,29.04,999.15,1.5,300.44,0.0,0.0,0.0,0.0
2019/04/01 16:00,9.8,996.400024,0.6,20,0,0,8.17,29.44,997.96,1.91,264.55,0.0,0.0,0.0,0.0
2019/04/01 16:15,9.8,996.200012,1.4,10,0,0,7.96,29.65,997.95,2.13,260.25,0.0,0.0,0.0,0.0
2019/04/01 16:30,9.3,996.200012,0.8,257,0,0,7.78,29.82,998.16,2.38,259.07,0.0,0.0,0.0,0.0
2019/04/01 16:45,8.0,996.5,0.2,246,0,0,7.6,29.97,998.06,2.57,262.21,0.0,0.0,0.0,0.0
2019/04/01 17:00,7.9,996.599976,0.1,283,0,0,7.45,30.08,998.13,2.66,264.32,0.0,0.0,0.0,0.0
2019/04/01 17:15,8.3,996.299988,1.4,311,0,0,7.34,30.17,998.1,2.63,266.48,0.0,0.0,0.0,0.0
2019/04/01 17:30,8.6,996.200012,1.3,313,0,0,7.23,30.28,997.92,2.58,268.3,0.0,0.0,0.0,0.0
2019/04/01 17:45,8.6,996.200012,1.6,327,0,0,7.11,30.44,997.99,2.58,267.49,0.0,0.0,0.0,0.0
2019/04/01 18:00,8.7,996.200012,1.3,329,0,0,6.99,30.61,997.94,2.61,262.83,0.0,0.0,0.0,0.0
2019/04/01 18:15,8.6,996.099976,1.6,325,0,0,6.85,30.78,997.78,2.64,260.79,0.0,0.0,0.0,0.0
2019/04/01 18:30,8.5,996.099976,1.4,314,0,0,6.74,30.9,997.7,2.65,262.71,0.0,0.0,0.0,0.0
2019/04/01 18:45,8.5,996.0,1.5,315,0,0,6.62,31.05,997.68,2.66,267.68,0.0,0.0,0.0,0.0
2019/04/01 19:00,7.0,996.0,0.2,168,0,0,6.49,31.25,997.8,2.72,271.29,0.0,0.0,0.0,0.0
2019/04/02 08:00,17.799999,996.599976,2.2,55,465,240,17.71,15.91,1000.43,6.41,90.14,500.76,46.360000000000014,454.4,14.26513
2019/04/02 08:15,17.6,996.599976,2.9,38,419,241,17.65,15.92,1000.57,6.38,91.25,447.04,44.44,402.6,12.74591
2019/04/02 08:30,18.0,996.700012,2.9,347,353,212,17.57,15.92,1000.61,6.32,92.09,409.9,42.98999999999995,366.91,10.94494
2019/04/02 08:45,17.4,996.700012,1.8,48,293,187,17.44,15.93,1000.67,6.16,92.63,352.59,40.56999999999999,312.02,8.997625
2019/04/02 09:00,17.1,996.799988,2.8,15,231,160,17.33,15.95,1000.76,5.92,92.82,313.52,38.72999999999996,274.79,7.0
2019/04/02 09:15,17.299999,997.0,1.8,23,176,129,17.16,16.09,1000.83,5.62,92.64,254.06,35.56,218.5,5.348656
2019/04/02 09:30,17.299999,997.0,2.3,36,126,100,17.0,16.31,1000.87,5.27,92.37,214.18,33.099999999999994,181.08,3.813359
2019/04/02 09:45,16.9,997.200012,2.5,41,90,75,16.74,16.87,1000.89,4.82,91.85,154.73,28.669999999999987,126.06,2.567359
2019/04/02 10:00,16.700001,997.400024,1.9,53,53,52,16.39,17.98,1000.9,4.13,90.69,115.95,25.010000000000005,90.94,1.564828
2019/04/02 10:15,16.299999,997.5,1.5,43,28,28,15.56,20.62,1000.91,3.42,88.26,60.82,17.810000000000002,43.01,0.781826
2019/04/02 10:30,15.7,997.799988,1.1,29,8,9,14.89,22.22,1000.96,3.04,85.13,28.17,11.14,17.03,0.266342
2019/04/02 10:45,15.4,997.900024,1.1,25,0,0,14.33,23.0,1001.1,2.78,82.86,0.0,0.0,0.0,0.0
2019/04/02 11:00,15.1,998.099976,0.9,16,0,0,13.96,23.89,1001.32,2.48,81.22,0.0,0.0,0.0,0.0
2019/04/02 11:15,14.6,998.5,1.3,351,0,0,13.63,24.7,1001.54,2.22,79.75,0.0,0.0,0.0,0.0
2019/04/02 11:30,14.5,998.599976,1.4,345,0,0,13.3,25.5,1001.79,1.98,78.87,0.0,0.0,0.0,0.0
2019/04/02 11:45,13.8,999.0,1.4,338,0,0,12.98,26.21,1002.02,1.74,78.44,0.0,0.0,0.0,0.0
2019/04/02 12:00,13.8,999.400024,1.7,347,0,0,12.68,26.83,1002.23,1.46,78.91,0.0,0.0,0.0,0.0
2019/04/02 12:15,13.9,999.700012,1.9,355,0,0,12.37,27.38,1002.47,1.17,81.09,0.0,0.0,0.0,0.0
2019/04/02 12:30,13.7,999.799988,1.9,352,0,0,12.03,27.89,1002.71,0.88,87.47,0.0,0.0,0.0,0.0
2019/04/02 12:45,13.8,1000.0,1.7,355,0,0,11.73,28.21,1002.95,0.65,102.16,0.0,0.0,0.0,0.0
2019/04/02 13:00,13.5,1000.099976,1.2,339,0,0,11.47,28.37,1003.17,0.5,129.1,0.0,0.0,0.0,0.0
2019/04/02 13:15,13.4,1000.299988,0.9,352,0,0,11.22,28.37,1003.35,0.47,166.21,0.0,0.0,0.0,0.0
2019/04/02 13:30,13.4,1000.299988,0.9,352,0,0,11.01,28.26,1003.49,0.57,202.88,0.0,0.0,0.0,0.0
2019/04/02 13:45,13.2,1000.700012,0.0,336,0,0,10.8,28.14,1003.49,0.82,229.52,0.0,0.0,0.0,0.0
2019/04/02 14:00,12.2,1000.900024,0.0,299,0,0,10.57,28.1,1003.5,1.18,245.32,0.0,0.0,0.0,0.0
2019/04/02 14:15,11.8,1000.900024,0.0,260,0,0,10.27,28.28,1003.63,1.6,253.76,0.0,0.0,0.0,0.0
2019/04/02 14:30,11.6,1001.200012,0.0,217,0,0,9.98,28.47,1003.8,1.99,257.45,0.0,0.0,0.0,0.0
2019/04/02 14:45,11.5,1001.200012,0.0,233,0,0,9.68,28.69,1003.96,2.21,257.88,0.0,0.0,0.0,0.0
2019/04/02 15:00,11.6,1001.099976,0.0,294,0,0,9.47,28.76,1004.16,2.18,252.03,0.0,0.0,0.0,0.0
2019/04/02 15:15,11.6,1001.099976,0.7,340,0,0,9.36,28.7,1004.38,2.0,243.76,0.0,0.0,0.0,0.0
2019/04/02 15:30,11.6,1001.299988,1.0,337,0,0,9.26,28.68,1004.57,1.85,244.47,0.0,0.0,0.0,0.0
2019/04/02 15:45,11.5,1001.299988,1.2,351,0,0,9.15,28.74,1004.77,1.77,250.54,0.0,0.0,0.0,0.0
2019/04/02 16:00,11.4,1001.299988,1.9,347,0,0,9.09,38.42,1003.74,0.62,314.43,0.0,0.0,0.0,0.0
2019/04/02 16:15,11.3,1001.299988,1.7,355,0,0,8.88,38.79,1003.71,0.79,309.05,0.0,0.0,0.0,0.0
2019/04/02 16:30,10.9,1001.5,1.7,342,0,0,8.68,39.13,1003.84,1.02,301.8,0.0,0.0,0.0,0.0
2019/04/02 16:45,10.1,1001.5,1.4,343,0,0,8.45,39.52,1003.69,1.25,296.74,0.0,0.0,0.0,0.0
2019/04/02 17:00,9.900001,1001.400024,1.2,338,0,0,8.23,39.9,1003.73,1.47,294.31,0.0,0.0,0.0,0.0
2019/04/02 17:15,9.7,1001.700012,0.8,347,0,0,7.96,40.41,1003.85,1.68,292.2,0.0,0.0,0.0,0.0
2019/04/02 17:30,9.0,1001.599976,0.5,331,0,0,7.7,40.88,1003.78,1.85,294.15,0.0,0.0,0.0,0.0
2019/04/02 17:45,8.900001,1001.400024,0.9,325,0,0,7.46,41.3,1003.74,1.99,293.57,0.0,0.0,0.0,0.0
2019/04/02 18:00,8.8,1001.599976,1.2,332,0,0,7.23,41.67,1003.84,2.12,292.08,0.0,0.0,0.0,0.0
2019/04/02 18:15,8.8,1001.5,1.5,337,0,0,6.99,42.05,1003.73,2.26,290.27,0.0,0.0,0.0,0.0
2019/04/02 18:30,8.5,1001.599976,1.8,346,0,0,6.76,42.39,1003.87,2.39,289.58,0.0,0.0,0.0,0.0
2019/04/02 18:45,8.400001,1001.400024,1.9,345,0,0,6.5,42.8,1003.75,2.51,289.65,0.0,0.0,0.0,0.0
2019/04/02 19:00,8.400001,1001.400024,1.6,340,0,0,6.28,43.13,1003.68,2.55,289.97,0.0,0.0,0.0,0.0
2019/04/03 08:00,20.6,993.599976,3.0,82,338,226,22.91,17.26,995.71,9.29,149.33,492.75,46.18000000000001,446.57,10.25019
2019/04/03 08:15,20.6,993.400024,1.5,25,292,213,22.82,17.27,995.68,9.48,149.96,440.25,44.26999999999998,395.98,9.354188
2019/04/03 08:30,20.9,993.200012,3.3,31,307,222,22.69,17.31,995.48,9.69,150.74,403.89,42.829999999999984,361.06,9.118156
2019/04/03 08:45,20.6,993.099976,3.9,39,257,197,22.47,17.51,995.31,9.84,151.81,347.67,40.43000000000001,307.24,7.493938000000001
2019/04/03 09:00,20.5,993.0,2.1,72,144,126,22.28,17.76,995.2,9.88,152.9,309.29,38.620000000000005,270.67,4.15636
2019/04/03 09:15,19.9,993.099976,3.7,35,111,104,22.02,18.19,995.08,9.8,153.58,250.84,35.5,215.34,3.361422
2019/04/03 09:30,19.700001,993.099976,3.3,39,127,119,21.74,18.72,994.92,9.62,153.97,211.66,33.09,178.57,3.719844
2019/04/03 09:45,19.6,993.200012,1.7,44,78,77,21.35,19.35,994.75,9.32,154.41,153.29,28.72999999999999,124.56,2.190125
2019/04/03 10:00,19.1,993.200012,2.4,41,31,37,20.92,20.01,994.58,8.93,154.98,115.26,25.120000000000005,90.14,0.8979959999999999
2019/04/03 10:15,18.700001,993.099976,1.9,50,21,26,20.32,20.82,994.45,8.52,155.96,61.26,18.1,43.16,0.628332
2019/04/03 10:30,18.1,993.200012,1.8,36,7,10,19.67,21.63,994.32,8.16,157.25,29.24,11.599999999999998,17.64,0.223125
2019/04/03 10:45,17.6,993.099976,2.1,26,0,0,18.98,22.23,994.26,7.86,158.8,0.0,0.0,0.0,0.0
2019/04/03 11:00,17.5,993.200012,1.3,33,0,0,18.48,22.75,994.3,7.63,160.52,0.0,0.0,0.0,0.0
2019/04/03 11:15,17.299999,993.200012,1.7,23,0,0,18.09,23.19,994.39,7.49,162.55,0.0,0.0,0.0,0.0
2019/04/03 11:30,16.9,993.5,1.5,6,0,0,17.78,23.65,994.48,7.4,164.99,0.0,0.0,0.0,0.0
2019/04/03 11:45,16.4,993.599976,2.0,345,0,0,17.49,24.23,994.54,7.26,167.54,0.0,0.0,0.0,0.0
2019/04/03 12:00,15.7,994.0,2.1,332,0,0,17.17,24.96,994.57,7.01,170.45,0.0,0.0,0.0,0.0
2019/04/03 12:15,15.3,993.900024,2.0,328,0,0,16.83,25.83,994.61,6.61,174.24,0.0,0.0,0.0,0.0
2019/04/03 12:30,15.1,994.099976,1.4,328,0,0,16.46,26.8,994.66,5.96,179.54,0.0,0.0,0.0,0.0
2019/04/03 12:45,14.8,994.200012,2.1,341,0,0,16.02,27.86,994.74,4.88,188.55,0.0,0.0,0.0,0.0
2019/04/03 13:00,14.7,994.299988,2.0,335,0,0,15.48,29.09,994.86,3.58,210.2,0.0,0.0,0.0,0.0
2019/04/03 13:15,14.6,994.099976,1.2,330,0,0,14.9,30.36,995.03,2.79,258.76,0.0,0.0,0.0,0.0
2019/04/03 13:30,14.4,994.299988,1.1,327,0,0,14.47,31.25,995.12,2.71,285.76,0.0,0.0,0.0,0.0
2019/04/03 13:45,14.2,994.099976,1.4,333,0,0,14.21,31.8,994.94,2.89,285.85,0.0,0.0,0.0,0.0
2019/04/03 14:00,14.1,994.099976,1.4,345,0,0,13.97,32.31,994.78,3.24,279.14,0.0,0.0,0.0,0.0
2019/04/03 14:15,13.3,994.200012,0.6,230,0,0,13.82,32.7,994.75,3.64,277.23,0.0,0.0,0.0,0.0
2019/04/03 14:30,12.5,994.200012,0.0,276,0,0,13.74,32.94,994.75,3.82,279.77,0.0,0.0,0.0,0.0
2019/04/03 14:45,12.5,994.299988,0.0,285,0,0,13.68,33.2,994.73,3.78,281.22,0.0,0.0,0.0,0.0
2019/04/03 15:00,12.6,994.200012,0.0,261,0,0,13.62,33.62,994.68,3.67,278.91,0.0,0.0,0.0,0.0
2019/04/03 15:15,12.8,994.0,0.0,308,0,0,13.54,34.27,994.65,3.58,272.16,0.0,0.0,0.0,0.0
2019/04/03 15:30,13.0,994.0,0.0,313,0,0,13.44,35.07,994.65,3.48,265.07,0.0,0.0,0.0,0.0
2019/04/03 15:45,12.7,993.900024,0.0,351,0,0,13.31,35.88,994.69,3.35,259.88,0.0,0.0,0.0,0.0
2019/04/03 16:00,13.1,993.799988,0.0,315,0,0,11.38,34.92,995.79,2.34,255.88,0.0,0.0,0.0,0.0
2019/04/03 16:15,12.7,993.700012,0.0,209,0,0,11.4,34.71,995.52,2.29,259.59,0.0,0.0,0.0,0.0
2019/04/03 16:30,11.8,993.700012,0.0,172,0,0,11.36,34.68,995.62,2.46,260.57,0.0,0.0,0.0,0.0
2019/04/03 16:45,12.0,993.400024,0.5,222,0,0,11.21,34.84,995.53,2.83,262.6,0.0,0.0,0.0,0.0
2019/04/03 17:00,11.3,993.299988,0.3,148,0,0,11.02,35.08,995.53,3.24,260.81,0.0,0.0,0.0,0.0
2019/04/03 17:15,11.1,993.299988,0.2,150,0,0,10.85,35.36,995.38,3.57,257.99,0.0,0.0,0.0,0.0
2019/04/03 17:30,11.3,993.099976,0.9,139,0,0,10.71,35.61,995.17,3.75,253.56,0.0,0.0,0.0,0.0
2019/04/03 17:45,11.3,993.0,1.0,135,0,0,10.62,35.93,995.11,3.79,249.0,0.0,0.0,0.0,0.0
2019/04/03 18:00,11.3,992.700012,1.4,146,0,0,10.58,36.37,994.91,3.77,247.98,0.0,0.0,0.0,0.0
2019/04/03 18:15,10.7,992.5,0.6,150,0,0,10.49,37.11,994.57,3.79,249.42,0.0,0.0,0.0,0.0
2019/04/03 18:30,11.2,992.200012,1.1,132,0,0,10.38,38.07,994.32,3.81,249.37,0.0,0.0,0.0,0.0
2019/04/03 18:45,11.0,992.099976,2.0,137,0,0,10.35,38.89,994.02,3.73,248.77,0.0,0.0,0.0,0.0
2019/04/03 19:00,11.0,991.900024,1.0,163,0,0,10.31,39.68,993.74,3.61,247.33,0.0,0.0,0.0,0.0
2019/04/04 08:00,28.5,981.0,4.0,79,402,253,29.2,10.02,984.94,3.59,29.36,272.76,25.359999999999985,247.4,12.17913
2019/04/04 08:15,28.4,980.900024,3.6,74,352,240,29.03,10.25,984.92,3.66,52.42,203.71,26.430000000000007,177.28,10.43044
2019/04/04 08:30,27.6,980.799988,3.1,38,297,216,28.82,10.47,984.82,3.96,71.34,159.76,35.209999999999994,124.55,8.845594
2019/04/04 08:45,26.9,980.599976,5.7,53,246,191,28.58,10.7,984.76,4.32,86.21,123.32,43.6,79.72,7.224875
2019/04/04 09:00,26.700001,980.5,3.7,60,196,162,28.38,11.01,984.76,4.44,97.8,105.69,38.8,66.89,5.847844
2019/04/04 09:15,26.4,980.599976,3.1,38,148,131,28.12,11.61,984.74,4.14,106.16,85.48,25.010000000000005,60.47,4.327531
2019/04/04 09:30,26.0,980.599976,4.6,56,100,100,27.83,12.57,984.73,3.49,114.76,72.74,21.349999999999994,51.39,2.986813
2019/04/04 09:45,25.700001,980.700012,3.3,50,78,81,27.2,14.66,984.75,2.92,128.45,45.18,26.02,19.16,2.234586
2019/04/04 10:00,25.200001,980.900024,3.9,71,51,56,26.55,16.03,984.84,2.83,141.91,34.81,19.040000000000003,15.77,1.4861879999999998
2019/04/04 10:15,24.799999,980.799988,2.7,65,29,35,25.65,17.59,984.98,3.04,155.02,22.61,14.0,8.61,0.845031
2019/04/04 10:30,24.299999,981.0,3.0,48,10,13,24.57,19.15,985.13,3.2,163.75,16.41,6.73,9.68,0.288805
2019/04/04 10:45,23.700001,981.099976,2.0,63,0,0,23.56,19.96,985.38,3.18,169.22,0.0,0.0,0.0,0.0
2019/04/04 11:00,23.4,981.299988,1.2,56,0,0,22.84,20.71,985.71,2.95,174.52,0.0,0.0,0.0,0.0
2019/04/04 11:15,22.799999,981.700012,0.2,211,0,0,22.37,21.12,986.01,2.59,182.29,0.0,0.0,0.0,0.0
2019/04/04 11:30,22.0,981.900024,0.5,314,0,0,22.02,21.31,986.3,2.16,195.68,0.0,0.0,0.0,0.0
2019/04/04 11:45,22.4,981.900024,1.4,46,0,0,21.71,21.36,986.59,1.76,221.5,0.0,0.0,0.0,0.0
2019/04/04 12:00,22.0,982.0,0.6,92,0,0,21.48,21.13,986.89,1.58,259.8,0.0,0.0,0.0,0.0
2019/04/04 12:15,22.0,982.200012,2.0,88,0,0,21.19,20.95,987.22,1.66,292.85,0.0,0.0,0.0,0.0
2019/04/04 12:30,20.799999,982.400024,0.3,189,0,0,20.72,21.16,987.66,1.87,337.41,0.0,0.0,0.0,0.0
2019/04/04 12:45,20.299999,982.599976,0.0,127,0,0,20.28,21.71,988.11,1.87,2.77,0.0,0.0,0.0,0.0
2019/04/04 13:00,20.799999,982.599976,0.0,209,0,0,20.12,21.95,988.46,1.46,5.78,0.0,0.0,0.0,0.0
2019/04/04 13:15,21.200001,982.599976,0.7,243,0,0,20.24,21.61,988.78,1.15,21.74,0.0,0.0,0.0,0.0
2019/04/04 13:30,20.1,982.799988,0.0,304,0,0,20.17,21.41,989.03,1.37,55.63,0.0,0.0,0.0,0.0
2019/04/04 13:45,20.0,983.400024,2.5,314,0,0,19.87,21.54,989.12,1.87,78.29,0.0,0.0,0.0,0.0
2019/04/04 14:00,20.4,983.400024,1.2,256,0,0,19.29,22.17,989.27,2.53,100.28,0.0,0.0,0.0,0.0
2019/04/04 14:15,19.799999,983.599976,3.3,320,0,0,18.56,23.05,989.53,3.22,113.33,0.0,0.0,0.0,0.0
2019/04/04 14:30,20.799999,983.700012,3.4,328,0,0,18.04,23.48,989.84,3.56,115.8,0.0,0.0,0.0,0.0
2019/04/04 14:45,20.299999,984.0,0.0,286,0,0,17.8,23.25,990.09,3.49,110.8,0.0,0.0,0.0,0.0
2019/04/04 15:00,19.5,984.099976,0.1,290,0,0,17.65,22.96,990.32,3.29,106.5,0.0,0.0,0.0,0.0
2019/04/04 15:15,20.799999,984.099976,1.5,306,0,0,17.43,22.88,990.57,3.16,107.08,0.0,0.0,0.0,0.0
2019/04/04 15:30,21.5,984.299988,2.0,304,0,0,17.13,23.01,990.85,3.15,109.23,0.0,0.0,0.0,0.0
2019/04/04 15:45,21.799999,984.400024,3.1,317,0,0,16.8,23.25,991.2,3.23,110.53,0.0,0.0,0.0,0.0
2019/04/04 16:00,20.5,984.700012,1.1,346,0,0,17.5,16.49,987.65,4.29,270.14,0.0,0.0,0.0,0.0
2019/04/04 16:15,18.6,984.900024,1.3,48,0,0,17.6,16.7,988.17,3.6,273.39,0.0,0.0,0.0,0.0
2019/04/04 16:30,20.299999,985.099976,1.2,9,0,0,18.0,16.63,988.63,2.87,279.44,0.0,0.0,0.0,0.0
2019/04/04 16:45,21.0,985.200012,1.5,1,0,0,18.23,16.73,988.69,2.2,289.61,0.0,0.0,0.0,0.0
2019/04/04 17:00,20.799999,985.099976,1.0,20,0,0,18.25,16.97,988.91,1.48,289.89,0.0,0.0,0.0,0.0
2019/04/04 17:15,20.1,985.299988,0.0,180,0,0,18.04,17.42,989.21,0.97,269.19,0.0,0.0,0.0,0.0
2019/04/04 17:30,19.4,985.200012,0.8,256,0,0,17.76,18.02,989.46,1.38,128.03,0.0,0.0,0.0,0.0
2019/04/04 17:45,17.700001,985.400024,1.4,243,0,0,16.9,19.69,989.8,2.42,119.29,0.0,0.0,0.0,0.0
2019/04/04 18:00,16.6,985.599976,0.2,50,0,0,16.18,21.46,990.12,2.92,120.89,0.0,0.0,0.0,0.0
2019/04/04 18:15,17.0,985.599976,0.0,117,0,0,15.95,22.46,989.99,2.61,120.61,0.0,0.0,0.0,0.0
2019/04/04 18:30,17.700001,985.700012,0.0,308,0,0,15.9,23.03,990.07,2.26,110.12,0.0,0.0,0.0,0.0
2019/04/04 18:45,18.4,985.799988,0.0,299,0,0,15.55,23.93,990.29,2.34,103.16,0.0,0.0,0.0,0.0
2019/04/04 19:00,18.9,986.0,2.3,306,0,0,14.96,25.17,990.61,2.56,105.17,0.0,0.0,0.0,0.0
2019/04/05 08:00,23.5,978.900024,3.0,340,405,281,23.91,19.4,981.84,9.13,130.42,498.51,45.839999999999975,452.67,11.73156
2019/04/05 08:15,23.5,978.900024,3.1,351,279,205,23.96,19.5,981.47,9.25,131.5,446.18,43.97000000000003,402.21,7.372313
2019/04/05 08:30,23.1,978.900024,2.8,0,268,213,23.99,19.76,981.14,9.12,132.79,409.74,42.56999999999999,367.17,7.227063
2019/04/05 08:45,23.1,979.200012,2.6,341,246,202,23.99,20.13,980.91,8.73,132.2,353.13,40.24000000000001,312.89,6.946078
2019/04/05 09:00,22.700001,979.0,2.3,338,173,162,24.0,20.61,980.65,8.2,130.43,314.54,38.48000000000002,276.06,4.923188
2019/04/05 09:15,22.6,979.0,3.7,347,195,197,23.9,21.15,980.39,7.51,129.47,255.86,35.45000000000002,220.41,5.555485
2019/04/05 09:30,22.200001,979.099976,1.8,343,92,93,23.79,21.69,980.18,6.52,125.53,216.49,33.10000000000002,183.39,2.576219
2019/04/05 09:45,22.0,979.099976,2.3,353,50,52,23.44,22.78,979.96,5.39,117.75,157.91,28.90000000000001,129.01,1.364207
2019/04/05 10:00,21.799999,979.099976,2.3,351,67,72,22.87,24.32,979.75,4.2,107.96,119.83,25.450000000000003,94.38,1.910727
2019/04/05 10:15,21.5,979.099976,1.4,316,40,44,21.88,26.52,979.71,3.41,72.99,65.65,18.750000000000007,46.9,1.108871
2019/04/05 10:30,21.1,979.299988,2.3,339,12,14,20.89,28.55,979.73,3.7,31.2,33.24,12.590000000000003,20.65,0.327763
2019/04/05 10:45,20.799999,979.400024,2.0,346,0,0,19.59,30.91,979.8,4.4,20.66,0.0,0.0,0.0,0.0
2019/04/05 11:00,20.299999,979.599976,0.3,255,0,0,18.73,32.5,979.96,4.56,16.07,0.0,0.0,0.0,0.0
2019/04/05 11:15,19.5,979.700012,2.0,306,0,0,17.99,33.76,980.13,4.34,8.75,0.0,0.0,0.0,0.0
2019/04/05 11:30,19.5,979.799988,1.5,312,0,0,17.43,34.4,980.37,4.29,352.29,0.0,0.0,0.0,0.0
2019/04/05 11:45,19.4,979.900024,2.1,312,0,0,17.09,34.21,980.62,4.53,337.72,0.0,0.0,0.0,0.0
2019/04/05 12:00,19.1,980.400024,2.1,298,0,0,16.86,33.69,980.81,4.76,331.04,0.0,0.0,0.0,0.0
2019/04/05 12:15,19.0,980.599976,1.9,311,0,0,16.67,33.25,980.98,4.94,329.27,0.0,0.0,0.0,0.0
2019/04/05 12:30,19.0,980.700012,2.2,318,0,0,16.51,32.94,981.21,5.2,330.15,0.0,0.0,0.0,0.0
2019/04/05 12:45,18.799999,980.700012,3.5,301,0,0,16.38,32.66,981.51,5.37,333.94,0.0,0.0,0.0,0.0
2019/04/05 13:00,18.700001,980.900024,2.7,298,0,0,16.24,32.56,981.87,5.39,340.57,0.0,0.0,0.0,0.0
2019/04/05 13:15,18.700001,981.200012,2.7,328,0,0,16.13,32.43,982.5,6.44,358.65,0.0,0.0,0.0,0.0
2019/04/05 13:30,18.700001,981.299988,3.0,339,0,0,15.48,28.87,983.39,8.73,36.02,0.0,0.0,0.0,0.0
2019/04/05 13:45,17.1,981.599976,3.3,338,0,0,12.53,23.59,984.02,9.78,44.92,0.0,0.0,0.0,0.0
2019/04/05 14:00,16.1,981.700012,3.5,337,0,0,11.58,23.25,984.5,9.0,41.27,0.0,0.0,0.0,0.0
2019/04/05 14:15,15.4,981.900024,2.7,347,0,0,11.09,23.47,985.04,8.0,36.81,0.0,0.0,0.0,0.0
2019/04/05 14:30,14.8,982.099976,2.7,345,0,0,10.75,23.6,985.59,7.27,34.64,0.0,0.0,0.0,0.0
2019/04/05 14:45,14.4,982.400024,3.6,344,0,0,10.43,23.81,986.01,6.58,33.09,0.0,0.0,0.0,0.0
2019/04/05 15:00,13.8,982.599976,4.0,355,0,0,10.17,24.0,986.33,5.91,31.23,0.0,0.0,0.0,0.0
2019/04/05 15:15,13.2,983.099976,1.3,45,0,0,9.91,24.23,986.61,5.24,30.47,0.0,0.0,0.0,0.0
2019/04/05 15:30,12.7,983.5,0.8,7,0,0,9.67,24.5,986.87,4.54,29.07,0.0,0.0,0.0,0.0
2019/04/05 15:45,12.4,983.599976,0.0,146,0,0,9.43,24.72,987.17,3.92,24.37,0.0,0.0,0.0,0.0
2019/04/05 16:00,12.2,983.799988,1.1,349,0,0,10.74,21.48,986.56,2.9,23.02,0.0,0.0,0.0,0.0
2019/04/05 16:15,12.3,983.900024,2.3,4,0,0,10.53,21.32,986.24,2.61,21.19,0.0,0.0,0.0,0.0
2019/04/05 16:30,12.0,984.099976,2.4,3,0,0,10.3,21.66,986.34,2.65,18.48,0.0,0.0,0.0,0.0
2019/04/05 16:45,11.7,984.299988,0.6,18,0,0,10.13,22.05,986.48,2.55,6.5,0.0,0.0,0.0,0.0
2019/04/05 17:00,11.5,984.200012,0.5,341,0,0,10.01,22.37,986.65,2.51,349.27,0.0,0.0,0.0,0.0
2019/04/05 17:15,11.4,984.299988,0.0,31,0,0,9.87,22.59,986.73,2.73,335.7,0.0,0.0,0.0,0.0
2019/04/05 17:30,11.1,984.400024,0.0,73,0,0,9.63,22.98,986.8,3.11,324.9,0.0,0.0,0.0,0.0
2019/04/05 17:45,11.0,984.400024,0.6,45,0,0,9.46,23.2,987.1,3.32,319.15,0.0,0.0,0.0,0.0
2019/04/05 18:00,10.8,984.200012,0.0,87,0,0,9.26,23.57,987.17,3.29,310.58,0.0,0.0,0.0,0.0
2019/04/05 18:15,10.4,984.099976,0.0,116,0,0,9.1,23.87,987.03,3.23,306.31,0.0,0.0,0.0,0.0
2019/04/05 18:30,10.3,984.299988,0.1,86,0,0,8.94,24.17,986.81,3.23,307.28,0.0,0.0,0.0,0.0
2019/04/05 18:45,10.3,984.200012,0.0,87,0,0,8.78,24.54,986.78,3.25,305.48,0.0,0.0,0.0,0.0
2019/04/05 19:00,10.4,983.900024,0.4,98,0,0,8.62,24.93,986.8,3.27,303.89,0.0,0.0,0.0,0.0
2019/04/06 08:00,19.4,984.599976,1.6,330,454,260,19.36,17.56,988.01,4.71,87.67,484.01,44.80000000000001,439.21,14.22947
2019/04/06 08:15,18.9,984.700012,3.1,11,286,207,19.36,17.61,988.01,4.72,88.59,425.79,42.29000000000002,383.5,10.50372
2019/04/06 08:30,18.5,984.599976,2.7,44,259,216,19.34,17.65,987.9,4.69,89.49,389.68,40.84000000000003,348.84,8.522062
2019/04/06 08:45,18.6,984.700012,1.4,24,249,206,19.28,17.73,987.86,4.64,90.91,340.15,39.46999999999997,300.68,8.645438
2019/04/06 09:00,18.799999,984.900024,1.3,45,220,181,19.23,17.81,987.88,4.57,92.24,308.5,38.04000000000002,270.46,6.623859
2019/04/06 09:15,18.4,984.900024,2.4,37,175,150,19.11,17.96,987.88,4.51,93.35,254.36,35.49000000000001,218.87,4.992531
2019/04/06 09:30,18.5,984.900024,3.0,49,114,118,19.0,18.14,987.86,4.42,94.52,216.37,33.27000000000001,183.1,3.253797
2019/04/06 09:45,18.299999,985.099976,2.6,37,106,112,18.8,18.55,987.87,4.23,95.6,157.57,28.919999999999987,128.65,3.184125
2019/04/06 10:00,18.0,985.200012,2.1,41,54,57,18.54,19.43,987.87,3.78,96.65,117.47,24.950000000000003,92.52,1.538879
2019/04/06 10:15,17.700001,985.5,1.3,63,40,48,17.86,21.84,987.92,3.22,96.0,62.36,17.689999999999998,44.67,1.246602
2019/04/06 10:30,17.5,985.700012,0.4,32,19,22,17.22,23.45,987.95,2.91,96.14,30.25,11.29,18.96,0.5703630000000001
2019/04/06 10:45,17.200001,985.799988,0.8,44,2,4,16.66,24.17,988.05,2.77,99.29,0.41,0.3999999999999999,0.01,0.102389
2019/04/06 11:00,16.6,986.200012,0.3,119,0,0,16.23,25.22,988.19,2.62,104.24,0.0,0.0,0.0,0.0
2019/04/06 11:15,16.4,986.099976,0.0,101,0,0,15.85,26.29,988.42,2.51,108.43,0.0,0.0,0.0,0.0
2019/04/06 11:30,16.4,986.5,0.0,115,0,0,15.35,27.67,988.75,2.67,113.83,0.0,0.0,0.0,0.0
2019/04/06 11:45,16.299999,986.599976,0.0,66,0,0,14.69,29.51,988.95,3.22,118.02,0.0,0.0,0.0,0.0
2019/04/06 12:00,16.299999,986.799988,0.0,87,0,0,14.13,31.2,989.11,3.85,124.24,0.0,0.0,0.0,0.0
2019/04/06 12:15,16.299999,987.099976,0.0,112,0,0,13.65,32.56,989.22,4.23,129.89,0.0,0.0,0.0,0.0
2019/04/06 12:30,15.8,987.0,0.0,307,0,0,13.21,33.65,989.26,4.35,131.43,0.0,0.0,0.0,0.0
2019/04/06 12:45,15.5,987.200012,0.0,298,0,0,12.82,34.52,989.51,4.25,136.67,0.0,0.0,0.0,0.0
2019/04/06 13:00,15.4,987.299988,0.0,17,0,0,12.45,35.34,989.76,3.99,141.2,0.0,0.0,0.0,0.0
2019/04/06 13:15,16.0,987.299988,0.0,59,0,0,12.07,36.31,990.19,3.67,150.66,0.0,0.0,0.0,0.0
2019/04/06 13:30,16.4,987.200012,0.0,50,0,0,11.74,37.19,990.41,3.37,156.9,0.0,0.0,0.0,0.0
2019/04/06 13:45,16.6,987.200012,0.0,35,0,0,11.44,38.11,990.28,3.01,156.91,0.0,0.0,0.0,0.0
2019/04/06 14:00,15.5,987.400024,0.0,121,0,0,11.24,38.89,990.3,2.64,163.86,0.0,0.0,0.0,0.0
2019/04/06 14:15,15.8,987.400024,0.0,48,0,0,11.01,39.47,990.77,2.29,187.53,0.0,0.0,0.0,0.0
2019/04/06 14:30,16.0,987.200012,0.0,46,0,0,10.75,40.35,990.5,1.71,168.17,0.0,0.0,0.0,0.0
2019/04/06 14:45,15.6,987.400024,0.0,182,0,0,10.58,40.75,991.09,1.31,240.54,0.0,0.0,0.0,0.0
2019/04/06 15:00,14.8,987.099976,0.0,312,0,0,10.29,41.37,991.59,1.49,272.6,0.0,0.0,0.0,0.0
2019/04/06 15:15,14.8,987.200012,1.0,50,0,0,10.07,41.85,991.95,1.62,275.74,0.0,0.0,0.0,0.0
2019/04/06 15:30,14.0,987.299988,0.0,355,0,0,10.0,42.07,992.06,1.43,294.72,0.0,0.0,0.0,0.0
2019/04/06 15:45,13.6,987.400024,1.1,27,0,0,9.86,42.71,992.08,1.27,341.26,0.0,0.0,0.0,0.0
2019/04/06 16:00,13.2,987.400024,2.5,10,0,0,10.81,34.59,989.75,0.51,32.14,0.0,0.0,0.0,0.0
2019/04/06 16:15,12.8,987.5,0.8,22,0,0,10.44,35.47,989.83,0.66,352.38,0.0,0.0,0.0,0.0
2019/04/06 16:30,12.2,987.599976,1.2,17,0,0,10.12,36.01,990.22,0.97,327.73,0.0,0.0,0.0,0.0
2019/04/06 16:45,12.1,987.299988,1.4,27,0,0,9.7,36.72,990.29,1.36,321.21,0.0,0.0,0.0,0.0
2019/04/06 17:00,11.9,987.5,1.5,19,0,0,9.33,37.29,990.27,1.68,320.6,0.0,0.0,0.0,0.0
2019/04/06 17:15,11.5,987.799988,1.1,10,0,0,8.97,37.89,990.2,1.84,321.0,0.0,0.0,0.0,0.0
2019/04/06 17:30,11.6,987.700012,1.5,12,0,0,8.69,38.4,989.95,1.89,321.95,0.0,0.0,0.0,0.0
2019/04/06 17:45,11.6,987.799988,0.9,16,0,0,8.47,38.84,989.97,1.89,321.74,0.0,0.0,0.0,0.0
2019/04/06 18:00,11.1,988.0,0.5,239,0,0,8.27,39.3,990.05,1.92,320.04,0.0,0.0,0.0,0.0
2019/04/06 18:15,11.0,988.099976,0.2,300,0,0,8.06,39.78,990.08,1.96,317.31,0.0,0.0,0.0,0.0
2019/04/06 18:30,11.1,988.099976,1.1,349,0,0,7.88,40.16,989.99,2.0,310.9,0.0,0.0,0.0,0.0
2019/04/06 18:45,11.7,987.799988,1.7,3,0,0,7.72,40.48,989.85,2.05,306.01,0.0,0.0,0.0,0.0
2019/04/06 19:00,11.6,987.900024,0.9,334,0,0,7.59,40.71,989.95,2.08,303.68,0.0,0.0,0.0,0.0
2019/04/07 08:00,20.0,981.299988,2.0,21,392,254,20.86,22.42,983.87,6.1,121.25,502.18,46.0,456.18,11.89125
2019/04/07 08:15,20.0,981.200012,2.7,349,359,243,20.89,22.52,983.81,6.05,121.75,449.05,44.150000000000034,404.9,11.20919
2019/04/07 08:30,19.799999,981.400024,3.2,312,302,215,20.9,22.62,983.7,5.87,118.85,412.4,42.75999999999999,369.64,9.232781
2019/04/07 08:45,20.0,981.299988,2.4,347,275,202,20.83,22.85,983.61,5.65,115.46,356.1,40.46000000000004,315.64,8.378563
2019/04/07 09:00,19.6,981.299988,1.9,17,209,170,20.77,23.1,983.58,5.32,112.48,317.72,38.72000000000003,279.0,6.3789690000000006
2019/04/07 09:15,19.6,981.5,2.4,35,174,148,20.65,23.49,983.64,4.81,105.98,259.34,35.75999999999996,223.58,5.170594
2019/04/07 09:30,19.4,981.700012,3.5,3,115,108,20.51,23.95,983.76,4.29,95.5,220.32,33.45999999999998,186.86,3.304656
2019/04/07 09:45,19.0,982.0,2.3,353,81,84,20.26,24.76,983.81,3.87,86.65,162.25,29.340000000000003,132.91,2.3147580000000003
2019/04/07 10:00,18.799999,982.099976,1.2,17,61,70,19.9,26.22,983.88,3.45,73.16,124.33,25.989999999999995,98.34,1.83225
2019/04/07 10:15,18.6,982.599976,2.9,350,27,34,19.1,29.04,983.96,3.17,55.54,70.13,19.489999999999995,50.64,0.76017
2019/04/07 10:30,18.1,982.599976,2.3,358,10,11,18.35,30.91,984.06,3.25,43.58,37.39,13.59,23.8,0.2506739999999999
2019/04/07 10:45,17.799999,983.099976,1.5,347,1,2,17.58,32.14,984.27,3.45,36.47,1.39,1.23,0.16,0.040746
2019/04/07 11:00,17.5,983.299988,2.5,338,0,0,17.04,33.23,984.56,3.5,30.49,0.0,0.0,0.0,0.0
2019/04/07 11:15,17.1,983.700012,1.6,339,0,0,16.59,34.1,984.84,3.44,22.52,0.0,0.0,0.0,0.0
2019/04/07 11:30,16.700001,984.200012,1.5,341,0,0,16.2,34.78,985.16,3.37,12.87,0.0,0.0,0.0,0.0
2019/04/07 11:45,16.4,984.5,1.2,330,0,0,15.83,35.36,985.39,3.31,4.69,0.0,0.0,0.0,0.0
2019/04/07 12:00,16.200001,984.799988,1.6,326,0,0,15.43,35.97,985.59,3.29,357.33,0.0,0.0,0.0,0.0
2019/04/07 12:15,16.1,985.099976,1.4,312,0,0,15.05,36.56,985.81,3.25,349.26,0.0,0.0,0.0,0.0
2019/04/07 12:30,15.9,985.599976,1.1,318,0,0,14.68,37.14,986.04,3.18,338.74,0.0,0.0,0.0,0.0
2019/04/07 12:45,15.8,985.799988,0.8,294,0,0,14.35,37.65,986.29,3.13,327.28,0.0,0.0,0.0,0.0
2019/04/07 13:00,15.7,986.099976,1.3,313,0,0,14.06,38.08,986.55,3.14,316.36,0.0,0.0,0.0,0.0
2019/04/07 13:15,15.5,986.099976,1.8,342,0,0,13.82,38.42,986.8,3.21,307.2,0.0,0.0,0.0,0.0
2019/04/07 13:30,15.3,986.099976,1.5,314,0,0,13.64,38.64,987.03,3.27,300.24,0.0,0.0,0.0,0.0
2019/04/07 13:45,15.2,986.099976,1.6,317,0,0,13.51,38.76,987.17,3.32,295.17,0.0,0.0,0.0,0.0
2019/04/07 14:00,15.1,986.299988,1.4,307,0,0,13.4,38.79,987.31,3.37,291.39,0.0,0.0,0.0,0.0
2019/04/07 14:15,14.9,986.299988,1.8,322,0,0,13.31,38.79,987.5,3.43,288.14,0.0,0.0,0.0,0.0
2019/04/07 14:30,14.9,986.299988,1.5,315,0,0,13.26,38.68,987.7,3.47,287.37,0.0,0.0,0.0,0.0
2019/04/07 14:45,15.0,986.599976,1.8,346,0,0,13.22,38.59,987.92,3.35,289.76,0.0,0.0,0.0,0.0
2019/04/07 15:00,14.8,986.599976,2.2,349,0,0,13.18,38.49,988.26,3.07,304.09,0.0,0.0,0.0,0.0
2019/04/07 15:15,14.4,986.700012,2.2,345,0,0,13.11,38.53,988.69,3.08,342.24,0.0,0.0,0.0,0.0
2019/04/07 15:30,14.3,986.900024,1.3,336,0,0,12.52,40.17,989.15,3.48,19.7,0.0,0.0,0.0,0.0
2019/04/07 15:45,13.9,987.099976,0.0,46,0,0,11.66,42.83,989.6,3.69,36.69,0.0,0.0,0.0,0.0
2019/04/07 16:00,13.6,987.299988,0.9,36,0,0,11.57,38.79,989.96,1.35,329.86,0.0,0.0,0.0,0.0
2019/04/07 16:15,13.8,987.5,1.1,3,0,0,11.37,39.26,990.28,1.24,352.54,0.0,0.0,0.0,0.0
2019/04/07 16:30,13.7,987.599976,0.3,9,0,0,11.08,39.96,990.02,1.15,5.22,0.0,0.0,0.0,0.0
2019/04/07 16:45,13.4,987.400024,1.0,14,0,0,10.77,40.68,990.04,1.07,10.15,0.0,0.0,0.0,0.0
2019/04/07 17:00,13.2,987.799988,1.5,347,0,0,10.44,41.43,990.22,1.14,5.61,0.0,0.0,0.0,0.0
2019/04/07 17:15,12.5,987.799988,1.2,335,0,0,10.08,42.16,990.31,1.35,359.64,0.0,0.0,0.0,0.0
2019/04/07 17:30,12.0,988.0,0.7,320,0,0,9.68,42.93,990.53,1.56,359.42,0.0,0.0,0.0,0.0
2019/04/07 17:45,11.7,987.900024,1.7,316,0,0,9.25,43.89,990.79,1.71,4.27,0.0,0.0,0.0,0.0
2019/04/07 18:00,11.4,988.099976,1.4,346,0,0,8.84,44.88,991.13,1.87,13.84,0.0,0.0,0.0,0.0
2019/04/07 18:15,11.2,988.099976,1.8,359,0,0,8.42,46.08,991.29,2.09,20.89,0.0,0.0,0.0,0.0
2019/04/07 18:30,10.9,988.400024,0.0,285,0,0,7.99,47.42,991.64,2.32,26.28,0.0,0.0,0.0,0.0
2019/04/07 18:45,10.7,988.5,0.0,309,0,0,7.61,48.84,991.84,2.48,31.2,0.0,0.0,0.0,0.0
2019/04/07 19:00,10.6,988.700012,2.4,325,0,0,7.27,50.25,992.02,2.54,33.5,0.0,0.0,0.0,0.0
2019/04/08 08:00,13.8,991.099976,3.6,8,132,144,16.21,27.82,992.56,6.46,74.96,144.54,98.04,46.5,4.199016
2019/04/08 08:15,13.6,991.099976,2.7,22,155,173,16.23,27.44,992.5,6.49,75.58,127.08,94.16,32.92,4.835469
2019/04/08 08:30,13.8,990.900024,1.0,357,131,147,16.15,27.39,992.45,6.46,77.28,104.41,77.83,26.58,4.2455
2019/04/08 08:45,13.6,991.099976,2.9,354,88,98,16.1,27.55,992.46,6.39,79.16,96.15,67.04,29.11,2.836805
2019/04/08 09:00,13.5,991.200012,2.4,22,70,77,15.97,28.02,992.51,6.29,80.65,79.75,61.08,18.67,2.236008
2019/04/08 09:15,13.6,991.299988,1.0,34,55,63,15.75,28.75,992.62,6.23,81.85,52.56,38.92,13.64,1.8165
2019/04/08 09:30,13.5,991.5,2.6,354,30,37,15.68,29.23,992.64,6.26,81.94,54.6,41.150000000000006,13.45,1.002066
2019/04/08 09:45,13.4,991.599976,1.8,6,24,28,15.46,29.85,992.63,6.3,81.64,40.52,15.940000000000005,24.58,0.75667
2019/04/08 10:00,13.5,991.5,1.0,354,20,23,15.23,30.36,992.71,6.2,83.96,29.63,12.04,17.59,0.600346
2019/04/08 10:15,13.5,991.5,1.7,348,10,12,14.78,31.61,992.9,5.96,89.28,16.13,7.689999999999999,8.44,0.260648
2019/04/08 10:30,13.3,991.700012,2.3,4,2,4,14.29,33.64,993.03,5.61,92.49,5.97,4.24,1.73,0.019767
2019/04/08 10:45,13.2,991.700012,4.0,345,0,0,13.92,35.65,993.27,5.19,92.99,0.42,0.3999999999999999,0.02,0.0
2019/04/08 11:00,13.0,991.900024,4.0,338,0,0,13.58,38.04,993.64,4.84,90.17,0.0,0.0,0.0,0.0
2019/04/08 11:15,13.0,992.099976,3.3,352,0,0,13.07,41.33,993.85,4.84,81.34,0.0,0.0,0.0,0.0
2019/04/08 11:30,12.9,992.400024,3.3,330,0,0,12.48,44.71,993.96,5.11,70.38,0.0,0.0,0.0,0.0
2019/04/08 11:45,12.7,992.700012,2.0,349,0,0,11.87,48.18,994.37,5.22,75.22,0.0,0.0,0.0,0.0
2019/04/08 12:00,12.6,992.900024,2.7,339,0,0,11.19,52.28,994.86,5.11,88.7,0.0,0.0,0.0,0.0
2019/04/08 12:15,12.3,993.099976,1.3,342,0,0,10.66,55.46,995.07,5.07,91.52,0.0,0.0,0.0,0.0
2019/04/08 12:30,11.9,993.400024,3.4,350,0,0,10.13,58.42,995.22,5.19,86.41,0.0,0.0,0.0,0.0
2019/04/08 12:45,11.9,993.700012,1.8,342,0,0,9.57,61.41,995.49,5.35,81.96,0.0,0.0,0.0,0.0
2019/04/08 13:00,10.7,994.200012,1.7,19,0,0,8.99,64.04,995.83,5.4,79.19,0.0,0.0,0.0,0.0
2019/04/08 13:15,10.4,994.299988,0.9,18,0,0,8.42,66.58,996.06,5.24,73.64,0.0,0.0,0.0,0.0
2019/04/08 13:30,10.1,994.599976,1.3,350,0,0,7.92,69.43,996.38,4.96,64.47,0.0,0.0,0.0,0.0
2019/04/08 13:45,9.900001,994.599976,2.8,7,0,0,7.43,72.65,996.34,4.8,56.47,0.0,0.0,0.0,0.0
2019/04/08 14:00,9.400001,994.799988,2.1,16,0,0,7.03,75.26,996.22,4.86,47.89,0.0,0.0,0.0,0.0
2019/04/08 14:15,9.0,994.900024,2.0,341,0,0,6.7,77.03,996.17,5.09,40.01,0.0,0.0,0.0,0.0
2019/04/08 14:30,8.400001,994.700012,0.4,289,0,0,6.39,78.22,996.25,5.45,30.43,0.0,0.0,0.0,0.0
2019/04/08 14:45,7.7,995.0,0.5,329,0,0,6.12,78.49,996.29,5.71,22.33,0.0,0.0,0.0,0.0
2019/04/08 15:00,7.7,995.0,0.1,332,0,0,5.95,77.81,996.57,5.76,18.79,0.0,0.0,0.0,0.0
2019/04/08 15:15,7.6,995.0,0.0,316,0,0,5.76,76.77,996.92,5.96,18.45,0.0,0.0,0.0,0.0
2019/04/08 15:30,7.4,994.900024,0.0,284,0,0,5.43,76.5,997.27,6.51,14.35,0.0,0.0,0.0,0.0
2019/04/08 15:45,7.0,995.099976,0.0,302,0,0,4.93,77.97,997.56,7.1,9.84,0.0,0.0,0.0,0.0
2019/04/08 16:00,6.8,995.0,0.0,287,0,0,4.42,80.54,997.57,4.21,11.97,0.0,0.0,0.0,0.0
2019/04/08 16:15,6.5,995.200012,1.4,249,0,0,4.23,81.46,996.84,4.72,11.28,0.0,0.0,0.0,0.0
2019/04/08 16:30,6.2,995.299988,0.8,273,0,0,4.17,81.33,996.9,4.46,6.78,0.0,0.0,0.0,0.0
2019/04/08 16:45,5.8,995.5,0.1,196,0,0,4.22,80.73,997.46,4.05,345.31,0.0,0.0,0.0,0.0
2019/04/08 17:00,5.6,995.900024,0.0,170,0,0,4.22,80.64,997.63,4.42,338.16,0.0,0.0,0.0,0.0
2019/04/08 17:15,5.0,996.5,0.0,148,0,0,4.06,81.15,997.48,5.53,348.39,0.0,0.0,0.0,0.0
2019/04/08 17:30,4.9,996.5,0.5,165,0,0,3.51,83.69,997.59,6.53,354.25,0.0,0.0,0.0,0.0
2019/04/08 17:45,5.1,996.400024,1.4,210,0,0,2.79,87.7,997.89,6.72,358.67,0.0,0.0,0.0,0.0
2019/04/08 18:00,4.9,996.099976,2.1,274,0,0,2.32,90.42,998.28,6.16,359.31,0.0,0.0,0.0,0.0
2019/04/08 18:15,3.6,996.299988,1.9,278,0,0,2.1,91.61,998.31,5.6,359.43,0.0,0.0,0.0,0.0
2019/04/08 18:30,3.4,996.099976,1.6,273,0,0,2.01,92.11,998.16,5.53,1.86,0.0,0.0,0.0,0.0
2019/04/08 18:45,3.4,996.099976,1.9,269,0,0,2.0,92.19,998.02,5.77,5.21,0.0,0.0,0.0,0.0
2019/04/08 19:00,3.3,996.299988,0.6,294,0,0,1.99,92.22,998.09,6.0,7.51,0.0,0.0,0.0,0.0
2019/04/09 08:00,7.3,994.5,1.3,134,170,209,7.63,64.28,997.26,2.65,59.21,146.98,56.50999999999999,90.47,5.928344
2019/04/09 08:15,7.5,994.700012,1.7,170,145,172,7.76,63.53,997.25,2.53,61.9,178.64,23.91,154.73,5.469078
2019/04/09 08:30,7.7,994.799988,1.4,130,135,157,7.82,63.11,997.15,2.41,63.81,164.09,23.430000000000007,140.66,4.527031
2019/04/09 08:45,7.7,994.700012,1.8,126,96,114,7.83,62.95,997.09,2.3,65.75,141.96,20.430000000000007,121.53,3.25243
2019/04/09 09:00,7.8,994.799988,1.7,122,56,69,7.83,62.83,997.06,2.2,67.56,126.63,21.349999999999994,105.28,1.7987810000000002
2019/04/09 09:15,7.6,994.900024,1.5,133,48,59,7.79,62.89,997.01,2.1,69.0,103.66,18.709999999999997,84.95,1.556516
2019/04/09 09:30,7.6,995.200012,1.2,140,26,32,7.75,62.99,996.95,1.99,69.05,88.28,17.180000000000007,71.1,0.903684
2019/04/09 09:45,7.8,995.0,0.0,106,17,21,7.65,63.29,996.89,1.85,68.67,65.46,14.819999999999991,50.64,0.47157
2019/04/09 10:00,7.8,994.799988,0.6,67,16,19,7.57,63.89,996.83,1.62,68.83,50.64,12.579999999999998,38.06,0.392526
2019/04/09 10:15,7.7,995.099976,0.0,137,5,6,7.43,65.84,996.83,1.28,71.0,29.34,8.989999999999998,20.35,0.085637
2019/04/09 10:30,7.8,995.5,0.5,130,1,2,7.29,66.44,996.89,0.92,76.13,14.9,5.890000000000001,9.01,0.0
2019/04/09 10:45,7.8,995.700012,0.0,114,0,0,7.18,66.58,997.06,0.59,87.48,1.16,0.91,0.25,0.0
2019/04/09 11:00,7.7,995.700012,0.0,96,0,0,7.04,67.36,997.3,0.41,134.92,0.0,0.0,0.0,0.0
2019/04/09 11:15,7.6,995.700012,1.1,84,0,0,6.9,68.27,997.6,0.58,198.44,0.0,0.0,0.0,0.0
2019/04/09 11:30,7.5,995.900024,0.6,67,0,0,6.7,69.67,997.88,1.02,213.43,0.0,0.0,0.0,0.0
2019/04/09 11:45,7.5,996.0,1.1,77,0,0,6.38,72.04,998.1,1.59,223.47,0.0,0.0,0.0,0.0
2019/04/09 12:00,7.5,996.200012,0.2,53,0,0,5.91,75.36,998.35,2.2,232.35,0.0,0.0,0.0,0.0
2019/04/09 12:15,7.5,996.5,0.2,84,0,0,5.4,78.98,998.54,2.72,237.87,0.0,0.0,0.0,0.0
2019/04/09 12:30,7.4,996.700012,0.4,82,0,0,4.96,81.81,998.76,3.09,240.15,0.0,0.0,0.0,0.0
2019/04/09 12:45,7.5,996.900024,0.8,61,0,0,4.59,83.78,998.96,3.34,242.79,0.0,0.0,0.0,0.0
2019/04/09 13:00,7.4,997.099976,0.0,53,0,0,4.3,84.8,999.1,3.47,245.55,0.0,0.0,0.0,0.0
2019/04/09 13:15,7.5,997.200012,0.0,38,0,0,4.1,85.18,999.17,3.51,246.52,0.0,0.0,0.0,0.0
2019/04/09 13:30,7.5,997.299988,0.0,14,0,0,3.96,85.28,999.18,3.52,247.33,0.0,0.0,0.0,0.0
2019/04/09 13:45,7.4,997.200012,0.0,101,0,0,3.85,85.34,999.02,3.55,248.14,0.0,0.0,0.0,0.0
2019/04/09 14:00,7.3,997.400024,0.0,194,0,0,3.75,85.39,998.9,3.58,249.55,0.0,0.0,0.0,0.0
2019/04/09 14:15,7.3,997.400024,0.0,194,0,0,3.68,85.4,998.87,3.6,251.33,0.0,0.0,0.0,0.0
2019/04/09 14:30,7.2,997.400024,0.0,186,0,0,3.61,85.36,998.9,3.61,253.54,0.0,0.0,0.0,0.0
2019/04/09 14:45,7.3,997.400024,0.0,281,0,0,3.55,85.27,998.9,3.61,255.15,0.0,0.0,0.0,0.0
2019/04/09 15:00,7.3,997.400024,0.0,44,0,0,3.48,85.15,998.91,3.61,256.18,0.0,0.0,0.0,0.0
2019/04/09 15:15,7.3,997.400024,0.6,11,0,0,3.42,84.99,999.0,3.62,256.35,0.0,0.0,0.0,0.0
2019/04/09 15:30,7.3,997.200012,0.5,17,0,0,3.37,84.83,999.13,3.65,256.27,0.0,0.0,0.0,0.0
2019/04/09 15:45,7.1,997.200012,0.8,49,0,0,3.31,84.66,999.26,3.67,256.21,0.0,0.0,0.0,0.0
2019/04/09 16:00,6.9,997.299988,0.0,101,0,0,2.61,74.52,999.82,2.89,267.2,0.0,0.0,0.0,0.0
2019/04/09 16:15,6.6,997.5,0.0,172,0,0,2.52,74.97,999.68,2.93,265.19,0.0,0.0,0.0,0.0
2019/04/09 16:30,6.7,997.299988,0.0,129,0,0,2.44,75.42,999.45,3.0,262.89,0.0,0.0,0.0,0.0
2019/04/09 16:45,6.6,997.099976,0.0,138,0,0,2.38,75.69,999.37,3.09,259.84,0.0,0.0,0.0,0.0
2019/04/09 17:00,6.5,997.099976,0.0,129,0,0,2.33,75.93,999.18,3.15,258.65,0.0,0.0,0.0,0.0
2019/04/09 17:15,6.3,997.0,0.0,271,0,0,2.29,76.22,999.01,3.16,258.65,0.0,0.0,0.0,0.0
2019/04/09 17:30,5.9,997.0,0.0,146,0,0,2.27,76.32,998.97,3.18,256.94,0.0,0.0,0.0,0.0
2019/04/09 17:45,6.1,997.0,0.0,213,0,0,2.27,76.35,998.77,3.25,254.58,0.0,0.0,0.0,0.0
2019/04/09 18:00,6.0,996.799988,0.0,231,0,0,2.31,76.18,999.0,3.33,252.58,0.0,0.0,0.0,0.0
2019/04/09 18:15,5.8,996.599976,0.0,116,0,0,2.31,76.23,999.0,3.38,251.14,0.0,0.0,0.0,0.0
2019/04/09 18:30,6.3,996.5,0.0,159,0,0,2.31,76.35,998.87,3.37,250.67,0.0,0.0,0.0,0.0
2019/04/09 18:45,5.9,996.299988,0.0,277,0,0,2.31,76.51,998.7,3.36,249.36,0.0,0.0,0.0,0.0
2019/04/09 19:00,5.7,996.5,0.0,259,0,0,2.33,76.63,998.61,3.35,247.39,0.0,0.0,0.0,0.0
2019/04/10 08:00,15.4,990.099976,1.2,79,364,226,15.37,33.31,994.16,4.55,117.69,292.55,27.230000000000015,265.32,12.11394
2019/04/10 08:15,15.4,989.700012,3.0,75,313,234,15.34,33.44,994.06,4.54,117.07,236.89,23.58999999999997,213.3,10.74391
2019/04/10 08:30,15.4,989.5,3.3,64,392,228,15.31,33.52,993.89,4.53,116.04,195.6,20.48999999999998,175.11,13.57059
2019/04/10 08:45,15.4,989.700012,2.5,37,309,203,15.23,33.65,993.73,4.53,115.17,155.46,17.79000000000002,137.67,11.17988
2019/04/10 09:00,15.3,989.599976,3.8,45,240,165,15.17,33.9,993.59,4.57,114.73,132.8,16.260000000000005,116.54,8.728126
2019/04/10 09:15,15.2,989.700012,4.1,28,179,140,15.05,34.51,993.46,4.61,116.25,107.48,14.820000000000007,92.66,6.589078
2019/04/10 09:30,15.0,989.900024,2.7,31,149,128,14.94,35.29,993.32,4.58,120.31,91.58,13.849999999999994,77.73,5.232938
2019/04/10 09:45,14.6,989.900024,3.9,43,103,99,14.75,36.39,993.2,4.43,125.4,68.01,12.160000000000004,55.85,3.551352
2019/04/10 10:00,14.5,989.900024,4.5,42,78,93,14.54,37.86,993.07,4.04,129.23,52.5,10.920000000000002,41.58,2.777852
2019/04/10 10:15,14.4,989.799988,3.5,47,40,53,14.09,40.83,992.98,3.4,132.81,30.03,9.82,20.21,1.573004
2019/04/10 10:30,14.1,989.900024,2.6,43,6,7,13.53,44.07,992.96,2.87,136.44,16.53,7.770000000000001,8.76,0.168236
2019/04/10 10:45,13.9,990.099976,2.8,52,0,1,13.04,45.33,993.13,2.67,138.71,1.92,1.38,0.54,0.0
2019/04/10 11:00,13.8,990.200012,2.9,46,0,0,12.68,46.5,993.34,2.65,140.82,0.0,0.0,0.0,0.0
2019/04/10 11:15,13.6,990.099976,3.2,60,0,0,12.34,47.68,993.49,2.72,145.24,0.0,0.0,0.0,0.0
2019/04/10 11:30,13.3,990.0,2.5,68,0,0,12.0,48.81,993.51,2.88,146.8,0.0,0.0,0.0,0.0
2019/04/10 11:45,13.1,990.299988,2.3,72,0,0,11.67,49.91,993.49,3.07,145.96,0.0,0.0,0.0,0.0
2019/04/10 12:00,12.9,990.5,2.8,50,0,0,11.5,50.62,993.44,3.15,147.03,0.0,0.0,0.0,0.0
2019/04/10 12:15,12.8,990.900024,1.6,38,0,0,11.33,51.63,993.53,2.97,153.06,0.0,0.0,0.0,0.0
2019/04/10 12:30,12.7,991.099976,2.4,29,0,0,11.25,52.61,993.66,2.66,161.32,0.0,0.0,0.0,0.0
2019/04/10 12:45,12.6,991.099976,0.5,18,0,0,10.97,54.22,993.59,2.2,164.3,0.0,0.0,0.0,0.0
2019/04/10 13:00,12.4,991.200012,1.0,23,0,0,11.03,54.65,993.73,1.73,171.18,0.0,0.0,0.0,0.0
2019/04/10 13:15,12.3,991.200012,0.9,8,0,0,11.09,55.41,994.51,1.84,310.4,0.0,0.0,0.0,0.0
2019/04/10 13:30,12.3,991.5,1.2,16,0,0,10.72,57.82,994.64,2.34,326.54,0.0,0.0,0.0,0.0
2019/04/10 13:45,12.2,991.200012,1.2,15,0,0,10.22,61.69,994.54,2.65,332.72,0.0,0.0,0.0,0.0
2019/04/10 14:00,12.1,991.299988,1.7,343,0,0,9.87,65.13,994.56,2.8,326.86,0.0,0.0,0.0,0.0
2019/04/10 14:15,12.0,991.099976,1.1,9,0,0,9.53,68.73,994.67,2.85,318.9,0.0,0.0,0.0,0.0
2019/04/10 14:30,11.9,991.200012,1.3,10,0,0,9.25,72.45,994.86,2.74,310.45,0.0,0.0,0.0,0.0
2019/04/10 14:45,11.8,991.400024,0.9,24,0,0,8.96,76.03,995.01,2.42,305.54,0.0,0.0,0.0,0.0
2019/04/10 15:00,11.7,991.200012,1.7,20,0,0,8.93,77.38,995.1,1.88,319.5,0.0,0.0,0.0,0.0
2019/04/10 15:15,11.3,991.200012,1.2,57,0,0,9.15,76.21,995.15,1.51,14.18,0.0,0.0,0.0,0.0
2019/04/10 15:30,10.8,991.200012,1.7,51,0,0,9.21,75.57,995.27,1.75,67.32,0.0,0.0,0.0,0.0
2019/04/10 15:45,10.5,991.099976,1.4,81,0,0,9.18,75.98,995.41,2.48,94.67,0.0,0.0,0.0,0.0
2019/04/10 16:00,10.4,990.900024,0.0,53,0,0,9.16,55.98,993.35,1.04,76.66,0.0,0.0,0.0,0.0
2019/04/10 16:15,10.0,990.799988,1.5,52,0,0,9.08,56.34,993.4,0.88,85.55,0.0,0.0,0.0,0.0
2019/04/10 16:30,9.5,991.099976,0.6,255,0,0,9.04,56.5,993.77,0.75,104.59,0.0,0.0,0.0,0.0
2019/04/10 16:45,9.3,991.0,0.8,333,0,0,9.01,56.53,993.53,0.59,135.58,0.0,0.0,0.0,0.0
2019/04/10 17:00,9.7,990.5,1.5,3,0,0,9.0,56.4,993.52,0.53,182.66,0.0,0.0,0.0,0.0
2019/04/10 17:15,9.400001,990.400024,0.3,342,0,0,9.01,56.35,993.38,0.61,228.57,0.0,0.0,0.0,0.0
2019/04/10 17:30,9.0,990.299988,1.0,336,0,0,9.03,56.16,993.26,0.75,247.51,0.0,0.0,0.0,0.0
2019/04/10 17:45,9.1,990.400024,1.4,334,0,0,9.06,56.0,993.29,0.93,263.0,0.0,0.0,0.0,0.0
2019/04/10 18:00,9.3,990.200012,2.4,331,0,0,9.05,56.04,993.27,1.19,284.1,0.0,0.0,0.0,0.0
2019/04/10 18:15,9.5,990.099976,1.7,317,0,0,9.02,56.19,993.39,1.39,300.72,0.0,0.0,0.0,0.0
2019/04/10 18:30,9.400001,990.099976,1.1,318,0,0,9.0,56.38,993.21,1.38,313.05,0.0,0.0,0.0,0.0
2019/04/10 18:45,9.400001,990.099976,1.3,315,0,0,8.98,56.56,992.94,1.18,324.79,0.0,0.0,0.0,0.0
2019/04/10 19:00,9.3,990.0,0.6,317,0,0,8.98,56.64,992.93,0.94,334.13,0.0,0.0,0.0,0.0
2019/04/11 08:00,17.200001,989.299988,3.6,210,536,91,16.94,32.24,993.03,1.66,103.96,513.95,46.56000000000006,467.39,17.812379999999997
2019/04/11 08:15,16.9,989.099976,2.1,177,481,96,16.95,32.15,993.04,1.72,111.47,461.23,44.72000000000003,416.51,17.24231
2019/04/11 08:30,17.4,988.900024,0.5,154,418,100,16.97,32.0,992.93,1.75,121.99,424.93,43.370000000000005,381.56,15.1165
2019/04/11 08:45,17.4,989.0,0.7,138,344,100,16.96,31.84,992.81,1.82,132.44,368.81,41.110000000000014,327.7,12.85309
2019/04/11 09:00,17.200001,989.0,2.6,136,281,94,16.97,31.63,992.71,1.99,140.81,330.44,39.410000000000025,291.03,10.48381
2019/04/11 09:15,17.5,988.900024,1.9,101,215,83,16.94,31.52,992.6,2.25,145.34,271.95,36.5,235.45,8.33
2019/04/11 09:30,17.6,989.0,2.0,71,160,67,16.91,31.5,992.48,2.56,147.34,232.67,34.25999999999999,198.41,6.094594
2019/04/11 09:45,17.6,989.099976,1.8,60,107,48,16.79,31.79,992.38,2.87,148.39,174.13,30.299999999999983,143.83,4.039875
2019/04/11 10:00,17.200001,989.099976,1.5,93,59,38,16.65,32.55,992.29,3.06,149.1,135.87,27.10000000000001,108.77,2.385578
2019/04/11 10:15,17.0,989.400024,1.5,50,25,26,16.26,35.14,992.2,3.09,149.39,80.88,20.999999999999996,59.88,0.8665510000000001
2019/04/11 10:30,16.4,989.599976,1.4,35,20,12,15.68,37.85,992.17,3.22,152.65,47.11,15.579999999999998,31.53,0.528568
2019/04/11 10:45,14.8,989.799988,3.8,21,5,7,14.92,40.09,992.26,3.56,158.72,6.42,4.04,2.38,0.180247
2019/04/11 11:00,14.2,990.099976,3.8,12,0,0,14.37,41.67,992.43,3.98,165.38,0.0,0.0,0.0,0.0
2019/04/11 11:15,13.6,990.5,2.5,45,0,0,13.87,42.94,992.63,4.36,170.67,0.0,0.0,0.0,0.0
2019/04/11 11:30,13.3,990.700012,3.0,58,0,0,13.47,43.69,992.87,4.68,174.06,0.0,0.0,0.0,0.0
2019/04/11 11:45,13.1,991.0,1.7,60,0,0,13.12,44.32,993.09,4.97,176.65,0.0,0.0,0.0,0.0
2019/04/11 12:00,13.0,991.200012,2.5,34,0,0,12.81,44.88,993.27,5.24,179.54,0.0,0.0,0.0,0.0
2019/04/11 12:15,12.8,991.400024,2.5,37,0,0,12.51,45.46,993.46,5.45,184.73,0.0,0.0,0.0,0.0
2019/04/11 12:30,12.6,991.5,0.9,41,0,0,12.25,45.91,993.66,5.59,191.55,0.0,0.0,0.0,0.0
2019/04/11 12:45,11.9,991.700012,0.2,281,0,0,12.04,46.1,993.84,5.7,197.74,0.0,0.0,0.0,0.0
2019/04/11 13:00,11.9,991.799988,0.0,344,0,0,11.88,45.99,993.94,5.75,201.62,0.0,0.0,0.0,0.0
2019/04/11 13:15,11.5,991.900024,0.6,315,0,0,11.75,45.73,994.02,5.7,203.1,0.0,0.0,0.0,0.0
2019/04/11 13:30,11.8,992.0,0.9,305,0,0,11.58,45.55,994.02,5.54,203.37,0.0,0.0,0.0,0.0
2019/04/11 13:45,11.8,992.099976,0.5,339,0,0,11.32,45.66,993.82,5.26,203.73,0.0,0.0,0.0,0.0
2019/04/11 14:00,12.0,992.0,1.0,13,0,0,11.0,46.05,993.63,4.86,205.76,0.0,0.0,0.0,0.0
2019/04/11 14:15,12.5,991.900024,0.3,14,0,0,10.63,46.58,993.57,4.36,212.33,0.0,0.0,0.0,0.0
2019/04/11 14:30,12.3,991.799988,0.0,23,0,0,10.24,46.87,993.62,3.92,226.3,0.0,0.0,0.0,0.0
2019/04/11 14:45,11.8,992.099976,0.0,107,0,0,9.9,46.54,993.72,3.72,242.87,0.0,0.0,0.0,0.0
2019/04/11 15:00,11.9,992.0,0.6,37,0,0,9.75,45.23,993.82,3.72,250.36,0.0,0.0,0.0,0.0
2019/04/11 15:15,11.4,991.799988,0.1,337,0,0,9.71,43.52,993.93,3.8,249.4,0.0,0.0,0.0,0.0
2019/04/11 15:30,11.6,992.0,0.5,14,0,0,9.67,42.06,994.04,3.89,247.44,0.0,0.0,0.0,0.0
2019/04/11 15:45,10.7,992.0,0.0,178,0,0,9.6,40.96,994.19,3.97,246.86,0.0,0.0,0.0,0.0
2019/04/11 16:00,9.3,992.099976,0.0,158,0,0,8.48,51.0,993.81,3.14,260.77,0.0,0.0,0.0,0.0
2019/04/11 16:15,9.6,992.0,0.1,155,0,0,8.28,51.49,993.91,3.15,255.76,0.0,0.0,0.0,0.0
2019/04/11 16:30,9.7,992.099976,0.0,158,0,0,8.12,52.0,994.31,3.14,251.88,0.0,0.0,0.0,0.0
2019/04/11 16:45,9.3,991.900024,0.6,119,0,0,7.93,52.66,994.19,3.17,247.81,0.0,0.0,0.0,0.0
2019/04/11 17:00,9.5,991.799988,0.5,144,0,0,7.75,53.22,994.28,3.22,245.27,0.0,0.0,0.0,0.0
2019/04/11 17:15,9.3,991.799988,0.6,149,0,0,7.62,53.53,994.37,3.26,243.2,0.0,0.0,0.0,0.0
2019/04/11 17:30,9.1,991.599976,0.8,133,0,0,7.51,53.63,994.36,3.28,241.81,0.0,0.0,0.0,0.0
2019/04/11 17:45,9.400001,991.599976,1.9,133,0,0,7.45,53.46,994.27,3.3,241.2,0.0,0.0,0.0,0.0
2019/04/11 18:00,9.2,991.599976,1.5,141,0,0,7.41,53.04,994.2,3.32,241.93,0.0,0.0,0.0,0.0
2019/04/11 18:15,8.7,991.400024,0.8,149,0,0,7.37,52.43,994.02,3.36,243.94,0.0,0.0,0.0,0.0
2019/04/11 18:30,8.3,991.299988,0.3,178,0,0,7.34,51.6,993.94,3.44,245.62,0.0,0.0,0.0,0.0
2019/04/11 18:45,8.1,991.299988,0.4,146,0,0,7.31,50.66,993.88,3.53,248.11,0.0,0.0,0.0,0.0
2019/04/11 19:00,7.6,991.200012,0.4,159,0,0,7.29,49.63,993.87,3.59,248.71,0.0,0.0,0.0,0.0
2019/04/12 08:00,20.299999,984.900024,4.6,37,405,240,22.25,24.04,988.27,7.12,224.59,506.6,46.21000000000004,460.39,14.19819
2019/04/12 08:15,20.4,984.599976,5.0,53,386,226,22.22,24.54,988.12,6.78,227.82,455.88,44.54000000000002,411.34,13.38225
2019/04/12 08:30,20.0,984.5,3.0,71,303,205,22.24,24.83,987.9,6.6,232.56,419.85,43.200000000000045,376.65,10.67544
2019/04/12 08:45,20.1,984.5,3.7,44,260,183,22.2,25.19,987.71,6.59,236.31,363.94,40.94999999999999,322.99,9.004407
2019/04/12 09:00,20.299999,984.5,4.5,48,206,173,22.14,25.84,987.55,6.73,238.57,325.84,39.26999999999998,286.57,7.378655999999999
2019/04/12 09:15,19.9,984.5,3.5,77,175,148,21.97,26.98,987.42,6.96,239.43,267.98,36.410000000000025,231.57,6.144578
2019/04/12 09:30,19.6,984.599976,6.1,45,135,123,21.76,28.47,987.29,7.18,239.21,229.26,34.19999999999999,195.06,4.715266000000001
2019/04/12 09:45,19.700001,984.599976,2.9,60,100,92,21.42,30.39,987.14,7.3,238.3,171.66,30.289999999999992,141.37,3.4613910000000003
2019/04/12 10:00,19.4,984.599976,4.7,74,48,52,21.03,32.68,986.97,7.29,237.13,134.08,27.14000000000001,106.94,1.683774
2019/04/12 10:15,19.0,984.700012,1.1,69,41,46,20.49,35.41,986.84,7.18,236.04,80.21,21.16,59.05,1.408805
2019/04/12 10:30,18.6,984.599976,2.8,84,25,30,19.9,38.2,986.77,6.97,235.49,47.28,15.87,31.41,0.8822190000000001
2019/04/12 10:45,18.200001,984.799988,2.6,80,7,9,19.22,40.77,986.81,6.73,235.48,7.49,4.62,2.87,0.230132
2019/04/12 11:00,17.9,984.799988,1.5,69,0,0,18.67,42.84,986.91,6.58,236.05,0.0,0.0,0.0,0.0
2019/04/12 11:15,17.4,984.900024,2.4,44,0,0,18.29,44.42,986.94,6.61,237.04,0.0,0.0,0.0,0.0
2019/04/12 11:30,17.1,985.099976,2.1,62,0,0,18.02,45.67,986.97,6.81,238.44,0.0,0.0,0.0,0.0
2019/04/12 11:45,16.6,985.400024,0.9,61,0,0,17.85,46.56,987.0,7.15,240.18,0.0,0.0,0.0,0.0
2019/04/12 12:00,16.200001,985.5,2.1,50,0,0,17.77,46.99,987.05,7.54,242.37,0.0,0.0,0.0,0.0
2019/04/12 12:15,15.8,985.599976,2.4,64,0,0,17.65,47.49,987.13,7.83,244.33,0.0,0.0,0.0,0.0
2019/04/12 12:30,15.5,985.799988,1.0,54,0,0,17.55,48.03,987.24,8.03,245.69,0.0,0.0,0.0,0.0
2019/04/12 12:45,15.3,986.099976,0.0,61,0,0,17.45,48.68,987.35,8.16,246.49,0.0,0.0,0.0,0.0
2019/04/12 13:00,14.8,986.299988,0.6,320,0,0,17.33,49.34,987.45,8.22,247.17,0.0,0.0,0.0,0.0
2019/04/12 13:15,14.3,986.5,1.3,320,0,0,17.2,50.07,987.52,8.2,248.19,0.0,0.0,0.0,0.0
2019/04/12 13:30,14.1,986.700012,1.6,311,0,0,17.05,50.86,987.57,8.12,249.86,0.0,0.0,0.0,0.0
2019/04/12 13:45,13.9,986.799988,2.2,308,0,0,16.86,51.79,987.5,7.97,251.88,0.0,0.0,0.0,0.0
2019/04/12 14:00,13.7,986.799988,2.4,327,0,0,16.65,52.8,987.45,7.75,253.98,0.0,0.0,0.0,0.0
2019/04/12 14:15,13.7,987.0,0.0,329,0,0,16.43,53.95,987.47,7.45,256.21,0.0,0.0,0.0,0.0
2019/04/12 14:30,13.4,987.0,0.0,280,0,0,16.17,55.28,987.54,7.04,258.2,0.0,0.0,0.0,0.0
2019/04/12 14:45,13.2,987.099976,0.0,321,0,0,15.89,56.69,987.57,6.6,260.04,0.0,0.0,0.0,0.0
2019/04/12 15:00,13.3,987.0,1.9,319,0,0,15.64,57.97,987.55,6.29,260.68,0.0,0.0,0.0,0.0
2019/04/12 15:15,13.0,986.799988,1.2,326,0,0,15.44,59.02,987.52,6.21,260.18,0.0,0.0,0.0,0.0
2019/04/12 15:30,13.2,986.799988,0.8,349,0,0,15.33,59.66,987.53,6.39,259.34,0.0,0.0,0.0,0.0
2019/04/12 15:45,13.3,987.0,1.0,319,0,0,15.29,59.91,987.57,6.72,259.03,0.0,0.0,0.0,0.0
2019/04/12 16:00,13.2,986.900024,2.1,326,0,0,13.24,42.36,988.85,1.98,257.97,0.0,0.0,0.0,0.0
2019/04/12 16:15,12.8,987.099976,0.0,279,0,0,13.11,42.68,988.9,2.08,257.45,0.0,0.0,0.0,0.0
2019/04/12 16:30,12.4,987.0,0.0,231,0,0,13.01,43.03,989.14,2.2,254.33,0.0,0.0,0.0,0.0
2019/04/12 16:45,11.8,986.900024,0.2,209,0,0,12.88,43.57,988.93,2.36,255.79,0.0,0.0,0.0,0.0
2019/04/12 17:00,11.5,986.900024,0.0,192,0,0,12.77,44.1,988.84,2.48,257.3,0.0,0.0,0.0,0.0
2019/04/12 17:15,11.8,986.700012,0.0,170,0,0,12.66,44.62,988.69,2.55,258.17,0.0,0.0,0.0,0.0
2019/04/12 17:30,11.6,986.599976,0.0,138,0,0,12.58,44.99,988.76,2.6,262.28,0.0,0.0,0.0,0.0
2019/04/12 17:45,10.9,986.5,1.3,224,0,0,12.5,45.23,988.94,2.65,265.24,0.0,0.0,0.0,0.0
2019/04/12 18:00,11.6,986.299988,0.9,314,0,0,12.43,45.37,989.1,2.7,268.13,0.0,0.0,0.0,0.0
2019/04/12 18:15,12.1,986.200012,0.0,186,0,0,12.33,45.47,988.96,2.75,270.13,0.0,0.0,0.0,0.0
2019/04/12 18:30,11.8,986.099976,0.0,189,0,0,12.26,45.51,988.91,2.83,269.06,0.0,0.0,0.0,0.0
2019/04/12 18:45,11.1,986.400024,0.1,240,0,0,12.2,45.65,988.95,2.96,267.94,0.0,0.0,0.0,0.0
2019/04/12 19:00,10.9,986.5,0.0,191,0,0,12.12,46.05,989.03,3.1,266.82,0.0,0.0,0.0,0.0
2019/04/13 08:00,20.299999,988.0,1.9,345,352,169,20.72,32.16,992.04,5.64,316.48,181.08,34.190000000000026,146.89,11.09522
2019/04/13 08:15,19.6,988.299988,3.7,17,480,180,20.56,32.16,992.12,4.5,309.13,183.89,33.28999999999999,150.6,15.56406
2019/04/13 08:30,19.9,988.299988,2.9,7,396,229,20.49,31.8,992.09,3.58,297.71,177.29,32.59,144.7,14.364
2019/04/13 08:45,19.5,988.599976,2.9,23,63,48,20.82,29.57,992.15,3.15,292.4,198.6,29.98999999999998,168.61,2.394547
2019/04/13 09:00,16.9,990.5,6.9,283,5,4,20.8,28.35,992.27,3.09,299.88,158.88,26.44,132.44,0.137016
2019/04/13 09:15,14.2,991.099976,8.6,277,6,0,19.98,29.76,992.41,3.1,306.99,35.47,35.46,0.01,0.117253
2019/04/13 09:30,13.1,991.299988,4.0,280,91,117,19.69,30.05,992.56,3.05,305.93,34.29,34.28,0.01,3.60675
2019/04/13 09:45,14.8,991.299988,5.7,264,44,47,19.52,29.47,992.75,3.18,303.56,17.1,17.1,0.0,1.437461
2019/04/13 10:00,15.2,991.700012,4.3,272,43,52,19.48,27.21,992.88,3.61,307.9,15.02,15.02,0.0,1.506859
2019/04/13 10:15,15.0,991.799988,2.0,280,26,31,19.35,25.3,992.96,4.14,318.51,43.72,21.16,22.56,0.886977
2019/04/13 10:30,15.7,991.900024,1.9,219,29,17,18.88,23.95,993.09,4.87,335.12,25.7,13.71,11.99,0.654705
2019/04/13 10:45,16.5,991.900024,4.6,249,10,9,17.95,23.4,993.53,5.83,346.93,8.09,4.52,3.57,0.218678
2019/04/13 11:00,16.4,992.200012,4.6,265,0,0,17.38,22.52,994.05,6.46,352.89,0.0,0.0,0.0,0.0
2019/04/13 11:15,16.5,992.599976,4.5,251,0,0,16.83,22.68,994.53,6.27,354.15,0.0,0.0,0.0,0.0
2019/04/13 11:30,16.5,993.0,2.9,247,0,0,16.16,23.7,994.99,5.42,351.05,0.0,0.0,0.0,0.0
2019/04/13 11:45,16.5,993.400024,3.3,258,0,0,15.45,25.02,995.35,4.6,342.47,0.0,0.0,0.0,0.0
2019/04/13 12:00,16.299999,993.799988,4.8,245,0,0,14.84,26.15,995.7,4.22,329.63,0.0,0.0,0.0,0.0
2019/04/13 12:15,17.0,993.799988,4.4,243,0,0,14.34,26.96,996.05,4.1,321.19,0.0,0.0,0.0,0.0
2019/04/13 12:30,16.4,994.299988,2.6,224,0,0,13.94,27.55,996.42,3.93,318.56,0.0,0.0,0.0,0.0
2019/04/13 12:45,15.8,994.599976,2.3,245,0,0,13.52,28.23,996.78,3.74,314.09,0.0,0.0,0.0,0.0
2019/04/13 13:00,14.2,995.099976,0.5,168,0,0,13.09,28.9,997.15,3.66,304.7,0.0,0.0,0.0,0.0
2019/04/13 13:15,14.4,995.299988,2.2,223,0,0,12.73,29.22,997.49,3.69,293.68,0.0,0.0,0.0,0.0
2019/04/13 13:30,13.6,995.299988,2.2,193,0,0,12.47,29.06,997.7,3.8,285.89,0.0,0.0,0.0,0.0
2019/04/13 13:45,13.6,995.400024,1.9,249,0,0,12.25,28.66,997.8,3.95,282.8,0.0,0.0,0.0,0.0
2019/04/13 14:00,14.3,995.5,2.2,234,0,0,12.04,28.3,997.89,4.13,281.41,0.0,0.0,0.0,0.0
2019/04/13 14:15,13.7,995.599976,0.9,241,0,0,11.82,28.14,998.08,4.34,279.01,0.0,0.0,0.0,0.0
2019/04/13 14:30,14.5,995.799988,1.8,273,0,0,11.58,28.16,998.32,4.58,275.27,0.0,0.0,0.0,0.0
2019/04/13 14:45,13.7,996.099976,1.0,227,0,0,11.34,28.31,998.55,4.83,271.51,0.0,0.0,0.0,0.0
2019/04/13 15:00,13.9,996.099976,0.8,255,0,0,11.1,28.59,998.77,5.06,269.06,0.0,0.0,0.0,0.0
2019/04/13 15:15,13.3,996.200012,0.3,333,0,0,10.93,28.75,999.07,5.24,271.34,0.0,0.0,0.0,0.0
2019/04/13 15:30,14.7,996.299988,3.3,250,0,0,10.81,28.8,999.43,5.34,275.84,0.0,0.0,0.0,0.0
2019/04/13 15:45,15.2,996.400024,2.9,243,0,0,10.76,28.61,999.79,5.28,279.04,0.0,0.0,0.0,0.0
2019/04/13 16:00,15.9,996.400024,3.8,261,0,0,10.18,42.1,999.71,5.31,284.8,0.0,0.0,0.0,0.0
2019/04/13 16:15,14.8,996.5,2.7,265,0,0,9.98,42.31,999.74,5.33,282.95,0.0,0.0,0.0,0.0
2019/04/13 16:30,14.5,996.599976,2.8,262,0,0,9.8,42.31,1000.26,5.28,281.31,0.0,0.0,0.0,0.0
2019/04/13 16:45,14.3,996.700012,3.8,266,0,0,9.58,42.01,1000.24,5.22,280.02,0.0,0.0,0.0,0.0
2019/04/13 17:00,13.9,996.900024,0.6,323,0,0,9.36,41.07,1000.19,5.17,280.73,0.0,0.0,0.0,0.0
2019/04/13 17:15,13.6,996.900024,0.2,274,0,0,9.15,39.62,1000.38,5.17,281.04,0.0,0.0,0.0,0.0
2019/04/13 17:30,13.0,996.799988,1.2,241,0,0,8.97,37.73,1000.52,5.16,279.76,0.0,0.0,0.0,0.0
2019/04/13 17:45,12.7,996.900024,2.3,260,0,0,8.78,35.85,1000.72,5.05,277.22,0.0,0.0,0.0,0.0
2019/04/13 18:00,12.1,996.799988,1.2,247,0,0,8.55,34.26,1000.81,4.84,273.93,0.0,0.0,0.0,0.0
2019/04/13 18:15,11.4,997.0,1.7,249,0,0,8.32,32.98,1001.08,4.58,270.73,0.0,0.0,0.0,0.0
2019/04/13 18:30,11.4,997.099976,0.9,292,0,0,8.06,32.01,1001.13,4.31,265.89,0.0,0.0,0.0,0.0
2019/04/13 18:45,11.8,997.0,0.7,268,0,0,7.86,31.11,1001.08,4.14,261.18,0.0,0.0,0.0,0.0
2019/04/13 19:00,12.1,997.099976,1.0,246,0,0,7.72,30.2,1001.25,4.06,257.17,0.0,0.0,0.0,0.0
2019/04/14 08:00,22.5,991.700012,1.5,76,553,68,23.82,7.56,996.04,3.94,262.1,546.76,47.01999999999998,499.74,19.508129
2019/04/14 08:15,22.4,991.599976,2.9,50,496,85,23.84,7.55,995.86,3.94,262.93,492.65,45.20999999999998,447.44,17.562559
2019/04/14 08:30,22.700001,991.400024,4.3,42,432,94,23.85,7.65,995.65,3.8,263.14,454.93,43.860000000000014,411.07,15.5995
2019/04/14 08:45,22.200001,991.299988,2.7,46,358,98,23.77,7.93,995.49,3.48,262.15,396.15,41.63,354.52,13.25363
2019/04/14 09:00,21.700001,991.299988,5.0,74,291,93,23.66,8.39,995.34,2.92,258.33,355.82,39.95999999999998,315.86,10.97316
2019/04/14 09:15,21.4,991.099976,4.5,49,222,83,23.4,9.25,995.22,2.29,243.17,294.25,37.110000000000014,257.14,8.646969
2019/04/14 09:30,20.9,991.200012,5.4,58,165,74,22.99,10.79,995.09,2.21,197.03,252.91,34.91,218.0,6.261280999999999
2019/04/14 09:45,20.6,991.200012,5.2,73,114,55,22.31,14.07,994.91,3.14,163.32,191.33,31.05000000000001,160.28,4.214
2019/04/14 10:00,20.4,990.900024,3.1,76,61,39,21.36,16.47,994.7,4.65,157.19,151.14,27.94999999999999,123.19,2.454211
2019/04/14 10:15,19.700001,991.099976,4.3,75,50,25,20.27,18.53,994.45,6.15,158.24,93.31,22.129999999999995,71.18,1.31693
2019/04/14 10:30,19.200001,991.099976,2.2,40,28,16,19.39,19.72,994.24,7.46,159.49,57.41,17.0,40.41,0.635141
2019/04/14 10:45,18.700001,991.299988,3.9,63,8,8,18.61,20.18,994.22,8.35,160.71,11.99,6.11,5.88,0.209713
2019/04/14 11:00,18.200001,991.299988,3.2,33,0,0,18.06,20.32,994.35,8.65,162.38,0.0,0.0,0.0,0.0
2019/04/14 11:15,17.799999,991.400024,3.3,40,0,0,17.59,20.85,994.45,8.44,164.56,0.0,0.0,0.0,0.0
2019/04/14 11:30,17.1,991.599976,3.3,38,0,0,17.18,21.48,994.57,7.98,167.06,0.0,0.0,0.0,0.0
2019/04/14 11:45,16.9,991.799988,0.2,352,0,0,16.72,22.26,994.65,7.41,171.29,0.0,0.0,0.0,0.0
2019/04/14 12:00,16.1,992.0,1.8,32,0,0,16.26,22.96,994.73,6.79,177.92,0.0,0.0,0.0,0.0
2019/04/14 12:15,16.0,991.900024,2.2,36,0,0,15.8,23.5,994.81,6.08,185.19,0.0,0.0,0.0,0.0
2019/04/14 12:30,15.7,992.099976,2.1,24,0,0,15.28,24.09,994.92,5.25,191.98,0.0,0.0,0.0,0.0
2019/04/14 12:45,15.4,992.099976,2.0,36,0,0,14.74,24.72,995.02,4.43,198.64,0.0,0.0,0.0,0.0
2019/04/14 13:00,15.2,992.200012,0.7,265,0,0,14.3,25.13,995.1,3.75,205.13,0.0,0.0,0.0,0.0
2019/04/14 13:15,14.3,992.400024,1.4,314,0,0,14.0,25.28,995.18,3.27,209.4,0.0,0.0,0.0,0.0
2019/04/14 13:30,14.1,992.400024,0.6,317,0,0,13.78,25.21,995.23,2.93,213.04,0.0,0.0,0.0,0.0
2019/04/14 13:45,14.0,992.299988,1.8,334,0,0,13.63,24.92,995.2,2.66,215.54,0.0,0.0,0.0,0.0
2019/04/14 14:00,14.6,992.099976,1.9,329,0,0,13.57,24.41,995.17,2.43,214.73,0.0,0.0,0.0,0.0
2019/04/14 14:15,14.2,992.299988,1.5,344,0,0,13.53,23.89,995.2,2.28,210.7,0.0,0.0,0.0,0.0
2019/04/14 14:30,14.3,992.400024,1.7,354,0,0,13.52,23.36,995.27,2.23,204.31,0.0,0.0,0.0,0.0
2019/04/14 14:45,14.2,992.200012,0.9,318,0,0,13.53,22.91,995.3,2.31,198.97,0.0,0.0,0.0,0.0
2019/04/14 15:00,13.4,992.200012,0.6,331,0,0,13.56,22.49,995.3,2.46,198.35,0.0,0.0,0.0,0.0
2019/04/14 15:15,13.5,992.200012,1.0,339,0,0,13.61,22.13,995.31,2.56,202.93,0.0,0.0,0.0,0.0
2019/04/14 15:30,13.5,992.099976,1.5,338,0,0,13.61,21.99,995.4,2.54,212.27,0.0,0.0,0.0,0.0
2019/04/14 15:45,13.7,992.099976,0.7,332,0,0,13.44,22.25,995.53,2.5,223.93,0.0,0.0,0.0,0.0
2019/04/14 16:00,13.6,992.099976,0.0,296,0,0,12.18,22.21,994.19,3.07,243.54,0.0,0.0,0.0,0.0
2019/04/14 16:15,12.2,992.200012,0.0,218,0,0,12.03,22.16,994.02,3.23,241.64,0.0,0.0,0.0,0.0
2019/04/14 16:30,11.1,992.099976,0.0,250,0,0,11.96,21.9,994.24,3.32,242.09,0.0,0.0,0.0,0.0
2019/04/14 16:45,11.4,991.799988,0.0,258,0,0,11.86,21.63,993.87,3.33,244.42,0.0,0.0,0.0,0.0
2019/04/14 17:00,11.6,991.599976,0.0,175,0,0,11.77,21.45,993.99,3.33,246.01,0.0,0.0,0.0,0.0
2019/04/14 17:15,11.4,991.400024,0.0,276,0,0,11.61,21.38,993.86,3.3,245.12,0.0,0.0,0.0,0.0
2019/04/14 17:30,10.9,991.299988,0.0,140,0,0,11.48,21.38,993.81,3.19,244.88,0.0,0.0,0.0,0.0
2019/04/14 17:45,11.5,991.200012,0.0,169,0,0,11.32,21.54,993.49,3.05,243.98,0.0,0.0,0.0,0.0
2019/04/14 18:00,11.8,991.0,0.4,146,0,0,11.17,21.78,993.29,2.91,241.61,0.0,0.0,0.0,0.0
2019/04/14 18:15,11.4,990.900024,0.0,156,0,0,11.06,22.06,993.4,2.8,237.24,0.0,0.0,0.0,0.0
2019/04/14 18:30,10.9,990.799988,1.4,137,0,0,10.93,22.45,993.49,2.78,231.37,0.0,0.0,0.0,0.0
2019/04/14 18:45,11.3,990.599976,0.0,144,0,0,10.74,22.95,993.32,2.93,224.48,0.0,0.0,0.0,0.0
2019/04/14 19:00,10.7,990.5,0.3,172,0,0,10.53,23.5,993.34,3.16,219.63,0.0,0.0,0.0,0.0
2019/04/15 08:00,24.299999,982.400024,4.6,39,453,234,24.49,25.12,986.49,10.08,242.66,249.15,26.950000000000017,222.2,15.586379999999998
2019/04/15 08:15,24.200001,982.200012,5.1,36,316,210,23.39,29.31,986.46,10.58,245.09,186.01,26.22999999999999,159.78,10.96988
2019/04/15 08:30,24.1,982.299988,6.2,49,254,199,23.19,29.21,986.33,10.06,242.23,161.76,25.139999999999983,136.62,8.977938
2019/04/15 08:45,24.200001,982.200012,4.1,86,250,205,22.8,29.46,986.32,8.94,240.38,129.89,17.289999999999992,112.6,8.931344000000001
2019/04/15 09:00,24.1,982.0,3.9,81,206,173,22.71,29.43,986.26,7.38,238.33,132.3,17.620000000000005,114.68,7.003391000000001
2019/04/15 09:15,23.700001,982.200012,4.8,36,163,152,22.23,30.35,986.08,5.91,239.0,78.61,26.31,52.3,5.688704
2019/04/15 09:30,23.5,982.099976,4.2,53,115,118,22.04,31.3,985.89,4.99,239.33,78.95,26.99,51.96,4.006625
2019/04/15 09:45,23.1,982.400024,3.1,50,76,87,22.18,32.07,985.67,4.62,235.72,101.09,29.60000000000001,71.49,2.547235
2019/04/15 10:00,22.6,982.400024,3.2,57,45,57,22.16,33.29,985.46,4.52,230.5,89.54,28.010000000000005,61.53,1.513996
2019/04/15 10:15,22.200001,982.5,2.8,41,33,39,21.94,34.93,985.35,4.43,227.82,77.81,19.92,57.89,1.097633
2019/04/15 10:30,21.700001,982.599976,3.5,54,16,19,21.45,36.77,985.3,4.16,226.74,49.55,15.849999999999994,33.7,0.508703
2019/04/15 10:45,21.0,982.599976,3.2,64,5,5,20.66,38.77,985.34,3.77,224.73,10.96,5.970000000000001,4.99,0.110382
2019/04/15 11:00,20.6,982.700012,3.3,30,0,0,20.1,39.89,985.52,3.54,220.37,0.0,0.0,0.0,0.0
2019/04/15 11:15,20.4,983.099976,3.4,65,0,0,19.61,41.47,985.67,3.59,211.03,0.0,0.0,0.0,0.0
2019/04/15 11:30,20.0,983.299988,2.0,32,0,0,19.03,43.95,985.78,3.75,202.79,0.0,0.0,0.0,0.0
2019/04/15 11:45,19.700001,983.400024,2.6,24,0,0,18.58,46.37,985.75,3.75,201.79,0.0,0.0,0.0,0.0
2019/04/15 12:00,19.5,983.599976,1.5,357,0,0,18.31,48.03,985.63,3.53,207.41,0.0,0.0,0.0,0.0
2019/04/15 12:15,19.5,984.0,0.9,330,0,0,18.2,48.69,985.52,3.26,216.49,0.0,0.0,0.0,0.0
2019/04/15 12:30,19.200001,984.099976,1.5,359,0,0,18.1,49.13,985.46,3.02,223.11,0.0,0.0,0.0,0.0
2019/04/15 12:45,19.200001,984.299988,0.4,289,0,0,17.92,49.72,985.5,2.75,225.5,0.0,0.0,0.0,0.0
2019/04/15 13:00,18.6,984.299988,2.1,307,0,0,17.71,50.19,985.56,2.41,231.65,0.0,0.0,0.0,0.0
2019/04/15 13:15,18.299999,984.299988,1.0,340,0,0,17.41,50.75,985.64,2.15,240.83,0.0,0.0,0.0,0.0
2019/04/15 13:30,18.1,984.5,1.9,320,0,0,17.07,51.38,985.67,2.1,248.99,0.0,0.0,0.0,0.0
2019/04/15 13:45,18.1,984.400024,2.4,339,0,0,16.71,52.07,985.49,2.2,247.98,0.0,0.0,0.0,0.0
2019/04/15 14:00,18.1,984.599976,2.0,349,0,0,16.33,53.06,985.36,2.42,239.31,0.0,0.0,0.0,0.0
2019/04/15 14:15,17.799999,984.700012,1.6,328,0,0,15.95,54.28,985.32,2.77,231.24,0.0,0.0,0.0,0.0
2019/04/15 14:30,17.5,984.799988,1.5,259,0,0,15.69,55.08,985.38,3.08,230.82,0.0,0.0,0.0,0.0
2019/04/15 14:45,17.200001,984.700012,0.6,47,0,0,15.53,55.37,985.45,3.24,233.84,0.0,0.0,0.0,0.0
2019/04/15 15:00,17.200001,984.799988,0.8,346,0,0,15.41,55.5,985.53,3.24,235.88,0.0,0.0,0.0,0.0
2019/04/15 15:15,17.1,984.599976,1.0,311,0,0,15.33,55.56,985.63,3.09,240.39,0.0,0.0,0.0,0.0
2019/04/15 15:30,16.799999,985.0,0.8,104,0,0,15.27,55.59,985.77,2.9,248.84,0.0,0.0,0.0,0.0
2019/04/15 15:45,17.0,985.099976,0.0,255,0,0,15.17,55.75,985.89,2.93,256.87,0.0,0.0,0.0,0.0
2019/04/15 16:00,16.9,984.799988,0.0,94,0,0,16.01,55.52,985.93,2.56,242.16,0.0,0.0,0.0,0.0
2019/04/15 16:15,17.4,984.400024,0.0,259,0,0,15.79,55.66,985.92,2.64,238.59,0.0,0.0,0.0,0.0
2019/04/15 16:30,17.0,984.099976,2.2,5,0,0,15.69,55.23,986.32,2.64,231.69,0.0,0.0,0.0,0.0
2019/04/15 16:45,16.1,983.900024,2.6,355,0,0,15.55,54.8,985.94,2.39,227.97,0.0,0.0,0.0,0.0
2019/04/15 17:00,16.1,983.5,0.3,330,0,0,15.5,54.1,985.65,1.76,232.3,0.0,0.0,0.0,0.0
2019/04/15 17:15,16.299999,983.599976,0.0,3,0,0,15.27,54.28,985.48,1.23,269.32,0.0,0.0,0.0,0.0
2019/04/15 17:30,15.4,983.299988,0.4,233,0,0,14.64,56.02,985.48,1.38,332.77,0.0,0.0,0.0,0.0
2019/04/15 17:45,15.5,983.099976,0.0,250,0,0,13.95,57.62,985.51,1.9,342.14,0.0,0.0,0.0,0.0
2019/04/15 18:00,15.3,983.099976,0.8,229,0,0,13.4,58.25,985.59,2.2,340.72,0.0,0.0,0.0,0.0
2019/04/15 18:15,14.9,983.0,1.8,247,0,0,13.11,57.83,985.59,2.13,336.28,0.0,0.0,0.0,0.0
2019/04/15 18:30,14.9,983.0,0.6,261,0,0,13.03,56.68,985.53,1.89,326.28,0.0,0.0,0.0,0.0
2019/04/15 18:45,14.8,982.700012,0.0,255,0,0,12.99,55.53,985.38,1.69,306.49,0.0,0.0,0.0,0.0
2019/04/15 19:00,14.7,982.700012,0.0,248,0,0,13.0,54.5,985.35,1.73,280.28,0.0,0.0,0.0,0.0
2019/04/16 08:00,26.9,978.900024,5.7,47,481,187,27.46,15.37,982.32,5.32,142.53,524.9,46.41999999999996,478.48,16.477131
2019/04/16 08:15,26.700001,978.900024,4.0,53,419,189,27.47,15.47,982.25,5.56,143.89,472.6,44.660000000000025,427.94,14.20716
2019/04/16 08:30,26.700001,978.900024,3.7,42,347,181,27.4,15.78,982.14,6.04,146.28,436.22,43.370000000000005,392.85,11.96956
2019/04/16 08:45,26.299999,979.200012,4.6,42,293,174,27.16,16.4,982.09,6.58,147.83,379.97,41.200000000000045,338.77,10.01788
2019/04/16 09:00,25.5,979.200012,5.1,79,237,150,26.85,17.2,982.07,6.97,147.89,341.77,39.56999999999999,302.2,8.238344
2019/04/16 09:15,24.700001,979.299988,2.7,84,185,137,26.46,18.16,981.98,7.2,147.42,283.89,36.81999999999999,247.07,6.610188000000001
2019/04/16 09:30,24.4,979.299988,3.3,51,141,113,26.09,19.19,981.81,7.36,146.41,245.11,34.72000000000003,210.39,4.92636
2019/04/16 09:45,24.299999,979.5,3.4,64,101,89,25.62,20.33,981.58,7.59,145.62,187.12,31.00999999999999,156.11,3.497867
2019/04/16 10:00,23.9,979.5,2.7,84,64,65,25.13,21.39,981.39,7.92,146.06,148.94,28.039999999999992,120.9,2.170985
2019/04/16 10:15,23.5,979.5,3.4,49,25,28,24.55,22.4,981.34,8.2,148.57,93.43,22.460000000000008,70.97,0.739498
2019/04/16 10:30,23.1,979.799988,5.2,42,16,19,23.98,23.37,981.38,8.19,152.16,58.79,17.58,41.21,0.489316
2019/04/16 10:45,22.700001,979.700012,3.2,41,5,6,23.32,24.35,981.46,7.91,155.19,14.62,7.259999999999999,7.36,0.125528
2019/04/16 11:00,22.4,980.0,1.3,33,0,0,22.76,25.06,981.57,7.69,157.32,0.0,0.0,0.0,0.0
2019/04/16 11:15,21.799999,980.0,2.7,46,0,0,22.43,25.53,981.62,7.73,158.92,0.0,0.0,0.0,0.0
2019/04/16 11:30,21.5,980.099976,1.8,27,0,0,22.29,25.79,981.7,7.94,161.41,0.0,0.0,0.0,0.0
2019/04/16 11:45,21.4,980.299988,2.6,31,0,0,22.15,26.28,981.87,8.03,167.12,0.0,0.0,0.0,0.0
2019/04/16 12:00,21.200001,980.599976,2.6,6,0,0,21.91,27.16,982.07,7.82,173.57,0.0,0.0,0.0,0.0
2019/04/16 12:15,21.0,980.900024,0.9,341,0,0,21.58,28.21,982.23,7.4,177.59,0.0,0.0,0.0,0.0
2019/04/16 12:30,20.700001,981.200012,1.5,359,0,0,21.23,29.33,982.3,6.98,180.48,0.0,0.0,0.0,0.0
2019/04/16 12:45,20.799999,981.099976,2.1,1,0,0,20.85,30.63,982.36,6.66,183.09,0.0,0.0,0.0,0.0
2019/04/16 13:00,20.4,981.400024,3.1,351,0,0,20.47,31.82,982.42,6.39,185.07,0.0,0.0,0.0,0.0
2019/04/16 13:15,20.1,981.5,3.0,9,0,0,20.04,32.84,982.44,6.1,186.42,0.0,0.0,0.0,0.0
2019/04/16 13:30,19.9,981.5,1.7,1,0,0,19.53,33.55,982.44,5.77,191.71,0.0,0.0,0.0,0.0
2019/04/16 13:45,19.299999,981.799988,0.0,258,0,0,18.99,33.74,982.3,5.4,199.48,0.0,0.0,0.0,0.0
2019/04/16 14:00,18.200001,981.5,1.7,314,0,0,18.53,33.55,982.22,5.03,205.62,0.0,0.0,0.0,0.0
2019/04/16 14:15,17.799999,981.5,0.8,323,0,0,18.11,33.55,982.24,4.72,209.42,0.0,0.0,0.0,0.0
2019/04/16 14:30,18.0,981.5,0.5,296,0,0,17.68,33.84,982.3,4.48,211.19,0.0,0.0,0.0,0.0
2019/04/16 14:45,17.6,981.700012,0.0,283,0,0,17.33,33.96,982.31,4.3,213.06,0.0,0.0,0.0,0.0
2019/04/16 15:00,17.4,981.599976,0.0,249,0,0,17.07,33.75,982.31,4.19,215.15,0.0,0.0,0.0,0.0
2019/04/16 15:15,17.5,981.599976,0.0,288,0,0,16.84,33.29,982.38,4.13,218.49,0.0,0.0,0.0,0.0
2019/04/16 15:30,17.6,981.5,1.5,311,0,0,16.66,32.61,982.5,4.03,222.4,0.0,0.0,0.0,0.0
2019/04/16 15:45,17.700001,981.599976,0.7,351,0,0,16.52,31.94,982.65,3.88,224.69,0.0,0.0,0.0,0.0
2019/04/16 16:00,17.6,981.599976,1.8,314,0,0,14.83,57.1,983.72,2.8,298.82,0.0,0.0,0.0,0.0
2019/04/16 16:15,17.799999,981.5,3.4,321,0,0,14.7,57.11,983.78,2.77,295.79,0.0,0.0,0.0,0.0
2019/04/16 16:30,17.700001,981.200012,2.3,317,0,0,14.63,56.96,983.93,2.72,290.29,0.0,0.0,0.0,0.0
2019/04/16 16:45,17.4,981.099976,0.9,332,0,0,14.51,56.91,984.09,2.72,286.3,0.0,0.0,0.0,0.0
2019/04/16 17:00,17.200001,980.599976,2.2,335,0,0,14.34,56.86,983.56,2.77,284.88,0.0,0.0,0.0,0.0
2019/04/16 17:15,17.1,980.799988,0.5,218,0,0,14.16,56.75,983.36,2.88,282.69,0.0,0.0,0.0,0.0
2019/04/16 17:30,15.9,980.799988,0.7,208,0,0,13.98,56.33,983.23,2.98,281.68,0.0,0.0,0.0,0.0
2019/04/16 17:45,16.0,980.599976,0.0,199,0,0,13.86,55.5,983.05,2.97,280.19,0.0,0.0,0.0,0.0
2019/04/16 18:00,16.4,980.5,0.0,259,0,0,13.77,54.53,983.22,2.92,280.4,0.0,0.0,0.0,0.0
2019/04/16 18:15,16.6,980.400024,0.0,322,0,0,13.7,53.54,983.18,2.89,276.69,0.0,0.0,0.0,0.0
2019/04/16 18:30,16.299999,980.299988,0.0,149,0,0,13.64,52.52,983.16,2.88,269.47,0.0,0.0,0.0,0.0
2019/04/16 18:45,16.299999,980.0,0.0,172,0,0,13.61,51.53,982.94,2.79,269.89,0.0,0.0,0.0,0.0
2019/04/16 19:00,16.200001,979.900024,0.0,110,0,0,13.66,50.75,982.73,2.56,273.0,0.0,0.0,0.0,0.0
2019/04/17 08:00,29.1,970.5,2.2,47,337,216,37.42,10.72,971.77,6.84,251.15,520.18,46.03999999999997,474.14,10.11238
2019/04/17 08:15,29.6,970.5,2.6,1,427,301,37.52,10.46,971.69,6.75,257.4,468.1,44.31,423.79,13.99256
2019/04/17 08:30,29.4,970.599976,2.1,359,255,250,37.54,10.42,971.56,6.65,259.75,431.9,43.02999999999997,388.87,9.237157
2019/04/17 08:45,29.5,970.599976,1.9,17,269,239,37.41,10.72,971.44,6.62,254.19,376.3,40.88999999999999,335.41,8.604094
2019/04/17 09:00,28.9,970.700012,1.8,342,153,164,37.24,11.06,971.43,6.63,251.18,339.01,39.31,299.7,5.230422
2019/04/17 09:15,29.0,970.599976,2.1,353,177,179,36.91,11.26,971.39,6.26,251.59,283.29,36.63000000000002,246.66,5.890063
2019/04/17 09:30,28.6,970.599976,2.7,349,143,138,36.44,11.64,971.33,5.43,251.46,245.96,34.58000000000001,211.38,4.794125
2019/04/17 09:45,27.9,970.900024,2.9,340,123,121,35.58,12.58,971.26,4.53,249.88,189.31,30.97,158.34,4.052344000000001
2019/04/17 10:00,27.299999,970.900024,3.5,323,68,73,34.66,13.59,971.21,3.98,247.78,151.57,28.08999999999999,123.48,2.203469
2019/04/17 10:15,26.700001,970.799988,3.9,325,39,42,33.54,14.38,971.2,3.91,246.92,96.28,22.65000000000001,73.63,1.178297
2019/04/17 10:30,26.4,971.099976,1.7,297,29,34,32.46,14.98,971.27,4.14,246.77,61.52,17.92,43.6,0.915442
2019/04/17 10:45,26.0,971.099976,2.8,308,12,14,31.17,15.56,971.46,4.53,246.09,16.58,7.879999999999999,8.7,0.378185
2019/04/17 11:00,25.6,971.400024,2.3,325,1,0,30.02,16.23,971.72,4.87,243.54,0.0,0.0,0.0,0.004217
2019/04/17 11:15,25.1,971.700012,1.8,309,0,0,28.94,17.46,972.01,5.09,240.14,0.0,0.0,0.0,0.0
2019/04/17 11:30,24.9,971.900024,2.5,320,0,0,28.11,18.7,972.37,5.28,240.05,0.0,0.0,0.0,0.0
2019/04/17 11:45,24.9,972.200012,2.7,313,0,0,27.54,19.77,972.66,5.48,242.45,0.0,0.0,0.0,0.0
2019/04/17 12:00,24.5,972.599976,2.1,308,0,0,27.17,20.48,972.94,5.65,245.63,0.0,0.0,0.0,0.0
2019/04/17 12:15,24.299999,972.799988,2.2,308,0,0,26.87,20.93,973.26,5.74,249.36,0.0,0.0,0.0,0.0
2019/04/17 12:30,24.0,973.099976,1.1,314,0,0,26.59,21.19,973.59,5.78,252.73,0.0,0.0,0.0,0.0
2019/04/17 12:45,23.700001,973.400024,1.6,308,0,0,26.36,21.36,973.91,5.79,253.58,0.0,0.0,0.0,0.0
2019/04/17 13:00,23.6,973.400024,1.7,301,0,0,26.14,21.67,974.22,5.83,252.46,0.0,0.0,0.0,0.0
2019/04/17 13:15,23.4,973.599976,1.1,320,0,0,25.94,22.22,974.52,5.96,251.09,0.0,0.0,0.0,0.0
2019/04/17 13:30,23.1,973.700012,1.1,297,0,0,25.89,22.63,974.74,6.19,252.07,0.0,0.0,0.0,0.0
2019/04/17 13:45,22.700001,973.900024,0.7,246,0,0,25.9,22.91,974.83,6.43,253.8,0.0,0.0,0.0,0.0
2019/04/17 14:00,22.6,974.0,0.0,311,0,0,25.88,23.16,974.91,6.58,255.84,0.0,0.0,0.0,0.0
2019/04/17 14:15,22.299999,974.0,0.0,319,0,0,25.71,23.57,975.08,6.61,258.0,0.0,0.0,0.0,0.0
2019/04/17 14:30,22.0,974.099976,0.1,231,0,0,25.45,24.04,975.33,6.53,260.57,0.0,0.0,0.0,0.0
2019/04/17 14:45,22.1,974.099976,0.9,300,0,0,25.11,24.55,975.61,6.37,263.52,0.0,0.0,0.0,0.0
2019/04/17 15:00,22.4,974.5,1.8,309,0,0,24.76,25.08,975.95,6.08,265.98,0.0,0.0,0.0,0.0
2019/04/17 15:15,22.5,974.599976,1.8,303,0,0,24.17,26.21,976.59,5.59,275.37,0.0,0.0,0.0,0.0
2019/04/17 15:30,22.4,974.700012,2.0,297,0,0,23.57,27.27,977.52,5.11,291.36,0.0,0.0,0.0,0.0
2019/04/17 15:45,22.0,975.0,0.9,297,0,0,23.65,26.59,978.17,4.74,285.8,0.0,0.0,0.0,0.0
2019/04/17 16:00,22.200001,975.299988,0.4,276,0,0,20.33,47.82,978.06,1.87,317.8,0.0,0.0,0.0,0.0
2019/04/17 16:15,21.700001,975.299988,0.7,244,0,0,20.3,47.2,978.31,2.05,312.64,0.0,0.0,0.0,0.0
2019/04/17 16:30,21.200001,975.700012,0.0,240,0,0,20.26,46.46,978.96,2.35,310.5,0.0,0.0,0.0,0.0
2019/04/17 16:45,20.700001,976.200012,0.0,230,0,0,19.99,45.94,979.35,2.62,312.93,0.0,0.0,0.0,0.0
2019/04/17 17:00,20.1,976.200012,0.7,165,0,0,19.81,45.26,979.76,2.65,315.19,0.0,0.0,0.0,0.0
2019/04/17 17:15,20.299999,976.599976,0.0,290,0,0,19.77,45.02,980.17,2.45,321.69,0.0,0.0,0.0,0.0
2019/04/17 17:30,20.799999,976.700012,0.0,190,0,0,19.73,45.29,980.34,2.24,336.65,0.0,0.0,0.0,0.0
2019/04/17 17:45,21.299999,977.0,0.0,321,0,0,19.49,46.14,981.05,2.22,17.86,0.0,0.0,0.0,0.0
2019/04/17 18:00,21.1,977.200012,0.0,258,0,0,19.24,46.67,981.78,2.23,41.35,0.0,0.0,0.0,0.0
2019/04/17 18:15,21.299999,977.599976,0.0,267,0,0,19.06,46.02,982.31,2.02,38.85,0.0,0.0,0.0,0.0
2019/04/17 18:30,20.9,977.799988,0.0,219,0,0,19.11,44.03,982.54,2.11,16.08,0.0,0.0,0.0,0.0
2019/04/17 18:45,20.4,978.099976,0.0,253,0,0,19.13,41.5,983.03,2.95,32.08,0.0,0.0,0.0,0.0
2019/04/17 19:00,19.5,978.599976,0.3,277,0,0,18.72,41.0,983.44,3.6,43.33,0.0,0.0,0.0,0.0
2019/04/18 08:00,21.6,988.5,4.9,25,266,261,20.57,21.76,993.81,5.39,105.54,444.65,69.57999999999998,375.07,9.248531
2019/04/18 08:15,21.9,988.200012,2.5,28,375,299,20.53,21.69,993.73,5.47,108.96,398.28,62.63999999999999,335.64,12.66409
2019/04/18 08:30,21.5,988.200012,3.6,38,341,257,20.46,21.63,993.64,5.6,111.93,366.11,68.11000000000001,298.0,11.37806
2019/04/18 08:45,21.6,988.400024,4.2,27,277,223,20.34,21.64,993.67,5.75,113.84,321.79,55.21000000000004,266.58,9.285501
2019/04/18 09:00,21.200001,988.299988,3.4,34,199,177,20.17,21.71,993.76,5.83,114.42,277.93,62.670000000000016,215.26,6.637313000000001
2019/04/18 09:15,20.799999,988.599976,3.1,25,178,174,19.99,21.83,993.85,5.82,113.84,231.93,47.22,184.71,6.024157
2019/04/18 09:30,20.9,988.599976,4.0,6,140,146,19.8,22.13,993.88,5.71,112.97,200.02,44.26000000000002,155.76,4.679062999999999
2019/04/18 09:45,20.4,988.5,3.5,12,100,113,19.56,22.86,993.91,5.55,112.94,155.15,35.41000000000001,119.74,3.288031
2019/04/18 10:00,20.0,988.599976,4.4,6,77,93,19.31,24.1,993.88,5.35,114.82,124.64,31.41,93.23,2.560414
2019/04/18 10:15,19.700001,988.700012,2.4,48,52,60,18.87,26.28,993.92,5.19,118.75,77.87,24.290000000000006,53.58,1.621484
2019/04/18 10:30,19.200001,989.099976,3.2,33,28,34,18.26,29.01,994.0,5.24,124.74,53.12,17.46,35.66,0.8320700000000001
2019/04/18 10:45,18.9,989.400024,3.2,21,12,14,17.45,30.91,994.23,5.45,130.6,15.47,7.77,7.7,0.3261219999999999
2019/04/18 11:00,18.299999,989.599976,2.5,16,0,1,16.72,31.65,994.54,5.57,133.94,0.0,0.0,0.0,0.001991
2019/04/18 11:15,17.9,990.0,3.2,9,0,0,16.11,32.01,994.82,5.63,134.69,0.0,0.0,0.0,0.0
2019/04/18 11:30,17.299999,990.299988,2.7,25,0,0,15.62,32.0,995.12,5.73,134.95,0.0,0.0,0.0,0.0
2019/04/18 11:45,17.1,990.799988,3.0,36,0,0,15.21,31.75,995.37,5.8,135.02,0.0,0.0,0.0,0.0
2019/04/18 12:00,16.700001,991.0,3.5,4,0,0,14.83,31.59,995.58,5.76,134.67,0.0,0.0,0.0,0.0
2019/04/18 12:15,16.299999,991.400024,3.0,30,0,0,14.46,31.58,995.81,5.65,134.05,0.0,0.0,0.0,0.0
2019/04/18 12:30,16.0,991.700012,3.2,40,0,0,14.09,31.7,996.06,5.5,133.79,0.0,0.0,0.0,0.0
2019/04/18 12:45,15.6,991.900024,3.3,17,0,0,13.72,31.86,996.31,5.27,134.06,0.0,0.0,0.0,0.0
2019/04/18 13:00,15.2,992.400024,3.3,9,0,0,13.34,32.11,996.58,4.94,134.93,0.0,0.0,0.0,0.0
2019/04/18 13:15,14.9,992.599976,2.7,356,0,0,12.94,32.59,996.81,4.51,136.33,0.0,0.0,0.0,0.0
2019/04/18 13:30,14.7,992.799988,1.2,0,0,0,12.53,33.32,997.01,4.08,137.73,0.0,0.0,0.0,0.0
2019/04/18 13:45,14.4,993.0,2.3,359,0,0,12.11,34.19,997.13,3.7,139.24,0.0,0.0,0.0,0.0
2019/04/18 14:00,14.1,993.200012,2.5,13,0,0,11.73,35.05,997.31,3.35,140.75,0.0,0.0,0.0,0.0
2019/04/18 14:15,14.0,993.5,1.2,352,0,0,11.39,35.82,997.64,3.04,141.91,0.0,0.0,0.0,0.0
2019/04/18 14:30,13.7,993.599976,1.0,37,0,0,11.09,36.48,998.04,2.75,142.42,0.0,0.0,0.0,0.0
2019/04/18 14:45,13.7,993.5,0.3,39,0,0,10.86,36.98,998.45,2.41,143.71,0.0,0.0,0.0,0.0
2019/04/18 15:00,13.5,993.599976,2.1,26,0,0,10.7,37.29,998.75,1.89,147.55,0.0,0.0,0.0,0.0
2019/04/18 15:15,13.3,993.900024,1.8,5,0,0,10.59,37.37,999.03,1.22,153.39,0.0,0.0,0.0,0.0
2019/04/18 15:30,13.1,993.799988,1.3,16,0,0,10.5,37.46,999.34,0.6,156.78,0.0,0.0,0.0,0.0
2019/04/18 15:45,12.9,994.099976,2.7,349,0,0,10.33,37.95,999.67,0.42,30.86,0.0,0.0,0.0,0.0
2019/04/18 16:00,12.8,994.400024,0.0,201,0,0,10.48,46.45,996.13,2.18,70.04,0.0,0.0,0.0,0.0
2019/04/18 16:15,12.8,994.299988,0.0,118,0,0,10.27,46.73,996.6,1.93,54.98,0.0,0.0,0.0,0.0
2019/04/18 16:30,12.9,994.400024,1.1,342,0,0,10.07,47.04,996.85,1.77,40.77,0.0,0.0,0.0,0.0
2019/04/18 16:45,12.9,994.400024,1.6,334,0,0,9.81,47.64,996.69,1.66,29.65,0.0,0.0,0.0,0.0
2019/04/18 17:00,13.0,994.400024,1.5,358,0,0,9.61,48.01,996.48,1.61,18.41,0.0,0.0,0.0,0.0
2019/04/18 17:15,13.0,994.299988,0.8,345,0,0,9.37,48.51,996.49,1.71,9.97,0.0,0.0,0.0,0.0
2019/04/18 17:30,13.0,994.200012,1.4,301,0,0,9.13,49.03,996.64,1.88,7.14,0.0,0.0,0.0,0.0
2019/04/18 17:45,13.0,994.200012,0.4,337,0,0,8.91,49.46,997.09,2.02,0.52,0.0,0.0,0.0,0.0
2019/04/18 18:00,13.0,994.299988,1.4,323,0,0,8.69,49.79,997.3,2.14,353.4,0.0,0.0,0.0,0.0
2019/04/18 18:15,12.9,994.299988,1.2,356,0,0,8.47,49.96,997.41,2.21,351.67,0.0,0.0,0.0,0.0
2019/04/18 18:30,12.8,994.400024,1.8,347,0,0,8.28,50.04,997.53,2.25,347.63,0.0,0.0,0.0,0.0
2019/04/18 18:45,12.7,994.200012,1.3,2,0,0,8.11,50.05,997.55,2.22,341.95,0.0,0.0,0.0,0.0
2019/04/18 19:00,12.6,994.299988,0.8,346,0,0,7.99,49.9,997.69,2.09,334.3,0.0,0.0,0.0,0.0
2019/04/19 08:00,12.6,992.400024,1.4,1,99,111,18.15,20.7,994.23,5.06,104.7,204.66,22.379999999999995,182.28,3.44925
2019/04/19 08:15,12.6,992.299988,2.7,7,67,74,18.12,20.98,994.12,5.15,105.99,184.34,19.950000000000017,164.39,2.2666880000000003
2019/04/19 08:30,12.6,992.0,2.2,336,40,44,18.09,21.17,993.97,5.19,107.28,170.01,20.97999999999999,149.03,1.373258
2019/04/19 08:45,12.6,992.0,2.0,353,29,34,18.03,21.37,993.86,5.19,108.81,148.56,17.150000000000006,131.41,0.986016
2019/04/19 09:00,12.5,991.599976,2.1,6,26,31,17.98,21.56,993.85,5.14,110.3,133.54,17.909999999999997,115.63,0.867617
2019/04/19 09:15,12.5,991.5,0.7,20,30,36,17.87,21.87,993.81,5.03,112.45,110.2,19.22,90.98,1.01768
2019/04/19 09:30,12.4,991.299988,0.9,47,38,45,17.77,22.23,993.73,4.9,115.39,96.03,14.799999999999995,81.23,1.247367
2019/04/19 09:45,12.4,991.099976,1.4,20,27,33,17.6,22.75,993.58,4.75,118.85,69.82,21.639999999999997,48.18,0.806736
2019/04/19 10:00,12.3,990.799988,1.0,354,21,25,17.43,23.49,993.39,4.55,122.15,55.5,16.119999999999997,39.38,0.6466390000000001
2019/04/19 10:15,12.3,990.700012,1.5,2,13,16,17.15,24.77,993.2,4.26,124.89,33.68,14.88,18.8,0.337422
2019/04/19 10:30,12.2,990.799988,1.1,2,5,7,16.86,26.46,993.08,3.89,126.53,21.75,9.57,12.18,0.104301
2019/04/19 10:45,12.2,990.700012,1.6,343,5,6,16.38,28.52,993.03,3.46,127.83,6.42,3.76,2.66,0.0665549999999999
2019/04/19 11:00,12.1,990.799988,0.9,333,0,0,16.04,29.96,993.02,3.12,129.36,0.15,0.15,0.0,0.0
2019/04/19 11:15,12.1,990.599976,1.3,350,0,0,15.75,30.77,992.99,3.14,132.23,0.0,0.0,0.0,0.0
2019/04/19 11:30,12.0,990.700012,0.7,6,0,0,15.67,29.77,993.03,3.62,137.95,0.0,0.0,0.0,0.0
2019/04/19 11:45,11.9,990.799988,1.0,339,0,0,15.45,27.72,993.1,4.23,144.52,0.0,0.0,0.0,0.0
2019/04/19 12:00,11.8,991.0,1.3,306,0,0,15.34,25.17,993.21,4.62,149.96,0.0,0.0,0.0,0.0
2019/04/19 12:15,11.8,990.799988,0.2,326,0,0,15.27,23.47,993.33,4.66,152.97,0.0,0.0,0.0,0.0
2019/04/19 12:30,11.8,990.799988,0.0,327,0,0,15.17,22.8,993.49,4.5,155.68,0.0,0.0,0.0,0.0
2019/04/19 12:45,11.8,990.799988,0.0,307,0,0,15.11,22.52,993.67,4.28,158.86,0.0,0.0,0.0,0.0
2019/04/19 13:00,11.8,990.900024,0.0,295,0,0,15.07,22.37,993.81,4.08,161.91,0.0,0.0,0.0,0.0
2019/04/19 13:15,11.8,990.700012,0.0,317,0,0,15.04,22.18,993.89,3.88,164.92,0.0,0.0,0.0,0.0
2019/04/19 13:30,11.9,990.599976,0.0,322,0,0,15.0,21.98,993.89,3.56,167.16,0.0,0.0,0.0,0.0
2019/04/19 13:45,11.9,990.700012,0.0,304,0,0,14.96,22.07,993.86,3.04,169.5,0.0,0.0,0.0,0.0
2019/04/19 14:00,11.9,990.599976,0.3,321,0,0,14.91,22.63,993.77,2.43,172.26,0.0,0.0,0.0,0.0
2019/04/19 14:15,11.9,990.599976,0.7,335,0,0,14.88,23.01,993.77,1.92,174.98,0.0,0.0,0.0,0.0
2019/04/19 14:30,11.9,990.5,0.0,303,0,0,14.85,23.48,993.86,1.46,179.44,0.0,0.0,0.0,0.0
2019/04/19 14:45,11.8,990.099976,1.4,335,0,0,14.83,24.03,993.89,1.01,186.86,0.0,0.0,0.0,0.0
2019/04/19 15:00,11.8,990.200012,0.5,333,0,0,14.81,24.47,993.88,0.63,200.1,0.0,0.0,0.0,0.0
2019/04/19 15:15,11.8,990.200012,0.7,315,0,0,14.79,24.79,993.84,0.43,252.16,0.0,0.0,0.0,0.0
2019/04/19 15:30,11.8,990.299988,0.9,348,0,0,14.75,24.9,993.81,0.49,301.0,0.0,0.0,0.0,0.0
2019/04/19 15:45,11.8,990.400024,0.8,50,0,0,14.72,25.1,993.85,0.69,322.86,0.0,0.0,0.0,0.0
2019/04/19 16:00,11.8,990.200012,0.5,40,0,0,11.03,25.08,992.34,1.31,304.78,0.0,0.0,0.0,0.0
2019/04/19 16:15,11.7,990.400024,0.4,43,0,0,10.92,24.99,992.09,1.43,296.42,0.0,0.0,0.0,0.0
2019/04/19 16:30,11.7,990.299988,1.0,55,0,0,10.81,24.9,992.15,1.58,296.91,0.0,0.0,0.0,0.0
2019/04/19 16:45,11.7,990.200012,0.0,25,0,0,10.64,24.93,992.04,1.76,302.57,0.0,0.0,0.0,0.0
2019/04/19 17:00,11.7,990.0,0.0,65,0,0,10.53,24.8,991.8,1.75,295.76,0.0,0.0,0.0,0.0
2019/04/19 17:15,11.6,989.900024,0.0,45,0,0,10.53,24.54,991.29,1.57,281.29,0.0,0.0,0.0,0.0
2019/04/19 17:30,11.5,989.599976,0.8,35,0,0,10.48,24.39,990.85,1.46,263.62,0.0,0.0,0.0,0.0
2019/04/19 17:45,11.5,989.200012,0.2,35,0,0,10.5,24.27,990.94,1.48,258.77,0.0,0.0,0.0,0.0
2019/04/19 18:00,11.4,989.099976,0.8,82,0,0,10.47,24.16,990.88,1.5,261.81,0.0,0.0,0.0,0.0
2019/04/19 18:15,11.4,988.900024,0.2,50,0,0,10.41,24.12,990.89,1.52,270.08,0.0,0.0,0.0,0.0
2019/04/19 18:30,11.3,988.700012,0.0,65,0,0,10.32,24.16,990.75,1.54,281.02,0.0,0.0,0.0,0.0
2019/04/19 18:45,11.2,988.700012,0.0,118,0,0,10.22,24.24,990.57,1.58,285.39,0.0,0.0,0.0,0.0
2019/04/19 19:00,11.0,988.5,0.0,52,0,0,10.13,24.33,990.56,1.65,289.83,0.0,0.0,0.0,0.0
2019/04/20 08:00,17.9,985.099976,1.7,13,66,76,15.28,54.43,989.48,2.96,142.85,49.72,24.28,25.44,2.429875
2019/04/20 08:15,17.4,984.700012,2.9,48,67,76,15.5,56.57,989.54,3.2,145.29,72.64,20.22,52.42,2.439555
2019/04/20 08:30,17.200001,984.900024,2.3,31,66,74,15.7,58.94,989.58,3.32,139.97,91.64,17.040000000000006,74.6,2.381149
2019/04/20 08:45,17.0,985.0,1.8,23,66,77,15.6,62.0,989.68,3.38,129.48,76.75,30.33,46.42,2.527766
2019/04/20 09:00,16.700001,985.200012,1.8,20,60,71,15.48,64.73,989.73,3.49,124.43,73.13,23.889999999999997,49.24,2.275602
2019/04/20 09:15,16.799999,985.099976,1.5,28,65,79,15.12,68.26,989.72,3.57,124.37,40.75,22.94,17.81,2.392469
2019/04/20 09:30,16.5,985.099976,1.4,33,50,59,14.85,70.69,989.71,3.48,124.58,39.44,29.82,9.62,1.777945
2019/04/20 09:45,16.200001,985.5,3.3,359,37,44,14.74,71.93,989.75,3.22,119.02,51.41,27.17,24.24,1.284117
2019/04/20 10:00,15.6,985.599976,1.5,31,28,33,14.54,73.17,989.83,2.98,108.41,41.74,22.92,18.82,0.973711
2019/04/20 10:15,15.3,985.799988,2.3,29,18,21,14.29,74.34,989.96,2.81,98.84,36.15,13.239999999999998,22.91,0.5652229999999999
2019/04/20 10:30,15.1,985.900024,2.2,358,12,15,13.93,76.13,990.12,2.64,88.13,22.16,10.13,12.03,0.366502
2019/04/20 10:45,14.7,986.200012,2.7,44,8,9,13.31,79.03,990.38,2.53,77.38,7.65,4.16,3.49,0.171972
2019/04/20 11:00,14.5,986.299988,0.9,23,1,0,12.73,81.54,990.61,2.5,72.52,0.45,0.43,0.02,0.0
2019/04/20 11:15,14.3,986.299988,1.3,27,0,0,12.36,83.14,990.82,2.39,73.94,0.0,0.0,0.0,0.0
2019/04/20 11:30,14.2,986.599976,0.0,23,0,0,12.04,84.54,991.04,2.2,78.03,0.0,0.0,0.0,0.0
2019/04/20 11:45,14.1,986.799988,0.0,345,0,0,11.81,85.51,991.27,2.03,81.07,0.0,0.0,0.0,0.0
2019/04/20 12:00,14.0,987.099976,0.0,345,0,0,11.63,86.27,991.54,1.85,81.18,0.0,0.0,0.0,0.0
2019/04/20 12:15,13.9,987.400024,0.2,335,0,0,11.48,86.88,991.82,1.62,80.07,0.0,0.0,0.0,0.0
2019/04/20 12:30,13.8,987.599976,0.2,325,0,0,11.41,87.12,992.09,1.39,77.92,0.0,0.0,0.0,0.0
2019/04/20 12:45,13.7,987.900024,0.0,306,0,0,11.4,87.07,992.39,1.23,72.66,0.0,0.0,0.0,0.0
2019/04/20 13:00,13.6,988.099976,0.0,352,0,0,11.35,87.13,992.64,1.16,66.11,0.0,0.0,0.0,0.0
2019/04/20 13:15,13.6,988.200012,0.0,8,0,0,11.33,87.01,992.85,1.13,57.74,0.0,0.0,0.0,0.0
2019/04/20 13:30,13.4,988.5,0.0,14,0,0,11.29,86.93,993.01,1.1,46.66,0.0,0.0,0.0,0.0
2019/04/20 13:45,13.4,988.400024,0.0,46,0,0,11.29,86.48,993.07,1.09,31.62,0.0,0.0,0.0,0.0
2019/04/20 14:00,13.3,988.5,0.0,48,0,0,11.24,86.23,993.15,1.17,17.66,0.0,0.0,0.0,0.0
2019/04/20 14:15,13.2,988.5,0.5,49,0,0,11.28,85.26,993.35,1.34,8.59,0.0,0.0,0.0,0.0
2019/04/20 14:30,13.0,988.299988,0.6,50,0,0,11.0,85.91,993.54,1.47,3.47,0.0,0.0,0.0,0.0
2019/04/20 14:45,12.9,988.5,0.0,64,0,0,10.97,85.11,993.65,1.51,358.24,0.0,0.0,0.0,0.0
2019/04/20 15:00,12.8,988.400024,0.0,52,0,0,10.99,83.77,993.76,1.43,351.31,0.0,0.0,0.0,0.0
2019/04/20 15:15,12.7,988.599976,0.0,40,0,0,10.88,83.04,993.9,1.25,343.53,0.0,0.0,0.0,0.0
2019/04/20 15:30,12.5,988.599976,0.0,107,0,0,10.97,81.42,994.07,1.03,337.52,0.0,0.0,0.0,0.0
2019/04/20 15:45,12.4,988.599976,0.0,284,0,0,10.94,80.49,994.24,0.74,335.15,0.0,0.0,0.0,0.0
2019/04/20 16:00,12.5,988.5,0.0,342,0,0,10.58,71.39,990.56,2.16,102.16,0.0,0.0,0.0,0.0
2019/04/20 16:15,12.4,988.5,1.0,40,0,0,10.37,71.73,990.85,2.05,101.57,0.0,0.0,0.0,0.0
2019/04/20 16:30,12.1,988.599976,0.7,55,0,0,10.17,72.22,990.58,1.84,99.5,0.0,0.0,0.0,0.0
2019/04/20 16:45,12.1,988.700012,0.0,37,0,0,10.05,72.63,990.51,1.57,99.25,0.0,0.0,0.0,0.0
2019/04/20 17:00,12.4,988.700012,0.0,39,0,0,9.96,73.0,990.4,1.24,99.99,0.0,0.0,0.0,0.0
2019/04/20 17:15,12.2,988.599976,0.9,19,0,0,9.89,73.36,990.34,0.91,83.23,0.0,0.0,0.0,0.0
2019/04/20 17:30,12.4,988.599976,1.4,17,0,0,9.79,73.74,990.52,0.8,45.75,0.0,0.0,0.0,0.0
2019/04/20 17:45,12.0,988.700012,1.3,12,0,0,9.66,74.11,990.87,0.99,13.41,0.0,0.0,0.0,0.0
2019/04/20 18:00,12.1,988.799988,1.4,16,0,0,9.48,74.4,991.22,1.33,3.87,0.0,0.0,0.0,0.0
2019/04/20 18:15,11.8,988.799988,2.0,0,0,0,9.21,74.89,991.62,1.63,1.41,0.0,0.0,0.0,0.0
2019/04/20 18:30,11.6,989.0,1.7,349,0,0,8.94,75.17,991.72,1.82,3.88,0.0,0.0,0.0,0.0
2019/04/20 18:45,11.6,989.299988,1.2,336,0,0,8.67,75.26,991.54,1.87,6.57,0.0,0.0,0.0,0.0
2019/04/20 19:00,11.6,989.400024,1.0,353,0,0,8.47,75.08,991.53,1.82,10.04,0.0,0.0,0.0,0.0
2019/04/21 08:00,20.700001,987.599976,2.4,41,220,220,22.69,39.0,990.05,4.86,119.48,525.97,46.85000000000002,479.12,7.302969
2019/04/21 08:15,20.5,987.5,3.5,18,242,246,22.73,39.29,990.02,4.93,121.19,474.28,45.099999999999966,429.18,8.138375
2019/04/21 08:30,20.6,987.5,3.1,33,257,258,22.75,39.64,989.91,4.99,122.93,438.6,43.84000000000003,394.76,8.606281
2019/04/21 08:45,20.4,987.400024,1.9,46,214,224,22.71,40.17,989.86,5.03,124.82,383.55,41.72000000000003,341.83,7.483875
2019/04/21 09:00,20.5,987.599976,2.0,67,135,146,22.67,40.79,989.86,5.06,126.66,346.04,40.13,305.91,4.589485
2019/04/21 09:15,20.200001,987.599976,3.0,44,175,187,22.56,41.65,989.87,5.07,128.72,289.05,37.47,251.58,6.047672
2019/04/21 09:30,20.200001,987.599976,1.9,22,179,185,22.45,42.54,989.83,5.04,130.94,250.86,35.440000000000026,215.42,5.770516000000001
2019/04/21 09:45,20.0,987.599976,2.8,19,54,62,22.25,43.59,989.75,4.93,132.82,193.86,31.89000000000001,161.97,1.646969
2019/04/21 10:00,19.700001,987.599976,1.4,12,54,62,22.02,44.74,989.66,4.68,134.13,156.46,29.090000000000003,127.37,1.790086
2019/04/21 10:15,19.6,987.5,1.6,32,51,64,21.59,46.48,989.61,4.24,134.96,102.2,23.88000000000001,78.32,1.685879
2019/04/21 10:30,19.299999,987.5,1.8,32,41,49,21.0,48.91,989.58,3.68,135.49,68.14,19.43,48.71,1.327375
2019/04/21 10:45,19.0,987.900024,0.8,36,13,16,20.1,52.14,989.66,3.22,136.84,23.21,10.22,12.99,0.400066
2019/04/21 11:00,18.700001,987.799988,1.1,349,2,3,19.48,53.94,989.82,2.94,139.8,2.26,1.86,0.4,0.077296
2019/04/21 11:15,18.4,988.0,0.9,17,0,0,19.04,55.31,989.96,2.72,144.49,0.0,0.0,0.0,0.0
2019/04/21 11:30,18.0,988.099976,0.5,6,0,0,18.7,56.36,990.15,2.48,150.64,0.0,0.0,0.0,0.0
2019/04/21 11:45,17.5,988.299988,0.9,25,0,0,18.42,57.16,990.34,2.24,157.64,0.0,0.0,0.0,0.0
2019/04/21 12:00,17.1,988.5,0.7,16,0,0,18.21,57.72,990.51,1.98,166.25,0.0,0.0,0.0,0.0
2019/04/21 12:15,17.0,988.599976,1.0,34,0,0,17.99,58.35,990.67,1.76,177.77,0.0,0.0,0.0,0.0
2019/04/21 12:30,17.0,989.0,1.1,10,0,0,17.8,58.89,990.83,1.6,193.24,0.0,0.0,0.0,0.0007099999999999
2019/04/21 12:45,17.1,989.200012,1.1,8,0,0,17.61,59.42,990.98,1.55,211.34,0.0,0.0,0.0,0.003838
2019/04/21 13:00,17.0,989.099976,1.1,17,0,0,17.4,60.02,991.13,1.6,228.44,0.0,0.0,0.0,0.037517
2019/04/21 13:15,17.0,989.299988,1.0,20,0,0,17.14,60.77,991.26,1.74,241.6,0.0,0.0,0.0,0.0
2019/04/21 13:30,16.799999,989.400024,0.0,20,0,0,16.91,61.43,991.33,1.93,249.92,0.0,0.0,0.0,0.0
2019/04/21 13:45,16.1,989.299988,0.0,81,0,0,16.69,62.06,991.29,2.13,253.52,0.0,0.0,0.0,0.0
2019/04/21 14:00,16.0,989.099976,0.0,126,0,0,16.49,62.64,991.3,2.3,255.4,0.0,0.0,0.0,0.0
2019/04/21 14:15,15.5,989.200012,0.0,221,0,0,16.31,63.15,991.37,2.44,256.79,0.0,0.0,0.0,0.0
2019/04/21 14:30,15.4,989.200012,0.0,248,0,0,16.14,63.65,991.46,2.57,257.52,0.0,0.0,0.0,0.0
2019/04/21 14:45,15.5,989.099976,0.0,261,0,0,15.96,64.21,991.49,2.67,257.55,0.0,0.0,0.0,0.0
2019/04/21 15:00,15.2,989.099976,0.0,284,0,0,15.78,64.79,991.52,2.77,257.63,0.0,0.0,0.0,0.0
2019/04/21 15:15,15.2,988.900024,0.0,283,0,0,15.6,65.39,991.6,2.88,258.08,0.0,0.0,0.0,0.0
2019/04/21 15:30,15.4,988.799988,0.0,264,0,0,15.42,66.01,991.7,2.99,258.9,0.0,0.0,0.0,0.0
2019/04/21 15:45,15.4,988.799988,0.0,300,0,0,15.25,66.64,991.8,3.09,259.79,0.0,0.0,0.0,0.0
2019/04/21 16:00,15.4,988.599976,0.0,306,0,0,13.79,74.46,990.53,1.78,293.24,0.0,0.0,0.0,0.0
2019/04/21 16:15,15.4,988.599976,0.0,321,0,0,13.64,75.1,990.59,1.81,286.99,0.0,0.0,0.0,0.0
2019/04/21 16:30,15.8,988.400024,0.0,330,0,0,13.5,75.73,990.61,1.85,288.06,0.0,0.0,0.0,0.0
2019/04/21 16:45,15.9,988.400024,0.0,300,0,0,13.37,76.23,990.57,1.9,287.0,0.0,0.0,0.0,0.0
2019/04/21 17:00,16.0,988.200012,0.5,22,0,0,13.22,76.86,990.42,1.99,281.89,0.0,0.0,0.0,0.0
2019/04/21 17:15,15.9,988.0,0.6,26,0,0,13.09,77.35,990.1,2.11,275.16,0.0,0.0,0.0,0.0
2019/04/21 17:30,15.3,988.0,0.0,19,0,0,12.98,77.69,989.96,2.21,268.02,0.0,0.0,0.0,0.0
2019/04/21 17:45,14.0,988.0,0.0,191,0,0,12.92,77.81,990.15,2.28,265.35,0.0,0.0,0.0,0.0
2019/04/21 18:00,13.4,988.099976,0.0,162,0,0,12.84,78.01,990.22,2.37,265.09,0.0,0.0,0.0,0.0
2019/04/21 18:15,12.9,988.0,0.0,162,0,0,12.74,78.3,990.15,2.47,262.63,0.0,0.0,0.0,0.0
2019/04/21 18:30,13.1,988.0,0.5,134,0,0,12.63,78.6,989.92,2.57,259.75,0.0,0.0,0.0,0.0
2019/04/21 18:45,13.0,988.0,0.1,141,0,0,12.53,78.8,989.67,2.64,257.35,0.0,0.0,0.0,0.0
2019/04/21 19:00,12.8,987.799988,0.2,153,0,0,12.45,78.85,989.5,2.69,254.78,0.0,0.0,0.0,0.0
2019/04/22 08:00,23.5,983.599976,3.2,29,169,193,27.36,39.92,984.51,9.73,150.01,385.96,140.09999999999997,245.86,5.829905999999999
2019/04/22 08:15,23.200001,983.700012,2.2,71,148,171,27.23,40.15,984.42,9.86,151.43,361.68,108.44,253.24,5.115031
2019/04/22 08:30,23.4,983.599976,2.9,86,145,165,27.09,40.43,984.27,9.9,152.78,352.61,91.28000000000004,261.33,4.991547
2019/04/22 08:45,23.200001,983.5,3.2,47,134,153,26.85,41.13,984.22,9.87,153.91,302.17,85.38000000000002,216.79,4.477812999999999
2019/04/22 09:00,22.9,983.400024,3.5,43,117,137,26.64,42.09,984.19,9.8,154.61,293.26,63.69,229.57,4.005641000000001
2019/04/22 09:15,22.700001,983.599976,1.7,37,86,101,26.34,43.37,984.15,9.68,155.55,254.75,42.610000000000014,212.14,2.890125
2019/04/22 09:30,22.6,983.400024,3.8,34,77,89,26.03,44.52,984.08,9.52,156.71,228.45,43.579999999999984,184.87,2.591641
2019/04/22 09:45,22.6,983.5,2.1,21,62,76,25.63,46.04,983.97,9.29,157.82,180.94,34.889999999999986,146.05,2.148672
2019/04/22 10:00,22.4,983.400024,2.7,39,65,79,25.18,48.04,983.91,8.92,158.65,144.41,31.989999999999995,112.42,2.269531
2019/04/22 10:15,22.299999,983.599976,2.9,39,45,55,24.64,50.16,983.87,8.43,158.47,101.06,23.83,77.23,1.468633
2019/04/22 10:30,22.0,983.400024,3.0,9,29,34,24.05,52.06,983.86,7.93,158.28,66.51,20.000000000000007,46.51,0.948145
2019/04/22 10:45,21.799999,983.599976,2.4,27,14,15,23.41,53.64,983.98,7.47,158.87,23.75,10.73,13.02,0.374165
2019/04/22 11:00,21.6,983.599976,2.1,21,2,3,22.8,55.26,984.1,7.03,159.31,3.25,2.51,0.74,0.0250759999999999
2019/04/22 11:15,21.4,983.700012,2.6,4,0,0,22.24,57.16,984.22,6.63,159.21,0.0,0.0,0.0,0.0
2019/04/22 11:30,21.1,983.799988,1.3,5,0,0,21.76,59.26,984.33,6.32,158.62,0.0,0.0,0.0,0.0
2019/04/22 11:45,20.6,984.0,0.7,347,0,0,21.32,61.49,984.46,6.13,158.19,0.0,0.0,0.0,0.0
2019/04/22 12:00,20.200001,984.099976,1.4,308,0,0,20.97,63.53,984.67,6.02,158.63,0.0,0.0,0.0,0.0
2019/04/22 12:15,19.799999,984.400024,2.0,358,0,0,20.68,65.26,984.87,5.93,159.07,0.0,0.0,0.0,0.0
2019/04/22 12:30,19.9,984.599976,1.2,344,0,0,20.41,66.78,985.06,5.8,159.01,0.0,0.0,0.0,0.0
2019/04/22 12:45,19.6,984.599976,0.8,32,0,0,20.14,68.16,985.25,5.58,159.21,0.0,0.0,0.0,0.0
2019/04/22 13:00,19.299999,984.799988,1.2,356,0,0,19.87,69.43,985.38,5.21,159.65,0.0,0.0,0.0,0.0
2019/04/22 13:15,19.0,984.900024,1.1,358,0,0,19.59,70.58,985.49,4.63,160.44,0.0,0.0,0.0,0.0
2019/04/22 13:30,18.5,984.900024,1.1,343,0,0,19.26,72.04,985.57,3.87,162.76,0.0,0.0,0.0,0.0
2019/04/22 13:45,18.1,984.900024,1.9,340,0,0,18.88,73.7,985.55,3.04,167.83,0.0,0.0,0.0,0.0
2019/04/22 14:00,17.9,985.099976,1.3,346,0,0,18.58,75.02,985.52,2.21,177.19,0.0,0.0,0.0,0.0
2019/04/22 14:15,17.799999,985.099976,2.0,354,0,0,18.29,76.33,985.58,1.5,193.85,0.0,0.0,0.0,0.0
2019/04/22 14:30,17.5,985.099976,0.7,18,0,0,17.95,77.88,985.73,1.11,226.57,0.0,0.0,0.0,0.0
2019/04/22 14:45,17.299999,984.900024,1.1,10,0,0,17.63,79.34,985.82,1.12,262.89,0.0,0.0,0.0,0.0
2019/04/22 15:00,17.0,984.900024,0.7,40,0,0,17.33,80.75,985.92,1.41,283.06,0.0,0.0,0.0,0.0
2019/04/22 15:15,16.5,984.799988,0.0,353,0,0,17.04,82.24,986.08,1.8,292.38,0.0,0.0,0.0,0.0
2019/04/22 15:30,16.299999,985.0,0.0,273,0,0,16.71,83.98,986.27,2.16,299.31,0.0,0.0,0.0,0.0
2019/04/22 15:45,16.299999,985.0,0.0,250,0,0,16.39,85.78,986.46,2.47,304.05,0.0,0.0,0.0,0.0
2019/04/22 16:00,16.299999,985.099976,0.2,322,0,0,15.48,90.66,986.76,1.74,330.07,0.0,0.0,0.0,0.0
2019/04/22 16:15,16.200001,984.900024,0.0,321,0,0,15.28,91.39,986.52,1.85,326.18,0.0,0.0,0.0,0.0
2019/04/22 16:30,16.299999,984.799988,0.0,335,0,0,15.12,91.93,986.77,2.0,322.4,0.0,0.0,0.0,0.0
2019/04/22 16:45,16.200001,984.799988,0.0,311,0,0,14.96,92.36,986.73,2.1,319.53,0.0,0.0,0.0,0.0
2019/04/22 17:00,15.9,984.700012,0.7,318,0,0,14.82,92.65,986.52,2.14,314.52,0.0,0.0,0.0,0.0
2019/04/22 17:15,15.6,984.599976,0.5,312,0,0,14.69,92.8,986.19,2.13,311.39,0.0,0.0,0.0,0.0
2019/04/22 17:30,15.5,984.5,0.2,339,0,0,14.63,92.66,986.33,2.08,309.76,0.0,0.0,0.0,0.0
2019/04/22 17:45,15.6,984.299988,0.8,338,0,0,14.59,92.41,986.63,1.98,308.87,0.0,0.0,0.0,0.0
2019/04/22 18:00,15.6,984.200012,1.8,334,0,0,14.56,92.18,986.86,1.9,306.05,0.0,0.0,0.0,0.0
2019/04/22 18:15,15.2,984.099976,1.5,11,0,0,14.51,91.98,986.92,1.82,305.53,0.0,0.0,0.0,0.0
2019/04/22 18:30,14.7,984.099976,0.9,32,0,0,14.48,91.74,986.86,1.73,303.55,0.0,0.0,0.0,0.0
2019/04/22 18:45,14.7,984.099976,0.0,325,0,0,14.45,91.47,986.82,1.65,298.72,0.0,0.0,0.0,0.0
2019/04/22 19:00,14.5,984.099976,0.0,23,0,0,14.41,91.22,986.68,1.62,299.18,0.0,0.0,0.0,0.0
2019/04/23 08:00,24.799999,980.700012,2.5,26,384,329,28.43,40.27,982.74,5.52,129.81,523.99,46.610000000000014,477.38,11.8755
2019/04/23 08:15,24.9,980.599976,3.7,15,334,297,28.36,40.15,982.67,5.51,129.22,473.21,44.90999999999997,428.3,10.48141
2019/04/23 08:30,24.9,980.599976,3.4,356,286,264,28.28,40.13,982.6,5.52,129.28,438.06,43.670000000000016,394.39,9.236501
2019/04/23 08:45,24.5,980.700012,1.5,17,231,224,28.16,40.29,982.58,5.55,130.55,383.68,41.59000000000003,342.09,7.430282000000001
2019/04/23 09:00,24.6,980.900024,2.3,20,180,186,28.04,40.45,982.62,5.61,132.24,346.65,40.04999999999996,306.6,5.820391000000001
2019/04/23 09:15,24.0,981.0,3.6,22,135,151,27.86,40.73,982.63,5.65,133.63,290.4,37.43999999999997,252.96,4.413281
2019/04/23 09:30,23.799999,981.0,1.7,14,124,139,27.68,40.99,982.62,5.65,135.4,252.74,35.46000000000001,217.28,3.881609
2019/04/23 09:45,23.299999,980.900024,3.4,18,98,113,27.39,41.55,982.57,5.56,136.65,196.57,32.03,164.54,3.172641
2019/04/23 10:00,23.1,980.799988,2.6,40,68,81,27.07,42.51,982.5,5.3,137.73,159.64,29.299999999999983,130.34,2.144953
2019/04/23 10:15,22.799999,980.900024,2.8,39,49,60,26.55,44.38,982.45,4.82,138.01,105.9,24.30000000000001,81.6,1.473008
2019/04/23 10:30,22.5,981.0,2.4,7,31,40,25.91,46.9,982.48,4.2,137.45,71.99,20.029999999999998,51.96,0.8903129999999999
2019/04/23 10:45,22.1,981.200012,2.7,22,15,19,24.97,50.24,982.67,3.63,135.94,26.79,11.28,15.51,0.48449
2019/04/23 11:00,21.799999,981.700012,1.7,19,3,4,24.19,52.79,982.89,3.3,134.21,4.51,3.2,1.31,0.074739
2019/04/23 11:15,21.5,981.599976,1.3,2,0,0,23.61,54.72,983.06,3.15,134.64,0.0,0.0,0.0,0.0
2019/04/23 11:30,21.200001,981.900024,1.9,21,0,0,23.14,56.48,983.28,3.06,137.36,0.0,0.0,0.0,0.0
2019/04/23 11:45,20.799999,982.099976,1.4,16,0,0,22.72,58.06,983.5,3.02,141.05,0.0,0.0,0.0,0.007815
2019/04/23 12:00,20.5,982.099976,1.5,355,0,0,22.34,59.51,983.69,3.02,145.06,0.0,0.0,0.0,0.003481
2019/04/23 12:15,20.4,982.400024,1.6,354,0,0,22.01,60.78,983.86,3.07,148.82,0.0,0.0,0.0,0.000391
2019/04/23 12:30,20.6,982.700012,1.4,34,0,0,21.7,61.94,984.02,3.12,153.74,0.0,0.0,0.0,0.0
2019/04/23 12:45,20.5,982.700012,1.6,356,0,0,21.4,63.02,984.16,3.12,161.31,0.0,0.0,0.0,0.00943
2019/04/23 13:00,20.6,982.900024,2.1,5,0,0,21.12,64.02,984.28,3.0,169.78,0.0,0.0,0.0,0.0
2019/04/23 13:15,20.6,983.200012,1.4,21,0,0,20.87,64.87,984.39,2.8,179.03,0.0,0.0,0.0,0.0
2019/04/23 13:30,20.5,983.400024,2.3,348,0,0,20.66,65.54,984.44,2.63,189.21,0.0,0.0,0.0,0.0
2019/04/23 13:45,20.4,983.5,1.6,12,0,0,20.48,66.03,984.37,2.47,198.35,0.0,0.0,0.0,0.0
2019/04/23 14:00,20.299999,983.599976,1.3,339,0,0,20.36,66.33,984.37,2.31,206.76,0.0,0.0,0.0,0.0
2019/04/23 14:15,20.1,983.700012,1.6,343,0,0,20.25,66.58,984.44,2.13,213.6,0.0,0.0,0.0,0.0
2019/04/23 14:30,20.0,983.799988,1.5,327,0,0,20.13,66.91,984.59,1.79,220.02,0.0,0.0,0.0,0.0
2019/04/23 14:45,20.0,984.099976,1.3,344,0,0,20.05,67.15,984.79,1.31,233.15,0.0,0.0,0.0,0.0
2019/04/23 15:00,20.1,984.200012,1.0,343,0,0,19.91,67.67,984.98,0.89,255.03,0.0,0.0,0.0,0.0
2019/04/23 15:15,20.1,984.200012,1.5,358,0,0,19.75,68.3,985.13,0.63,270.2,0.0,0.0,0.0,0.0
2019/04/23 15:30,20.1,984.200012,2.0,350,0,0,19.6,68.96,985.38,0.5,296.36,0.0,0.0,0.0,0.0
2019/04/23 15:45,19.9,984.299988,1.5,353,0,0,19.39,69.86,985.64,0.47,324.93,0.0,0.0,0.0,0.0
2019/04/23 16:00,19.9,984.599976,1.2,346,0,0,16.94,88.46,986.57,1.79,22.73,0.0,0.0,0.0,0.0
2019/04/23 16:15,19.799999,984.599976,1.5,345,0,0,17.1,87.43,986.89,1.34,28.66,0.0,0.0,0.0,0.0
2019/04/23 16:30,19.799999,984.799988,2.0,347,0,0,17.12,87.06,986.92,0.9,27.79,0.0,0.0,0.0,0.0
2019/04/23 16:45,19.700001,984.5,1.7,354,0,0,17.19,86.57,986.86,0.6,10.18,0.0,0.0,0.0,0.0
2019/04/23 17:00,19.5,984.400024,0.6,330,0,0,17.16,86.5,986.52,0.59,325.96,0.0,0.0,0.0,0.0
2019/04/23 17:15,19.4,984.299988,1.1,2,0,0,17.11,86.67,986.35,0.83,298.2,0.0,0.0,0.0,0.0
2019/04/23 17:30,19.4,984.299988,0.0,154,0,0,17.13,86.52,986.11,1.09,295.43,0.0,0.0,0.0,0.0
2019/04/23 17:45,19.200001,984.299988,0.0,253,0,0,17.18,86.2,986.36,1.27,293.7,0.0,0.0,0.0,0.0
2019/04/23 18:00,19.200001,984.200012,0.0,243,0,0,17.22,85.93,986.62,1.44,291.0,0.0,0.0,0.0,0.0
2019/04/23 18:15,19.299999,984.099976,0.0,357,0,0,17.2,85.97,986.56,1.59,288.89,0.0,0.0,0.0,0.0
2019/04/23 18:30,19.299999,983.900024,0.0,343,0,0,17.19,85.97,986.39,1.66,286.56,0.0,0.0,0.0,0.0
2019/04/23 18:45,19.200001,983.799988,0.0,298,0,0,17.2,85.83,986.35,1.71,280.11,0.0,0.0,0.0,0.0
2019/04/23 19:00,19.1,983.700012,0.0,338,0,0,17.12,86.2,986.2,1.77,274.05,0.0,0.0,0.0,0.0
2019/04/24 08:00,20.1,982.0,2.6,353,18,21,8.89,60.97,992.53,9.37,42.7,29.02,29.02,0.0,0.605705
2019/04/24 08:15,19.9,981.799988,4.1,348,26,32,8.6,61.48,993.24,9.02,39.14,19.02,19.02,0.0,0.813176
2019/04/24 08:30,19.700001,982.099976,6.2,316,2,2,8.39,62.37,993.13,8.19,43.87,19.32,19.32,0.0,0.0
2019/04/24 08:45,14.0,983.099976,10.0,333,10,10,8.2,64.03,992.67,7.54,55.3,8.23,8.23,0.0,0.0
2019/04/24 09:00,12.7,983.900024,9.3,331,3,4,8.2,65.35,993.61,7.12,26.03,8.27,8.27,0.0,0.0
2019/04/24 09:15,12.0,983.5,9.3,339,6,8,8.01,68.19,993.99,6.42,22.94,3.57,3.57,0.0,0.0
2019/04/24 09:30,11.3,984.200012,6.8,342,10,11,7.37,76.42,994.32,6.29,10.84,2.96,2.96,0.0,0.0
2019/04/24 09:45,10.8,984.799988,5.3,314,2,3,6.89,81.37,992.83,6.58,55.93,25.6,18.33,7.27,0.0
2019/04/24 10:00,10.5,986.0,4.3,324,1,1,6.85,82.16,995.24,6.0,1.69,5.1,5.1,0.0,0.0
2019/04/24 10:15,10.1,986.799988,6.0,319,0,0,6.33,85.67,994.27,5.51,42.9,2.06,2.06,0.0,0.0
2019/04/24 10:30,10.0,989.200012,2.8,260,0,0,6.1,87.59,993.37,5.98,58.08,12.35,6.1,6.25,0.0
2019/04/24 10:45,9.7,989.0,3.9,327,1,0,6.08,88.28,994.39,5.2,40.2,0.64,0.64,0.0,0.0
2019/04/24 11:00,9.6,989.700012,5.7,298,0,0,6.04,89.91,995.51,4.38,75.64,0.05,0.05,0.0,0.0
2019/04/24 11:15,9.5,989.700012,3.9,315,0,0,5.53,93.8,992.2,5.33,94.77,0.0,0.0,0.0,0.0
2019/04/24 11:30,9.5,989.599976,3.8,352,0,0,5.83,93.87,994.72,4.63,28.66,0.0,0.0,0.0,0.0
2019/04/24 11:45,9.6,989.900024,3.2,334,0,0,6.0,93.39,995.06,2.94,40.78,0.0,0.0,0.0,0.0
2019/04/24 12:00,9.6,990.099976,3.1,353,0,0,6.13,92.86,995.17,2.36,32.12,0.0,0.0,0.0,0.0
2019/04/24 12:15,9.6,991.200012,2.3,301,0,0,6.28,92.44,995.33,1.91,6.78,0.0,0.0,0.0,0.0
2019/04/24 12:30,9.7,992.0,2.1,346,0,0,6.41,91.88,995.57,1.52,332.04,0.0,0.0,0.0,0.0
2019/04/24 12:45,9.6,992.099976,3.3,333,0,0,6.5,91.49,995.37,1.62,297.88,0.0,0.0,0.0,0.0
2019/04/24 13:00,9.3,991.5,2.7,358,0,0,6.6,90.88,995.31,2.08,275.32,0.0,0.0,0.0,0.0
2019/04/24 13:15,9.3,991.400024,1.5,50,0,0,6.72,89.95,995.35,2.43,274.77,0.0,0.0,0.0,0.0
2019/04/24 13:30,9.3,991.799988,0.7,14,0,0,6.86,88.87,995.53,2.59,279.3,0.0,0.0,0.0,0.0
2019/04/24 13:45,9.3,991.0,1.0,43,0,0,6.99,88.07,995.57,2.79,292.17,0.0,0.0,0.0,0.0
2019/04/24 14:00,9.3,991.599976,1.2,58,0,0,7.12,87.55,995.75,3.18,312.06,0.0,0.0,0.0,0.0
2019/04/24 14:15,9.1,991.299988,2.4,57,0,0,7.26,87.31,995.98,3.63,328.93,0.0,0.0,0.0,0.0
2019/04/24 14:30,8.8,991.599976,2.0,41,0,0,7.41,87.15,996.23,3.93,343.34,0.0,0.0,0.0,0.0
2019/04/24 14:45,8.8,991.799988,1.3,51,0,0,7.53,86.88,996.42,4.01,354.99,0.0,0.0,0.0,0.0
2019/04/24 15:00,8.8,992.099976,0.3,7,0,0,7.61,86.55,996.44,3.81,4.63,0.0,0.0,0.0,0.0
2019/04/24 15:15,8.900001,992.0,0.0,343,0,0,7.67,86.21,996.47,3.39,11.74,0.0,0.0,0.0,0.0
2019/04/24 15:30,8.900001,991.799988,0.8,336,0,0,7.71,85.92,996.51,3.02,15.8,0.0,0.0,0.0,0.0
2019/04/24 15:45,9.0,991.700012,0.1,15,0,0,7.73,85.61,996.58,2.82,14.86,0.0,0.0,0.0,0.0
2019/04/24 16:00,9.0,992.0,0.0,255,0,0,8.45,75.28,994.06,4.02,62.62,0.0,0.0,0.0,0.0
2019/04/24 16:15,9.0,992.0,0.0,177,0,0,8.38,75.61,994.0,3.7,68.9,0.0,0.0,0.0,0.0
2019/04/24 16:30,9.0,991.599976,1.2,24,0,0,8.36,75.78,994.24,3.45,77.88,0.0,0.0,0.0,0.0
2019/04/24 16:45,8.900001,991.5,1.0,16,0,0,8.29,76.18,993.87,3.3,80.94,0.0,0.0,0.0,0.0
2019/04/24 17:00,8.6,991.0,2.6,22,0,0,8.27,76.45,993.72,3.22,76.96,0.0,0.0,0.0,0.0
2019/04/24 17:15,8.6,991.0,2.4,14,0,0,8.25,76.83,993.65,3.25,66.26,0.0,0.0,0.0,0.0
2019/04/24 17:30,8.5,990.799988,3.2,0,0,0,8.23,77.63,993.56,3.45,63.29,0.0,0.0,0.0,0.0
2019/04/24 17:45,8.400001,990.799988,3.1,350,0,0,8.23,78.78,993.85,3.78,62.01,0.0,0.0,0.0,0.0
2019/04/24 18:00,8.2,990.599976,3.0,22,0,0,8.19,80.08,993.9,4.13,63.17,0.0,0.0,0.0,0.0
2019/04/24 18:15,8.2,990.5,2.2,36,0,0,8.1,81.3,993.76,4.41,64.98,0.0,0.0,0.0,0.0
2019/04/24 18:30,8.2,990.5,3.2,13,0,0,8.0,82.19,994.03,4.65,66.69,0.0,0.0,0.0,0.0
2019/04/24 18:45,8.3,990.5,1.9,36,0,0,7.87,82.77,994.14,4.85,67.45,0.0,0.0,0.0,0.0
2019/04/24 19:00,8.2,990.599976,2.0,34,0,0,7.73,83.09,994.14,4.97,67.43,0.0,0.0,0.0,0.0
2019/04/25 08:00,11.7,991.700012,0.5,320,263,304,14.86,40.53,994.38,4.39,89.06,538.98,47.23000000000002,491.75,4.326656
2019/04/25 08:15,11.8,991.599976,2.2,51,233,268,14.89,40.71,994.33,4.35,91.66,486.84,45.50999999999999,441.33,3.609484
2019/04/25 08:30,11.8,991.799988,0.0,139,189,224,14.92,40.61,994.26,4.31,93.96,450.95,44.27999999999997,406.67,3.155961
2019/04/25 08:45,11.8,991.700012,1.4,25,183,201,14.9,40.31,994.21,4.3,95.47,395.56,42.170000000000016,353.39,3.0762810000000003
2019/04/25 09:00,11.9,991.5,1.3,335,167,193,14.89,39.84,994.2,4.34,97.05,356.7,40.47999999999996,316.22,2.70993
2019/04/25 09:15,11.8,991.599976,0.0,45,113,132,14.81,39.47,994.13,4.46,96.94,294.54,37.22000000000003,257.32,1.869328
2019/04/25 09:30,11.7,991.599976,0.5,63,75,88,14.71,39.07,994.02,4.66,96.04,244.09,33.52000000000001,210.57,1.415422
2019/04/25 09:45,11.7,991.599976,0.0,90,55,64,14.55,38.78,993.91,4.84,95.53,172.24,27.370000000000005,144.87,1.488895
2019/04/25 10:00,11.9,991.599976,0.0,118,44,51,14.4,38.71,993.83,4.85,97.46,122.1,21.8,100.3,1.271758
2019/04/25 10:15,11.6,991.400024,1.3,73,32,38,14.16,39.28,993.77,4.6,100.99,72.49,16.049999999999997,56.44,1.061348
2019/04/25 10:30,11.5,991.5,0.4,138,30,37,13.9,40.78,993.8,4.0,103.19,48.06,12.79,35.27,1.009969
2019/04/25 10:45,11.4,991.799988,0.0,157,10,13,13.36,44.06,993.9,3.23,102.66,20.35,7.990000000000002,12.36,0.358989
2019/04/25 11:00,11.3,991.700012,0.0,148,5,7,12.88,46.55,994.14,2.69,100.76,5.26,3.24,2.02,0.138571
2019/04/25 11:15,11.2,991.400024,0.6,132,0,0,12.59,47.83,994.35,2.39,100.16,0.0,0.0,0.0,0.0
2019/04/25 11:30,11.0,991.599976,0.0,142,0,0,12.34,49.26,994.6,2.21,101.13,0.0,0.0,0.0,0.0
2019/04/25 11:45,11.0,991.599976,0.0,163,0,0,12.07,50.76,994.8,2.14,106.09,0.0,0.0,0.0,0.0
2019/04/25 12:00,10.9,991.599976,0.0,157,0,0,11.77,52.32,994.98,2.17,113.98,0.0,0.0,0.0,0.0
2019/04/25 12:15,10.9,991.400024,0.0,83,0,0,11.45,53.96,995.15,2.29,123.3,0.0,0.0,0.0,0.0
2019/04/25 12:30,10.9,991.599976,0.0,160,0,0,11.13,55.61,995.35,2.57,132.04,0.0,0.0,0.0,0.0
2019/04/25 12:45,10.9,991.299988,0.0,141,0,0,10.84,56.98,995.47,3.07,137.63,0.0,0.0,0.0,0.0
2019/04/25 13:00,10.8,991.400024,0.0,321,0,0,10.58,57.99,995.51,3.65,142.7,0.0,0.0,0.0,0.0
2019/04/25 13:15,10.8,992.099976,0.4,202,0,0,10.33,58.53,995.54,4.06,146.35,0.0,0.0,0.0,0.0
2019/04/25 13:30,10.7,992.400024,2.3,261,0,0,10.09,58.93,995.54,4.24,149.65,0.0,0.0,0.0,0.0
2019/04/25 13:45,10.6,991.5,1.5,328,0,0,9.83,59.43,995.38,4.31,152.85,0.0,0.0,0.0,0.0
2019/04/25 14:00,10.3,991.900024,0.1,295,0,0,9.6,59.92,995.23,4.37,156.21,0.0,0.0,0.0,0.0
2019/04/25 14:15,10.2,991.5,1.0,340,0,0,9.4,60.5,995.19,4.39,159.39,0.0,0.0,0.0,0.0
2019/04/25 14:30,10.3,993.099976,0.6,254,0,0,9.21,61.24,995.23,4.35,160.83,0.0,0.0,0.0,0.0
2019/04/25 14:45,10.2,991.5,0.8,25,0,0,9.02,62.11,995.2,4.28,163.5,0.0,0.0,0.0,0.0
2019/04/25 15:00,10.1,991.599976,0.0,77,0,0,8.85,62.99,995.19,4.2,167.54,0.0,0.0,0.0,0.0
2019/04/25 15:15,10.1,991.200012,1.0,28,0,0,8.69,63.81,995.19,4.11,171.99,0.0,0.0,0.0,0.0
2019/04/25 15:30,10.1,992.799988,2.9,213,0,0,8.54,64.58,995.24,4.04,176.9,0.0,0.0,0.0,0.0
2019/04/25 15:45,9.7,991.400024,1.5,3,0,0,8.41,65.3,995.3,3.97,181.94,0.0,0.0,0.0,0.0
2019/04/25 16:00,9.5,992.099976,1.1,345,0,0,10.56,65.4,994.42,1.86,58.02,0.0,0.0,0.0,0.0
2019/04/25 16:15,9.2,992.0,1.2,5,0,0,10.47,66.25,994.56,2.06,57.77,0.0,0.0,0.0,0.0
2019/04/25 16:30,8.900001,993.099976,1.6,306,0,0,10.34,67.65,995.2,2.35,41.61,0.0,0.0,0.0,0.0
2019/04/25 16:45,8.7,992.900024,3.5,326,0,0,10.07,70.11,995.4,2.71,55.1,0.0,0.0,0.0,0.0
2019/04/25 17:00,8.7,993.599976,4.3,324,0,0,9.7,73.33,995.24,3.35,74.43,0.0,0.0,0.0,0.0
2019/04/25 17:15,8.8,993.599976,2.1,81,0,0,9.23,76.67,994.67,4.24,106.15,0.0,0.0,0.0,0.0
2019/04/25 17:30,8.900001,993.200012,2.1,322,0,0,8.89,79.09,994.62,4.68,115.53,0.0,0.0,0.0,0.0
2019/04/25 17:45,9.0,993.099976,1.0,4,0,0,8.63,80.67,994.46,4.67,119.09,0.0,0.0,0.0,0.0
2019/04/25 18:00,8.900001,992.700012,1.2,64,0,0,8.47,81.44,994.59,4.57,122.47,0.0,0.0,0.0,0.0
2019/04/25 18:15,8.900001,992.900024,2.1,51,0,0,8.36,81.81,994.85,4.47,125.22,0.0,0.0,0.0,0.0
2019/04/25 18:30,8.900001,993.299988,1.0,352,0,0,8.26,82.1,995.1,4.36,127.18,0.0,0.0,0.0,0.0
2019/04/25 18:45,8.900001,993.200012,0.5,357,0,0,8.19,82.26,995.16,4.17,129.3,0.0,0.0,0.0,0.0
2019/04/25 19:00,8.900001,993.5,1.5,355,0,0,8.14,82.19,995.28,3.98,132.28,0.0,0.0,0.0,0.0
2019/04/26 08:00,15.1,995.599976,1.6,82,493,302,15.17,47.38,998.9,2.67,93.16,548.01,48.53999999999997,499.47,14.0
2019/04/26 08:15,15.0,995.700012,0.1,126,365,242,15.23,47.35,998.87,2.69,97.09,494.36,45.56999999999999,448.79,13.92781
2019/04/26 08:30,14.8,995.700012,1.2,238,251,207,15.27,47.3,998.8,2.7,100.89,450.19,45.44999999999999,404.74,9.508844
2019/04/26 08:45,14.9,995.700012,1.5,140,295,228,15.29,47.26,998.74,2.73,104.0,389.37,43.56,345.81,10.04456
2019/04/26 09:00,15.1,995.700012,1.8,241,203,167,15.28,47.18,998.71,2.8,107.05,340.64,47.25,293.39,7.587344
2019/04/26 09:15,15.3,995.700012,0.0,148,173,152,15.24,47.36,998.68,2.87,109.39,292.85,36.72000000000003,256.13,6.600672
2019/04/26 09:30,15.0,995.900024,0.6,139,92,101,15.19,47.66,998.66,2.91,112.22,256.25,34.71000000000001,221.54,3.375586
2019/04/26 09:45,15.2,995.599976,0.0,327,127,143,15.06,48.14,998.64,2.9,115.48,197.99,32.49000000000001,165.5,4.856469000000001
2019/04/26 10:00,15.1,995.400024,0.2,45,93,104,14.95,48.57,998.62,2.83,117.57,166.01,28.92999999999998,137.08,3.351195
2019/04/26 10:15,14.8,995.599976,0.0,28,57,67,14.77,49.39,998.66,2.6,118.08,113.06,24.36,88.7,1.992703
2019/04/26 10:30,14.4,995.799988,0.4,56,33,36,14.55,51.88,998.74,2.28,112.79,78.65,20.300000000000004,58.35,1.11516
2019/04/26 10:45,13.8,995.700012,1.5,40,16,21,14.05,54.64,998.94,2.19,106.03,32.15,12.579999999999998,19.57,0.560451
2019/04/26 11:00,13.5,996.099976,0.6,50,6,9,13.64,56.02,999.14,2.28,102.51,8.5,4.88,3.62,0.246148
2019/04/26 11:15,13.3,996.200012,1.1,37,0,0,13.28,57.39,999.32,2.29,106.09,0.0,0.0,0.0,0.0
2019/04/26 11:30,12.9,996.5,0.9,29,0,0,12.98,58.8,999.5,2.26,112.33,0.0,0.0,0.0,0.0
2019/04/26 11:45,12.7,996.5,0.0,73,0,0,12.69,60.21,999.62,2.29,120.73,0.0,0.0,0.0,0.005832
2019/04/26 12:00,12.4,996.700012,0.0,62,0,0,12.38,61.63,999.73,2.39,133.88,0.0,0.0,0.0,0.0
2019/04/26 12:15,12.3,996.900024,0.9,67,0,0,12.09,63.0,999.83,2.5,147.56,0.0,0.0,0.0,0.0
2019/04/26 12:30,12.2,997.099976,0.6,53,0,0,11.87,63.96,999.91,2.58,158.56,0.0,0.0,0.0,0.0
2019/04/26 12:45,12.2,997.200012,0.7,58,0,0,11.69,64.62,1000.03,2.58,167.25,0.0,0.0,0.0,0.0
2019/04/26 13:00,12.5,997.099976,1.5,54,0,0,11.57,64.98,1000.15,2.58,174.39,0.0,0.0,0.0,0.0
2019/04/26 13:15,11.8,997.099976,1.6,44,0,0,11.46,65.25,1000.3,2.57,180.11,0.0,0.0,0.0,0.0
2019/04/26 13:30,11.6,997.299988,1.1,29,0,0,11.38,65.35,1000.32,2.52,182.29,0.0,0.0,0.0,0.0
2019/04/26 13:45,11.4,997.5,0.8,60,0,0,11.24,65.7,1000.25,2.44,183.64,0.0,0.0,0.0,0.0
2019/04/26 14:00,11.7,997.400024,1.9,53,0,0,11.14,65.99,1000.2,2.35,185.88,0.0,0.0,0.0,0.0
2019/04/26 14:15,11.6,997.299988,0.9,40,0,0,11.05,66.26,1000.21,2.26,188.23,0.0,0.0,0.0,0.0
2019/04/26 14:30,11.5,997.200012,0.8,54,0,0,10.91,66.82,1000.27,2.2,192.79,0.0,0.0,0.0,0.0
2019/04/26 14:45,11.4,997.099976,1.1,45,0,0,10.79,67.3,1000.29,2.16,198.93,0.0,0.0,0.0,0.0
2019/04/26 15:00,11.2,997.200012,1.3,38,0,0,10.67,67.74,1000.3,2.14,205.96,0.0,0.0,0.0,0.0
2019/04/26 15:15,11.3,997.0,1.5,57,0,0,10.61,67.95,1000.46,2.17,216.48,0.0,0.0,0.0,0.0
2019/04/26 15:30,11.0,996.900024,1.5,36,0,0,10.5,68.27,1000.64,2.24,226.54,0.0,0.0,0.0,0.0
2019/04/26 15:45,10.6,996.799988,0.9,33,0,0,10.43,68.42,1000.83,2.29,233.92,0.0,0.0,0.0,0.0
2019/04/26 16:00,10.9,996.799988,1.2,46,0,0,10.35,68.64,1001.04,2.31,242.46,0.0,0.0,0.0,0.0
2019/04/26 16:15,10.8,996.700012,0.1,90,0,0,10.28,68.79,1001.2,2.29,251.85,0.0,0.0,0.0,0.0
2019/04/26 16:30,10.9,996.5,0.0,56,0,0,10.22,68.97,1001.27,2.22,260.07,0.0,0.0,0.0,0.0
2019/04/26 16:45,9.900001,996.400024,0.0,127,0,0,10.1,69.3,1001.01,2.16,267.31,0.0,0.0,0.0,0.0
2019/04/26 17:00,10.6,996.400024,0.0,62,0,0,9.97,69.8,1000.62,2.14,276.66,0.0,0.0,0.0,0.0
2019/04/26 17:15,10.7,996.599976,0.0,152,0,0,9.83,70.33,1000.35,2.11,283.52,0.0,0.0,0.0,0.0
2019/04/26 17:30,10.2,996.400024,0.0,250,0,0,9.75,70.55,1000.0,1.91,285.48,0.0,0.0,0.0,0.0
2019/04/26 17:45,10.5,996.200012,0.7,24,0,0,9.71,70.62,999.82,1.69,281.45,0.0,0.0,0.0,0.0
2019/04/26 18:00,10.8,996.099976,1.1,359,0,0,9.68,70.72,999.91,1.51,276.67,0.0,0.0,0.0,0.0
2019/04/26 18:15,10.6,996.099976,0.7,359,0,0,9.78,70.1,999.5,1.3,249.03,0.0,0.0,0.0,0.0
2019/04/26 18:30,10.3,996.200012,0.0,354,0,0,9.79,70.01,999.4,1.35,233.43,0.0,0.0,0.0,0.0
2019/04/26 18:45,10.3,996.0,1.8,5,0,0,9.79,69.92,999.72,1.78,247.78,0.0,0.0,0.0,0.0
2019/04/26 19:00,10.3,996.0,0.9,13,0,0,9.6,70.61,1000.13,2.13,264.86,0.0,0.0,0.0,0.0
2019/04/27 08:00,8.8,995.799988,3.1,314,60,75,10.25,82.0,998.25,6.84,139.85,35.01,27.98,7.03,2.2204770000000003
2019/04/27 08:15,8.8,995.900024,1.6,298,40,51,10.58,76.86,998.31,7.37,148.08,76.97,68.24,8.73,1.532426
2019/04/27 08:30,8.900001,995.900024,1.5,338,34,43,10.52,74.71,998.31,7.45,151.0,53.61,53.59,0.02,1.23643
2019/04/27 08:45,8.900001,996.0,0.6,304,27,34,10.43,74.53,998.2,7.22,150.74,47.6,47.6,0.0,0.966328
2019/04/27 09:00,8.900001,995.900024,0.6,338,19,25,10.45,74.4,998.08,6.98,149.28,55.64,38.870000000000005,16.77,0.6941350000000001
2019/04/27 09:15,8.900001,996.0,0.1,337,16,21,10.44,74.11,998.01,6.81,150.28,55.04,28.67,26.37,0.560178
2019/04/27 09:30,8.900001,996.200012,0.1,354,16,21,10.45,73.64,997.91,6.63,154.72,57.99,26.06,31.93,0.562625
2019/04/27 09:45,8.8,996.200012,0.0,16,13,17,10.37,74.91,997.73,6.39,159.25,47.32,18.07,29.25,0.4144489999999999
2019/04/27 10:00,8.7,996.400024,0.0,359,9,11,10.23,77.52,997.47,6.07,160.32,32.55,17.489999999999995,15.06,0.238608
2019/04/27 10:15,8.7,996.200012,0.0,340,8,10,10.07,80.83,997.28,5.72,158.28,30.22,12.759999999999998,17.46,0.170256
2019/04/27 10:30,8.6,996.400024,0.0,8,5,7,9.84,83.74,997.19,5.48,153.7,18.8,13.19,5.61,0.0917019999999999
2019/04/27 10:45,8.7,996.200012,0.0,45,4,4,9.45,86.41,997.27,5.39,147.78,5.84,5.41,0.43,0.018268
2019/04/27 11:00,8.6,996.5,0.0,71,1,1,9.14,88.05,997.5,5.37,142.91,2.01,1.63,0.38,0.0
2019/04/27 11:15,8.6,996.200012,0.7,41,0,0,8.81,89.41,997.66,5.26,140.08,0.0,0.0,0.0,0.0
2019/04/27 11:30,8.6,996.400024,0.0,96,0,0,8.55,90.45,997.83,5.07,139.95,0.0,0.0,0.0,0.0
2019/04/27 11:45,8.5,996.599976,0.0,104,0,0,8.3,91.48,997.98,4.84,141.07,0.0,0.0,0.0,0.0
2019/04/27 12:00,8.5,996.700012,0.0,73,0,0,8.05,92.38,998.09,4.59,142.34,0.0,0.0,0.0,0.0
2019/04/27 12:15,8.5,997.0,0.0,79,0,0,7.84,93.12,998.14,4.33,144.09,0.0,0.0,0.0,0.0
2019/04/27 12:30,8.5,997.400024,0.0,134,0,0,7.66,93.85,998.19,4.03,145.57,0.0,0.0,0.0,0.0
2019/04/27 12:45,8.400001,997.200012,0.3,87,0,0,7.56,94.33,998.3,3.77,146.44,0.0,0.0,0.0,0.0
2019/04/27 13:00,8.400001,997.099976,0.7,50,0,0,7.49,93.84,998.38,3.61,148.36,0.0,0.0,0.0,0.0
2019/04/27 13:15,8.3,997.200012,0.8,68,0,0,7.3,92.67,998.42,3.45,150.62,0.0,0.0,0.0,0.0
2019/04/27 13:30,8.2,997.099976,0.0,85,0,0,6.95,92.3,998.36,3.15,151.07,0.0,0.0,0.0,0.0
2019/04/27 13:45,8.2,997.099976,0.0,108,0,0,6.65,92.57,998.05,2.75,153.0,0.0,0.0,0.0,0.0
2019/04/27 14:00,8.2,997.099976,0.0,47,0,0,6.44,92.9,997.73,2.35,159.44,0.0,0.0,0.0,0.0
2019/04/27 14:15,8.2,996.900024,0.0,64,0,0,6.31,93.01,997.54,1.92,169.52,0.0,0.0,0.0,0.0
2019/04/27 14:30,8.2,997.099976,0.0,36,0,0,6.22,93.28,997.43,1.46,181.46,0.0,0.0,0.0,0.0
2019/04/27 14:45,8.2,997.0,0.0,53,0,0,6.16,93.48,997.3,1.13,193.81,0.0,0.0,0.0,0.0
2019/04/27 15:00,8.2,997.0,0.0,104,0,0,6.09,93.82,997.16,0.99,204.72,0.0,0.0,0.0,0.0
2019/04/27 15:15,8.1,997.0,0.3,42,0,0,6.02,94.26,997.09,1.0,225.86,0.0,0.0,0.0,0.0
2019/04/27 15:30,8.2,996.900024,0.4,83,0,0,5.95,94.72,997.05,1.15,249.09,0.0,0.0,0.0,0.0
2019/04/27 15:45,8.1,996.700012,0.0,110,0,0,5.88,95.13,997.04,1.41,269.21,0.0,0.0,0.0,0.0
2019/04/27 16:00,8.1,996.599976,0.4,63,0,0,5.24,93.97,997.54,2.2,205.86,0.0,0.0,0.0,0.0
2019/04/27 16:15,8.0,996.400024,0.3,82,0,0,5.14,93.84,997.02,2.1,208.71,0.0,0.0,0.0,0.0
2019/04/27 16:30,7.9,996.400024,0.0,278,0,0,5.11,93.48,997.2,1.99,209.84,0.0,0.0,0.0,0.0
2019/04/27 16:45,8.0,996.200012,0.0,316,0,0,5.04,93.34,996.96,1.87,215.06,0.0,0.0,0.0,0.0
2019/04/27 17:00,8.0,996.0,0.0,300,0,0,4.99,93.15,996.79,1.72,220.18,0.0,0.0,0.0,0.0
2019/04/27 17:15,8.0,995.799988,0.0,315,0,0,4.96,92.89,996.68,1.57,221.25,0.0,0.0,0.0,0.0
2019/04/27 17:30,8.0,995.900024,0.0,281,0,0,4.93,92.66,996.58,1.5,223.57,0.0,0.0,0.0,0.0
2019/04/27 17:45,8.0,995.700012,0.0,234,0,0,4.93,92.27,996.87,1.53,223.34,0.0,0.0,0.0,0.0
2019/04/27 18:00,8.0,995.700012,0.0,320,0,0,4.91,91.96,997.07,1.62,219.59,0.0,0.0,0.0,0.0
2019/04/27 18:15,8.0,995.900024,0.0,222,0,0,4.89,91.6,996.92,1.66,217.93,0.0,0.0,0.0,0.0
2019/04/27 18:30,7.9,996.0,0.9,254,0,0,4.88,91.24,996.66,1.68,214.09,0.0,0.0,0.0,0.0
2019/04/27 18:45,7.9,996.0,0.0,264,0,0,4.85,90.91,996.31,1.72,206.55,0.0,0.0,0.0,0.0
2019/04/27 19:00,7.9,996.099976,0.0,225,0,0,4.85,90.43,996.22,1.72,204.44,0.0,0.0,0.0,0.0
2019/04/28 08:00,15.5,990.099976,2.0,24,229,247,21.21,45.41,990.3,6.36,140.72,374.41,171.90000000000003,202.51,8.521844
2019/04/28 08:15,15.5,989.900024,0.8,33,227,251,21.22,45.55,990.16,6.49,142.87,347.68,155.23000000000002,192.45,8.794844
2019/04/28 08:30,15.5,989.599976,1.3,12,177,202,21.24,45.65,989.95,6.53,144.47,332.35,112.28000000000004,220.07,6.618061999999999
2019/04/28 08:45,15.5,989.599976,1.7,39,180,202,21.17,46.15,989.79,6.51,145.29,287.47,91.11,196.36,7.009297
2019/04/28 09:00,15.4,989.799988,1.7,46,119,137,21.1,46.98,989.66,6.44,145.56,275.24,74.92000000000002,200.32,4.3218440000000005
2019/04/28 09:15,15.4,989.799988,0.0,11,97,118,20.9,48.16,989.55,6.32,146.31,229.24,64.39000000000001,164.85,3.665375
2019/04/28 09:30,15.2,989.700012,1.4,28,69,83,20.71,49.12,989.41,6.11,147.38,193.31,53.34,139.97,2.55232
2019/04/28 09:45,15.1,989.799988,2.7,350,59,71,20.48,49.94,989.25,5.8,148.78,144.24,58.420000000000016,85.82,2.233602
2019/04/28 10:00,14.9,989.900024,1.3,350,42,52,20.24,50.77,989.13,5.38,149.82,116.76,44.010000000000005,72.75,1.588453
2019/04/28 10:15,14.9,990.0,1.3,339,32,40,19.82,52.46,989.02,4.84,148.85,74.88,38.19,36.69,1.154754
2019/04/28 10:30,14.8,989.900024,1.6,342,24,29,19.32,54.68,988.96,4.28,145.79,55.44,27.2,28.24,0.803346
2019/04/28 10:45,14.6,990.200012,0.8,353,9,12,18.59,57.39,989.09,3.78,143.53,26.11,14.39,11.72,0.314481
2019/04/28 11:00,14.4,990.200012,0.7,15,1,2,17.83,59.87,989.29,3.36,142.82,8.55,5.510000000000001,3.04,0.023868
2019/04/28 11:15,14.2,990.400024,1.3,6,0,0,17.27,61.23,989.46,2.96,143.45,0.0,0.0,0.0,0.0
2019/04/28 11:30,13.9,990.299988,1.5,340,0,0,16.85,62.33,989.66,2.49,145.46,0.0,0.0,0.0,0.0
2019/04/28 11:45,13.7,990.400024,1.3,342,0,0,16.54,63.1,989.85,1.86,146.92,0.0,0.0,0.0,0.0
2019/04/28 12:00,13.5,990.599976,1.0,326,0,0,16.28,63.76,990.06,1.1,149.78,0.0,0.0,0.0,0.0
2019/04/28 12:15,13.4,990.700012,0.5,322,0,0,16.0,64.72,990.26,0.59,163.07,0.0,0.0,0.0,0.0
2019/04/28 12:30,13.1,990.799988,0.9,325,0,0,15.65,66.29,990.43,0.77,328.85,0.0,0.0,0.0,0.0
2019/04/28 12:45,13.1,990.900024,1.0,331,0,0,15.27,68.12,990.55,1.29,331.29,0.0,0.0,0.0,0.0
2019/04/28 13:00,13.0,990.900024,1.3,337,0,0,14.95,69.79,990.63,1.71,327.78,0.0,0.0,0.0,0.0
2019/04/28 13:15,13.0,990.900024,0.9,346,0,0,14.64,71.41,990.66,2.04,318.92,0.0,0.0,0.0,0.0
2019/04/28 13:30,13.0,991.0,1.4,344,0,0,14.41,72.68,990.62,2.36,311.15,0.0,0.0,0.0,0.0
2019/04/28 13:45,12.7,991.0,0.4,340,0,0,14.22,73.59,990.48,2.62,306.6,0.0,0.0,0.0,0.0
2019/04/28 14:00,12.6,991.099976,0.7,340,0,0,14.09,74.21,990.34,2.82,305.06,0.0,0.0,0.0,0.0
2019/04/28 14:15,12.5,990.900024,1.1,331,0,0,13.97,74.49,990.28,2.93,306.58,0.0,0.0,0.0,0.0
2019/04/28 14:30,12.5,990.700012,0.0,330,0,0,13.89,74.42,990.27,2.92,312.42,0.0,0.0,0.0,0.0
2019/04/28 14:45,12.3,990.5,0.0,270,0,0,13.75,74.44,990.25,2.8,320.37,0.0,0.0,0.0,0.0
2019/04/28 15:00,12.0,990.299988,0.0,308,0,0,13.61,74.43,990.3,2.63,327.37,0.0,0.0,0.0,0.0
2019/04/28 15:15,12.0,990.5,0.0,310,0,0,13.47,74.5,990.43,2.45,331.39,0.0,0.0,0.0,0.0
2019/04/28 15:30,12.0,990.299988,0.0,326,0,0,13.34,74.59,990.58,2.22,333.93,0.0,0.0,0.0,0.0
2019/04/28 15:45,11.9,990.099976,0.5,318,0,0,13.22,74.7,990.77,1.96,336.07,0.0,0.0,0.0,0.0
2019/04/28 16:00,11.8,989.799988,1.2,336,0,0,10.02,80.48,991.68,0.42,169.85,0.0,0.0,0.0,0.0
2019/04/28 16:15,11.8,989.799988,0.9,325,0,0,9.87,81.1,991.58,0.31,174.2,0.0,0.0,0.0,0.0
2019/04/28 16:30,11.6,990.200012,0.6,276,0,0,9.74,81.71,992.08,0.69,336.08,0.0,0.0,0.0,0.0
2019/04/28 16:45,11.3,990.299988,0.1,296,0,0,9.48,83.0,991.75,1.28,340.02,0.0,0.0,0.0,0.0
2019/04/28 17:00,11.4,990.0,0.0,334,0,0,9.12,84.76,991.2,1.66,341.16,0.0,0.0,0.0,0.0
2019/04/28 17:15,11.3,989.799988,0.0,324,0,0,8.89,85.8,990.99,1.77,340.0,0.0,0.0,0.0,0.0
2019/04/28 17:30,11.0,989.700012,0.0,329,0,0,8.79,86.14,991.13,1.64,331.73,0.0,0.0,0.0,0.0
2019/04/28 17:45,11.2,989.599976,0.6,334,0,0,8.79,85.92,991.36,1.41,319.92,0.0,0.0,0.0,0.0
2019/04/28 18:00,11.6,989.099976,1.5,353,0,0,8.82,85.47,991.54,1.26,298.66,0.0,0.0,0.0,0.0
2019/04/28 18:15,11.6,989.299988,0.0,257,0,0,8.83,85.08,991.4,1.26,280.01,0.0,0.0,0.0,0.0
2019/04/28 18:30,11.3,989.0,0.0,51,0,0,8.82,84.73,991.0,1.36,268.37,0.0,0.0,0.0,0.0
2019/04/28 18:45,11.2,989.099976,0.0,196,0,0,8.84,84.23,990.72,1.45,261.57,0.0,0.0,0.0,0.0
2019/04/28 19:00,10.7,989.099976,0.0,276,0,0,8.89,83.56,990.5,1.52,249.96,0.0,0.0,0.0,0.0
2019/04/29 08:00,22.0,983.200012,0.5,42,386,310,29.93,18.22,984.01,3.13,296.98,543.36,46.59000000000003,496.77,13.24006
2019/04/29 08:15,21.799999,983.099976,2.0,37,334,288,29.95,16.26,983.97,4.74,301.52,486.36,44.13999999999999,442.22,11.61584
2019/04/29 08:30,22.4,983.200012,2.0,37,288,263,29.91,14.42,983.94,6.21,303.74,438.58,41.52999999999997,397.05,10.02531
2019/04/29 08:45,22.299999,983.0,0.9,55,233,225,29.75,13.09,983.96,7.11,304.7,370.56,44.00999999999999,326.55,7.924438
2019/04/29 09:00,22.1,983.099976,0.4,92,145,149,29.58,12.33,984.0,7.36,304.42,321.08,41.5,279.58,4.749937999999999
2019/04/29 09:15,22.299999,983.099976,0.9,86,118,132,29.24,12.32,984.02,7.19,303.16,255.21,62.360000000000014,192.85,4.161063
2019/04/29 09:30,22.1,983.200012,0.0,49,105,124,28.77,13.07,984.06,6.85,301.52,206.37,61.56999999999999,144.8,3.7765
2019/04/29 09:45,21.9,983.200012,0.9,24,98,116,28.01,14.58,984.1,6.46,298.17,157.49,48.94000000000001,108.55,3.466914
2019/04/29 10:00,21.799999,983.299988,0.3,11,74,87,27.21,16.4,984.15,6.1,294.32,126.18,48.94000000000001,77.24,2.579336
2019/04/29 10:15,21.5,983.400024,0.2,23,60,70,26.33,18.2,984.2,5.79,291.42,91.21,34.02,57.19,2.043234
2019/04/29 10:30,21.4,983.700012,0.0,54,34,41,25.38,20.03,984.27,5.53,289.26,60.81,29.020000000000003,31.79,1.131184
2019/04/29 10:45,21.0,983.799988,0.0,17,17,21,24.39,21.71,984.36,5.36,287.13,30.86,14.31,16.55,0.577062
2019/04/29 11:00,20.4,984.099976,0.6,348,3,5,23.51,22.78,984.59,5.34,285.15,11.37,6.15,5.22,0.079794
2019/04/29 11:15,20.1,984.299988,1.1,351,0,0,22.8,23.14,984.8,5.45,284.15,0.0,0.0,0.0,0.0
2019/04/29 11:30,19.9,984.5,0.4,335,0,0,22.21,23.8,985.03,5.62,283.62,0.0,0.0,0.0,0.0
2019/04/29 11:45,19.700001,984.799988,0.0,354,0,0,21.71,24.51,985.26,5.75,282.44,0.0,0.0,0.0,0.018071
2019/04/29 12:00,19.299999,984.900024,1.2,325,0,0,21.28,25.26,985.48,5.84,280.33,0.0,0.0,0.0,0.0
2019/04/29 12:15,19.1,985.099976,1.2,342,0,0,20.9,25.94,985.8,6.03,280.14,0.0,0.0,0.0,0.005063
2019/04/29 12:30,19.6,985.299988,1.3,13,0,0,20.59,26.35,986.22,6.3,281.61,0.0,0.0,0.0,0.005036
2019/04/29 12:45,19.4,985.5,1.3,337,0,0,20.26,26.54,986.59,6.49,282.68,0.0,0.0,0.0,0.01504
2019/04/29 13:00,19.0,985.799988,0.7,321,0,0,19.92,26.49,986.87,6.55,282.74,0.0,0.0,0.0,0.0
2019/04/29 13:15,18.5,986.099976,0.0,281,0,0,19.57,26.42,987.16,6.49,282.63,0.0,0.0,0.0,0.0
2019/04/29 13:30,18.200001,986.299988,0.0,261,0,0,19.11,26.77,987.49,6.2,284.53,0.0,0.0,0.0,0.0
2019/04/29 13:45,17.9,986.400024,0.0,267,0,0,18.59,27.48,987.83,5.78,285.81,0.0,0.0,0.0,0.0
2019/04/29 14:00,18.0,986.5,0.0,160,0,0,18.22,27.86,988.2,5.5,284.72,0.0,0.0,0.0,0.0
2019/04/29 14:15,17.799999,986.599976,0.0,143,0,0,17.93,28.04,988.56,5.37,283.79,0.0,0.0,0.0,0.0
2019/04/29 14:30,17.299999,986.5,0.0,285,0,0,17.67,28.19,988.94,5.24,282.98,0.0,0.0,0.0,0.0
2019/04/29 14:45,17.5,986.299988,0.0,194,0,0,17.42,28.36,989.29,5.07,280.81,0.0,0.0,0.0,0.0
2019/04/29 15:00,17.700001,986.299988,0.0,309,0,0,17.19,28.58,989.63,4.88,277.44,0.0,0.0,0.0,0.0
2019/04/29 15:15,17.9,986.200012,0.0,322,0,0,16.96,28.96,989.98,4.72,273.88,0.0,0.0,0.0,0.0
2019/04/29 15:30,17.9,986.400024,1.8,328,0,0,16.75,29.44,990.32,4.67,271.68,0.0,0.0,0.0,0.0
2019/04/29 15:45,18.0,986.299988,1.8,330,0,0,16.6,29.91,990.66,4.75,271.55,0.0,0.0,0.0,0.0
2019/04/29 16:00,17.700001,986.599976,0.0,22,0,0,15.02,35.56,990.21,3.88,276.42,0.0,0.0,0.0,0.0
2019/04/29 16:15,17.1,986.900024,2.1,18,0,0,14.87,34.63,990.5,4.1,272.76,0.0,0.0,0.0,0.0
2019/04/29 16:30,16.6,987.099976,1.5,41,0,0,14.78,33.92,990.73,4.32,271.2,0.0,0.0,0.0,0.0
2019/04/29 16:45,16.5,987.099976,1.1,43,0,0,14.66,33.59,990.83,4.48,269.87,0.0,0.0,0.0,0.0
2019/04/29 17:00,16.9,987.200012,1.8,18,0,0,14.56,33.36,990.86,4.55,268.66,0.0,0.0,0.0,0.0
2019/04/29 17:15,17.1,987.599976,1.9,24,0,0,14.44,33.22,990.88,4.55,267.89,0.0,0.0,0.0,0.0
2019/04/29 17:30,16.6,987.599976,0.3,229,0,0,14.31,33.15,990.83,4.54,266.17,0.0,0.0,0.0,0.0
2019/04/29 17:45,15.1,987.900024,1.5,127,0,0,14.2,33.14,990.9,4.56,263.09,0.0,0.0,0.0,0.0
2019/04/29 18:00,15.5,988.0,0.0,253,0,0,14.09,33.15,991.02,4.65,261.49,0.0,0.0,0.0,0.0
2019/04/29 18:15,15.5,987.799988,0.9,232,0,0,14.02,33.21,991.1,4.84,262.26,0.0,0.0,0.0,0.0
2019/04/29 18:30,15.6,987.599976,0.0,269,0,0,13.97,33.25,991.07,5.06,264.45,0.0,0.0,0.0,0.0
2019/04/29 18:45,15.0,987.599976,0.5,93,0,0,13.94,33.34,990.88,5.31,267.06,0.0,0.0,0.0,0.0
2019/04/29 19:00,15.4,987.799988,0.0,332,0,0,13.92,33.57,990.73,5.6,269.31,0.0,0.0,0.0,0.0
2019/04/30 08:00,24.4,987.299988,3.6,249,539,58,22.99,12.12,991.52,9.91,357.78,577.8,47.58999999999992,530.21,19.31431
2019/04/30 08:15,24.200001,987.200012,2.4,290,482,73,22.94,12.17,991.51,9.7,358.41,524.28,45.92999999999995,478.35,17.428248999999997
2019/04/30 08:30,24.5,987.099976,4.1,266,417,86,22.9,12.27,991.45,9.44,359.11,487.21,44.69999999999999,442.51,15.43194
2019/04/30 08:45,24.299999,987.299988,2.5,256,352,96,22.8,12.46,991.42,9.13,359.73,429.91,42.68000000000001,387.23,13.27506
2019/04/30 09:00,24.4,986.900024,6.1,262,282,96,22.72,12.7,991.44,8.76,0.4,390.89,41.19,349.7,10.99591
2019/04/30 09:15,24.5,987.099976,1.4,48,219,93,22.56,13.07,991.45,8.32,1.09,331.62,38.69,292.93,8.832251
2019/04/30 09:30,24.200001,987.099976,6.4,224,171,86,22.38,13.65,991.43,7.74,1.49,291.82,36.79999999999998,255.02,6.514484
2019/04/30 09:45,24.1,987.299988,3.5,277,106,73,22.07,14.64,991.41,7.0,1.22,232.09,33.53999999999999,198.55,4.525062999999999
2019/04/30 10:00,23.799999,987.400024,5.1,272,74,52,21.68,16.05,991.38,6.15,0.09,192.6,31.0,161.6,2.797703
2019/04/30 10:15,23.6,987.299988,4.5,258,65,36,21.04,17.99,991.34,5.29,357.81,134.61,26.39000000000001,108.22,1.683555
2019/04/30 10:30,23.4,987.599976,2.9,266,42,22,20.29,20.17,991.31,4.53,353.9,97.48,22.56,74.92,1.045187
2019/04/30 10:45,22.9,987.900024,2.9,259,21,15,19.31,22.12,991.42,4.02,348.27,46.06,14.950000000000005,31.11,0.5703090000000001
2019/04/30 11:00,22.5,987.900024,3.5,240,5,5,18.57,22.81,991.66,3.8,340.87,17.13,7.889999999999999,9.24,0.199216
2019/04/30 11:15,21.799999,988.299988,1.5,239,0,0,17.91,22.76,991.89,3.72,331.59,0.0,0.0,0.0,0.0
2019/04/30 11:30,21.299999,988.5,0.9,278,0,0,17.34,23.24,992.11,3.68,321.3,0.0,0.0,0.0,0.0
2019/04/30 11:45,21.1,988.599976,1.9,266,0,0,16.8,23.7,992.31,3.69,311.98,0.0,0.0,0.0,0.0
2019/04/30 12:00,20.4,988.900024,1.2,262,0,0,16.31,24.13,992.51,3.73,304.86,0.0,0.0,0.0,0.0
2019/04/30 12:15,20.6,989.099976,1.6,259,0,0,15.87,24.6,992.74,3.8,300.13,0.0,0.0,0.0,0.0
2019/04/30 12:30,20.299999,989.5,1.0,311,0,0,15.48,25.15,992.97,3.92,296.31,0.0,0.0,0.0,0.0
2019/04/30 12:45,20.4,989.599976,1.6,260,0,0,15.12,25.78,993.22,4.09,291.32,0.0,0.0,0.0,0.0
2019/04/30 13:00,20.200001,989.900024,3.8,255,0,0,14.81,26.41,993.46,4.29,285.67,0.0,0.0,0.0,0.0
2019/04/30 13:15,19.799999,990.0,2.7,250,0,0,14.53,26.97,993.69,4.49,280.65,0.0,0.0,0.0,0.0
2019/04/30 13:30,19.799999,990.299988,0.0,45,0,0,14.32,27.36,993.82,4.65,276.63,0.0,0.0,0.0,0.0
2019/04/30 13:45,19.9,990.200012,1.8,246,0,0,14.1,27.72,993.76,4.76,272.62,0.0,0.0,0.0,0.0
2019/04/30 14:00,19.299999,990.400024,1.5,250,0,0,13.93,27.94,993.77,4.83,269.96,0.0,0.0,0.0,0.0
2019/04/30 14:15,19.299999,990.400024,0.9,249,0,0,13.79,28.07,993.89,4.88,267.88,0.0,0.0,0.0,0.0
2019/04/30 14:30,18.799999,990.400024,0.8,266,0,0,13.69,28.1,994.06,4.92,266.53,0.0,0.0,0.0,0.0
2019/04/30 14:45,18.700001,990.599976,0.7,227,0,0,13.6,28.1,994.21,4.93,265.39,0.0,0.0,0.0,0.0
2019/04/30 15:00,17.799999,990.700012,2.0,216,0,0,13.51,28.09,994.36,4.94,263.9,0.0,0.0,0.0,0.0
2019/04/30 15:15,16.700001,990.799988,0.6,181,0,0,13.44,27.99,994.52,4.95,262.19,0.0,0.0,0.0,0.0
2019/04/30 15:30,15.9,991.099976,0.2,174,0,0,13.39,27.85,994.69,4.95,260.4,0.0,0.0,0.0,0.0
2019/04/30 15:45,15.1,991.200012,0.0,186,0,0,13.35,27.66,994.86,4.95,259.35,0.0,0.0,0.0,0.0
2019/04/30 16:00,14.2,991.400024,0.6,180,0,0,14.38,24.62,992.9,5.13,269.14,0.0,0.0,0.0,0.0
2019/04/30 16:15,14.1,991.599976,1.1,171,0,0,14.12,24.77,992.96,4.85,266.87,0.0,0.0,0.0,0.0
2019/04/30 16:30,13.9,991.700012,0.8,179,0,0,13.96,24.71,993.34,4.7,265.23,0.0,0.0,0.0,0.0
2019/04/30 16:45,13.9,991.799988,0.2,168,0,0,13.82,24.61,993.43,4.68,262.99,0.0,0.0,0.0,0.0
2019/04/30 17:00,13.4,991.799988,0.4,163,0,0,13.65,24.69,993.57,4.73,259.19,0.0,0.0,0.0,0.0
2019/04/30 17:15,13.1,991.799988,0.6,180,0,0,13.5,24.77,993.7,4.74,256.01,0.0,0.0,0.0,0.0
2019/04/30 17:30,13.2,991.799988,0.7,178,0,0,13.38,24.77,993.61,4.69,255.7,0.0,0.0,0.0,0.0
2019/04/30 17:45,13.0,991.700012,0.7,186,0,0,13.3,24.7,993.56,4.64,256.2,0.0,0.0,0.0,0.0
2019/04/30 18:00,12.7,991.700012,0.6,169,0,0,13.22,24.65,993.68,4.58,256.74,0.0,0.0,0.0,0.0
2019/04/30 18:15,12.4,991.799988,1.3,181,0,0,13.11,24.7,993.7,4.53,257.36,0.0,0.0,0.0,0.0
2019/04/30 18:30,12.5,991.799988,0.5,159,0,0,13.01,24.75,993.81,4.5,256.97,0.0,0.0,0.0,0.0
2019/04/30 18:45,12.6,991.799988,2.1,141,0,0,12.92,24.77,993.85,4.5,256.47,0.0,0.0,0.0,0.0
2019/04/30 19:00,12.5,991.799988,0.8,211,0,0,12.85,24.77,993.94,4.53,255.93,0.0,0.0,0.0,0.0
2019/05/01 08:00,26.1,988.5,1.2,66,529,63,25.86,11.26,992.09,3.01,137.55,580.4,47.64999999999998,532.75,18.631809
2019/05/01 08:15,25.799999,988.400024,2.1,78,479,73,25.82,11.42,992.1,3.16,145.08,526.69,45.99000000000007,480.7,16.983310999999997
2019/05/01 08:30,26.1,988.299988,2.2,52,409,84,25.78,11.67,992.0,3.34,149.14,489.59,44.77999999999997,444.81,14.63919
2019/05/01 08:45,26.0,988.099976,3.1,125,348,94,25.68,12.09,991.94,3.53,149.68,432.38,42.75999999999999,389.62,12.93119
2019/05/01 09:00,26.0,988.099976,2.4,69,276,98,25.57,12.7,991.92,3.75,148.55,393.35,41.28000000000003,352.07,10.68966
2019/05/01 09:15,25.799999,988.099976,3.8,55,212,96,25.36,13.62,991.89,4.01,147.84,333.85,38.79000000000002,295.06,8.457313000000001
2019/05/01 09:30,25.700001,988.099976,2.7,54,166,89,25.11,14.92,991.84,4.26,148.34,293.8,36.900000000000034,256.9,6.309844
2019/05/01 09:45,25.5,988.099976,2.1,48,105,76,24.71,16.85,991.77,4.37,149.98,232.93,34.58000000000001,198.35,4.371938
2019/05/01 10:00,25.299999,988.099976,2.3,67,74,56,24.23,19.14,991.71,4.34,152.29,192.37,31.590000000000003,160.78,2.800766
2019/05/01 10:15,24.700001,988.200012,3.0,39,62,41,23.51,21.84,991.62,4.25,154.11,136.35,26.61,109.74,1.721234
2019/05/01 10:30,24.1,988.200012,2.2,45,32,28,22.74,24.3,991.58,4.22,155.7,97.94,23.16,74.78,0.923672
2019/05/01 10:45,23.0,988.299988,0.9,36,17,16,21.78,26.48,991.62,4.28,157.96,47.91,15.389999999999992,32.52,0.564006
2019/05/01 11:00,22.5,988.5,2.2,36,5,6,20.96,27.55,991.74,4.43,160.96,18.85,8.480000000000002,10.37,0.213073
2019/05/01 11:15,22.1,988.599976,2.5,40,0,0,20.26,27.57,991.87,4.57,164.5,0.0,0.0,0.0,0.0
2019/05/01 11:30,21.799999,988.799988,2.9,47,0,0,19.69,27.73,992.01,4.66,168.82,0.0,0.0,0.0,0.0
2019/05/01 11:45,21.5,988.900024,2.3,43,0,0,19.16,27.95,992.14,4.7,174.36,0.0,0.0,0.0,0.0
2019/05/01 12:00,20.799999,989.200012,0.5,73,0,0,18.67,28.19,992.27,4.75,181.15,0.0,0.0,0.0,0.0
2019/05/01 12:15,20.6,989.5,1.4,61,0,0,18.25,28.37,992.43,4.82,188.6,0.0,0.0,0.0,0.0
2019/05/01 12:30,20.5,989.599976,1.5,42,0,0,17.9,28.45,992.57,4.89,195.3,0.0,0.0,0.0,0.0
2019/05/01 12:45,20.1,989.900024,1.3,39,0,0,17.62,28.4,992.71,4.94,200.87,0.0,0.0,0.0,0.0
2019/05/01 13:00,19.700001,990.099976,0.5,57,0,0,17.42,28.2,992.86,5.0,204.81,0.0,0.0,0.0,0.0
2019/05/01 13:15,19.799999,990.099976,0.7,74,0,0,17.27,28.05,993.0,5.05,207.51,0.0,0.0,0.0,0.0
2019/05/01 13:30,18.299999,990.299988,0.0,226,0,0,17.11,28.03,993.08,5.05,209.01,0.0,0.0,0.0,0.0
2019/05/01 13:45,18.9,990.400024,0.0,162,0,0,16.92,28.22,993.07,5.01,210.7,0.0,0.0,0.0,0.0
2019/05/01 14:00,18.299999,990.400024,0.0,229,0,0,16.71,28.48,993.12,4.94,213.51,0.0,0.0,0.0,0.0
2019/05/01 14:15,19.299999,990.400024,0.0,174,0,0,16.56,28.55,993.25,4.82,217.69,0.0,0.0,0.0,0.0
2019/05/01 14:30,19.299999,990.400024,0.0,178,0,0,16.4,28.55,993.42,4.6,223.16,0.0,0.0,0.0,0.0
2019/05/01 14:45,19.1,990.299988,0.0,214,0,0,16.21,28.66,993.54,4.29,229.4,0.0,0.0,0.0,0.0
2019/05/01 15:00,18.799999,990.299988,0.0,204,0,0,16.01,28.88,993.62,3.98,234.4,0.0,0.0,0.0,0.0
2019/05/01 15:15,17.1,990.299988,0.0,281,0,0,15.83,29.13,993.69,3.74,238.44,0.0,0.0,0.0,0.0
2019/05/01 15:30,18.299999,990.400024,0.0,241,0,0,15.63,29.46,993.79,3.61,243.7,0.0,0.0,0.0,0.0
2019/05/01 15:45,17.299999,990.5,0.1,194,0,0,15.44,29.82,993.93,3.62,250.09,0.0,0.0,0.0,0.0
2019/05/01 16:00,14.7,990.799988,0.2,160,0,0,13.38,35.86,992.16,3.29,241.66,0.0,0.0,0.0,0.0
2019/05/01 16:15,15.8,990.700012,2.0,147,0,0,13.08,36.73,992.24,3.14,243.44,0.0,0.0,0.0,0.0
2019/05/01 16:30,15.9,990.599976,1.1,130,0,0,12.89,37.24,992.55,3.06,242.73,0.0,0.0,0.0,0.0
2019/05/01 16:45,15.6,990.599976,1.1,134,0,0,12.74,37.59,992.54,3.12,238.34,0.0,0.0,0.0,0.0
2019/05/01 17:00,15.4,990.5,1.5,139,0,0,12.67,37.64,992.36,3.27,233.66,0.0,0.0,0.0,0.0
2019/05/01 17:15,15.4,990.599976,3.0,131,0,0,12.73,37.24,992.38,3.46,230.59,0.0,0.0,0.0,0.0
2019/05/01 17:30,15.4,990.400024,1.2,145,0,0,12.83,36.62,992.37,3.65,229.34,0.0,0.0,0.0,0.0
2019/05/01 17:45,15.3,990.200012,1.4,142,0,0,12.92,36.02,992.37,3.83,228.8,0.0,0.0,0.0,0.0
2019/05/01 18:00,15.9,990.299988,1.0,134,0,0,12.98,35.51,992.37,3.99,230.93,0.0,0.0,0.0,0.0
2019/05/01 18:15,15.5,990.099976,0.7,176,0,0,12.99,35.08,992.18,4.1,233.83,0.0,0.0,0.0,0.0
2019/05/01 18:30,15.5,990.0,1.1,155,0,0,12.9,34.79,992.25,4.12,235.82,0.0,0.0,0.0,0.0
2019/05/01 18:45,15.5,990.0,1.4,161,0,0,12.66,34.9,992.27,4.15,236.45,0.0,0.0,0.0,0.0
2019/05/01 19:00,15.2,989.900024,0.8,156,0,0,12.44,34.91,992.19,4.23,236.24,0.0,0.0,0.0,0.0
2019/05/02 08:00,28.0,986.700012,3.7,41,493,200,27.97,14.37,990.8,5.26,139.32,563.9,47.49000000000001,516.41,16.03306
2019/05/02 08:15,27.700001,986.700012,4.3,31,425,184,27.84,14.6,990.67,5.51,141.09,511.66,45.83000000000004,465.83,13.31619
2019/05/02 08:30,27.799999,986.599976,4.0,52,375,179,27.72,14.6,990.49,5.71,142.53,475.83,44.63,431.2,12.48931
2019/05/02 08:45,27.6,986.5,3.5,82,324,175,27.57,14.44,990.43,5.84,143.76,420.79,42.650000000000034,378.14,10.94778
2019/05/02 09:00,27.6,986.599976,4.3,100,262,163,27.43,14.2,990.42,5.88,144.6,383.39,41.18000000000001,342.21,9.09125
2019/05/02 09:15,27.299999,986.700012,4.8,32,203,139,27.22,14.13,990.44,5.8,145.17,326.37,38.72000000000003,287.65,7.550594
2019/05/02 09:30,27.0,986.700012,4.3,52,156,121,26.98,14.42,990.4,5.63,145.81,287.91,36.87000000000003,251.04,5.625813
2019/05/02 09:45,26.700001,986.700012,1.8,54,108,103,26.56,15.27,990.32,5.39,147.19,230.03,33.68000000000001,196.35,4.153297
2019/05/02 10:00,26.299999,986.700012,3.8,74,68,73,26.04,16.67,990.24,5.14,149.69,191.72,31.19999999999999,160.52,2.44125
2019/05/02 10:15,25.9,986.799988,2.0,59,52,50,25.27,18.47,990.2,4.88,152.84,135.44,26.72,108.72,1.6036290000000002
2019/05/02 10:30,25.5,986.799988,4.5,42,44,44,24.44,20.3,990.22,4.64,156.21,99.34,23.03,76.31,1.325707
2019/05/02 10:45,25.200001,987.0,2.8,70,28,32,23.41,22.0,990.34,4.49,159.91,49.05,15.739999999999997,33.31,0.92791
2019/05/02 11:00,24.700001,987.099976,2.7,66,12,16,22.52,22.94,990.56,4.45,164.65,20.28,9.000000000000002,11.28,0.408851
2019/05/02 11:15,24.299999,987.299988,2.2,56,0,0,21.76,22.89,990.76,4.5,170.56,0.0,0.0,0.0,0.0
2019/05/02 11:30,23.700001,987.5,2.2,36,0,0,21.16,23.05,990.96,4.58,177.68,0.0,0.0,0.0,0.0
2019/05/02 11:45,23.200001,987.599976,2.3,62,0,0,20.62,23.2,991.12,4.65,185.57,0.0,0.0,0.0,0.0
2019/05/02 12:00,22.6,987.799988,1.3,48,0,0,20.15,23.36,991.29,4.72,194.17,0.0,0.0,0.0,0.0
2019/05/02 12:15,22.1,988.099976,1.3,51,0,0,19.76,23.42,991.49,4.76,202.18,0.0,0.0,0.0,0.0
2019/05/02 12:30,21.9,988.299988,1.8,50,0,0,19.48,23.27,991.68,4.79,207.38,0.0,0.0,0.0,0.0
2019/05/02 12:45,21.799999,988.599976,0.1,79,0,0,19.26,23.06,991.85,4.79,209.77,0.0,0.0,0.0,0.0
2019/05/02 13:00,21.1,988.799988,0.0,26,0,0,19.05,22.89,992.0,4.76,210.4,0.0,0.0,0.0,0.0
2019/05/02 13:15,20.6,989.099976,0.0,1,0,0,18.81,22.91,992.12,4.68,210.52,0.0,0.0,0.0,0.0
2019/05/02 13:30,21.4,989.299988,0.6,41,0,0,18.56,23.11,992.18,4.58,211.13,0.0,0.0,0.0,0.0
2019/05/02 13:45,20.6,989.5,0.0,332,0,0,18.29,23.54,992.14,4.38,213.45,0.0,0.0,0.0,0.0
2019/05/02 14:00,20.299999,989.5,1.6,339,0,0,17.98,24.21,992.13,3.97,218.45,0.0,0.0,0.0,0.0
2019/05/02 14:15,19.299999,989.700012,0.7,350,0,0,17.64,25.08,992.22,3.39,227.36,0.0,0.0,0.0,0.0
2019/05/02 14:30,19.0,989.799988,0.7,326,0,0,17.21,26.14,992.41,2.8,238.74,0.0,0.0,0.0,0.0
2019/05/02 14:45,18.700001,989.799988,1.6,337,0,0,16.88,27.0,992.58,2.31,249.07,0.0,0.0,0.0,0.0
2019/05/02 15:00,18.299999,989.900024,1.3,316,0,0,16.7,27.51,992.73,1.91,260.44,0.0,0.0,0.0,0.0
2019/05/02 15:15,18.700001,990.0,1.8,338,0,0,16.61,27.86,992.92,1.56,272.43,0.0,0.0,0.0,0.0
2019/05/02 15:30,19.0,990.0,1.2,335,0,0,16.62,28.0,993.12,1.29,281.3,0.0,0.0,0.0,0.0
2019/05/02 15:45,18.799999,990.099976,1.5,329,0,0,16.58,28.3,993.31,1.09,291.9,0.0,0.0,0.0,0.0
2019/05/02 16:00,18.700001,989.900024,1.8,344,0,0,15.92,27.83,992.19,0.96,349.15,0.0,0.0,0.0,0.0
2019/05/02 16:15,18.6,990.200012,1.3,337,0,0,15.77,28.02,992.21,0.64,345.6,0.0,0.0,0.0,0.0
2019/05/02 16:30,18.200001,990.099976,0.6,308,0,0,15.66,28.04,992.51,0.5,302.17,0.0,0.0,0.0,0.0
2019/05/02 16:45,17.799999,990.0,1.4,331,0,0,15.58,27.84,992.46,0.81,239.55,0.0,0.0,0.0,0.0
2019/05/02 17:00,17.799999,990.0,1.5,307,0,0,15.46,27.58,992.35,1.43,237.49,0.0,0.0,0.0,0.0
2019/05/02 17:15,17.700001,990.0,0.9,319,0,0,15.17,27.61,992.33,2.09,242.49,0.0,0.0,0.0,0.0
2019/05/02 17:30,17.700001,989.900024,1.0,301,0,0,14.88,27.48,992.24,2.66,247.48,0.0,0.0,0.0,0.0
2019/05/02 17:45,17.6,989.700012,0.6,323,0,0,14.6,27.23,992.35,3.12,252.19,0.0,0.0,0.0,0.0
2019/05/02 18:00,15.5,990.099976,0.5,186,0,0,14.38,26.9,992.64,3.47,253.74,0.0,0.0,0.0,0.0
2019/05/02 18:15,13.4,990.299988,0.4,182,0,0,14.22,26.54,992.77,3.71,255.28,0.0,0.0,0.0,0.0
2019/05/02 18:30,13.9,990.200012,0.1,177,0,0,14.12,26.2,992.83,3.86,255.76,0.0,0.0,0.0,0.0
2019/05/02 18:45,15.0,990.099976,1.2,154,0,0,14.04,25.98,992.96,3.97,256.35,0.0,0.0,0.0,0.0
2019/05/02 19:00,14.8,990.099976,0.9,141,0,0,13.94,25.98,993.03,4.03,255.78,0.0,0.0,0.0,0.0
2019/05/03 08:00,26.4,987.099976,4.9,60,187,210,28.53,18.86,990.06,7.18,142.55,446.85,110.83000000000004,336.02,7.127969
2019/05/03 08:15,26.4,987.099976,4.0,33,189,218,28.39,19.78,989.93,7.41,143.93,396.02,113.19,282.83,6.86175
2019/05/03 08:30,26.1,987.200012,2.2,46,229,241,28.26,20.23,989.79,7.63,145.44,366.94,85.21999999999997,281.72,8.359531
2019/05/03 08:45,26.0,987.0,4.2,58,180,205,28.07,20.57,989.71,7.81,146.52,315.8,105.88000000000002,209.92,6.398656
2019/05/03 09:00,26.4,986.799988,4.4,30,278,276,27.88,20.96,989.67,7.91,146.91,286.61,70.52000000000001,216.09,9.938907
2019/05/03 09:15,26.0,986.900024,4.2,71,139,163,27.56,21.64,989.63,7.94,146.83,228.48,62.50999999999999,165.97,4.662875
2019/05/03 09:30,25.5,987.099976,2.9,73,131,141,27.28,22.43,989.57,7.91,146.97,205.0,65.44999999999999,139.55,4.725985
2019/05/03 09:45,25.200001,987.200012,3.2,45,113,130,26.83,23.5,989.48,7.82,148.18,156.94,73.06,83.88,3.845188
2019/05/03 10:00,24.799999,987.299988,2.7,47,99,117,26.35,24.68,989.39,7.67,149.84,132.78,53.77,79.01,3.518813
2019/05/03 10:15,24.5,987.400024,3.4,51,69,83,25.76,25.91,989.29,7.44,151.46,95.83,34.12,61.71,2.305297
2019/05/03 10:30,24.1,987.5,3.2,59,49,60,25.15,27.16,989.26,7.16,152.66,75.15,22.480000000000004,52.67,1.650441
2019/05/03 10:45,23.700001,987.5,4.4,49,24,30,24.42,28.33,989.34,6.87,153.7,35.83,15.97,19.86,0.764654
2019/05/03 11:00,23.299999,987.700012,4.0,39,9,11,23.78,29.09,989.57,6.61,155.13,15.93,8.54,7.39,0.264161
2019/05/03 11:15,22.799999,987.799988,5.1,38,0,0,23.23,29.29,989.78,6.4,156.78,0.0,0.0,0.0,0.0
2019/05/03 11:30,22.4,987.799988,2.7,35,0,0,22.81,29.52,989.92,6.28,157.68,0.0,0.0,0.0,0.0
2019/05/03 11:45,22.0,988.200012,2.4,45,0,0,22.44,29.77,990.02,6.22,158.39,0.0,0.0,0.0,0.0
2019/05/03 12:00,21.6,988.5,1.5,4,0,0,22.12,30.1,990.1,6.19,158.25,0.0,0.0,0.0,0.0
2019/05/03 12:15,21.299999,988.799988,1.5,26,0,0,21.8,30.57,990.17,6.14,157.83,0.0,0.0,0.0,0.0
2019/05/03 12:30,21.200001,988.900024,2.2,21,0,0,21.5,31.18,990.24,6.04,157.64,0.0,0.0,0.0,0.0
2019/05/03 12:45,21.0,989.0,2.3,6,0,0,21.08,32.11,990.3,5.84,157.4,0.0,0.0,0.0,0.0
2019/05/03 13:00,20.6,989.200012,1.7,4,0,0,20.59,33.28,990.36,5.46,157.5,0.0,0.0,0.0,0.0
2019/05/03 13:15,20.1,989.400024,1.3,320,0,0,20.03,34.73,990.47,4.87,158.15,0.0,0.0,0.0,0.0
2019/05/03 13:30,19.299999,989.5,2.0,322,0,0,19.48,36.11,990.56,4.11,158.01,0.0,0.0,0.0,0.0
2019/05/03 13:45,19.299999,989.5,0.3,298,0,0,19.01,37.29,990.56,3.37,157.97,0.0,0.0,0.0,0.0
2019/05/03 14:00,19.0,989.5,1.1,301,0,0,18.74,37.93,990.57,2.79,159.21,0.0,0.0,0.0,0.0
2019/05/03 14:15,18.9,989.599976,1.2,305,0,0,18.63,38.1,990.69,2.47,164.52,0.0,0.0,0.0,0.0
2019/05/03 14:30,19.0,989.5,1.9,315,0,0,18.58,38.1,990.83,2.44,175.31,0.0,0.0,0.0,0.0
2019/05/03 14:45,19.1,989.5,2.0,305,0,0,18.52,38.23,990.93,2.61,191.0,0.0,0.0,0.0,0.0
2019/05/03 15:00,19.1,989.299988,2.9,325,0,0,18.4,38.68,991.01,2.88,209.11,0.0,0.0,0.0,0.0
2019/05/03 15:15,18.9,989.200012,2.0,332,0,0,18.21,39.61,991.16,3.12,225.82,0.0,0.0,0.0,0.0
2019/05/03 15:30,18.6,989.099976,2.1,332,0,0,17.99,40.7,991.35,3.2,239.03,0.0,0.0,0.0,0.0
2019/05/03 15:45,18.299999,989.299988,1.4,328,0,0,17.82,41.65,991.54,3.15,248.52,0.0,0.0,0.0,0.0
2019/05/03 16:00,17.9,989.400024,2.5,324,0,0,15.93,43.03,990.89,3.26,279.0,0.0,0.0,0.0,0.0
2019/05/03 16:15,17.799999,989.099976,3.1,320,0,0,15.8,43.08,990.85,3.34,281.82,0.0,0.0,0.0,0.0
2019/05/03 16:30,17.6,989.200012,1.8,300,0,0,15.68,43.09,990.99,3.33,285.95,0.0,0.0,0.0,0.0
2019/05/03 16:45,17.6,989.0,2.6,322,0,0,15.45,43.4,990.69,3.34,289.57,0.0,0.0,0.0,0.0
2019/05/03 17:00,17.4,989.099976,0.3,258,0,0,15.19,43.96,990.61,3.41,287.16,0.0,0.0,0.0,0.0
2019/05/03 17:15,17.1,989.0,0.2,261,0,0,14.94,44.57,990.63,3.54,279.68,0.0,0.0,0.0,0.0
2019/05/03 17:30,17.1,989.0,0.3,315,0,0,14.8,44.97,990.68,3.67,274.47,0.0,0.0,0.0,0.0
2019/05/03 17:45,17.200001,988.900024,1.8,326,0,0,14.74,45.16,990.94,3.76,272.89,0.0,0.0,0.0,0.0
2019/05/03 18:00,16.799999,988.900024,1.7,332,0,0,14.69,45.46,991.19,3.82,272.46,0.0,0.0,0.0,0.0
2019/05/03 18:15,17.0,988.700012,0.2,273,0,0,14.61,45.97,991.08,3.84,271.8,0.0,0.0,0.0,0.0
2019/05/03 18:30,16.6,988.700012,0.0,281,0,0,14.52,46.58,991.01,3.81,269.77,0.0,0.0,0.0,0.0
2019/05/03 18:45,16.700001,988.599976,0.0,271,0,0,14.43,47.32,990.84,3.79,266.56,0.0,0.0,0.0,0.0
2019/05/03 19:00,14.6,988.799988,0.3,225,0,0,14.36,48.15,990.73,3.78,263.69,0.0,0.0,0.0,0.0
2019/05/04 08:00,27.5,984.799988,1.0,48,446,271,28.78,29.01,986.91,7.45,153.93,542.38,47.170000000000016,495.21,15.02025
2019/05/04 08:15,27.6,984.799988,2.8,73,291,252,28.78,29.29,986.78,7.33,154.64,492.15,45.54999999999996,446.6,9.641407
2019/05/04 08:30,26.700001,985.099976,2.7,61,167,179,28.73,29.74,986.7,7.19,155.75,457.4,44.35999999999996,413.04,5.695375
2019/05/04 08:45,26.799999,985.299988,4.5,43,134,139,28.58,30.42,986.75,7.09,156.9,403.91,42.410000000000025,361.5,4.58336
2019/05/04 09:00,26.700001,985.200012,1.6,52,92,96,28.38,31.2,986.8,7.09,158.56,367.7,40.95999999999998,326.74,3.110078
2019/05/04 09:15,26.6,985.5,1.1,42,110,122,28.09,32.11,986.82,7.21,160.21,312.88,38.56,274.32,3.792469
2019/05/04 09:30,26.700001,985.900024,1.5,348,96,107,27.81,33.13,986.77,7.38,160.57,276.03,36.73999999999998,239.29,3.267305
2019/05/04 09:45,26.6,986.200012,0.6,339,46,47,27.42,34.44,986.68,7.49,159.41,220.7,33.629999999999995,187.07,1.511699
2019/05/04 10:00,26.1,986.400024,1.0,336,34,40,27.02,35.85,986.6,7.47,156.82,184.13,31.19999999999999,152.93,1.0393629999999998
2019/05/04 10:15,25.700001,986.900024,2.9,324,19,22,26.49,37.42,986.57,7.35,153.39,130.55,26.860000000000014,103.69,0.54291
2019/05/04 10:30,24.700001,987.200012,2.7,323,12,15,25.94,38.95,986.63,7.23,150.71,96.31,23.290000000000006,73.02,0.320558
2019/05/04 10:45,24.6,987.400024,2.8,335,12,17,25.32,40.45,986.83,7.16,149.68,48.82,16.310000000000002,32.51,0.335412
2019/05/04 11:00,24.5,987.5,3.8,324,4,6,24.75,41.7,987.11,7.12,150.81,21.74,9.929999999999998,11.81,0.057239
2019/05/04 11:15,24.1,987.799988,2.2,334,0,0,24.25,42.64,987.33,7.06,152.36,0.0,0.0,0.0,0.0
2019/05/04 11:30,23.799999,988.099976,2.3,337,0,0,23.84,43.69,987.63,6.97,153.71,0.0,0.0,0.0,0.0
2019/05/04 11:45,23.4,988.200012,1.7,327,0,0,23.49,44.72,987.89,6.85,155.96,0.0,0.0,0.0,0.0
2019/05/04 12:00,22.9,988.5,3.0,322,0,0,23.15,45.78,988.12,6.63,157.71,0.0,0.0,0.0,0.0
2019/05/04 12:15,22.299999,988.799988,1.3,284,0,0,22.8,46.88,988.32,6.3,159.53,0.0,0.0,0.0,0.0
2019/05/04 12:30,22.1,988.900024,1.5,325,0,0,22.46,48.05,988.47,5.79,162.09,0.0,0.0,0.0,0.0
2019/05/04 12:45,22.0,988.900024,1.6,324,0,0,22.07,49.44,988.72,4.91,164.85,0.0,0.0,0.0,0.0
2019/05/04 13:00,21.700001,989.0,1.8,323,0,0,21.64,51.07,988.96,3.72,171.52,0.0,0.0,0.0,0.0
2019/05/04 13:15,21.4,989.099976,0.1,314,0,0,21.18,52.76,989.24,2.63,192.01,0.0,0.0,0.0,0.0
2019/05/04 13:30,21.200001,989.099976,0.0,297,0,0,20.77,54.28,989.38,2.07,222.89,0.0,0.0,0.0,0.0
2019/05/04 13:45,21.0,989.099976,0.0,286,0,0,20.45,55.41,989.33,2.06,236.68,0.0,0.0,0.0,0.0
2019/05/04 14:00,20.799999,988.900024,1.3,315,0,0,20.13,56.59,989.27,2.27,244.64,0.0,0.0,0.0,0.0
2019/05/04 14:15,20.4,989.299988,0.8,291,0,0,19.81,57.79,989.35,2.48,258.77,0.0,0.0,0.0,0.0
2019/05/04 14:30,20.1,989.299988,1.6,308,0,0,19.57,58.66,989.58,2.74,271.59,0.0,0.0,0.0,0.0
2019/05/04 14:45,20.1,989.200012,0.0,293,0,0,19.36,59.45,989.76,3.08,281.17,0.0,0.0,0.0,0.0
2019/05/04 15:00,19.799999,989.5,0.0,166,0,0,19.17,60.16,989.94,3.46,286.94,0.0,0.0,0.0,0.0
2019/05/04 15:15,19.1,989.599976,0.0,141,0,0,19.05,60.62,990.16,3.8,291.32,0.0,0.0,0.0,0.0
2019/05/04 15:30,19.5,989.5,0.0,201,0,0,18.93,61.13,990.49,4.01,296.96,0.0,0.0,0.0,0.0
2019/05/04 15:45,19.5,989.700012,0.3,254,0,0,18.82,61.59,990.84,4.09,301.96,0.0,0.0,0.0,0.0
2019/05/04 16:00,18.9,989.599976,0.0,228,0,0,18.04,53.17,991.26,1.84,316.95,0.0,0.0,0.0,0.0
2019/05/04 16:15,18.700001,989.799988,0.0,241,0,0,17.86,53.6,991.47,2.13,305.12,0.0,0.0,0.0,0.0
2019/05/04 16:30,18.9,989.799988,0.0,181,0,0,17.66,54.17,991.66,2.51,296.84,0.0,0.0,0.0,0.0
2019/05/04 16:45,18.6,989.799988,0.5,153,0,0,17.49,54.59,991.7,2.85,293.01,0.0,0.0,0.0,0.0
2019/05/04 17:00,18.799999,989.599976,0.4,124,0,0,17.31,55.06,991.58,3.09,291.1,0.0,0.0,0.0,0.0
2019/05/04 17:15,18.9,989.700012,0.0,213,0,0,17.13,55.49,991.59,3.23,290.31,0.0,0.0,0.0,0.0
2019/05/04 17:30,18.299999,989.799988,0.6,214,0,0,16.98,55.85,991.88,3.32,288.49,0.0,0.0,0.0,0.0
2019/05/04 17:45,18.200001,989.5,0.6,145,0,0,16.83,56.17,992.1,3.38,286.87,0.0,0.0,0.0,0.0
2019/05/04 18:00,18.1,989.599976,0.5,229,0,0,16.67,56.55,992.16,3.42,285.39,0.0,0.0,0.0,0.0
2019/05/04 18:15,17.700001,989.700012,0.8,159,0,0,16.5,56.97,992.15,3.47,283.33,0.0,0.0,0.0,0.0
2019/05/04 18:30,17.700001,989.700012,0.5,237,0,0,16.37,57.28,992.32,3.55,281.01,0.0,0.0,0.0,0.0
2019/05/04 18:45,17.1,989.599976,0.0,206,0,0,16.28,57.42,992.61,3.68,279.35,0.0,0.0,0.0,0.0
2019/05/04 19:00,17.6,989.700012,0.0,152,0,0,16.22,57.49,992.75,3.86,276.09,0.0,0.0,0.0,0.0
2019/05/05 08:00,22.200001,996.0,3.2,46,457,225,21.35,17.38,1000.39,7.48,85.28,565.6,47.89999999999998,517.7,14.912629999999998
2019/05/05 08:15,22.200001,996.0,3.6,37,409,231,21.28,17.06,1000.33,7.35,85.59,514.75,46.27999999999997,468.47,14.31872
2019/05/05 08:30,22.200001,996.099976,3.7,51,348,216,21.23,16.88,1000.26,7.2,85.96,479.48,45.09000000000003,434.39,12.07172
2019/05/05 08:45,22.0,996.299988,3.5,42,297,210,21.14,16.97,1000.26,7.0,86.34,424.8,43.110000000000014,381.69,10.30444
2019/05/05 09:00,21.700001,996.400024,1.5,352,141,149,21.06,17.25,1000.28,6.78,86.64,387.39,41.64999999999998,345.74,4.659375
2019/05/05 09:15,21.299999,996.5,3.2,18,138,134,20.93,17.68,1000.3,6.53,86.68,330.32,39.21999999999997,291.1,4.326875
2019/05/05 09:30,21.299999,996.599976,4.1,350,134,138,20.82,18.14,1000.3,6.26,86.33,291.94,37.38,254.56,4.475297
2019/05/05 09:45,21.0,996.799988,3.0,8,76,93,20.62,18.7,1000.26,5.93,85.35,234.45,34.23999999999998,200.21,2.5386490000000004
2019/05/05 10:00,20.799999,996.900024,1.6,25,70,81,20.4,19.52,1000.25,5.47,83.62,196.48,31.81,164.67,2.318203
2019/05/05 10:15,20.5,997.099976,2.3,355,41,50,20.0,21.1,1000.29,4.82,80.55,140.69,27.459999999999997,113.23,1.402215
2019/05/05 10:30,20.200001,997.099976,2.1,35,39,46,19.46,23.39,1000.41,4.08,75.5,104.85,23.89999999999999,80.95,1.342441
2019/05/05 10:45,20.0,997.299988,2.1,23,23,28,18.64,25.88,1000.61,3.54,68.91,54.72,16.97,37.75,0.7803359999999999
2019/05/05 11:00,19.6,997.400024,1.0,26,9,11,17.96,27.19,1000.91,3.32,62.24,25.56,10.669999999999998,14.89,0.27987
2019/05/05 11:15,19.299999,997.900024,0.7,12,0,0,17.38,27.21,1001.15,3.27,57.42,0.0,0.0,0.0,0.0
2019/05/05 11:30,18.9,998.0,0.0,344,0,0,16.91,27.9,1001.4,3.19,55.01,0.0,0.0,0.0,0.0
2019/05/05 11:45,18.9,998.400024,0.7,345,0,0,16.44,28.77,1001.6,3.03,54.33,0.0,0.0,0.0,0.0
2019/05/05 12:00,18.5,998.900024,0.6,337,0,0,15.93,29.74,1001.79,2.91,52.89,0.0,0.0,0.0,0.0
2019/05/05 12:15,18.4,998.799988,0.9,339,0,0,15.21,31.9,1002.09,3.09,75.33,0.0,0.0,0.0,0.0
2019/05/05 12:30,18.1,999.0,0.9,340,0,0,14.62,35.09,1002.48,3.66,111.96,0.0,0.0,0.0,0.0
2019/05/05 12:45,17.799999,999.200012,0.9,329,0,0,14.32,37.96,1002.76,4.29,140.23,0.0,0.0,0.0,0.0
2019/05/05 13:00,17.799999,999.400024,0.9,333,0,0,14.08,40.19,1002.88,4.71,155.05,0.0,0.0,0.0,0.0
2019/05/05 13:15,17.700001,999.400024,1.1,342,0,0,13.73,42.09,1003.08,4.82,161.37,0.0,0.0,0.0,0.0
2019/05/05 13:30,17.6,999.799988,1.4,336,0,0,13.36,43.72,1003.27,4.68,165.85,0.0,0.0,0.0,0.0
2019/05/05 13:45,17.299999,999.900024,2.3,26,0,0,13.01,45.03,1003.3,4.42,170.44,0.0,0.0,0.0,0.0
2019/05/05 14:00,16.4,1000.200012,1.3,71,0,0,12.7,46.1,1003.31,4.11,174.66,0.0,0.0,0.0,0.0
2019/05/05 14:15,16.299999,1000.200012,1.5,66,0,0,12.42,46.92,1003.43,3.78,178.03,0.0,0.0,0.0,0.0
2019/05/05 14:30,16.5,1000.299988,3.1,64,0,0,12.22,47.43,1003.64,3.41,180.85,0.0,0.0,0.0,0.0
2019/05/05 14:45,16.200001,1000.299988,3.5,53,0,0,12.02,47.9,1003.88,2.98,182.89,0.0,0.0,0.0,0.0
2019/05/05 15:00,15.8,1000.400024,3.4,46,0,0,11.82,48.39,1004.12,2.56,185.11,0.0,0.0,0.0,0.0
2019/05/05 15:15,15.6,1000.599976,3.0,50,0,0,11.65,48.67,1004.4,2.19,188.98,0.0,0.0,0.0,0.0
2019/05/05 15:30,15.4,1000.799988,3.8,57,0,0,11.51,48.81,1004.67,1.89,195.62,0.0,0.0,0.0,0.0
2019/05/05 15:45,15.2,1000.799988,1.8,33,0,0,11.38,48.88,1004.95,1.67,207.33,0.0,0.0,0.0,0.0
2019/05/05 16:00,14.9,1001.099976,0.2,61,0,0,13.15,37.37,1002.35,0.86,296.27,0.0,0.0,0.0,0.0
2019/05/05 16:15,14.6,1001.099976,1.6,21,0,0,12.84,38.21,1002.65,1.48,303.06,0.0,0.0,0.0,0.0
2019/05/05 16:30,14.4,1001.299988,2.1,28,0,0,12.45,39.23,1003.1,2.05,306.28,0.0,0.0,0.0,0.0
2019/05/05 16:45,14.2,1001.400024,1.6,48,0,0,12.02,40.28,1003.19,2.43,306.35,0.0,0.0,0.0,0.0
2019/05/05 17:00,14.0,1001.400024,1.5,10,0,0,11.66,41.08,1003.15,2.53,304.79,0.0,0.0,0.0,0.0
2019/05/05 17:15,13.9,1001.299988,1.4,20,0,0,11.42,41.58,1003.29,2.41,303.93,0.0,0.0,0.0,0.0
2019/05/05 17:30,13.8,1001.299988,1.0,14,0,0,11.22,42.0,1003.37,2.23,302.78,0.0,0.0,0.0,0.0
2019/05/05 17:45,13.5,1001.200012,0.8,318,0,0,11.05,42.36,1003.57,2.11,299.14,0.0,0.0,0.0,0.0
2019/05/05 18:00,13.1,1001.299988,0.4,320,0,0,10.86,42.77,1003.64,2.14,294.75,0.0,0.0,0.0,0.0
2019/05/05 18:15,12.7,1001.400024,1.7,322,0,0,10.64,43.22,1003.81,2.32,292.49,0.0,0.0,0.0,0.0
2019/05/05 18:30,12.6,1001.299988,1.0,322,0,0,10.41,43.68,1003.76,2.52,288.79,0.0,0.0,0.0,0.0
2019/05/05 18:45,12.6,1001.200012,1.3,319,0,0,10.18,44.13,1003.68,2.75,285.18,0.0,0.0,0.0,0.0
2019/05/05 19:00,12.4,1001.299988,1.4,311,0,0,9.98,44.48,1003.71,2.98,281.36,0.0,0.0,0.0,0.0
2019/05/06 08:00,21.4,995.099976,2.5,22,407,285,21.99,21.62,998.7,4.69,150.16,564.66,47.85000000000002,516.81,14.001970000000002
2019/05/06 08:15,21.799999,994.799988,2.2,55,370,285,22.0,21.6,998.49,4.92,149.18,513.34,46.23000000000002,467.11,12.60766
2019/05/06 08:30,21.4,994.700012,3.0,90,276,253,21.99,21.67,998.24,5.2,147.96,477.89,45.02999999999997,432.86,9.591969
2019/05/06 08:45,21.4,994.400024,1.9,43,235,229,21.91,21.9,998.04,5.5,147.27,423.2,43.06,380.14,8.1025
2019/05/06 09:00,21.700001,994.599976,0.1,81,198,200,21.83,22.23,997.85,5.8,146.5,385.92,41.610000000000014,344.31,6.878375
2019/05/06 09:15,20.9,994.400024,3.5,49,153,170,21.68,22.71,997.67,6.03,145.38,329.16,39.18000000000001,289.98,5.32
2019/05/06 09:30,20.6,994.400024,1.9,51,142,157,21.55,23.21,997.49,6.11,144.3,291.02,37.369999999999976,253.65,4.854609
2019/05/06 09:45,20.299999,994.200012,1.9,0,108,126,21.35,23.89,997.29,6.05,143.43,233.88,34.25999999999999,199.62,3.718641
2019/05/06 10:00,20.200001,994.099976,2.8,68,83,97,21.13,24.76,997.08,5.82,142.93,196.12,31.980000000000015,164.14,2.82111
2019/05/06 10:15,19.9,994.0,1.8,51,63,75,20.73,26.04,996.87,5.42,142.79,140.91,27.569999999999997,113.34,2.122969
2019/05/06 10:30,19.700001,994.0,4.2,47,42,52,20.23,27.66,996.72,4.89,142.59,105.47,24.11,81.36,1.439731
2019/05/06 10:45,19.4,994.099976,3.1,85,21,26,19.46,29.74,996.76,4.32,142.45,55.88,17.28,38.6,0.657795
2019/05/06 11:00,19.200001,994.099976,2.3,64,9,11,18.64,31.6,996.92,3.85,143.2,26.94,11.14,15.8,0.253771
2019/05/06 11:15,18.9,994.299988,2.1,50,0,0,17.86,32.31,997.04,3.58,146.0,0.0,0.0,0.0,0.0
2019/05/06 11:30,18.6,994.299988,2.6,73,0,0,17.31,32.98,997.16,3.47,152.13,0.0,0.0,0.0,0.0
2019/05/06 11:45,18.299999,994.400024,0.8,44,0,0,16.87,33.33,997.24,3.48,160.14,0.0,0.0,0.0,0.0
2019/05/06 12:00,18.0,994.5,1.6,49,0,0,16.51,33.5,997.27,3.59,168.57,0.0,0.0,0.0,0.0
2019/05/06 12:15,17.799999,994.599976,1.0,18,0,0,16.21,33.65,997.31,3.72,176.55,0.0,0.0,0.0,0.008193
2019/05/06 12:30,17.6,994.700012,0.9,38,0,0,15.91,33.98,997.34,3.65,183.6,0.0,0.0,0.0,0.0
2019/05/06 12:45,17.200001,994.900024,2.0,4,0,0,15.66,34.34,997.39,3.19,191.59,0.0,0.0,0.0,0.0
2019/05/06 13:00,17.200001,995.0,2.0,14,0,0,15.46,34.72,997.46,2.4,205.31,0.0,0.0,0.0,0.0
2019/05/06 13:15,16.9,995.099976,1.7,11,0,0,15.19,35.34,997.56,1.81,237.59,0.0,0.0,0.0,0.0
2019/05/06 13:30,16.799999,995.099976,1.8,15,0,0,14.97,35.82,997.65,1.83,293.35,0.0,0.0,0.0,0.0
2019/05/06 13:45,16.700001,995.099976,1.0,24,0,0,14.7,36.56,997.59,2.16,316.96,0.0,0.0,0.0,0.0
2019/05/06 14:00,16.299999,995.400024,0.9,339,0,0,14.55,37.1,997.48,2.26,318.42,0.0,0.0,0.0,0.0
2019/05/06 14:15,16.1,995.200012,0.2,356,0,0,14.42,37.66,997.43,2.24,304.63,0.0,0.0,0.0,0.0
2019/05/06 14:30,15.4,995.299988,0.0,272,0,0,14.17,38.68,997.47,2.5,287.59,0.0,0.0,0.0,0.0
2019/05/06 14:45,14.8,995.099976,0.2,270,0,0,13.84,39.95,997.51,3.0,280.7,0.0,0.0,0.0,0.0
2019/05/06 15:00,14.7,995.200012,0.1,322,0,0,13.56,40.98,997.54,3.41,280.79,0.0,0.0,0.0,0.0
2019/05/06 15:15,14.8,995.099976,0.0,284,0,0,13.34,41.74,997.6,3.63,283.54,0.0,0.0,0.0,0.0
2019/05/06 15:30,15.0,995.099976,0.9,334,0,0,13.15,42.35,997.68,3.68,286.84,0.0,0.0,0.0,0.0
2019/05/06 15:45,15.4,995.099976,0.0,291,0,0,12.96,42.91,997.77,3.63,289.68,0.0,0.0,0.0,0.0
2019/05/06 16:00,15.0,995.299988,0.0,285,0,0,12.7,46.14,996.75,2.92,273.33,0.0,0.0,0.0,0.0
2019/05/06 16:15,14.8,995.299988,0.0,306,0,0,12.64,46.51,996.69,2.77,276.72,0.0,0.0,0.0,0.0
2019/05/06 16:30,14.7,995.200012,0.0,204,0,0,12.62,46.6,996.86,2.6,279.49,0.0,0.0,0.0,0.0
2019/05/06 16:45,14.0,995.099976,0.0,245,0,0,12.56,46.72,996.76,2.5,278.84,0.0,0.0,0.0,0.0
2019/05/06 17:00,13.5,995.0,0.0,168,0,0,12.47,46.86,996.59,2.51,274.16,0.0,0.0,0.0,0.0
2019/05/06 17:15,12.9,995.0,0.1,168,0,0,12.36,47.02,996.39,2.61,268.69,0.0,0.0,0.0,0.0
2019/05/06 17:30,13.7,994.900024,0.7,149,0,0,12.25,47.14,996.29,2.76,263.11,0.0,0.0,0.0,0.0
2019/05/06 17:45,13.5,994.900024,0.8,148,0,0,12.18,47.13,996.37,2.85,260.1,0.0,0.0,0.0,0.0
2019/05/06 18:00,13.4,994.900024,0.3,158,0,0,12.14,46.95,996.43,2.84,257.66,0.0,0.0,0.0,0.0
2019/05/06 18:15,13.0,994.799988,0.0,165,0,0,12.11,46.76,996.4,2.83,255.65,0.0,0.0,0.0,0.0
2019/05/06 18:30,12.6,994.799988,0.3,171,0,0,12.06,46.69,996.37,2.87,254.55,0.0,0.0,0.0,0.0
2019/05/06 18:45,13.0,994.700012,0.4,155,0,0,11.96,46.75,996.36,2.99,254.68,0.0,0.0,0.0,0.0
2019/05/06 19:00,12.8,994.700012,1.1,165,0,0,11.82,46.91,996.31,3.15,254.52,0.0,0.0,0.0,0.0
2019/05/07 08:00,25.6,987.200012,1.1,38,464,237,26.41,21.89,990.21,5.51,151.96,530.34,44.55000000000001,485.79,15.62094
2019/05/07 08:15,25.6,987.0,3.2,30,401,237,26.33,22.62,989.96,5.69,152.36,487.49,43.59000000000003,443.9,13.38334
2019/05/07 08:30,25.299999,987.099976,5.5,33,319,217,26.26,22.85,989.7,5.9,151.68,458.27,42.91999999999996,415.35,10.86138
2019/05/07 08:45,25.1,987.099976,4.4,106,280,202,26.17,22.87,989.54,6.12,150.94,408.94,41.38,367.56,9.302563
2019/05/07 09:00,24.9,986.900024,2.6,80,241,193,26.07,22.78,989.44,6.29,150.36,370.01,43.50999999999999,326.5,8.463
2019/05/07 09:15,24.6,987.0,3.3,50,180,170,25.95,22.58,989.33,6.41,150.45,323.42,38.25999999999999,285.16,6.409266000000001
2019/05/07 09:30,24.200001,986.700012,3.4,62,161,165,25.8,22.32,989.19,6.46,151.58,288.62,36.80000000000001,251.82,5.664531
2019/05/07 09:45,24.1,986.700012,5.2,84,108,124,25.51,22.24,989.03,6.45,153.39,230.28,35.16,195.12,3.622609
2019/05/07 10:00,23.5,986.599976,2.7,40,83,99,25.15,22.35,988.88,6.31,155.34,197.61,31.720000000000027,165.89,2.803664
2019/05/07 10:15,23.200001,986.799988,4.4,37,67,81,24.59,22.91,988.76,6.04,156.71,142.53,27.489999999999995,115.04,2.233109
2019/05/07 10:30,22.9,986.799988,2.4,45,45,56,23.94,23.78,988.68,5.73,156.54,106.46,23.83,82.63,1.490371
2019/05/07 10:45,22.6,986.900024,5.5,72,26,33,23.09,24.82,988.7,5.52,155.61,56.55,17.18,39.37,0.8594280000000001
2019/05/07 11:00,22.1,986.900024,2.8,56,10,13,22.28,25.49,988.79,5.45,155.77,27.78,11.21,16.57,0.3094969999999999
2019/05/07 11:15,21.700001,987.0,3.0,51,0,0,21.55,25.31,988.85,5.5,157.73,0.0,0.0,0.0,0.0
2019/05/07 11:30,21.4,987.0,2.7,49,0,0,21.05,25.02,988.9,5.6,161.01,0.0,0.0,0.0,0.0
2019/05/07 11:45,20.9,987.099976,2.4,46,0,0,20.67,24.72,988.9,5.67,164.64,0.0,0.0,0.0,0.0
2019/05/07 12:00,20.5,987.099976,2.2,47,0,0,20.31,24.61,988.89,5.67,168.72,0.0,0.0,0.0,0.0
2019/05/07 12:15,20.299999,987.200012,2.6,38,0,0,19.94,24.71,988.87,5.59,173.22,0.0,0.0,0.0,0.0
2019/05/07 12:30,19.799999,987.299988,1.6,48,0,0,19.57,25.03,988.86,5.43,178.05,0.0,0.0,0.0,0.0
2019/05/07 12:45,19.6,987.400024,1.9,45,0,0,19.2,25.43,988.86,5.22,182.83,0.0,0.0,0.0,0.0
2019/05/07 13:00,19.6,987.5,2.5,46,0,0,18.83,25.78,988.84,4.93,186.92,0.0,0.0,0.0,0.0217979999999999
2019/05/07 13:15,19.5,987.5,2.5,51,0,0,18.49,26.06,988.81,4.49,190.46,0.0,0.0,0.0,0.0
2019/05/07 13:30,19.4,987.5,1.7,38,0,0,18.18,26.32,988.79,3.75,195.74,0.0,0.0,0.0,0.0
2019/05/07 13:45,19.0,987.599976,0.0,163,0,0,17.87,26.8,988.73,2.77,207.86,0.0,0.0,0.0,0.0
2019/05/07 14:00,18.700001,987.599976,0.0,315,0,0,17.59,27.42,988.71,1.95,234.96,0.0,0.0,0.0,0.0
2019/05/07 14:15,18.5,987.400024,0.0,11,0,0,17.52,27.75,988.73,1.56,268.56,0.0,0.0,0.0,0.0
2019/05/07 14:30,18.4,987.400024,0.4,353,0,0,17.49,28.03,988.76,1.52,284.89,0.0,0.0,0.0,0.0
2019/05/07 14:45,18.799999,987.200012,1.1,5,0,0,17.33,28.66,988.75,1.83,272.99,0.0,0.0,0.0,0.0
2019/05/07 15:00,18.4,987.400024,1.5,352,0,0,17.02,29.83,988.73,2.45,256.11,0.0,0.0,0.0,0.0
2019/05/07 15:15,17.9,987.299988,1.7,342,0,0,16.77,31.42,988.72,3.04,249.27,0.0,0.0,0.0,0.0
2019/05/07 15:30,17.700001,987.299988,1.2,348,0,0,16.68,33.13,988.73,3.35,245.06,0.0,0.0,0.0,0.0
2019/05/07 15:45,17.799999,987.299988,1.5,327,0,0,16.65,34.91,988.79,3.55,244.78,0.0,0.0,0.0,0.0
2019/05/07 16:00,17.799999,987.200012,1.7,337,0,0,15.12,35.15,988.71,2.62,280.05,0.0,0.0,0.0,0.0
2019/05/07 16:15,17.799999,986.900024,1.8,351,0,0,15.0,35.87,988.38,2.31,276.88,0.0,0.0,0.0,0.0
2019/05/07 16:30,17.5,986.799988,0.3,324,0,0,14.95,36.49,988.55,2.11,266.99,0.0,0.0,0.0,0.0
2019/05/07 16:45,17.299999,986.599976,0.6,325,0,0,14.91,37.08,988.49,1.99,263.54,0.0,0.0,0.0,0.0
2019/05/07 17:00,17.299999,986.599976,0.7,352,0,0,14.91,37.47,988.58,1.85,265.68,0.0,0.0,0.0,0.0
2019/05/07 17:15,16.799999,986.599976,0.0,78,0,0,14.9,37.83,988.53,1.72,265.44,0.0,0.0,0.0,0.0
2019/05/07 17:30,16.700001,986.299988,0.4,271,0,0,14.81,38.47,988.25,1.74,259.67,0.0,0.0,0.0,0.0
2019/05/07 17:45,16.5,986.099976,0.0,281,0,0,14.71,39.28,988.21,1.86,254.91,0.0,0.0,0.0,0.0
2019/05/07 18:00,16.5,986.0,0.0,310,0,0,14.59,40.3,988.18,2.02,257.01,0.0,0.0,0.0,0.0
2019/05/07 18:15,16.299999,985.799988,0.0,314,0,0,14.41,41.57,987.84,2.17,261.86,0.0,0.0,0.0,0.0
2019/05/07 18:30,16.1,985.799988,0.0,118,0,0,14.23,42.93,987.68,2.26,266.51,0.0,0.0,0.0,0.0
2019/05/07 18:45,16.0,985.599976,0.0,104,0,0,14.09,44.27,987.43,2.28,267.01,0.0,0.0,0.0,0.0
2019/05/07 19:00,16.1,985.599976,0.0,166,0,0,14.0,45.61,987.31,2.28,261.86,0.0,0.0,0.0,0.0
2019/05/08 08:00,23.700001,982.700012,1.0,30,173,197,25.95,30.6,983.2,7.32,287.99,324.62,35.73000000000002,288.89,6.074687
2019/05/08 08:15,24.0,982.900024,1.3,80,140,162,25.8,30.28,983.13,7.16,295.82,299.05,27.80000000000001,271.25,4.956656
2019/05/08 08:30,23.700001,983.099976,2.2,130,133,152,25.73,29.55,983.02,6.86,304.03,273.25,28.31,244.94,4.770719000000001
2019/05/08 08:45,23.0,983.099976,2.1,151,136,156,25.69,28.82,982.95,6.58,310.08,261.76,27.66,234.1,4.699625
2019/05/08 09:00,23.299999,983.099976,1.8,156,130,150,25.67,28.19,982.91,6.27,313.8,250.8,27.57000000000002,223.23,4.568813
2019/05/08 09:15,23.0,983.0,3.7,215,127,150,25.62,27.65,982.86,5.84,315.87,218.49,26.080000000000013,192.41,4.436578
2019/05/08 09:30,22.9,983.0,1.1,161,104,126,25.6,27.26,982.8,5.27,315.92,190.48,24.47999999999999,166.0,3.48693
2019/05/08 09:45,22.9,983.099976,2.1,234,74,90,25.49,27.17,982.73,4.67,314.29,146.54,21.429999999999996,125.11,2.413578
2019/05/08 10:00,22.6,983.200012,1.5,186,54,70,25.37,27.59,982.68,4.12,310.58,112.93,18.19000000000001,94.74,1.842477
2019/05/08 10:15,21.799999,983.400024,2.7,147,42,54,25.01,29.4,982.7,3.66,305.54,73.1,14.209999999999994,58.89,1.44859
2019/05/08 10:30,21.299999,983.5,1.1,137,33,41,24.46,31.68,982.74,3.5,301.15,48.74,11.43,37.31,1.08552
2019/05/08 10:45,20.5,983.799988,1.0,166,25,33,23.64,33.36,982.98,3.87,309.12,25.61,8.66,16.95,0.8582790000000001
2019/05/08 11:00,20.200001,984.099976,0.6,173,12,15,22.82,34.03,983.37,4.49,322.98,13.75,6.41,7.34,0.361867
2019/05/08 11:15,19.799999,984.099976,0.8,167,0,0,21.89,34.88,983.66,4.81,327.83,0.11,0.11,0.0,0.0
2019/05/08 11:30,19.6,984.099976,2.5,136,0,0,21.08,36.81,983.97,4.79,320.4,0.0,0.0,0.0,0.0
2019/05/08 11:45,19.4,984.099976,3.4,140,0,0,20.38,39.2,984.22,4.69,306.25,0.0,0.0,0.0,0.005465
2019/05/08 12:00,19.200001,984.099976,1.9,143,0,0,19.84,41.39,984.39,4.74,289.52,0.0,0.0,0.0,0.0
2019/05/08 12:15,19.1,984.099976,5.0,130,0,0,19.51,42.73,984.56,5.03,277.89,0.0,0.0,0.0,0.0
2019/05/08 12:30,19.0,984.0,2.7,140,0,0,19.36,43.1,984.74,5.43,272.44,0.0,0.0,0.0,0.0
2019/05/08 12:45,19.0,984.400024,2.7,136,0,0,19.23,43.06,984.9,5.81,268.82,0.0,0.0,0.0,0.0
2019/05/08 13:00,19.0,984.400024,4.5,136,0,0,19.15,42.69,985.02,6.14,266.68,0.0,0.0,0.0,0.0
2019/05/08 13:15,19.0,984.5,2.8,148,0,0,19.16,41.99,985.1,6.37,266.45,0.0,0.0,0.0,0.0
2019/05/08 13:30,19.0,984.400024,4.5,142,0,0,19.08,41.51,985.13,6.47,266.92,0.0,0.0,0.0,0.0
2019/05/08 13:45,18.9,984.599976,2.3,152,0,0,18.98,41.1,985.05,6.48,267.16,0.0,0.0,0.0,0.0
2019/05/08 14:00,18.700001,984.700012,2.0,149,0,0,18.88,40.71,985.05,6.44,267.35,0.0,0.0,0.0,0.0
2019/05/08 14:15,18.5,984.599976,2.4,142,0,0,18.8,40.32,985.15,6.37,267.55,0.0,0.0,0.0,0.0
2019/05/08 14:30,18.299999,984.700012,1.1,181,0,0,18.66,40.17,985.3,6.26,267.75,0.0,0.0,0.0,0.0
2019/05/08 14:45,18.0,984.599976,1.7,157,0,0,18.53,40.08,985.44,6.07,268.26,0.0,0.0,0.0,0.0
2019/05/08 15:00,17.9,984.700012,1.8,147,0,0,18.31,40.36,985.6,5.82,269.26,0.0,0.0,0.0,0.0
2019/05/08 15:15,17.799999,984.700012,2.0,146,0,0,18.09,40.78,985.8,5.64,271.37,0.0,0.0,0.0,0.0
2019/05/08 15:30,17.700001,984.799988,3.2,141,0,0,17.92,41.13,986.0,5.76,273.9,0.0,0.0,0.0,0.0
2019/05/08 15:45,17.6,984.700012,2.0,148,0,0,17.92,41.04,986.15,6.25,274.36,0.0,0.0,0.0,0.0
2019/05/08 16:00,17.6,984.700012,1.7,145,0,0,17.39,41.5,986.08,7.16,277.07,0.0,0.0,0.0,0.0
2019/05/08 16:15,17.5,984.599976,1.7,147,0,0,17.32,41.07,986.03,6.92,276.64,0.0,0.0,0.0,0.0
2019/05/08 16:30,17.6,984.5,3.0,140,0,0,17.3,40.38,986.22,6.87,276.34,0.0,0.0,0.0,0.0
2019/05/08 16:45,17.5,984.5,1.6,157,0,0,17.29,39.59,986.22,6.97,276.76,0.0,0.0,0.0,0.0
2019/05/08 17:00,17.4,984.5,2.8,142,0,0,17.36,38.6,986.42,7.12,277.79,0.0,0.0,0.0,0.0
2019/05/08 17:15,17.5,984.400024,2.3,146,0,0,17.44,37.53,986.38,7.25,278.5,0.0,0.0,0.0,0.0
2019/05/08 17:30,17.5,984.5,2.4,157,0,0,17.54,36.5,986.31,7.34,279.03,0.0,0.0,0.0,0.0
2019/05/08 17:45,17.5,984.599976,3.6,141,0,0,17.64,35.7,986.59,7.38,279.08,0.0,0.0,0.0,0.0
2019/05/08 18:00,17.4,984.400024,1.7,153,0,0,17.69,35.3,986.73,7.41,279.31,0.0,0.0,0.0,0.0
2019/05/08 18:15,17.4,984.299988,2.0,155,0,0,17.67,35.26,986.62,7.44,279.11,0.0,0.0,0.0,0.0
2019/05/08 18:30,17.299999,984.200012,3.0,143,0,0,17.64,35.35,986.5,7.45,278.55,0.0,0.0,0.0,0.0
2019/05/08 18:45,17.200001,984.299988,2.1,149,0,0,17.61,35.43,986.49,7.41,277.98,0.0,0.0,0.0,0.0
2019/05/08 19:00,17.299999,984.400024,2.9,141,0,0,17.51,35.64,986.5,7.25,276.47,0.0,0.0,0.0,0.0
2019/05/09 08:00,28.9,981.5,2.4,25,490,123,28.59,12.65,983.96,3.14,121.85,578.06,47.5,530.56,16.262751
2019/05/09 08:15,28.799999,981.5,1.9,13,434,132,28.55,12.68,983.87,3.26,121.84,526.32,45.92000000000007,480.4,14.5635
2019/05/09 08:30,28.5,981.400024,2.7,35,377,137,28.51,12.72,983.76,3.36,122.25,490.51,44.75999999999999,445.75,12.84806
2019/05/09 08:45,28.200001,981.5,5.6,39,314,141,28.42,12.81,983.68,3.45,123.27,435.27,42.870000000000005,392.4,10.90009
2019/05/09 09:00,28.200001,981.400024,2.8,23,250,141,28.33,12.93,983.62,3.57,125.2,397.67,41.44999999999999,356.22,8.942938
2019/05/09 09:15,28.299999,981.400024,3.8,39,205,134,28.18,13.16,983.55,3.7,127.4,340.6,39.120000000000005,301.48,7.413219000000001
2019/05/09 09:30,28.1,981.400024,3.0,55,162,122,28.03,13.54,983.45,3.82,129.4,302.3,37.38,264.92,5.611594
2019/05/09 09:45,27.9,981.400024,4.3,46,110,109,27.75,14.43,983.32,3.85,131.38,244.87,34.400000000000006,210.47,4.055297
2019/05/09 10:00,27.5,981.5,1.6,91,84,86,27.38,16.14,983.22,3.68,134.45,206.89,32.099999999999994,174.79,2.802898
2019/05/09 10:15,27.299999,981.700012,2.9,63,67,63,26.71,19.14,983.16,3.42,139.22,150.98,28.02,122.96,1.902359
2019/05/09 10:30,27.0,981.700012,1.7,77,43,41,25.98,21.81,983.12,3.33,145.56,114.92,24.700000000000003,90.22,1.226695
2019/05/09 10:45,26.4,981.799988,1.4,27,23,25,25.09,23.57,983.16,3.48,150.62,64.02,18.34,45.68,0.708449
2019/05/09 11:00,25.700001,982.0,2.4,104,10,10,24.29,24.56,983.21,3.71,155.05,33.72,12.619999999999996,21.1,0.300822
2019/05/09 11:15,25.200001,982.099976,0.8,85,1,1,23.48,24.53,983.25,3.89,159.94,1.03,0.94,0.09,0.117701
2019/05/09 11:30,24.700001,982.299988,1.7,78,0,0,22.86,24.54,983.32,4.0,165.51,0.0,0.0,0.0,0.0
2019/05/09 11:45,24.0,982.599976,1.3,73,0,0,22.35,24.43,983.36,4.11,171.85,0.0,0.0,0.0,0.010187
2019/05/09 12:00,23.700001,982.599976,2.4,62,0,0,21.86,24.38,983.42,4.26,179.53,0.0,0.0,0.0,0.0
2019/05/09 12:15,23.5,982.900024,1.7,68,0,0,21.37,24.5,983.54,4.46,188.65,0.0,0.0,0.0,0.0
2019/05/09 12:30,23.0,983.0,1.9,62,0,0,20.92,24.65,983.67,4.66,197.6,0.0,0.0,0.0,0.0
2019/05/09 12:45,22.4,983.200012,1.2,56,0,0,20.55,24.73,983.8,4.79,204.31,0.0,0.0,0.0,0.0
2019/05/09 13:00,22.5,983.400024,0.0,94,0,0,20.27,24.76,983.92,4.82,208.45,0.0,0.0,0.0,0.0
2019/05/09 13:15,22.0,983.5,0.0,352,0,0,20.03,24.89,984.04,4.79,210.83,0.0,0.0,0.0,0.0
2019/05/09 13:30,22.6,983.400024,0.8,45,0,0,19.8,25.32,984.15,4.75,213.02,0.0,0.0,0.0,0.0
2019/05/09 13:45,22.700001,983.400024,1.3,38,0,0,19.6,26.0,984.25,4.64,215.05,0.0,0.0,0.0,0.0
2019/05/09 14:00,21.799999,983.5,1.0,37,0,0,19.36,27.06,984.34,4.34,217.06,0.0,0.0,0.0,0.0
2019/05/09 14:15,22.1,983.5,0.9,52,0,0,19.02,28.37,984.46,3.93,223.47,0.0,0.0,0.0,0.0
2019/05/09 14:30,22.200001,983.5,0.6,50,0,0,18.68,29.64,984.68,3.56,234.86,0.0,0.0,0.0,0.0
2019/05/09 14:45,20.700001,983.5,0.4,221,0,0,18.48,30.67,984.84,3.31,244.17,0.0,0.0,0.0,0.0
2019/05/09 15:00,19.1,983.400024,0.8,292,0,0,18.41,31.48,984.96,3.19,247.13,0.0,0.0,0.0,0.0
2019/05/09 15:15,19.5,983.400024,0.7,299,0,0,18.36,32.26,985.08,3.13,246.86,0.0,0.0,0.0,0.0
2019/05/09 15:30,20.1,983.299988,1.2,325,0,0,18.29,32.99,985.19,3.03,246.62,0.0,0.0,0.0,0.0
2019/05/09 15:45,20.299999,983.299988,0.7,313,0,0,18.22,33.57,985.28,2.9,246.04,0.0,0.0,0.0,0.0
2019/05/09 16:00,20.299999,983.200012,1.3,324,0,0,17.12,36.12,984.93,2.04,220.8,0.0,0.0,0.0,0.0
2019/05/09 16:15,20.6,983.099976,1.4,327,0,0,16.97,36.48,984.8,1.86,213.46,0.0,0.0,0.0,0.0
2019/05/09 16:30,20.4,983.099976,0.0,114,0,0,16.84,36.93,984.99,1.88,204.36,0.0,0.0,0.0,0.0
2019/05/09 16:45,17.9,983.200012,0.6,132,0,0,16.71,37.44,984.89,2.02,199.02,0.0,0.0,0.0,0.0
2019/05/09 17:00,18.200001,983.099976,0.6,121,0,0,16.6,37.95,984.71,2.2,197.53,0.0,0.0,0.0,0.0
2019/05/09 17:15,18.200001,983.0,0.0,11,0,0,16.51,38.43,984.34,2.36,203.29,0.0,0.0,0.0,0.0
2019/05/09 17:30,18.299999,982.799988,0.9,79,0,0,16.4,38.96,984.25,2.45,211.21,0.0,0.0,0.0,0.0
2019/05/09 17:45,18.299999,982.799988,0.3,108,0,0,16.39,39.22,984.43,2.43,217.16,0.0,0.0,0.0,0.0
2019/05/09 18:00,18.200001,982.700012,0.0,328,0,0,16.36,39.46,984.66,2.31,221.54,0.0,0.0,0.0,0.0
2019/05/09 18:15,18.799999,982.400024,1.2,31,0,0,16.27,39.76,984.63,2.1,224.8,0.0,0.0,0.0,0.0
2019/05/09 18:30,17.799999,982.599976,0.8,118,0,0,16.2,39.94,984.47,1.82,232.95,0.0,0.0,0.0,0.0
2019/05/09 18:45,18.799999,982.599976,0.0,132,0,0,16.1,40.1,984.52,1.51,243.04,0.0,0.0,0.0,0.0
2019/05/09 19:00,18.6,982.400024,0.0,171,0,0,15.94,40.37,984.35,1.26,253.29,0.0,0.0,0.0,0.0
2019/05/10 08:00,26.299999,981.900024,2.3,213,95,108,27.93,23.33,982.92,5.61,223.54,540.09,45.55000000000001,494.54,3.360492
2019/05/10 08:15,26.6,982.0,3.3,194,148,163,27.89,23.51,982.91,5.09,238.88,501.51,44.94,456.57,5.1415
2019/05/10 08:30,26.0,982.200012,2.0,232,167,185,27.78,23.77,982.84,4.63,249.86,468.11,43.88,424.23,5.783641
2019/05/10 08:45,26.1,982.400024,2.4,207,171,203,27.66,23.87,982.77,4.03,253.51,414.55,41.920000000000016,372.63,5.861625
2019/05/10 09:00,26.4,982.400024,0.0,225,203,232,27.58,23.77,982.71,3.4,248.17,379.58,40.60999999999996,338.97,7.496780999999999
2019/05/10 09:15,26.4,982.299988,0.4,192,167,206,27.49,23.71,982.61,3.02,236.24,326.62,38.47000000000003,288.15,5.38661
2019/05/10 09:30,26.299999,982.5,0.3,153,123,154,27.41,23.7,982.52,2.99,224.77,290.04,36.77000000000001,253.27,4.048516
2019/05/10 09:45,25.6,982.599976,2.7,135,89,104,27.27,24.02,982.47,3.16,218.37,234.29,33.75,200.54,3.063102
2019/05/10 10:00,25.6,982.700012,3.5,85,72,90,27.09,25.08,982.42,3.2,216.65,197.86,31.5,166.36,2.53318
2019/05/10 10:15,25.1,982.799988,2.3,134,57,73,26.65,27.79,982.41,3.01,217.67,145.19,27.67,117.52,1.860086
2019/05/10 10:30,24.9,983.200012,2.3,133,42,51,26.08,30.36,982.43,2.95,220.62,111.48,24.60000000000001,86.88,1.315398
2019/05/10 10:45,24.6,983.299988,3.2,137,32,35,25.29,32.2,982.53,3.2,225.23,62.96,18.5,44.46,0.980684
2019/05/10 11:00,23.5,983.599976,0.7,134,14,17,24.55,33.52,982.69,3.59,229.85,33.87,12.97,20.9,0.443393
2019/05/10 11:15,23.4,983.700012,3.3,147,0,0,23.76,34.25,982.83,3.96,233.11,1.84,1.58,0.26,0.0
2019/05/10 11:30,23.4,983.799988,1.8,136,0,0,23.23,34.83,983.01,4.25,233.52,0.0,0.0,0.0,0.0
2019/05/10 11:45,22.799999,983.700012,3.2,140,0,0,22.76,35.37,983.17,4.42,232.13,0.0,0.0,0.0,0.006399
2019/05/10 12:00,22.1,983.700012,2.0,144,0,0,22.35,35.96,983.35,4.53,231.69,0.0,0.0,0.0,0.0
2019/05/10 12:15,21.700001,983.799988,0.6,116,0,0,21.92,36.84,983.55,4.6,233.07,0.0,0.0,0.0,0.0
2019/05/10 12:30,21.299999,984.099976,1.7,49,0,0,21.43,38.15,983.76,4.64,235.84,0.0,0.0,0.0,0.0
2019/05/10 12:45,21.700001,984.200012,1.7,126,0,0,20.86,39.93,983.96,4.63,240.85,0.0,0.0,0.0,0.0
2019/05/10 13:00,21.0,984.400024,1.9,203,0,0,20.29,41.84,984.17,4.6,246.69,0.0,0.0,0.0,0.0
2019/05/10 13:15,20.9,984.599976,1.4,169,0,0,19.82,43.45,984.35,4.58,250.23,0.0,0.0,0.0,0.0
2019/05/10 13:30,20.299999,984.5,0.0,190,0,0,19.52,44.43,984.47,4.61,252.29,0.0,0.0,0.0,0.0
2019/05/10 13:45,20.6,984.599976,1.8,133,0,0,19.33,44.86,984.5,4.68,255.45,0.0,0.0,0.0,0.0
2019/05/10 14:00,20.700001,984.799988,1.8,123,0,0,19.19,44.95,984.57,4.76,258.67,0.0,0.0,0.0,0.0
2019/05/10 14:15,20.799999,984.799988,1.3,132,0,0,19.09,44.83,984.69,4.81,261.66,0.0,0.0,0.0,0.0
2019/05/10 14:30,19.700001,985.0,2.4,208,0,0,18.96,44.75,984.81,4.79,263.02,0.0,0.0,0.0,0.0
2019/05/10 14:45,19.5,985.099976,0.5,240,0,0,18.8,44.76,984.9,4.72,263.2,0.0,0.0,0.0,0.0
2019/05/10 15:00,19.299999,985.099976,0.7,177,0,0,18.63,44.87,984.98,4.66,262.26,0.0,0.0,0.0,0.0
2019/05/10 15:15,19.200001,985.299988,0.7,124,0,0,18.44,45.07,985.08,4.63,261.03,0.0,0.0,0.0,0.0
2019/05/10 15:30,19.5,985.400024,0.4,133,0,0,18.24,45.32,985.19,4.57,260.33,0.0,0.0,0.0,0.0
2019/05/10 15:45,18.5,985.700012,1.2,335,0,0,18.03,45.65,985.34,4.47,259.97,0.0,0.0,0.0,0.0
2019/05/10 16:00,18.6,985.799988,1.1,206,0,0,16.83,51.88,987.09,3.55,237.85,0.0,0.0,0.0,0.0
2019/05/10 16:15,18.6,985.900024,0.0,119,0,0,16.6,52.62,987.19,3.35,239.61,0.0,0.0,0.0,0.0
2019/05/10 16:30,18.6,985.900024,0.6,122,0,0,16.44,53.07,987.4,3.24,242.78,0.0,0.0,0.0,0.0
2019/05/10 16:45,17.799999,986.0,0.2,94,0,0,16.29,53.44,987.17,3.21,247.13,0.0,0.0,0.0,0.0
2019/05/10 17:00,18.299999,985.700012,0.3,65,0,0,16.18,53.64,987.44,3.21,250.85,0.0,0.0,0.0,0.0
2019/05/10 17:15,18.700001,985.599976,1.0,154,0,0,16.03,53.94,987.42,3.14,257.28,0.0,0.0,0.0,0.0
2019/05/10 17:30,18.299999,985.599976,0.0,161,0,0,15.87,54.15,987.44,3.02,266.53,0.0,0.0,0.0,0.0
2019/05/10 17:45,17.799999,985.599976,0.5,156,0,0,15.73,54.26,987.76,2.94,272.51,0.0,0.0,0.0,0.0
2019/05/10 18:00,17.0,985.700012,0.9,214,0,0,15.58,54.32,987.98,2.98,273.81,0.0,0.0,0.0,0.0
2019/05/10 18:15,16.6,985.700012,0.6,241,0,0,15.42,54.46,988.07,3.11,271.83,0.0,0.0,0.0,0.0
2019/05/10 18:30,16.4,985.599976,0.2,194,0,0,15.26,54.65,988.1,3.29,269.4,0.0,0.0,0.0,0.0
2019/05/10 18:45,16.1,985.799988,0.2,214,0,0,15.08,54.89,987.93,3.47,268.83,0.0,0.0,0.0,0.0
2019/05/10 19:00,15.9,985.700012,0.8,177,0,0,14.96,54.94,987.96,3.62,269.89,0.0,0.0,0.0,0.0
2019/05/11 08:00,28.200001,983.099976,2.8,39,173,196,28.8,26.53,985.95,3.25,240.65,315.4,39.69999999999999,275.7,5.533391
2019/05/11 08:15,27.799999,982.900024,3.4,358,132,155,28.19,28.54,985.9,2.87,258.52,254.25,64.16,190.09,4.3575
2019/05/11 08:30,27.4,983.0,2.9,341,110,127,28.28,28.31,985.26,2.51,199.33,304.58,71.23999999999998,233.34,3.660234
2019/05/11 08:45,27.1,983.0,3.1,359,84,100,28.46,27.38,984.95,2.75,168.01,326.41,64.26000000000005,262.15,2.682914
2019/05/11 09:00,26.9,983.200012,2.4,352,49,64,28.46,27.34,984.87,3.55,174.12,315.41,63.20000000000002,252.21,1.60125
2019/05/11 09:15,26.700001,983.200012,1.7,346,36,48,28.59,27.45,984.77,4.24,178.29,329.82,38.95999999999998,290.86,1.176574
2019/05/11 09:30,26.5,983.400024,0.5,48,28,40,28.51,28.01,984.65,4.49,176.55,293.8,37.38999999999999,256.41,0.956375
2019/05/11 09:45,26.299999,983.5,1.0,31,45,63,28.36,28.44,984.5,4.24,171.26,238.43,34.47,203.96,1.793859
2019/05/11 10:00,26.5,983.299988,1.8,355,63,86,28.21,28.95,984.38,3.72,163.5,201.92,32.22999999999999,169.69,2.259578
2019/05/11 10:15,26.299999,983.5,1.7,342,81,110,27.83,30.58,984.27,3.15,153.82,148.24,28.230000000000004,120.01,2.858352
2019/05/11 10:30,26.1,983.400024,1.3,356,57,79,27.25,32.97,984.25,2.83,144.65,113.61,25.02,88.59,2.0017810000000003
2019/05/11 10:45,25.9,983.400024,1.4,4,35,47,26.38,34.96,984.31,2.84,138.22,64.7,18.89,45.81,1.180539
2019/05/11 11:00,25.6,983.5,2.7,353,18,23,25.56,36.58,984.41,2.95,136.21,35.51,13.419999999999998,22.09,0.587002
2019/05/11 11:15,25.299999,983.599976,1.6,6,10,11,24.71,37.76,984.5,2.98,137.98,2.78,2.2,0.58,0.282365
2019/05/11 11:30,24.9,984.099976,1.9,18,0,0,24.0,39.1,984.61,2.94,144.69,0.0,0.0,0.0,0.0
2019/05/11 11:45,24.5,984.200012,1.0,10,0,0,23.36,40.37,984.7,2.92,155.16,0.0,0.0,0.0,0.0076209999999999
2019/05/11 12:00,24.0,984.299988,0.9,354,0,0,22.78,41.49,984.8,2.93,167.65,0.0,0.0,0.0,0.0
2019/05/11 12:15,23.6,984.299988,1.7,335,0,0,22.28,42.37,984.93,2.91,179.82,0.0,0.0,0.0,0.0
2019/05/11 12:30,23.299999,984.700012,1.0,326,0,0,21.85,43.08,985.03,2.81,191.86,0.0,0.0,0.0,0.0
2019/05/11 12:45,23.200001,984.900024,1.3,324,0,0,21.47,43.74,985.16,2.65,207.42,0.0,0.0,0.0,0.0
2019/05/11 13:00,22.799999,985.099976,1.2,337,0,0,21.14,44.33,985.28,2.49,227.57,0.0,0.0,0.0,0.040206
2019/05/11 13:15,22.5,985.400024,0.0,149,0,0,20.88,44.72,985.43,2.38,248.52,0.0,0.0,0.0,0.0
2019/05/11 13:30,21.799999,985.400024,0.5,104,0,0,20.68,44.95,985.57,2.26,264.36,0.0,0.0,0.0,0.0
2019/05/11 13:45,21.6,985.400024,0.0,46,0,0,20.54,45.03,985.66,2.08,274.1,0.0,0.0,0.0,0.0
2019/05/11 14:00,21.200001,985.5,0.0,131,0,0,20.45,44.96,985.72,1.83,279.2,0.0,0.0,0.0,0.0
2019/05/11 14:15,21.1,985.599976,0.6,141,0,0,20.36,44.94,985.8,1.62,283.45,0.0,0.0,0.0,0.0
2019/05/11 14:30,20.5,985.599976,0.0,288,0,0,20.19,45.18,985.84,1.5,294.05,0.0,0.0,0.0,0.0
2019/05/11 14:45,20.299999,985.700012,0.4,261,0,0,20.01,45.42,985.9,1.44,306.79,0.0,0.0,0.0,0.0
2019/05/11 15:00,20.200001,985.799988,0.3,0,0,0,19.88,45.55,985.97,1.36,318.66,0.0,0.0,0.0,0.0
2019/05/11 15:15,19.6,985.900024,0.0,72,0,0,19.76,45.67,986.05,1.21,331.48,0.0,0.0,0.0,0.0
2019/05/11 15:30,19.6,985.900024,0.0,266,0,0,19.6,45.91,986.11,1.03,353.1,0.0,0.0,0.0,0.0
2019/05/11 15:45,19.799999,985.700012,0.0,259,0,0,19.38,46.41,986.14,0.89,29.03,0.0,0.0,0.0,0.0
2019/05/11 16:00,19.799999,985.599976,0.2,262,0,0,18.67,46.37,986.82,2.3,257.04,0.0,0.0,0.0,0.0
2019/05/11 16:15,19.0,985.5,0.1,227,0,0,18.53,46.81,986.69,2.12,247.97,0.0,0.0,0.0,0.0
2019/05/11 16:30,18.299999,985.5,0.0,167,0,0,18.44,47.08,987.11,1.99,244.2,0.0,0.0,0.0,0.0
2019/05/11 16:45,18.0,985.5,0.0,209,0,0,18.3,47.43,986.98,1.99,244.67,0.0,0.0,0.0,0.0
2019/05/11 17:00,18.4,985.400024,0.6,173,0,0,18.16,47.79,987.05,2.21,256.77,0.0,0.0,0.0,0.0
2019/05/11 17:15,18.200001,985.299988,0.0,166,0,0,17.89,48.52,987.36,2.67,274.73,0.0,0.0,0.0,0.0
2019/05/11 17:30,17.700001,985.299988,1.5,155,0,0,17.51,49.58,987.65,3.12,282.49,0.0,0.0,0.0,0.0
2019/05/11 17:45,17.799999,985.400024,0.7,162,0,0,17.19,50.39,987.73,3.33,282.73,0.0,0.0,0.0,0.0
2019/05/11 18:00,17.799999,985.200012,0.1,132,0,0,16.95,50.93,987.9,3.3,283.46,0.0,0.0,0.0,0.0
2019/05/11 18:15,17.799999,985.299988,0.4,123,0,0,16.77,51.32,987.78,3.14,284.6,0.0,0.0,0.0,0.0
2019/05/11 18:30,18.1,985.400024,0.0,248,0,0,16.64,51.57,987.71,2.88,287.17,0.0,0.0,0.0,0.0
2019/05/11 18:45,17.6,985.5,0.4,238,0,0,16.53,51.75,987.47,2.62,291.74,0.0,0.0,0.0,0.0
2019/05/11 19:00,17.299999,985.400024,0.0,207,0,0,16.34,52.2,987.18,2.57,293.03,0.0,0.0,0.0,0.0
2019/05/12 08:00,24.700001,985.700012,6.0,197,439,362,22.44,16.96,988.48,13.85,298.32,593.44,47.81000000000006,545.63,15.10906
2019/05/12 08:15,24.200001,985.799988,7.3,203,363,324,22.09,17.83,988.58,13.73,298.47,541.68,46.27999999999997,495.4,12.57616
2019/05/12 08:30,24.299999,986.099976,5.2,175,328,309,21.79,18.66,988.62,13.59,298.36,505.82,45.14999999999998,460.67,11.04819
2019/05/12 08:45,23.9,986.200012,10.2,219,263,273,21.48,19.38,988.71,13.41,297.86,450.12,43.25999999999999,406.86,9.579062
2019/05/12 09:00,23.299999,986.299988,6.7,205,234,247,21.22,19.92,988.78,13.18,297.15,412.11,41.88,370.23,8.41925
2019/05/12 09:15,23.0,986.599976,4.4,182,190,207,20.93,20.39,988.79,12.88,296.36,354.39,39.579999999999984,314.81,6.7784070000000005
2019/05/12 09:30,22.299999,986.900024,8.6,211,161,182,20.68,20.82,988.8,12.52,295.54,315.59,37.85999999999996,277.73,5.669016
2019/05/12 09:45,22.200001,987.200012,5.2,188,133,161,20.36,21.29,988.73,12.1,295.02,257.22,34.930000000000035,222.29,4.749391
2019/05/12 10:00,22.0,987.400024,3.9,153,103,128,20.07,21.81,988.78,11.6,294.72,218.5,32.69999999999999,185.8,3.546102
2019/05/12 10:15,21.700001,987.400024,3.9,168,86,100,19.68,22.35,988.78,11.05,294.56,161.47,28.72999999999999,132.74,2.655953
2019/05/12 10:30,21.5,987.799988,5.2,209,64,74,19.29,22.79,988.89,10.52,294.59,124.66,25.53,99.13,1.864953
2019/05/12 10:45,20.9,988.099976,6.1,204,41,46,18.8,23.23,989.14,9.99,294.44,72.47,19.47,53.0,1.170586
2019/05/12 11:00,20.700001,988.299988,6.0,219,24,27,18.3,23.71,989.44,9.44,294.17,40.96,14.080000000000002,26.88,0.711088
2019/05/12 11:15,20.299999,988.599976,5.7,219,7,9,17.74,24.02,989.67,8.91,293.59,4.25,2.96,1.29,0.2217849999999999
2019/05/12 11:30,20.0,988.700012,5.1,220,0,0,17.25,24.44,989.97,8.42,292.83,0.0,0.0,0.0,0.0
2019/05/12 11:45,19.799999,989.0,3.8,212,0,0,16.8,24.97,990.21,8.0,291.86,0.0,0.0,0.0,0.0
2019/05/12 12:00,19.5,989.400024,3.0,224,0,0,16.39,25.47,990.51,7.64,290.86,0.0,0.0,0.0,0.0
2019/05/12 12:15,18.9,989.599976,2.0,219,0,0,16.0,25.94,990.79,7.36,289.47,0.0,0.0,0.0,0.0
2019/05/12 12:30,18.700001,989.900024,3.3,215,0,0,15.66,26.33,991.08,7.15,288.28,0.0,0.0,0.0,0.0
2019/05/12 12:45,18.4,990.200012,2.0,227,0,0,15.34,26.61,991.33,6.97,287.86,0.0,0.0,0.0,0.0
2019/05/12 13:00,18.4,990.299988,3.6,209,0,0,15.02,26.77,991.5,6.78,288.36,0.0,0.0,0.0,0.0
2019/05/12 13:15,18.1,990.700012,2.1,218,0,0,14.69,26.86,991.66,6.52,289.16,0.0,0.0,0.0,0.0
2019/05/12 13:30,17.799999,991.0,2.4,243,0,0,14.32,26.91,991.77,6.16,288.83,0.0,0.0,0.0,0.0
2019/05/12 13:45,17.4,991.0,3.8,243,0,0,13.92,26.95,991.89,5.77,286.88,0.0,0.0,0.0,0.0
2019/05/12 14:00,17.1,991.099976,3.7,249,0,0,13.53,26.91,992.0,5.42,284.46,0.0,0.0,0.0,0.0
2019/05/12 14:15,16.700001,991.099976,2.5,227,0,0,13.16,26.72,992.14,5.18,282.37,0.0,0.0,0.0,0.0
2019/05/12 14:30,16.4,991.400024,0.9,253,0,0,12.84,26.38,992.3,5.04,279.91,0.0,0.0,0.0,0.0
2019/05/12 14:45,16.299999,991.5,1.9,236,0,0,12.55,25.94,992.5,4.97,275.98,0.0,0.0,0.0,0.0
2019/05/12 15:00,16.0,991.599976,2.5,233,0,0,12.32,25.38,992.71,4.97,271.03,0.0,0.0,0.0,0.0
2019/05/12 15:15,16.6,991.700012,3.6,235,0,0,12.11,24.83,992.94,4.98,266.2,0.0,0.0,0.0,0.0
2019/05/12 15:30,16.700001,991.700012,2.1,199,0,0,11.92,24.33,993.08,4.97,261.14,0.0,0.0,0.0,0.0
2019/05/12 15:45,16.6,991.599976,6.1,216,0,0,11.69,24.01,993.27,4.95,255.14,0.0,0.0,0.0,0.0
2019/05/12 16:00,16.4,991.700012,3.3,231,0,0,11.34,30.5,994.13,4.97,272.24,0.0,0.0,0.0,0.0
2019/05/12 16:15,16.6,992.0,1.6,226,0,0,11.17,30.58,994.06,5.01,271.18,0.0,0.0,0.0,0.0
2019/05/12 16:30,16.0,991.900024,2.8,223,0,0,11.07,30.54,994.4,5.03,269.79,0.0,0.0,0.0,0.0
2019/05/12 16:45,15.2,991.799988,0.7,256,0,0,10.97,30.43,994.18,5.07,269.77,0.0,0.0,0.0,0.0
2019/05/12 17:00,14.8,991.599976,1.0,195,0,0,10.9,30.12,994.13,5.11,270.01,0.0,0.0,0.0,0.0
2019/05/12 17:15,14.8,991.599976,0.3,161,0,0,10.81,29.71,994.11,5.1,270.57,0.0,0.0,0.0,0.0
2019/05/12 17:30,14.9,991.400024,3.6,206,0,0,10.67,29.38,994.13,5.04,270.44,0.0,0.0,0.0,0.0
2019/05/12 17:45,15.0,991.099976,4.8,220,0,0,10.51,29.15,994.17,4.98,270.13,0.0,0.0,0.0,0.0
2019/05/12 18:00,14.6,991.0,1.6,236,0,0,10.37,28.91,994.31,4.94,270.86,0.0,0.0,0.0,0.0
2019/05/12 18:15,14.6,991.099976,3.4,214,0,0,10.22,28.73,994.39,4.95,271.88,0.0,0.0,0.0,0.0
2019/05/12 18:30,14.1,991.099976,0.9,184,0,0,10.11,28.5,994.28,5.01,272.14,0.0,0.0,0.0,0.0
2019/05/12 18:45,14.0,991.0,1.3,157,0,0,10.03,28.23,994.03,5.11,271.85,0.0,0.0,0.0,0.0
2019/05/12 19:00,13.3,991.099976,0.3,223,0,0,10.0,27.89,993.95,5.3,271.79,0.0,0.0,0.0,0.0
2019/05/13 08:00,24.4,983.599976,5.7,28,512,82,25.08,16.2,985.39,10.63,142.44,588.63,47.63999999999999,540.99,18.18075
2019/05/13 08:15,23.9,983.400024,3.7,44,261,164,25.15,16.15,985.07,10.87,143.04,536.5,46.13999999999999,490.36,9.200625
2019/05/13 08:30,23.5,983.099976,4.7,55,221,216,25.28,16.08,984.7,11.0,143.96,500.54,45.0,455.54,7.357
2019/05/13 08:45,23.200001,983.099976,4.9,48,230,230,25.42,16.02,984.4,10.93,145.87,445.17,43.120000000000005,402.05,8.900719
2019/05/13 09:00,23.0,982.700012,3.2,87,164,174,25.55,16.18,984.16,10.71,148.05,407.53,41.75,365.78,6.542155999999999
2019/05/13 09:15,23.299999,982.5,4.5,45,249,192,25.47,16.67,983.93,10.47,149.79,350.41,39.46000000000004,310.95,9.193188
2019/05/13 09:30,23.0,982.400024,6.9,55,171,135,25.25,17.33,983.69,10.22,151.37,312.13,37.75999999999999,274.37,6.178922
2019/05/13 09:45,22.799999,982.700012,4.1,48,111,117,24.9,18.24,983.43,9.9,152.14,254.83,34.870000000000005,219.96,4.343391
2019/05/13 10:00,22.200001,982.700012,3.7,42,41,49,24.56,19.22,983.19,9.51,152.52,216.88,32.650000000000006,184.23,1.262598
2019/05/13 10:15,22.0,982.599976,3.4,39,77,103,24.09,20.39,982.96,9.06,152.78,160.95,28.75999999999999,132.19,2.7165470000000003
2019/05/13 10:30,21.799999,982.400024,4.0,58,61,67,23.58,21.69,982.82,8.57,153.13,124.78,25.61,99.17,1.7759490000000002
2019/05/13 10:45,21.4,982.900024,2.7,61,32,35,22.93,22.98,982.8,8.08,153.69,73.37,19.67,53.7,0.93007
2019/05/13 11:00,20.9,982.900024,2.3,51,16,21,22.24,24.13,982.88,7.62,154.74,42.22,14.419999999999998,27.8,0.533449
2019/05/13 11:15,20.5,982.900024,1.9,39,3,5,21.47,24.84,982.96,7.15,157.26,5.38,3.52,1.86,0.104346
2019/05/13 11:30,20.0,983.099976,2.1,55,0,0,20.8,25.39,983.04,6.63,160.74,0.0,0.0,0.0,0.0
2019/05/13 11:45,19.700001,983.299988,2.5,49,0,0,20.17,26.08,983.11,6.1,165.13,0.0,0.0,0.0,0.0
2019/05/13 12:00,19.299999,983.400024,2.2,30,0,0,19.59,26.78,983.18,5.67,172.65,0.0,0.0,0.0,0.0
2019/05/13 12:15,19.0,983.299988,1.6,19,0,0,19.1,27.3,983.31,5.36,181.86,0.0,0.0,0.0,0.0
2019/05/13 12:30,18.700001,983.5,1.7,20,0,0,18.65,27.79,983.49,5.05,190.63,0.0,0.0,0.0,0.0
2019/05/13 12:45,18.5,983.799988,1.3,342,0,0,18.24,28.21,983.62,4.65,198.64,0.0,0.0,0.0,0.0
2019/05/13 13:00,18.4,983.599976,1.3,340,0,0,17.95,28.4,983.74,4.27,207.64,0.0,0.0,0.0,0.0
2019/05/13 13:15,17.9,984.0,1.0,324,0,0,17.75,28.42,983.8,3.97,216.06,0.0,0.0,0.0,0.0
2019/05/13 13:30,17.5,984.200012,0.9,321,0,0,17.63,28.25,983.86,3.75,224.16,0.0,0.0,0.0,0.0
2019/05/13 13:45,17.1,984.200012,0.9,324,0,0,17.54,28.05,983.9,3.57,232.71,0.0,0.0,0.0,0.0
2019/05/13 14:00,17.1,984.099976,0.3,307,0,0,17.45,27.95,984.0,3.39,241.86,0.0,0.0,0.0,0.0
2019/05/13 14:15,16.700001,984.099976,0.9,321,0,0,17.41,27.83,984.14,3.17,251.61,0.0,0.0,0.0,0.0
2019/05/13 14:30,16.200001,984.099976,0.6,324,0,0,17.38,27.74,984.29,2.86,260.37,0.0,0.0,0.0,0.0
2019/05/13 14:45,16.299999,983.900024,1.2,321,0,0,17.42,27.61,984.39,2.39,265.21,0.0,0.0,0.0,0.0
2019/05/13 15:00,16.0,983.900024,1.4,318,0,0,17.5,27.48,984.46,1.87,260.52,0.0,0.0,0.0,0.0
2019/05/13 15:15,15.9,983.900024,0.9,299,0,0,17.58,27.41,984.53,1.55,240.96,0.0,0.0,0.0,0.0
2019/05/13 15:30,16.200001,984.0,1.5,328,0,0,17.55,27.56,984.62,1.65,214.13,0.0,0.0,0.0,0.0
2019/05/13 15:45,15.7,984.0,0.5,308,0,0,17.36,28.02,984.77,2.07,200.27,0.0,0.0,0.0,0.0
2019/05/13 16:00,15.5,983.900024,1.2,310,0,0,13.22,33.01,985.09,3.35,272.31,0.0,0.0,0.0,0.0
2019/05/13 16:15,15.4,983.900024,0.0,9,0,0,13.2,32.25,985.08,3.42,271.2,0.0,0.0,0.0,0.0
2019/05/13 16:30,15.0,983.700012,0.0,264,0,0,13.24,31.59,985.18,3.4,268.73,0.0,0.0,0.0,0.0
2019/05/13 16:45,14.7,983.5,0.8,321,0,0,13.28,31.05,985.07,3.35,266.78,0.0,0.0,0.0,0.0
2019/05/13 17:00,14.7,983.400024,0.8,256,0,0,13.32,30.58,985.16,3.28,263.28,0.0,0.0,0.0,0.0
2019/05/13 17:15,14.0,983.5,0.0,267,0,0,13.33,30.15,985.17,3.24,257.46,0.0,0.0,0.0,0.0
2019/05/13 17:30,13.1,983.599976,0.0,65,0,0,13.33,29.78,985.13,3.25,249.76,0.0,0.0,0.0,0.0
2019/05/13 17:45,13.2,983.5,0.0,263,0,0,13.3,29.53,985.23,3.35,241.26,0.0,0.0,0.0,0.0
2019/05/13 18:00,13.6,983.200012,0.0,328,0,0,13.25,29.41,985.19,3.49,235.4,0.0,0.0,0.0,0.0
2019/05/13 18:15,13.6,983.200012,0.0,118,0,0,13.24,29.29,985.16,3.53,236.61,0.0,0.0,0.0,0.0
2019/05/13 18:30,13.4,983.099976,0.0,131,0,0,13.3,29.14,985.06,3.42,239.68,0.0,0.0,0.0,0.0
2019/05/13 18:45,14.2,983.099976,0.2,94,0,0,13.37,29.03,985.06,3.26,243.16,0.0,0.0,0.0,0.0
2019/05/13 19:00,14.0,983.299988,0.0,151,0,0,13.44,29.03,985.08,3.14,243.32,0.0,0.0,0.0,0.0
2019/05/14 08:00,24.299999,982.400024,2.1,47,149,169,30.17,17.99,982.63,6.81,151.72,256.49,115.61,140.88,5.491391
2019/05/14 08:15,24.0,982.299988,2.0,28,152,168,30.24,17.93,982.52,6.63,150.48,242.69,166.37,76.32,5.539953
2019/05/14 08:30,23.9,982.400024,2.9,14,165,190,30.24,17.97,982.37,6.5,149.24,221.76,191.58,30.18,6.172358999999999
2019/05/14 08:45,24.1,982.400024,3.5,42,192,221,30.03,18.33,982.31,6.34,147.54,165.76,165.7,0.06,7.018813000000001
2019/05/14 09:00,24.0,982.5,3.4,35,155,176,29.87,18.81,982.3,6.12,145.95,147.4,147.39,0.01,5.465469000000001
2019/05/14 09:15,24.0,982.400024,2.3,54,123,140,29.73,19.27,982.3,5.86,144.63,139.58,128.68,10.9,4.356078
2019/05/14 09:30,24.0,982.400024,2.0,353,99,114,29.58,19.75,982.26,5.6,142.84,130.56,118.16,12.4,3.556875
2019/05/14 09:45,23.700001,982.599976,2.0,354,78,90,29.37,20.45,982.15,5.27,140.45,126.91,106.98,19.93,2.82018
2019/05/14 10:00,23.4,982.599976,1.7,357,57,64,29.04,21.62,982.02,4.79,138.29,116.96,77.53,39.43,1.982367
2019/05/14 10:15,23.1,982.599976,2.4,345,45,54,28.44,23.5,981.97,4.21,138.02,91.96,38.78999999999999,53.17,1.562914
2019/05/14 10:30,22.799999,982.900024,1.6,359,38,44,27.76,25.64,981.94,3.7,139.05,72.34,24.47000000000001,47.87,1.2950549999999998
2019/05/14 10:45,22.700001,983.0,2.2,336,28,30,26.78,28.06,982.01,3.36,142.02,45.05,20.53,24.52,0.8722110000000001
2019/05/14 11:00,22.5,983.0,2.0,352,11,13,26.11,29.65,982.12,3.13,149.09,28.51,13.150000000000002,15.36,0.308895
2019/05/14 11:15,22.299999,983.200012,0.5,341,1,2,25.37,30.54,982.19,2.88,159.0,4.95,3.2300000000000004,1.72,0.005845
2019/05/14 11:30,22.0,983.299988,0.1,305,0,0,24.74,31.33,982.23,2.53,169.94,0.0,0.0,0.0,0.0
2019/05/14 11:45,21.700001,983.400024,0.0,304,0,0,24.24,31.93,982.3,2.12,182.5,0.0,0.0,0.0,0.0
2019/05/14 12:00,21.4,983.5,0.4,348,0,0,23.74,32.43,982.38,1.8,199.28,0.0,0.0,0.0,0.0
2019/05/14 12:15,21.5,983.700012,1.2,312,0,0,23.25,32.78,982.49,1.71,223.07,0.0,0.0,0.0,0.0
2019/05/14 12:30,21.4,983.700012,1.2,327,0,0,22.8,32.95,982.62,1.82,246.15,0.0,0.0,0.0,0.0
2019/05/14 12:45,21.4,983.700012,0.0,260,0,0,22.41,33.08,982.73,2.0,262.83,0.0,0.0,0.0,0.0
2019/05/14 13:00,21.1,983.900024,0.3,299,0,0,22.07,33.24,982.84,2.11,278.44,0.0,0.0,0.0,0.0
2019/05/14 13:15,21.0,984.0,0.1,290,0,0,21.79,33.41,982.92,2.2,293.22,0.0,0.0,0.0,0.0
2019/05/14 13:30,20.6,983.900024,0.0,286,0,0,21.52,33.64,982.99,2.3,303.48,0.0,0.0,0.0,0.0
2019/05/14 13:45,20.5,984.0,0.4,341,0,0,21.28,33.84,982.99,2.3,306.01,0.0,0.0,0.0,0.0
2019/05/14 14:00,20.5,984.200012,0.0,163,0,0,21.16,33.72,983.05,2.2,301.0,0.0,0.0,0.0,0.0
2019/05/14 14:15,20.200001,984.099976,0.0,314,0,0,21.08,33.47,983.11,2.07,290.03,0.0,0.0,0.0,0.0
2019/05/14 14:30,20.6,984.099976,0.9,1,0,0,21.05,33.24,983.18,1.87,278.17,0.0,0.0,0.0,0.0
2019/05/14 14:45,21.0,984.0,1.5,356,0,0,21.15,32.92,983.18,1.44,270.41,0.0,0.0,0.0,0.0
2019/05/14 15:00,20.799999,983.799988,0.9,333,0,0,21.12,33.09,983.11,0.93,263.87,0.0,0.0,0.0,0.0
2019/05/14 15:15,19.799999,984.0,0.0,228,0,0,21.01,33.52,983.08,0.73,232.9,0.0,0.0,0.0,0.0
2019/05/14 15:30,18.799999,983.900024,0.0,177,0,0,20.92,33.87,983.11,0.88,216.56,0.0,0.0,0.0,0.0
2019/05/14 15:45,18.4,983.5,0.0,203,0,0,20.8,34.42,983.19,1.13,218.08,0.0,0.0,0.0,0.0
2019/05/14 16:00,19.200001,983.200012,0.0,266,0,0,16.55,42.52,985.66,3.15,251.07,0.0,0.0,0.0,0.0
2019/05/14 16:15,19.299999,983.400024,0.1,231,0,0,16.41,43.0,985.44,3.09,250.78,0.0,0.0,0.0,0.0
2019/05/14 16:30,18.6,983.599976,1.3,239,0,0,16.32,43.38,985.79,3.02,250.09,0.0,0.0,0.0,0.0
2019/05/14 16:45,18.799999,983.299988,0.0,343,0,0,16.26,43.65,985.7,2.93,246.98,0.0,0.0,0.0,0.0
2019/05/14 17:00,18.5,983.0,0.6,325,0,0,16.15,43.99,985.16,2.86,243.1,0.0,0.0,0.0,0.0
2019/05/14 17:15,18.700001,983.099976,0.0,242,0,0,16.08,44.19,985.19,2.8,241.18,0.0,0.0,0.0,0.0
2019/05/14 17:30,18.299999,983.299988,0.0,192,0,0,16.03,44.31,985.24,2.71,243.1,0.0,0.0,0.0,0.0
2019/05/14 17:45,17.9,983.0,0.0,298,0,0,16.01,44.3,985.33,2.61,244.37,0.0,0.0,0.0,0.0
2019/05/14 18:00,17.9,983.0,0.0,314,0,0,16.0,44.25,985.65,2.52,248.99,0.0,0.0,0.0,0.0
2019/05/14 18:15,18.299999,982.700012,0.0,328,0,0,15.94,44.3,985.47,2.46,252.25,0.0,0.0,0.0,0.0
2019/05/14 18:30,17.9,983.0,0.0,141,0,0,15.86,44.47,985.41,2.44,251.68,0.0,0.0,0.0,0.0
2019/05/14 18:45,16.200001,983.0,0.6,154,0,0,15.76,44.72,985.15,2.48,246.81,0.0,0.0,0.0,0.0
2019/05/14 19:00,16.4,982.799988,0.2,146,0,0,15.65,45.12,985.15,2.6,244.09,0.0,0.0,0.0,0.0
2019/05/15 08:00,30.1,978.400024,3.5,39,229,249,34.31,12.12,980.45,9.18,304.97,577.33,47.430000000000064,529.9,7.338844
2019/05/15 08:15,29.700001,978.400024,3.1,69,215,241,34.07,11.98,980.4,9.1,304.11,527.72,45.93000000000001,481.79,7.148860000000001
2019/05/15 08:30,29.4,978.400024,3.9,64,181,210,33.84,11.95,980.35,8.81,303.56,491.65,49.39999999999998,442.25,6.142828
2019/05/15 08:45,29.299999,978.400024,3.2,66,181,208,33.58,12.09,980.38,8.21,304.24,440.33,43.00999999999999,397.32,6.214906
2019/05/15 09:00,28.9,978.099976,4.9,42,142,169,33.33,12.28,980.46,7.45,307.99,404.3,41.670000000000016,362.63,4.850344000000001
2019/05/15 09:15,28.9,978.099976,1.6,58,106,126,33.04,12.57,980.53,6.72,315.76,349.24,39.44999999999999,309.79,3.603031
2019/05/15 09:30,28.799999,978.0,3.2,63,108,125,32.85,13.02,980.54,6.06,325.79,311.89,37.80000000000001,274.09,3.66625
2019/05/15 09:45,28.4,978.099976,2.8,86,74,87,32.62,13.69,980.47,5.62,328.33,255.95,34.97999999999999,220.97,2.453719
2019/05/15 10:00,28.1,978.099976,1.4,62,60,71,32.26,14.04,980.49,5.74,315.09,219.3,32.83000000000001,186.47,2.037984
2019/05/15 10:15,27.9,978.200012,4.0,60,45,53,31.59,13.9,980.59,6.16,302.23,165.46,29.07000000000002,136.39,1.483563
2019/05/15 10:30,27.6,978.200012,1.5,49,33,40,30.79,13.78,980.74,6.07,297.0,130.0,26.03,103.97,1.060664
2019/05/15 10:45,27.299999,978.400024,2.0,71,22,27,29.61,14.53,981.04,5.34,294.52,78.62,20.290000000000006,58.33,0.729928
2019/05/15 11:00,27.1,978.200012,4.2,41,27,34,28.42,15.44,981.41,4.7,291.51,47.0,15.260000000000002,31.74,0.870598
2019/05/15 11:15,26.799999,978.700012,2.4,77,6,9,27.28,15.47,981.77,4.51,290.19,8.19,4.709999999999999,3.48,0.183695
2019/05/15 11:30,26.6,978.700012,1.6,91,0,0,26.5,15.05,982.07,4.51,288.91,0.0,0.0,0.0,0.0
2019/05/15 11:45,26.4,979.0,0.2,99,0,0,26.0,14.56,982.31,4.47,285.21,0.0,0.0,0.0,0.0
2019/05/15 12:00,26.1,979.299988,0.0,92,0,0,25.66,14.04,982.49,4.42,279.52,0.0,0.0,0.0,0.0
2019/05/15 12:15,26.0,979.400024,0.3,127,0,0,25.37,13.69,982.67,4.42,272.93,0.0,0.0,0.0,0.0
2019/05/15 12:30,25.5,979.599976,0.9,69,0,0,25.06,13.51,982.81,4.44,267.63,0.0,0.0,0.0,0.0
2019/05/15 12:45,25.1,979.799988,1.1,53,0,0,24.71,13.5,982.95,4.51,261.92,0.0,0.0,0.0,0.0
2019/05/15 13:00,24.6,979.900024,1.2,33,0,0,24.36,13.59,983.05,4.69,254.88,0.0,0.0,0.0,0.0
2019/05/15 13:15,24.700001,980.0,2.7,48,0,0,23.97,13.85,983.14,4.97,248.58,0.0,0.0,0.0,0.0
2019/05/15 13:30,24.5,980.200012,0.0,173,0,0,23.52,14.29,983.21,5.25,244.88,0.0,0.0,0.0,0.0
2019/05/15 13:45,23.700001,980.099976,0.4,312,0,0,23.03,14.86,983.23,5.49,243.34,0.0,0.0,0.0,0.0
2019/05/15 14:00,23.299999,980.400024,0.0,347,0,0,22.54,15.5,983.24,5.68,243.47,0.0,0.0,0.0,0.0
2019/05/15 14:15,23.200001,980.700012,1.6,334,0,0,22.1,16.13,983.33,5.81,244.92,0.0,0.0,0.0,0.0
2019/05/15 14:30,23.1,980.700012,1.4,317,0,0,21.74,16.67,983.49,5.84,247.85,0.0,0.0,0.0,0.0
2019/05/15 14:45,22.799999,980.700012,1.8,318,0,0,21.39,17.15,983.66,5.78,251.01,0.0,0.0,0.0,0.0
2019/05/15 15:00,22.5,980.900024,2.1,312,0,0,21.08,17.55,983.81,5.69,254.16,0.0,0.0,0.0,0.0
2019/05/15 15:15,22.299999,980.799988,1.0,349,0,0,20.83,17.84,983.93,5.65,257.4,0.0,0.0,0.0,0.0
2019/05/15 15:30,22.299999,980.799988,2.0,329,0,0,20.65,18.02,984.06,5.69,260.08,0.0,0.0,0.0,0.0
2019/05/15 15:45,22.299999,980.799988,1.6,331,0,0,20.5,18.13,984.16,5.75,261.72,0.0,0.0,0.0,0.0
2019/05/15 16:00,22.0,980.900024,2.0,341,0,0,18.22,27.1,983.26,3.33,208.93,0.0,0.0,0.0,0.0
2019/05/15 16:15,22.1,981.0,2.0,301,0,0,18.01,27.33,983.04,3.18,211.97,0.0,0.0,0.0,0.0
2019/05/15 16:30,22.299999,981.0,1.1,329,0,0,17.94,27.2,983.31,3.02,214.65,0.0,0.0,0.0,0.0
2019/05/15 16:45,22.299999,980.900024,0.5,311,0,0,17.87,27.03,983.31,2.89,212.41,0.0,0.0,0.0,0.0
2019/05/15 17:00,22.200001,980.900024,0.4,238,0,0,17.82,26.91,983.2,2.97,199.57,0.0,0.0,0.0,0.0
2019/05/15 17:15,20.700001,981.099976,0.0,169,0,0,17.67,27.05,983.21,3.44,184.04,0.0,0.0,0.0,0.0
2019/05/15 17:30,20.1,981.0,0.0,148,0,0,17.45,27.28,983.34,4.05,175.66,0.0,0.0,0.0,0.0
2019/05/15 17:45,20.299999,980.799988,0.0,190,0,0,17.34,27.19,983.66,4.38,172.7,0.0,0.0,0.0,0.0
2019/05/15 18:00,20.200001,980.900024,0.0,272,0,0,17.35,26.81,983.88,4.46,173.78,0.0,0.0,0.0,0.0
2019/05/15 18:15,19.299999,980.900024,0.2,166,0,0,17.36,26.47,983.98,4.53,177.81,0.0,0.0,0.0,0.0
2019/05/15 18:30,19.299999,980.900024,0.7,147,0,0,17.33,26.29,983.99,4.62,183.28,0.0,0.0,0.0,0.0
2019/05/15 18:45,19.9,980.599976,0.0,151,0,0,17.21,26.31,983.89,4.71,189.69,0.0,0.0,0.0,0.0
2019/05/15 19:00,19.0,980.700012,1.2,141,0,0,17.1,26.41,984.02,4.81,195.75,0.0,0.0,0.0,0.0
2019/05/16 08:00,32.599998,978.599976,2.3,107,335,317,34.13,10.93,980.22,6.93,135.62,579.52,47.46000000000004,532.06,11.20634
2019/05/16 08:15,32.200001,978.599976,5.5,61,325,310,34.03,10.9,980.1,7.03,138.36,529.54,45.94999999999999,483.59,10.99591
2019/05/16 08:30,31.799999,978.599976,2.5,70,290,288,33.95,10.95,980.0,7.13,140.68,494.96,44.839999999999975,450.12,10.10909
2019/05/16 08:45,31.6,978.700012,3.0,42,205,233,33.8,11.12,979.91,7.2,142.94,441.48,43.03000000000003,398.45,6.849609
2019/05/16 09:00,31.1,978.599976,2.7,66,177,204,33.66,11.45,979.86,7.25,145.29,404.93,41.69,363.24,6.188219
2019/05/16 09:15,30.799999,978.900024,3.7,71,148,171,33.45,12.08,979.82,7.21,147.8,349.07,39.45999999999998,309.61,5.007625
2019/05/16 09:30,30.5,978.799988,2.7,75,129,154,33.23,12.99,979.8,7.05,149.81,311.13,37.76999999999998,273.36,4.438656
2019/05/16 09:45,30.200001,979.099976,3.6,76,102,127,32.87,14.05,979.77,6.73,150.93,253.33,34.76000000000002,218.57,3.563273
2019/05/16 10:00,30.0,979.0,2.9,37,92,117,32.43,15.19,979.72,6.26,151.36,212.37,31.97,180.4,3.179477
2019/05/16 10:15,29.6,979.0,3.2,60,58,77,31.73,16.62,979.64,5.68,151.44,152.05,27.24000000000001,124.81,2.0456950000000003
2019/05/16 10:30,29.4,979.099976,2.8,56,36,48,30.87,18.32,979.59,5.1,151.98,111.35,26.629999999999995,84.72,1.193281
2019/05/16 10:45,29.0,979.099976,2.7,66,18,24,29.79,20.19,979.66,4.65,153.7,62.54,20.19,42.35,0.577691
2019/05/16 11:00,28.6,979.299988,2.5,56,7,9,28.8,21.64,979.76,4.42,158.52,32.36,17.14,15.22,0.195426
2019/05/16 11:15,28.299999,979.400024,1.6,48,3,5,27.94,22.33,979.88,4.4,166.42,5.96,4.95,1.01,0.1052819999999999
2019/05/16 11:30,28.0,979.599976,0.3,52,0,1,27.33,22.55,979.93,4.49,174.67,0.0,0.0,0.0,0.0
2019/05/16 11:45,27.5,979.700012,0.2,60,0,0,26.98,22.45,980.02,4.61,181.18,0.0,0.0,0.0,0.0
2019/05/16 12:00,27.299999,979.900024,1.3,66,0,0,26.69,22.21,980.11,4.67,185.09,0.0,0.0,0.0,0.0
2019/05/16 12:15,27.200001,979.900024,1.6,35,0,0,26.37,22.06,980.2,4.66,187.6,0.0,0.0,0.0,0.0
2019/05/16 12:30,26.9,980.099976,1.0,48,0,0,26.0,22.14,980.25,4.59,190.03,0.0,0.0,0.0,0.0
2019/05/16 12:45,26.4,980.200012,0.0,27,0,0,25.65,22.29,980.36,4.45,193.79,0.0,0.0,0.0,0.0
2019/05/16 13:00,26.299999,980.400024,1.0,3,0,0,25.36,22.4,980.46,4.3,197.39,0.0,0.0,0.0,0.0
2019/05/16 13:15,26.4,980.400024,1.2,33,0,0,25.15,22.45,980.56,4.14,199.98,0.0,0.0,0.0,0.0
2019/05/16 13:30,26.700001,980.5,2.0,48,0,0,25.1,22.32,980.61,3.95,202.49,0.0,0.0,0.0,0.0
2019/05/16 13:45,25.799999,980.599976,1.5,46,0,0,24.93,22.36,980.63,3.76,204.88,0.0,0.0,0.0,0.0
2019/05/16 14:00,25.700001,980.400024,0.7,32,0,0,24.85,22.25,980.71,3.64,206.32,0.0,0.0,0.0,0.0
2019/05/16 14:15,25.5,980.400024,1.6,19,0,0,24.77,22.13,980.8,3.52,206.8,0.0,0.0,0.0,0.0
2019/05/16 14:30,25.200001,980.400024,0.3,302,0,0,24.52,22.28,980.87,3.27,206.69,0.0,0.0,0.0,0.0
2019/05/16 14:45,23.700001,980.5,1.6,318,0,0,24.17,22.63,980.93,2.89,207.36,0.0,0.0,0.0,0.0
2019/05/16 15:00,23.6,980.299988,1.5,323,0,0,23.81,23.09,980.97,2.48,206.67,0.0,0.0,0.0,0.0
2019/05/16 15:15,23.799999,980.5,1.4,341,0,0,23.61,23.25,981.05,2.14,202.52,0.0,0.0,0.0,0.0
2019/05/16 15:30,24.0,980.700012,1.1,329,0,0,23.52,23.25,981.15,1.94,195.08,0.0,0.0,0.0,0.0
2019/05/16 15:45,23.700001,980.599976,1.7,331,0,0,23.46,23.3,981.31,2.02,191.36,0.0,0.0,0.0,0.0
2019/05/16 16:00,23.5,980.700012,1.3,329,0,0,19.44,31.92,982.39,2.16,204.0,0.0,0.0,0.0,0.0
2019/05/16 16:15,23.5,980.599976,1.5,326,0,0,19.26,32.2,982.44,2.72,213.78,0.0,0.0,0.0,0.0
2019/05/16 16:30,23.5,980.599976,1.7,319,0,0,19.12,32.24,982.8,3.12,223.31,0.0,0.0,0.0,0.0
2019/05/16 16:45,22.6,980.299988,0.8,337,0,0,18.96,32.19,982.59,3.39,229.8,0.0,0.0,0.0,0.0
2019/05/16 17:00,22.6,980.200012,0.9,309,0,0,18.86,31.93,982.31,3.55,233.65,0.0,0.0,0.0,0.0
2019/05/16 17:15,21.799999,980.400024,0.1,3,0,0,18.87,31.46,982.12,3.53,236.99,0.0,0.0,0.0,0.0
2019/05/16 17:30,21.6,980.599976,1.3,174,0,0,18.89,31.02,982.01,3.38,238.34,0.0,0.0,0.0,0.0
2019/05/16 17:45,20.4,980.5,1.0,129,0,0,18.92,30.7,982.38,3.19,237.25,0.0,0.0,0.0,0.0
2019/05/16 18:00,20.700001,980.299988,0.6,179,0,0,18.92,30.5,982.71,3.03,236.59,0.0,0.0,0.0,0.0
2019/05/16 18:15,20.700001,980.099976,0.4,135,0,0,18.88,30.41,982.73,2.91,235.6,0.0,0.0,0.0,0.0
2019/05/16 18:30,21.4,980.099976,0.8,131,0,0,18.79,30.49,982.52,2.85,232.99,0.0,0.0,0.0,0.0
2019/05/16 18:45,21.299999,980.0,0.5,119,0,0,18.67,30.66,982.25,2.89,232.43,0.0,0.0,0.0,0.0
2019/05/16 19:00,21.299999,980.0,0.0,169,0,0,18.52,30.91,982.19,3.03,232.46,0.0,0.0,0.0,0.0
2019/05/17 08:00,32.200001,977.799988,4.0,52,421,257,33.62,17.52,979.98,8.03,146.55,576.69,47.46000000000004,529.23,13.91841
2019/05/17 08:15,32.299999,977.700012,4.1,15,370,245,33.58,17.71,979.77,8.08,147.42,526.74,45.94,480.8,12.25153
2019/05/17 08:30,32.200001,977.5,4.4,9,310,232,33.55,17.9,979.57,8.09,148.47,492.24,44.84000000000003,447.4,10.70322
2019/05/17 08:45,32.099998,977.5,4.7,54,277,224,33.47,18.23,979.49,8.05,149.86,438.95,43.01999999999998,395.93,9.442344
2019/05/17 09:00,31.799999,977.299988,2.6,59,230,204,33.4,18.7,979.45,7.96,150.88,402.53,41.69,360.84,8.018063
2019/05/17 09:15,31.700001,977.299988,2.4,83,194,187,33.24,19.34,979.47,7.85,151.41,346.92,39.48000000000002,307.44,6.6120470000000005
2019/05/17 09:30,31.700001,977.200012,2.1,76,151,161,33.07,19.93,979.48,7.73,151.83,309.58,37.839999999999975,271.74,4.997125
2019/05/17 09:45,31.4,977.200012,4.0,36,117,142,32.78,20.55,979.47,7.55,152.66,253.81,35.06,218.75,3.663297
2019/05/17 10:00,31.1,977.299988,2.5,44,92,114,32.43,21.36,979.42,7.19,153.51,217.02,32.94,184.08,2.947984
2019/05/17 10:15,30.4,977.299988,4.5,51,72,89,31.9,22.72,979.41,6.64,153.95,162.83,29.230000000000015,133.6,2.177219
2019/05/17 10:30,30.0,977.299988,4.6,51,52,65,31.24,24.59,979.43,6.04,154.25,127.76,26.25,101.51,1.533109
2019/05/17 10:45,29.6,977.5,3.2,48,34,43,30.34,26.84,979.58,5.55,155.73,77.88,20.69,57.19,0.985195
2019/05/17 11:00,29.299999,977.700012,2.8,50,17,24,29.42,28.92,979.8,5.23,159.3,47.51,15.849999999999998,31.66,0.52057
2019/05/17 11:15,28.799999,978.0,2.1,30,5,7,28.45,30.45,979.94,5.07,163.91,10.24,5.82,4.42,0.137207
2019/05/17 11:30,28.200001,978.200012,1.8,34,0,0,27.72,31.21,980.06,5.03,168.18,0.0,0.0,0.0,0.0
2019/05/17 11:45,27.700001,978.400024,1.4,20,0,0,27.19,31.65,980.19,5.05,172.21,0.0,0.0,0.0,0.0
2019/05/17 12:00,27.6,978.400024,1.9,43,0,0,26.77,31.87,980.35,5.1,176.36,0.0,0.0,0.0,0.0
2019/05/17 12:15,27.4,978.599976,2.1,20,0,0,26.43,32.04,980.54,5.14,180.8,0.0,0.0,0.0,0.0
2019/05/17 12:30,27.200001,978.700012,1.8,15,0,0,26.13,32.34,980.69,5.16,185.71,0.0,0.0,0.0,0.0
2019/05/17 12:45,27.0,979.200012,1.9,26,0,0,25.84,32.84,980.81,5.11,190.87,0.0,0.0,0.0,0.0
2019/05/17 13:00,26.700001,979.5,2.0,338,0,0,25.54,33.47,980.95,5.01,195.38,0.0,0.0,0.0,0.0
2019/05/17 13:15,26.6,979.799988,2.3,26,0,0,25.27,34.19,981.06,4.89,198.87,0.0,0.0,0.0,0.0
2019/05/17 13:30,26.299999,980.0,2.2,29,0,0,25.01,34.93,981.14,4.73,200.43,0.0,0.0,0.0,0.0
2019/05/17 13:45,26.1,980.099976,2.1,15,0,0,24.76,35.71,981.22,4.55,201.06,0.0,0.0,0.0,0.0
2019/05/17 14:00,25.9,980.200012,1.3,41,0,0,24.51,36.51,981.34,4.32,201.11,0.0,0.0,0.0,0.0
2019/05/17 14:15,25.6,980.400024,1.6,22,0,0,24.29,37.28,981.49,4.03,201.42,0.0,0.0,0.0,0.0
2019/05/17 14:30,25.4,980.599976,1.4,22,0,0,24.1,37.95,981.69,3.61,201.5,0.0,0.0,0.0,0.0
2019/05/17 14:45,25.299999,980.799988,2.0,349,0,0,23.89,38.62,981.85,3.06,201.07,0.0,0.0,0.0,0.0
2019/05/17 15:00,24.799999,981.200012,2.2,348,0,0,23.55,39.64,981.99,2.43,199.37,0.0,0.0,0.0,0.0
2019/05/17 15:15,24.299999,981.299988,1.5,342,0,0,23.29,40.31,982.18,1.82,198.91,0.0,0.0,0.0,0.0
2019/05/17 15:30,24.0,981.400024,0.7,344,0,0,23.14,40.67,982.46,1.14,201.64,0.0,0.0,0.0,0.0
2019/05/17 15:45,23.6,981.599976,0.0,185,0,0,23.02,41.01,982.77,0.6,196.59,0.0,0.0,0.0,0.0
2019/05/17 16:00,22.9,982.0,1.8,326,0,0,22.14,42.54,983.61,0.92,283.86,0.0,0.0,0.0,0.0
2019/05/17 16:15,23.1,981.900024,2.5,338,0,0,21.9,43.36,983.72,1.69,275.58,0.0,0.0,0.0,0.0
2019/05/17 16:30,23.200001,982.0,3.1,320,0,0,21.56,44.66,983.72,2.35,280.9,0.0,0.0,0.0,0.0
2019/05/17 16:45,23.0,982.0,3.3,308,0,0,21.26,45.69,983.88,2.67,289.21,0.0,0.0,0.0,0.0
2019/05/17 17:00,22.6,982.099976,1.8,314,0,0,21.06,46.18,984.01,2.66,294.47,0.0,0.0,0.0,0.0
2019/05/17 17:15,22.4,982.200012,2.4,316,0,0,20.92,46.27,983.75,2.41,299.52,0.0,0.0,0.0,0.0
2019/05/17 17:30,22.200001,982.5,2.0,319,0,0,20.76,46.39,983.71,2.14,308.41,0.0,0.0,0.0,0.0
2019/05/17 17:45,22.1,982.700012,3.8,306,0,0,20.54,46.81,984.06,2.01,319.49,0.0,0.0,0.0,0.0
2019/05/17 18:00,22.200001,983.099976,4.3,328,0,0,20.19,47.82,984.36,2.1,317.35,0.0,0.0,0.0,0.0
2019/05/17 18:15,22.0,983.299988,5.4,328,0,0,19.78,49.29,984.33,2.39,309.36,0.0,0.0,0.0,0.0
2019/05/17 18:30,21.799999,983.099976,6.0,334,0,0,19.42,50.8,984.27,2.68,305.9,0.0,0.0,0.0,0.0
2019/05/17 18:45,21.700001,983.0,3.1,349,0,0,19.13,52.19,984.42,2.79,309.14,0.0,0.0,0.0,0.0
2019/05/17 19:00,21.6,983.400024,3.3,351,0,0,18.89,53.62,984.74,2.75,315.66,0.0,0.0,0.0,0.0
2019/05/18 08:00,23.200001,982.400024,1.0,341,160,177,31.12,34.93,981.05,10.89,153.58,543.27,46.04999999999996,497.22,4.239703
2019/05/18 08:15,23.5,982.099976,1.7,341,201,210,31.05,34.95,980.99,10.81,153.97,503.57,45.24000000000001,458.33,6.024813
2019/05/18 08:30,23.700001,981.799988,1.8,351,223,259,30.98,34.86,980.88,10.72,154.18,475.01,44.52999999999997,430.48,5.81186
2019/05/18 08:45,23.5,981.700012,1.5,1,143,159,30.83,35.19,980.78,10.61,154.52,425.46,42.89999999999998,382.56,3.521274
2019/05/18 09:00,23.5,981.700012,1.4,3,70,83,30.69,35.8,980.74,10.48,154.65,390.63,41.620000000000005,349.01,2.461375
2019/05/18 09:15,23.6,981.599976,1.6,331,90,103,30.51,36.4,980.65,10.37,154.8,336.97,39.43000000000001,297.54,2.789773
2019/05/18 09:30,23.5,981.099976,2.7,344,88,108,30.35,36.67,980.52,10.26,155.22,301.0,37.80000000000001,263.2,2.395203
2019/05/18 09:45,23.299999,981.0,1.6,330,73,83,30.1,36.8,980.33,10.12,155.79,247.13,35.03,212.1,2.168141
2019/05/18 10:00,23.299999,981.299988,2.6,332,64,74,29.85,36.9,980.13,9.91,155.98,211.38,32.91,178.47,1.863531
2019/05/18 10:15,23.200001,981.400024,1.7,324,19,20,29.5,37.29,979.92,9.63,155.71,158.17,29.099999999999994,129.07,0.403423
2019/05/18 10:30,22.799999,981.5,1.5,305,8,10,29.14,37.89,979.87,9.3,155.07,122.41,25.78,96.63,0.085116
2019/05/18 10:45,22.9,981.5,2.2,324,4,5,28.68,38.83,979.93,8.98,154.94,72.61,19.78,52.83,0.039512
2019/05/18 11:00,22.799999,981.700012,1.8,316,3,4,28.23,39.96,980.07,8.66,155.79,42.99,14.700000000000005,28.29,0.016596
2019/05/18 11:15,22.799999,981.799988,3.1,313,0,0,27.75,41.02,980.15,8.39,157.13,9.76,5.609999999999999,4.15,0.0
2019/05/18 11:30,22.799999,982.099976,2.0,341,0,0,27.36,41.73,980.16,8.18,158.64,0.0,0.0,0.0,0.0
2019/05/18 11:45,22.799999,982.099976,1.4,322,0,0,27.04,42.32,980.18,7.97,160.56,0.0,0.0,0.0,0.0
2019/05/18 12:00,22.700001,982.099976,1.8,339,0,0,26.74,42.88,980.29,7.67,162.7,0.0,0.0,0.0,0.0
2019/05/18 12:15,22.299999,982.299988,2.0,336,0,0,26.44,43.41,980.37,7.32,165.64,0.0,0.0,0.0,0.0
2019/05/18 12:30,22.1,982.299988,1.9,323,0,0,26.17,43.88,980.5,6.91,169.19,0.0,0.0,0.0,0.0
2019/05/18 12:45,21.9,982.400024,2.1,350,0,0,25.87,44.46,980.64,6.35,172.41,0.0,0.0,0.0,0.0
2019/05/18 13:00,21.799999,982.599976,1.3,326,0,0,25.56,45.25,980.83,5.54,176.42,0.0,0.0,0.0,0.0
2019/05/18 13:15,21.5,982.700012,0.4,337,0,0,25.25,46.17,981.02,4.59,179.55,0.0,0.0,0.0,0.0
2019/05/18 13:30,21.299999,982.700012,1.6,314,0,0,24.93,47.22,981.06,3.69,178.86,0.0,0.0,0.0,0.0
2019/05/18 13:45,21.0,983.0,2.0,313,0,0,24.53,48.59,981.07,2.96,178.41,0.0,0.0,0.0,0.0
2019/05/18 14:00,21.0,982.700012,2.1,325,0,0,24.13,50.05,981.14,2.32,177.34,0.0,0.0,0.0,0.0
2019/05/18 14:15,21.1,982.599976,0.7,344,0,0,23.79,51.29,981.29,1.84,177.37,0.0,0.0,0.0,0.0
2019/05/18 14:30,21.200001,982.900024,0.7,314,0,0,23.48,52.7,981.41,1.65,169.09,0.0,0.0,0.0,0.0
2019/05/18 14:45,20.6,982.599976,1.3,336,0,0,23.26,54.57,981.45,1.75,155.62,0.0,0.0,0.0,0.0
2019/05/18 15:00,20.6,982.799988,1.0,330,0,0,22.96,56.11,981.58,1.98,155.79,0.0,0.0,0.0,0.0
2019/05/18 15:15,20.799999,983.0,0.9,338,0,0,23.26,54.87,981.57,2.32,166.39,0.0,0.0,0.0,0.0
2019/05/18 15:30,20.6,982.799988,1.2,330,0,0,23.33,54.26,981.63,2.89,176.8,0.0,0.0,0.0,0.0
2019/05/18 15:45,20.5,982.599976,1.1,323,0,0,23.21,54.18,981.67,3.57,186.78,0.0,0.0,0.0,0.0
2019/05/18 16:00,20.5,982.5,1.0,313,0,0,17.78,79.12,984.04,2.83,312.79,0.0,0.0,0.0,0.0
2019/05/18 16:15,20.299999,982.400024,1.8,344,0,0,17.73,79.21,984.1,3.26,309.91,0.0,0.0,0.0,0.0
2019/05/18 16:30,20.200001,982.099976,0.8,353,0,0,17.73,79.09,984.67,3.61,312.09,0.0,0.0,0.0,0.0
2019/05/18 16:45,20.0,982.0,1.5,335,0,0,17.86,78.32,984.68,3.76,313.49,0.0,0.0,0.0,0.0
2019/05/18 17:00,19.9,982.0,0.7,34,0,0,18.16,77.2,984.79,4.35,309.31,0.0,0.0,0.0,0.0
2019/05/18 17:15,19.9,982.5,1.4,274,0,0,18.89,74.57,985.19,5.34,303.89,0.0,0.0,0.0,0.0
2019/05/18 17:30,19.700001,983.200012,5.5,216,0,0,19.41,73.8,985.23,5.72,310.06,0.0,0.0,0.0,0.0
2019/05/18 17:45,19.299999,982.700012,2.3,314,0,0,19.66,74.67,985.79,5.58,316.71,0.0,0.0,0.0,0.0
2019/05/18 18:00,19.1,982.700012,2.6,318,0,0,19.53,77.14,986.33,4.81,323.83,0.0,0.0,0.0,0.0
2019/05/18 18:15,18.4,982.5,4.1,335,0,2,19.1,80.33,986.04,3.35,342.32,0.0,0.0,0.0,0.0
2019/05/18 18:30,17.700001,982.599976,0.9,320,0,0,18.77,81.33,985.0,2.52,95.94,0.0,0.0,0.0,0.0
2019/05/18 18:45,17.4,983.0,0.0,43,0,0,18.46,82.02,984.67,2.32,128.4,0.0,0.0,0.0,0.0
2019/05/18 19:00,17.200001,983.0,0.1,87,0,0,18.22,81.5,984.93,2.27,215.4,0.0,0.0,0.0,0.0
2019/05/19 08:00,23.6,987.0,16.0,200,527,80,21.76,16.66,989.09,13.72,314.52,604.18,48.09999999999991,556.08,19.32831
2019/05/19 08:15,23.6,987.0,11.9,197,468,103,21.42,17.33,989.08,13.75,314.68,552.05,46.569999999999936,505.48,17.485121
2019/05/19 08:30,23.6,987.299988,3.2,215,414,113,21.17,18.21,989.12,13.52,315.24,515.89,45.45999999999998,470.43,15.78106
2019/05/19 08:45,23.700001,987.299988,7.2,225,335,108,21.03,18.57,989.23,13.3,314.71,460.51,43.63999999999999,416.87,13.21359
2019/05/19 09:00,23.0,987.599976,6.8,216,276,114,20.92,18.13,989.34,13.34,314.53,423.73,42.31999999999999,381.41,11.28181
2019/05/19 09:15,23.0,987.799988,8.0,219,215,116,20.66,17.61,989.42,13.51,315.44,368.13,40.13,328.0,8.905969
2019/05/19 09:30,22.5,988.099976,5.3,224,178,120,20.4,17.13,989.46,13.61,316.51,330.53,38.5,292.03,6.989610000000001
2019/05/19 09:45,22.0,988.200012,8.1,202,112,106,20.04,16.84,989.49,13.67,316.75,273.67,35.74000000000001,237.93,4.843672
2019/05/19 10:00,21.799999,988.5,6.2,206,89,89,19.71,16.67,989.53,13.65,316.71,235.72,33.639999999999986,202.08,3.301102
2019/05/19 10:15,21.6,989.0,4.2,240,83,72,19.34,16.38,989.63,13.54,317.39,179.63,29.960000000000008,149.67,2.364141
2019/05/19 10:30,21.4,989.099976,8.2,221,58,52,18.98,15.66,989.82,13.35,318.35,143.2,27.039999999999992,116.16,1.503332
2019/05/19 10:45,21.0,989.599976,5.0,212,40,37,18.53,14.64,990.27,13.1,319.03,90.42,21.60000000000001,68.82,1.080543
2019/05/19 11:00,20.700001,989.799988,8.0,248,19,21,18.09,14.13,990.84,12.65,319.15,57.31,16.89,40.42,0.544934
2019/05/19 11:15,20.299999,990.200012,3.5,247,8,11,17.65,14.0,991.27,12.0,319.13,14.88,7.140000000000001,7.74,0.265836
2019/05/19 11:30,20.299999,990.200012,7.3,237,0,1,17.26,14.12,991.63,11.33,319.5,0.0,0.0,0.0,0.004816
2019/05/19 11:45,20.0,990.5,3.8,257,0,0,16.94,14.49,991.94,10.8,320.26,0.0,0.0,0.0,0.0
2019/05/19 12:00,19.4,991.0,5.5,253,0,0,16.67,14.92,992.26,10.43,320.79,0.0,0.0,0.0,0.0
2019/05/19 12:15,19.700001,991.200012,6.1,233,0,0,16.41,15.39,992.57,10.11,320.66,0.0,0.0,0.0,0.0
2019/05/19 12:30,19.6,991.599976,4.7,238,0,0,16.17,15.91,992.84,9.77,319.83,0.0,0.0,0.0,0.0
2019/05/19 12:45,19.6,992.0,5.5,219,0,0,15.93,16.45,993.06,9.41,318.26,0.0,0.0,0.0,0.0
2019/05/19 13:00,19.4,992.400024,4.0,220,0,0,15.7,17.01,993.19,9.11,316.08,0.0,0.0,0.0,0.0
2019/05/19 13:15,19.4,992.299988,7.1,223,0,0,15.48,17.59,993.31,8.92,313.51,0.0,0.0,0.0,0.0
2019/05/19 13:30,19.0,992.5,4.9,204,0,0,15.29,18.14,993.36,8.9,311.12,0.0,0.0,0.0,0.0
2019/05/19 13:45,18.5,992.799988,4.1,223,0,0,15.14,18.59,993.3,9.07,309.33,0.0,0.0,0.0,0.0
2019/05/19 14:00,18.1,992.700012,3.0,228,0,0,15.01,18.9,993.23,9.36,308.12,0.0,0.0,0.0,0.0
2019/05/19 14:15,18.1,992.900024,6.2,203,0,0,14.89,19.1,993.22,9.68,306.96,0.0,0.0,0.0,0.0
2019/05/19 14:30,18.1,992.799988,5.5,236,0,0,14.78,19.24,993.29,9.98,305.62,0.0,0.0,0.0,0.0
2019/05/19 14:45,17.799999,992.799988,7.0,196,0,0,14.66,19.39,993.36,10.26,304.25,0.0,0.0,0.0,0.0
2019/05/19 15:00,17.799999,992.799988,5.1,199,0,0,14.54,19.59,993.41,10.48,302.84,0.0,0.0,0.0,0.0
2019/05/19 15:15,17.700001,992.799988,4.3,226,0,0,14.41,19.84,993.45,10.62,301.64,0.0,0.0,0.0,0.0
2019/05/19 15:30,17.5,992.700012,4.8,207,0,0,14.28,20.15,993.52,10.66,300.69,0.0,0.0,0.0,0.0
2019/05/19 15:45,17.700001,992.400024,4.8,206,0,0,14.14,20.48,993.59,10.61,299.95,0.0,0.0,0.0,0.0
2019/05/19 16:00,17.700001,992.5,3.1,181,0,0,11.73,23.22,994.85,5.29,277.28,0.0,0.0,0.0,0.0
2019/05/19 16:15,17.200001,992.5,2.9,199,0,0,11.51,23.71,994.99,5.07,276.38,0.0,0.0,0.0,0.0
2019/05/19 16:30,16.4,992.400024,1.3,167,0,0,11.34,24.1,995.16,4.95,273.53,0.0,0.0,0.0,0.0
2019/05/19 16:45,15.7,992.299988,0.9,158,0,0,11.16,24.45,994.78,4.89,269.73,0.0,0.0,0.0,0.0
2019/05/19 17:00,15.8,992.099976,0.6,176,0,0,11.05,24.68,994.69,4.9,267.94,0.0,0.0,0.0,0.0
2019/05/19 17:15,15.6,992.0,0.5,157,0,0,10.91,24.93,994.33,4.95,267.09,0.0,0.0,0.0,0.0
2019/05/19 17:30,15.0,992.0,1.2,150,0,0,10.81,25.08,994.28,5.02,268.26,0.0,0.0,0.0,0.0
2019/05/19 17:45,15.2,991.799988,1.2,140,0,0,10.71,25.17,994.38,5.03,269.91,0.0,0.0,0.0,0.0
2019/05/19 18:00,14.1,991.799988,1.0,195,0,0,10.59,25.29,994.52,4.93,270.93,0.0,0.0,0.0,0.0
2019/05/19 18:15,14.6,991.799988,1.8,145,0,0,10.46,25.41,994.42,4.85,271.14,0.0,0.0,0.0,0.0
2019/05/19 18:30,14.3,991.700012,2.8,149,0,0,10.37,25.38,994.16,4.86,271.06,0.0,0.0,0.0,0.0
2019/05/19 18:45,14.6,991.5,2.0,161,0,0,10.37,25.07,993.84,4.94,272.3,0.0,0.0,0.0,0.0
2019/05/19 19:00,14.5,991.5,2.2,178,0,0,10.5,24.41,993.92,5.04,273.17,0.0,0.0,0.0,0.0
2019/05/20 08:00,27.1,984.599976,3.3,33,507,54,27.31,10.29,987.91,9.01,303.34,602.98,48.07000000000005,554.91,18.14094
2019/05/20 08:15,26.700001,984.5,3.9,33,447,73,27.26,10.38,987.68,8.86,303.89,551.86,46.56,505.3,16.38525
2019/05/20 08:30,27.1,984.400024,1.4,33,384,84,27.23,10.47,987.53,8.66,304.36,516.56,45.43999999999994,471.12,14.43706
2019/05/20 08:45,27.4,984.400024,4.1,41,322,97,27.16,10.61,987.47,8.42,304.67,462.04,43.64000000000004,418.4,12.47291
2019/05/20 09:00,27.1,984.200012,1.6,42,256,106,27.11,10.77,987.44,8.14,304.97,424.8,42.31999999999999,382.48,10.43153
2019/05/20 09:15,27.299999,984.0,0.1,23,201,102,26.99,10.98,987.4,7.84,305.24,368.01,40.120000000000005,327.89,8.299375999999999
2019/05/20 09:30,26.700001,984.099976,3.5,15,158,99,26.87,11.25,987.34,7.54,305.44,329.79,38.49000000000001,291.3,6.366937999999999
2019/05/20 09:45,26.5,984.0,1.2,0,101,91,26.65,11.67,987.25,7.2,305.54,272.35,35.74000000000001,236.61,4.6284220000000005
2019/05/20 10:00,26.6,984.0,2.0,5,81,78,26.4,12.24,987.12,6.74,305.27,234.26,33.64999999999998,200.61,3.103844
2019/05/20 10:15,26.700001,984.099976,0.9,349,69,60,25.95,13.17,987.02,6.11,304.21,178.02,30.0,148.02,2.019445
2019/05/20 10:30,26.4,984.200012,1.5,334,54,44,25.34,14.5,986.99,5.36,302.15,141.51,27.099999999999994,114.41,1.450449
2019/05/20 10:45,25.6,984.299988,1.3,356,38,29,24.37,16.26,987.13,4.68,298.51,89.22,21.72,67.5,1.064602
2019/05/20 11:00,24.9,984.400024,1.0,27,18,17,23.34,17.82,987.35,4.25,292.93,56.93,17.11,39.82,0.619309
2019/05/20 11:15,24.5,984.5,1.6,356,8,11,22.21,18.64,987.49,4.11,286.03,15.71,7.590000000000002,8.12,0.301403
2019/05/20 11:30,24.200001,984.700012,1.0,26,0,0,21.32,18.84,987.58,4.14,277.87,0.0,0.0,0.0,0.012346
2019/05/20 11:45,23.0,985.0,0.3,55,0,0,20.59,19.08,987.66,4.27,270.18,0.0,0.0,0.0,0.0
2019/05/20 12:00,23.200001,985.0,1.3,32,0,0,20.03,19.08,987.76,4.45,264.62,0.0,0.0,0.0,0.0
2019/05/20 12:15,22.6,985.200012,0.4,41,0,0,19.54,19.05,987.89,4.61,261.77,0.0,0.0,0.0,0.0
2019/05/20 12:30,23.299999,985.400024,1.4,20,0,0,19.14,19.0,988.03,4.72,260.71,0.0,0.0,0.0,0.0
2019/05/20 12:45,23.1,985.400024,0.8,36,0,0,18.81,18.97,988.15,4.8,260.53,0.0,0.0,0.0,0.0
2019/05/20 13:00,21.200001,985.599976,0.0,39,0,0,18.54,18.98,988.25,4.85,260.58,0.0,0.0,0.0,0.0
2019/05/20 13:15,21.5,985.5,0.8,11,0,0,18.29,19.05,988.36,4.9,260.95,0.0,0.0,0.0,0.0
2019/05/20 13:30,20.799999,985.5,0.6,47,0,0,18.06,19.18,988.43,4.96,260.94,0.0,0.0,0.0,0.0
2019/05/20 13:45,19.700001,985.5,0.0,277,0,0,17.85,19.32,988.43,5.02,261.28,0.0,0.0,0.0,0.0
2019/05/20 14:00,19.6,985.5,0.0,321,0,0,17.64,19.48,988.45,5.06,261.31,0.0,0.0,0.0,0.0
2019/05/20 14:15,20.200001,985.299988,0.0,71,0,0,17.44,19.67,988.55,5.08,261.25,0.0,0.0,0.0,0.0
2019/05/20 14:30,19.799999,985.400024,0.2,239,0,0,17.25,19.86,988.68,5.07,261.06,0.0,0.0,0.0,0.0
2019/05/20 14:45,16.6,985.5,0.0,146,0,0,17.04,20.09,988.78,5.06,260.64,0.0,0.0,0.0,0.0
2019/05/20 15:00,16.799999,985.400024,0.0,217,0,0,16.82,20.34,988.83,5.05,260.33,0.0,0.0,0.0,0.0
2019/05/20 15:15,17.799999,985.299988,0.4,250,0,0,16.61,20.61,988.87,5.05,260.5,0.0,0.0,0.0,0.0
2019/05/20 15:30,17.200001,985.200012,1.5,193,0,0,16.41,20.85,988.91,5.04,261.2,0.0,0.0,0.0,0.0
2019/05/20 15:45,17.1,985.099976,0.6,149,0,0,16.24,21.06,988.97,5.03,262.72,0.0,0.0,0.0,0.0
2019/05/20 16:00,17.4,985.200012,0.7,136,0,0,15.9,22.29,988.16,4.98,264.86,0.0,0.0,0.0,0.0
2019/05/20 16:15,17.299999,985.0,1.5,145,0,0,15.7,22.62,987.98,4.84,264.01,0.0,0.0,0.0,0.0
2019/05/20 16:30,17.0,984.799988,0.6,156,0,0,15.63,22.72,988.17,4.84,263.08,0.0,0.0,0.0,0.0
2019/05/20 16:45,16.9,984.900024,0.9,172,0,0,15.59,22.72,988.0,4.91,264.48,0.0,0.0,0.0,0.0
2019/05/20 17:00,17.700001,984.700012,2.5,135,0,0,15.54,22.72,987.64,4.99,266.01,0.0,0.0,0.0,0.0
2019/05/20 17:15,17.9,984.599976,1.8,147,0,0,15.45,22.73,987.23,5.05,266.12,0.0,0.0,0.0,0.0
2019/05/20 17:30,17.700001,984.400024,1.6,159,0,0,15.38,22.69,987.03,5.06,265.56,0.0,0.0,0.0,0.0
2019/05/20 17:45,17.5,984.200012,2.1,147,0,0,15.3,22.64,987.05,4.98,264.4,0.0,0.0,0.0,0.0
2019/05/20 18:00,17.1,984.200012,1.5,153,0,0,15.19,22.66,987.16,4.78,262.63,0.0,0.0,0.0,0.0
2019/05/20 18:15,17.0,984.099976,1.9,175,0,0,15.05,22.68,987.08,4.57,260.2,0.0,0.0,0.0,0.0
2019/05/20 18:30,16.799999,984.099976,1.4,157,0,0,14.98,22.54,987.1,4.45,257.65,0.0,0.0,0.0,0.0
2019/05/20 18:45,17.0,983.799988,0.5,169,0,0,14.94,22.33,986.99,4.41,255.4,0.0,0.0,0.0,0.0
2019/05/20 19:00,17.299999,983.799988,1.1,159,0,0,14.94,22.02,986.93,4.41,254.95,0.0,0.0,0.0,0.0
2019/05/21 08:00,32.200001,979.200012,2.7,36,509,63,32.19,11.63,981.55,0.8,143.41,593.62,47.78999999999997,545.83,17.60675
2019/05/21 08:15,32.200001,979.099976,0.9,335,449,74,32.35,11.48,981.37,0.45,149.86,543.73,46.29000000000002,497.44,15.94775
2019/05/21 08:30,32.599998,979.0,2.3,15,387,82,32.49,11.31,981.22,0.8,337.58,509.37,45.20999999999998,464.16,14.10544
2019/05/21 08:45,31.9,978.799988,2.8,44,325,92,32.54,11.18,981.16,1.67,338.32,456.32,43.43000000000001,412.89,12.13581
2019/05/21 09:00,32.200001,978.799988,2.0,58,254,99,32.57,11.06,981.14,2.57,338.75,420.06,42.13999999999999,377.92,10.02663
2019/05/21 09:15,31.5,978.700012,1.0,24,205,105,32.51,11.01,981.15,3.27,339.83,364.74,39.98000000000002,324.76,8.110813
2019/05/21 09:30,31.4,978.799988,3.4,44,162,98,32.41,11.12,981.15,3.66,341.38,327.42,38.370000000000005,289.05,6.217094
2019/05/21 09:45,30.9,978.799988,2.3,46,101,91,32.15,11.78,981.14,3.65,343.97,271.04,35.670000000000016,235.37,4.378391000000001
2019/05/21 10:00,30.299999,978.799988,1.5,61,78,76,31.79,13.02,981.14,3.24,348.35,233.44,33.609999999999985,199.83,2.965648
2019/05/21 10:15,29.6,978.900024,3.5,80,69,59,31.1,15.76,981.15,2.54,355.76,177.72,30.00999999999999,147.71,1.934734
2019/05/21 10:30,29.200001,979.200012,3.3,47,52,43,30.37,17.21,981.19,1.84,14.46,141.54,27.169999999999987,114.37,1.304188
2019/05/21 10:45,28.6,979.200012,1.9,37,36,28,29.56,18.42,981.3,1.3,36.51,89.72,21.879999999999995,67.84,0.961898
2019/05/21 11:00,28.0,979.299988,2.4,71,20,17,28.86,19.56,981.48,1.0,77.3,57.76,17.369999999999997,40.39,0.6119939999999999
2019/05/21 11:15,27.4,979.599976,2.9,89,8,10,28.07,20.38,981.6,1.04,126.09,16.86,8.059999999999999,8.8,0.3043909999999999
2019/05/21 11:30,27.0,979.700012,1.7,107,0,0,27.3,20.95,981.69,1.38,154.73,0.02,0.02,0.0,0.043047
2019/05/21 11:45,26.700001,979.799988,2.3,73,0,0,26.75,21.25,981.76,1.77,171.85,0.0,0.0,0.0,0.0
2019/05/21 12:00,26.299999,979.799988,1.5,95,0,0,26.27,21.24,981.86,2.16,191.6,0.0,0.0,0.0,0.0
2019/05/21 12:15,25.9,979.700012,0.5,90,0,0,25.6,21.25,981.98,2.7,218.58,0.0,0.0,0.0,0.0
2019/05/21 12:30,25.6,980.0,0.4,83,0,0,24.63,21.42,982.16,3.51,245.23,0.0,0.0,0.0,0.0
2019/05/21 12:45,25.9,980.0,2.1,67,0,0,23.82,21.19,982.41,4.35,264.61,0.0,0.0,0.0,0.0
2019/05/21 13:00,26.0,980.099976,1.7,79,0,0,23.37,20.65,982.64,4.78,268.1,0.0,0.0,0.0,0.0
2019/05/21 13:15,25.9,980.0,0.0,264,0,0,23.1,20.31,982.77,4.79,263.47,0.0,0.0,0.0,0.0
2019/05/21 13:30,24.9,980.099976,0.0,254,0,0,22.9,20.13,982.85,4.8,260.58,0.0,0.0,0.0,0.0
2019/05/21 13:45,23.799999,980.299988,0.0,327,0,0,22.68,20.15,982.87,4.96,260.93,0.0,0.0,0.0,0.0
2019/05/21 14:00,24.299999,980.400024,0.0,281,0,0,22.41,20.29,982.95,5.09,261.69,0.0,0.0,0.0,0.0
2019/05/21 14:15,23.9,980.299988,0.6,217,0,0,22.12,20.53,983.1,5.11,262.47,0.0,0.0,0.0,0.0
2019/05/21 14:30,22.299999,980.200012,0.3,176,0,0,21.84,20.73,983.3,5.07,263.5,0.0,0.0,0.0,0.0
2019/05/21 14:45,22.200001,980.200012,0.5,166,0,0,21.62,20.84,983.47,4.99,264.46,0.0,0.0,0.0,0.0
2019/05/21 15:00,21.0,980.400024,1.1,220,0,0,21.41,20.91,983.63,4.91,265.45,0.0,0.0,0.0,0.0
2019/05/21 15:15,20.6,980.400024,1.3,197,0,0,21.27,20.85,983.82,4.93,265.41,0.0,0.0,0.0,0.0
2019/05/21 15:30,20.299999,980.400024,1.6,154,0,0,21.22,20.68,984.0,5.08,264.02,0.0,0.0,0.0,0.0
2019/05/21 15:45,19.799999,980.599976,1.0,216,0,0,21.15,20.55,984.21,5.25,263.31,0.0,0.0,0.0,0.0
2019/05/21 16:00,20.200001,980.599976,0.3,156,0,0,21.89,19.31,983.05,6.66,275.44,0.0,0.0,0.0,0.0
2019/05/21 16:15,20.299999,980.599976,0.4,121,0,0,21.52,19.66,983.16,6.37,277.49,0.0,0.0,0.0,0.0
2019/05/21 16:30,20.9,980.5,0.7,139,0,0,21.26,19.87,983.45,6.13,274.98,0.0,0.0,0.0,0.0
2019/05/21 16:45,21.0,980.599976,0.1,126,0,0,21.06,19.99,983.5,6.01,269.8,0.0,0.0,0.0,0.0
2019/05/21 17:00,20.9,980.5,0.3,125,0,0,20.87,20.08,983.21,6.02,268.23,0.0,0.0,0.0,0.0
2019/05/21 17:15,20.6,980.599976,1.9,135,0,0,20.67,20.23,982.99,6.01,269.9,0.0,0.0,0.0,0.0
2019/05/21 17:30,21.0,980.5,2.1,148,0,0,20.47,20.44,983.08,5.91,271.39,0.0,0.0,0.0,0.0
2019/05/21 17:45,21.1,980.400024,1.7,147,0,0,20.33,20.61,983.3,5.82,269.89,0.0,0.0,0.0,0.0
2019/05/21 18:00,20.9,980.599976,0.8,144,0,0,20.24,20.7,983.55,5.76,267.94,0.0,0.0,0.0,0.0
2019/05/21 18:15,20.9,980.700012,1.5,169,0,0,20.11,20.88,983.57,5.71,266.21,0.0,0.0,0.0,0.0
2019/05/21 18:30,20.700001,980.599976,1.1,153,0,0,19.94,21.12,983.58,5.64,265.03,0.0,0.0,0.0,0.0
2019/05/21 18:45,20.9,980.5,1.0,137,0,0,19.68,21.47,983.6,5.55,264.13,0.0,0.0,0.0,0.0
2019/05/21 19:00,20.5,980.799988,1.4,158,0,0,19.42,21.84,983.71,5.49,263.55,0.0,0.0,0.0,0.0
2019/05/22 08:00,37.200001,975.900024,3.3,149,505,61,37.17,6.26,979.13,8.32,288.06,600.97,47.77999999999997,553.19,17.424311
2019/05/22 08:15,37.299999,975.900024,5.1,209,445,74,37.13,6.18,979.06,8.28,289.96,551.13,46.31999999999999,504.81,15.59381
2019/05/22 08:30,37.099998,976.0,4.2,146,385,84,37.1,6.16,978.98,8.19,290.78,516.49,45.22000000000003,471.27,13.919720000000002
2019/05/22 08:45,37.200001,975.799988,1.8,169,324,94,37.0,6.24,978.95,8.09,291.22,462.66,43.450000000000045,419.21,12.0225
2019/05/22 09:00,37.200001,975.599976,3.9,143,260,100,36.93,6.37,978.98,7.96,291.92,425.81,42.170000000000016,383.64,10.08197
2019/05/22 09:15,37.200001,975.700012,2.7,137,208,102,36.76,6.57,979.0,7.77,292.24,369.6,40.01000000000005,329.59,8.185625
2019/05/22 09:30,37.200001,975.700012,1.3,167,162,96,36.59,6.81,978.98,7.49,291.7,331.76,38.420000000000016,293.34,6.187562000000001
2019/05/22 09:45,37.299999,975.700012,4.3,213,100,89,36.28,7.17,978.95,7.1,289.89,274.86,35.74000000000001,239.12,4.424219
2019/05/22 10:00,37.200001,975.900024,3.5,189,80,77,35.88,7.73,978.9,6.59,285.96,237.11,33.70000000000002,203.41,2.9350240000000003
2019/05/22 10:15,37.0,975.900024,4.2,213,70,62,35.19,8.54,978.85,6.06,280.08,181.21,30.14000000000001,151.07,1.862383
2019/05/22 10:30,36.5,976.0,1.2,171,51,44,34.37,9.45,978.8,5.68,273.78,144.84,27.320000000000007,117.52,1.264129
2019/05/22 10:45,35.599998,976.200012,1.3,220,33,29,33.34,10.32,978.82,5.5,268.99,92.64,22.129999999999995,70.51,0.944289
2019/05/22 11:00,35.0,976.200012,0.6,148,17,16,32.37,10.98,978.92,5.47,266.07,60.32,17.689999999999998,42.63,0.603449
2019/05/22 11:15,34.0,976.5,0.1,172,3,6,31.33,11.37,978.99,5.47,265.12,18.65,8.569999999999999,10.08,0.283227
2019/05/22 11:30,33.400002,976.5,1.0,136,0,0,30.44,11.54,979.07,5.34,263.61,0.6,0.57,0.03,0.0
2019/05/22 11:45,33.299999,976.5,1.7,139,0,0,29.65,11.86,979.16,5.13,257.21,0.0,0.0,0.0,0.0
2019/05/22 12:00,32.799999,976.5,1.6,130,0,0,29.02,12.09,979.25,5.02,248.38,0.0,0.0,0.0,0.0
2019/05/22 12:15,31.9,976.700012,0.3,185,0,0,28.46,12.3,979.35,5.03,243.28,0.0,0.0,0.0,0.0
2019/05/22 12:30,31.299999,977.0,1.1,203,0,0,27.82,12.69,979.48,5.01,243.96,0.0,0.0,0.0,0.0
2019/05/22 12:45,30.9,977.099976,0.8,147,0,0,27.07,13.33,979.7,4.91,249.04,0.0,0.0,0.0,0.0
2019/05/22 13:00,31.0,977.400024,1.5,140,0,0,26.43,13.97,979.91,4.8,252.48,0.0,0.0,0.0,0.0
2019/05/22 13:15,31.0,977.400024,0.6,131,0,0,25.93,14.53,980.09,4.76,254.0,0.0,0.0,0.0,0.0
2019/05/22 13:30,31.0,977.5,1.9,137,0,0,25.58,14.96,980.21,4.81,256.61,0.0,0.0,0.0,0.0
2019/05/22 13:45,30.299999,977.5,2.5,141,0,0,25.4,15.16,980.28,4.93,259.0,0.0,0.0,0.0,0.0
2019/05/22 14:00,29.4,977.5,2.4,139,0,0,25.36,15.14,980.42,5.14,260.61,0.0,0.0,0.0,0.0
2019/05/22 14:15,28.6,977.400024,3.2,140,0,0,25.4,14.94,980.62,5.43,262.11,0.0,0.0,0.0,0.0
2019/05/22 14:30,28.0,977.400024,3.6,144,0,0,25.48,14.61,980.81,5.72,263.74,0.0,0.0,0.0,0.0
2019/05/22 14:45,27.799999,977.400024,2.3,136,0,0,25.51,14.28,980.92,5.91,264.95,0.0,0.0,0.0,0.0
2019/05/22 15:00,28.700001,977.5,3.0,151,0,0,25.46,14.0,980.98,6.01,266.19,0.0,0.0,0.0,0.0
2019/05/22 15:15,29.200001,977.5,3.5,136,0,0,25.39,13.77,981.05,6.07,267.62,0.0,0.0,0.0,0.0
2019/05/22 15:30,28.299999,977.599976,0.6,302,0,0,25.29,13.61,981.12,6.12,268.63,0.0,0.0,0.0,0.0
2019/05/22 15:45,27.0,977.5,0.5,188,0,0,25.19,13.48,981.2,6.17,269.1,0.0,0.0,0.0,0.0
2019/05/22 16:00,27.799999,977.700012,1.2,161,0,0,24.94,14.37,980.06,7.16,273.25,0.0,0.0,0.0,0.0
2019/05/22 16:15,27.299999,977.700012,1.9,144,0,0,24.76,14.35,980.04,7.01,272.32,0.0,0.0,0.0,0.0
2019/05/22 16:30,27.299999,977.900024,2.6,139,0,0,24.71,14.17,980.53,7.02,271.06,0.0,0.0,0.0,0.0
2019/05/22 16:45,27.4,978.0,1.1,141,0,0,24.73,13.91,980.61,7.15,271.19,0.0,0.0,0.0,0.0
2019/05/22 17:00,27.4,977.900024,2.1,139,0,0,24.76,13.67,980.57,7.34,272.06,0.0,0.0,0.0,0.0
2019/05/22 17:15,27.6,978.0,1.6,146,0,0,24.8,13.45,980.36,7.53,272.96,0.0,0.0,0.0,0.0
2019/05/22 17:30,27.4,978.200012,0.9,148,0,0,24.82,13.29,980.24,7.62,272.27,0.0,0.0,0.0,0.0
2019/05/22 17:45,28.0,978.400024,0.9,163,0,0,24.75,13.26,980.51,7.52,271.48,0.0,0.0,0.0,0.0
2019/05/22 18:00,27.4,978.700012,0.0,141,0,0,24.64,13.28,980.67,7.35,271.34,0.0,0.0,0.0,0.0
2019/05/22 18:15,25.799999,978.799988,0.3,65,0,0,24.5,13.33,980.79,7.2,270.74,0.0,0.0,0.0,0.0
2019/05/22 18:30,26.1,978.799988,0.0,98,0,0,24.36,13.38,980.87,7.09,269.55,0.0,0.0,0.0,0.0
2019/05/22 18:45,26.799999,979.0,0.0,62,0,0,24.22,13.39,980.77,6.77,266.98,0.0,0.0,0.0,0.0
2019/05/22 19:00,27.4,979.0,1.5,147,0,0,23.83,13.69,980.8,5.83,267.09,0.0,0.0,0.0,0.0
2019/05/23 08:00,38.299999,977.5,4.0,55,445,144,39.87,5.51,980.23,6.06,214.23,606.21,48.120000000000005,558.09,15.05525
2019/05/23 08:15,37.900002,977.400024,2.8,60,386,160,39.78,5.66,980.13,5.77,214.4,554.26,46.39999999999998,507.86,13.64431
2019/05/23 08:30,37.599998,977.400024,4.8,40,309,179,39.7,5.83,979.99,5.44,214.46,518.51,45.31,473.2,10.76709
2019/05/23 08:45,37.599998,977.299988,4.6,17,320,190,39.57,6.03,979.9,5.03,213.59,463.37,43.53000000000003,419.84,11.10594
2019/05/23 09:00,37.5,977.299988,3.7,31,269,184,39.47,6.25,979.84,4.58,209.39,425.88,42.24000000000001,383.64,9.891657
2019/05/23 09:15,37.200001,977.200012,3.3,45,205,183,39.3,6.55,979.79,4.24,199.76,369.03,40.089999999999975,328.94,7.326813
2019/05/23 09:30,36.799999,977.200012,3.8,44,132,145,39.11,6.95,979.74,4.19,184.96,330.99,38.49000000000001,292.5,4.431547
2019/05/23 09:45,36.5,977.200012,3.9,85,109,133,38.72,7.69,979.65,4.45,169.97,274.09,35.809999999999974,238.28,3.885219
2019/05/23 10:00,36.200001,977.400024,3.5,61,92,111,38.14,8.68,979.55,4.81,159.59,236.52,33.79000000000002,202.73,3.000648
2019/05/23 10:15,35.599998,977.400024,2.5,49,55,63,37.25,9.94,979.48,5.08,153.95,181.17,30.25999999999999,150.91,1.704746
2019/05/23 10:30,35.099998,977.400024,2.4,58,56,62,36.36,11.08,979.42,5.23,149.61,145.27,27.470000000000013,117.8,1.827
2019/05/23 10:45,34.799999,977.400024,1.7,34,64,75,35.32,12.15,979.41,5.23,145.28,93.72,22.349999999999994,71.37,2.157969
2019/05/23 11:00,34.400002,977.5,2.3,54,42,53,34.35,13.09,979.49,5.09,141.63,61.71,17.990000000000002,43.72,1.417582
2019/05/23 11:15,34.0,977.599976,2.0,77,10,14,33.34,13.68,979.53,4.94,139.92,20.07,9.05,11.02,0.32738
2019/05/23 11:30,33.400002,977.700012,1.7,55,0,0,32.58,13.89,979.59,4.79,140.93,1.32,1.1700000000000002,0.15,0.0
2019/05/23 11:45,32.900002,977.799988,1.5,15,0,0,31.97,14.18,979.65,4.57,143.62,0.0,0.0,0.0,0.0
2019/05/23 12:00,32.099998,978.0,1.2,344,0,0,31.44,14.6,979.71,4.32,147.72,0.0,0.0,0.0,0.0
2019/05/23 12:15,31.5,978.099976,1.4,330,0,0,30.82,15.21,979.77,4.06,155.31,0.0,0.0,0.0,0.0
2019/05/23 12:30,31.0,978.200012,1.4,343,0,0,30.04,15.94,979.81,3.79,170.41,0.0,0.0,0.0,0.0
2019/05/23 12:45,31.200001,978.5,2.1,356,0,0,29.21,16.51,979.89,3.66,195.1,0.0,0.0,0.0,0.0
2019/05/23 13:00,30.799999,978.700012,1.4,340,0,0,28.53,16.64,980.02,3.75,223.22,0.0,0.0,0.0,0.0
2019/05/23 13:15,30.5,979.0,2.2,313,0,0,27.92,16.49,980.15,3.94,246.03,0.0,0.0,0.0,0.0
2019/05/23 13:30,30.1,979.099976,1.3,333,0,0,27.39,16.31,980.29,4.09,258.53,0.0,0.0,0.0,0.0
2019/05/23 13:45,29.4,978.900024,2.9,318,0,0,26.92,16.34,980.43,4.28,259.16,0.0,0.0,0.0,0.0
2019/05/23 14:00,29.200001,979.0,2.0,309,0,0,26.61,16.43,980.63,4.58,254.46,0.0,0.0,0.0,0.0
2019/05/23 14:15,29.0,979.099976,2.6,315,0,0,26.46,16.45,980.92,4.84,252.75,0.0,0.0,0.0,0.0
2019/05/23 14:30,28.9,979.099976,0.4,281,0,0,26.51,16.06,981.16,4.95,255.88,0.0,0.0,0.0,0.0
2019/05/23 14:45,28.5,979.299988,1.6,311,0,0,26.69,15.27,981.32,4.97,259.59,0.0,0.0,0.0,0.0
2019/05/23 15:00,28.5,979.299988,2.7,305,0,0,26.81,14.38,981.48,4.9,261.52,0.0,0.0,0.0,0.0
2019/05/23 15:15,28.200001,979.299988,1.3,319,0,0,26.77,13.7,981.68,4.7,259.58,0.0,0.0,0.0,0.0
2019/05/23 15:30,28.0,979.299988,0.7,330,0,0,26.66,13.32,981.9,4.43,254.39,0.0,0.0,0.0,0.0
2019/05/23 15:45,25.6,979.299988,0.0,165,0,0,26.6,13.17,982.13,4.2,250.92,0.0,0.0,0.0,0.0
2019/05/23 16:00,25.299999,979.400024,0.3,145,0,0,24.68,18.51,981.42,2.37,178.93,0.0,0.0,0.0,0.0
2019/05/23 16:15,26.5,979.299988,0.8,114,0,0,24.68,18.55,981.57,3.01,172.38,0.0,0.0,0.0,0.0
2019/05/23 16:30,27.4,979.099976,1.0,136,0,0,24.87,18.35,981.81,3.19,172.41,0.0,0.0,0.0,0.0
2019/05/23 16:45,27.1,979.099976,1.0,143,0,0,25.14,18.04,981.79,2.97,177.31,0.0,0.0,0.0,0.0
2019/05/23 17:00,26.5,979.0,1.0,144,0,0,25.34,17.86,981.55,2.67,186.69,0.0,0.0,0.0,0.0
2019/05/23 17:15,26.799999,979.0,1.1,149,0,0,25.44,17.88,981.41,2.48,195.64,0.0,0.0,0.0,0.0
2019/05/23 17:30,26.5,978.900024,1.3,153,0,0,25.45,18.08,981.49,2.42,202.4,0.0,0.0,0.0,0.0
2019/05/23 17:45,26.200001,978.799988,0.0,157,0,0,25.36,18.49,981.63,2.46,202.34,0.0,0.0,0.0,0.0
2019/05/23 18:00,25.5,978.700012,0.0,219,0,0,25.22,19.05,981.86,2.56,198.03,0.0,0.0,0.0,0.0
2019/05/23 18:15,25.9,978.799988,1.3,128,0,0,25.05,19.7,981.97,2.66,192.94,0.0,0.0,0.0,0.0
2019/05/23 18:30,26.299999,978.900024,0.0,95,0,0,24.89,20.39,981.72,2.75,190.16,0.0,0.0,0.0,0.0
2019/05/23 18:45,24.9,978.799988,0.7,130,0,0,24.7,21.16,981.58,2.89,188.93,0.0,0.0,0.0,0.0
2019/05/23 19:00,26.799999,978.700012,2.5,136,0,0,24.42,22.14,981.48,3.15,186.78,0.0,0.0,0.0,0.0
2019/05/24 08:00,33.200001,976.599976,2.3,352,526,198,35.68,13.62,978.1,6.05,169.96,175.24,17.980000000000018,157.26,15.46956
2019/05/24 08:15,32.700001,976.599976,1.7,347,476,232,35.76,14.24,977.95,6.55,162.28,197.23,18.599999999999994,178.63,15.44638
2019/05/24 08:30,32.900002,976.599976,2.3,356,385,209,35.58,15.1,977.81,7.51,157.16,184.48,20.049999999999983,164.43,13.90528
2019/05/24 08:45,32.299999,976.700012,3.1,0,280,216,35.53,15.74,977.74,8.46,158.97,200.69,26.15000000000001,174.54,10.85897
2019/05/24 09:00,32.200001,976.599976,3.6,5,218,204,35.33,16.41,977.73,9.13,163.71,198.48,24.78,173.7,8.552907000000001
2019/05/24 09:15,32.0,976.799988,1.7,18,233,251,34.93,17.1,977.78,9.55,167.4,183.52,22.02000000000001,161.5,9.099125
2019/05/24 09:30,31.4,976.900024,3.3,25,117,138,34.48,17.86,977.72,9.57,168.56,171.88,20.94,150.94,3.559172
2019/05/24 09:45,30.799999,977.099976,0.7,3,66,80,34.02,19.09,977.62,9.14,169.91,143.7,20.079999999999984,123.62,1.955953
2019/05/24 10:00,30.200001,977.099976,2.1,24,51,65,33.4,21.17,977.56,8.44,176.76,119.98,19.36,100.62,1.6506880000000002
2019/05/24 10:15,29.799999,977.299988,2.6,345,31,40,32.5,24.06,977.54,7.67,185.46,86.48,15.14,71.34,0.964578
2019/05/24 10:30,29.200001,977.400024,2.3,354,26,34,31.66,26.79,977.62,6.95,192.85,64.39,12.829999999999998,51.56,0.857828
2019/05/24 10:45,28.700001,977.5,2.1,354,28,38,30.65,29.65,977.86,6.36,201.66,35.61,9.14,26.47,0.97341
2019/05/24 11:00,28.4,977.599976,1.8,354,30,39,29.69,32.51,978.03,5.88,209.22,19.47,5.949999999999999,13.52,1.021508
2019/05/24 11:15,28.200001,977.799988,2.3,334,21,28,29.13,34.17,978.09,5.46,213.56,2.18,1.25,0.93,0.63726
2019/05/24 11:30,27.799999,977.900024,2.4,330,4,7,28.79,35.64,978.21,5.12,215.56,0.12,0.12,0.0,0.159352
2019/05/24 11:45,27.1,978.099976,1.5,299,0,0,28.43,37.19,978.35,4.79,217.12,0.0,0.0,0.0,0.0
2019/05/24 12:00,26.700001,978.200012,2.1,314,0,0,28.1,38.68,978.5,4.38,219.62,0.0,0.0,0.0,0.0
2019/05/24 12:15,26.200001,978.400024,2.1,307,0,0,27.78,40.23,978.65,3.88,223.31,0.0,0.0,0.0,0.0
2019/05/24 12:30,26.0,978.599976,2.7,321,0,0,27.48,41.97,978.79,3.4,230.69,0.0,0.0,0.0,0.0
2019/05/24 12:45,25.5,978.599976,0.6,320,0,0,26.94,44.79,978.94,3.16,246.69,0.0,0.0,0.0,0.0
2019/05/24 13:00,25.299999,978.700012,2.1,298,0,0,26.48,47.51,979.06,3.11,262.03,0.0,0.0,0.0,0.0
2019/05/24 13:15,25.1,978.900024,1.6,307,0,0,26.14,49.93,979.15,2.98,272.77,0.0,0.0,0.0,0.0
2019/05/24 13:30,25.1,979.0,2.2,316,0,0,25.77,52.57,979.28,2.63,273.38,0.0,0.0,0.0,0.0
2019/05/24 13:45,24.9,978.799988,2.1,314,0,0,25.47,54.78,979.33,2.18,268.81,0.0,0.0,0.0,0.0
2019/05/24 14:00,24.700001,978.900024,1.7,289,0,0,25.16,56.79,979.57,1.68,267.91,0.0,0.0,0.0,0.0
2019/05/24 14:15,24.5,979.0,1.7,301,0,0,24.75,59.57,979.93,1.13,282.68,0.0,0.0,0.0,0.0
2019/05/24 14:30,24.200001,979.099976,0.5,293,0,0,24.59,60.34,980.3,0.7,304.06,0.0,0.0,0.0,0.0
2019/05/24 14:45,24.1,978.900024,2.7,314,0,0,24.66,59.72,980.41,0.58,274.82,0.0,0.0,0.0,0.0
2019/05/24 15:00,23.9,978.900024,0.8,336,0,0,24.72,59.95,980.57,0.85,228.34,0.0,0.0,0.0,0.0
2019/05/24 15:15,23.700001,979.0,1.0,287,0,0,24.73,59.71,980.66,1.43,209.23,0.0,0.0,0.0,0.0
2019/05/24 15:30,23.6,979.099976,0.4,279,0,0,24.8,59.23,980.65,2.1,202.98,0.0,0.0,0.0,0.0
2019/05/24 15:45,23.4,978.900024,1.0,302,0,0,24.76,59.34,980.66,2.64,210.85,0.0,0.0,0.0,0.0
2019/05/24 16:00,23.4,978.799988,0.4,260,0,0,21.27,32.61,980.88,3.41,289.88,0.0,0.0,0.0,0.0
2019/05/24 16:15,23.200001,978.799988,0.3,324,0,0,21.15,32.82,980.89,3.35,292.0,0.0,0.0,0.0,0.0
2019/05/24 16:30,23.200001,978.700012,0.2,295,0,0,21.06,33.0,980.93,3.25,293.33,0.0,0.0,0.0,0.0
2019/05/24 16:45,23.299999,978.900024,1.3,326,0,0,20.96,33.19,980.88,3.14,295.89,0.0,0.0,0.0,0.0
2019/05/24 17:00,23.200001,978.799988,0.1,257,0,0,20.87,33.4,980.89,3.05,297.87,0.0,0.0,0.0,0.0
2019/05/24 17:15,22.9,978.700012,0.4,258,0,0,20.74,33.68,980.71,2.98,299.79,0.0,0.0,0.0,0.0
2019/05/24 17:30,22.9,978.700012,0.0,297,0,0,20.65,33.91,980.85,2.96,299.58,0.0,0.0,0.0,0.0
2019/05/24 17:45,22.9,978.799988,0.3,341,0,0,20.57,34.12,981.19,3.0,296.04,0.0,0.0,0.0,0.0
2019/05/24 18:00,22.9,978.599976,1.1,308,0,0,20.47,34.39,981.23,3.09,290.98,0.0,0.0,0.0,0.0
2019/05/24 18:15,22.799999,978.700012,0.7,316,0,0,20.35,34.68,981.19,3.19,285.7,0.0,0.0,0.0,0.0
2019/05/24 18:30,22.5,978.599976,0.0,253,0,0,20.25,34.96,981.01,3.29,281.39,0.0,0.0,0.0,0.0
2019/05/24 18:45,22.200001,978.599976,0.0,252,0,0,20.19,35.18,981.11,3.34,278.43,0.0,0.0,0.0,0.0
2019/05/24 19:00,21.799999,978.599976,0.0,189,0,0,20.14,35.45,981.07,3.36,275.38,0.0,0.0,0.0,0.0
2019/05/25 08:00,31.4,976.599976,2.8,62,366,207,35.99,19.65,977.47,7.08,141.53,577.77,47.569999999999936,530.2,11.2105
2019/05/25 08:15,31.9,976.400024,1.8,336,306,234,36.03,19.54,977.37,7.03,141.49,529.14,46.110000000000014,483.03,10.5875
2019/05/25 08:30,31.700001,976.299988,3.6,341,244,218,36.07,19.47,977.18,6.98,141.44,495.63,45.02999999999997,450.6,8.745406
2019/05/25 08:45,31.6,976.599976,3.1,1,215,212,36.04,19.55,977.03,6.94,141.29,444.05,43.30000000000001,400.75,7.182
2019/05/25 09:00,31.6,976.5,3.6,4,168,187,36.01,19.81,976.91,6.88,141.03,408.81,42.03000000000003,366.78,5.674266
2019/05/25 09:15,31.700001,976.599976,2.3,356,247,236,35.9,20.31,976.82,6.78,141.06,355.0,39.910000000000025,315.09,8.332406
2019/05/25 09:30,31.6,976.5,2.7,348,144,147,35.8,20.91,976.72,6.61,141.56,318.69,38.35000000000002,280.34,5.056188
2019/05/25 09:45,31.5,976.599976,2.3,16,120,136,35.6,21.62,976.62,6.34,142.44,260.47,37.93000000000004,222.54,4.100469
2019/05/25 10:00,30.9,976.5,4.0,352,57,72,35.4,22.31,976.5,5.97,143.18,228.02,33.53,194.49,1.806438
2019/05/25 10:15,31.0,976.799988,3.9,336,111,135,35.03,23.28,976.42,5.49,143.33,175.42,30.28,145.14,3.701141
2019/05/25 10:30,30.799999,976.900024,2.4,330,50,60,34.5,24.64,976.41,4.96,143.31,140.1,27.559999999999988,112.54,1.4552889999999998
2019/05/25 10:45,30.4,977.099976,2.7,334,16,21,33.63,26.64,976.59,4.45,144.0,89.94,22.569999999999997,67.37,0.49499
2019/05/25 11:00,30.1,977.099976,2.5,331,13,16,32.7,28.76,976.75,4.05,146.11,60.66,18.389999999999997,42.27,0.392376
2019/05/25 11:15,29.6,977.200012,2.5,321,9,11,31.6,30.88,976.85,3.81,150.62,21.28,9.81,11.47,0.270683
2019/05/25 11:30,29.200001,977.400024,2.5,330,0,0,30.78,32.22,976.91,3.71,156.69,2.76,2.21,0.55,0.0
2019/05/25 11:45,28.9,977.599976,0.7,342,0,0,30.17,33.15,977.06,3.7,163.06,0.0,0.0,0.0,0.0
2019/05/25 12:00,28.700001,977.799988,0.9,333,0,0,29.67,33.72,977.19,3.75,168.96,0.0,0.0,0.0,0.0
2019/05/25 12:15,28.4,977.700012,1.3,337,0,0,29.22,34.06,977.26,3.83,176.37,0.0,0.0,0.0,0.0
2019/05/25 12:30,28.1,977.799988,1.5,343,0,0,28.79,34.29,977.3,3.88,186.43,0.0,0.0,0.0,0.0
2019/05/25 12:45,28.0,978.099976,2.2,328,0,0,28.38,34.59,977.37,3.92,198.17,0.0,0.0,0.0,0.0
2019/05/25 13:00,28.0,978.099976,1.4,341,0,0,28.06,34.88,977.43,3.9,207.18,0.0,0.0,0.0,0.0
2019/05/25 13:15,27.4,978.200012,0.0,236,0,0,27.82,35.17,977.52,3.77,212.16,0.0,0.0,0.0,0.0
2019/05/25 13:30,27.1,978.299988,1.2,314,0,0,27.63,35.45,977.58,3.52,216.62,0.0,0.0,0.0,0.0
2019/05/25 13:45,27.4,978.400024,1.5,324,0,0,27.45,35.76,977.65,3.2,223.23,0.0,0.0,0.0,0.0
2019/05/25 14:00,27.4,978.299988,1.6,324,0,0,27.23,36.15,977.76,2.84,230.25,0.0,0.0,0.0,0.0
2019/05/25 14:15,27.6,978.200012,1.3,336,0,0,27.02,36.54,977.97,2.5,235.72,0.0,0.0,0.0,0.0
2019/05/25 14:30,27.299999,978.200012,1.5,323,0,0,26.9,36.71,978.18,2.13,242.9,0.0,0.0,0.0,0.0
2019/05/25 14:45,27.4,978.400024,2.6,313,0,0,26.78,36.93,978.34,1.57,251.27,0.0,0.0,0.0,0.0
2019/05/25 15:00,27.299999,978.200012,2.1,325,0,0,26.68,37.19,978.58,1.05,284.24,0.0,0.0,0.0,0.0
2019/05/25 15:15,27.1,978.099976,2.3,316,0,0,26.44,37.92,978.81,1.13,8.29,0.0,0.0,0.0,0.0
2019/05/25 15:30,26.799999,978.0,1.7,298,0,0,26.2,38.51,978.94,1.46,19.86,0.0,0.0,0.0,0.0
2019/05/25 15:45,26.6,978.099976,2.2,334,0,0,26.09,38.82,979.09,1.43,22.16,0.0,0.0,0.0,0.0
2019/05/25 16:00,26.5,978.200012,1.8,327,0,0,23.83,42.53,980.73,2.26,268.65,0.0,0.0,0.0,0.0
2019/05/25 16:15,26.4,977.900024,1.8,330,0,0,23.73,42.86,980.97,2.5,277.87,0.0,0.0,0.0,0.0
2019/05/25 16:30,26.200001,977.900024,2.2,325,0,0,23.57,43.31,981.32,2.77,283.63,0.0,0.0,0.0,0.0
2019/05/25 16:45,26.1,978.099976,0.1,288,0,0,23.41,43.79,981.06,2.89,280.82,0.0,0.0,0.0,0.0
2019/05/25 17:00,25.9,977.700012,0.9,320,0,0,23.24,44.42,980.53,2.94,275.85,0.0,0.0,0.0,0.0
2019/05/25 17:15,26.0,977.700012,1.9,323,0,0,23.11,45.03,980.24,2.96,271.62,0.0,0.0,0.0,0.0
2019/05/25 17:30,25.6,977.799988,0.0,191,0,0,23.03,45.56,980.33,2.99,269.68,0.0,0.0,0.0,0.0
2019/05/25 17:45,25.0,977.799988,0.0,284,0,0,22.93,46.14,980.49,3.07,270.08,0.0,0.0,0.0,0.0
2019/05/25 18:00,24.700001,977.599976,1.1,328,0,0,22.8,46.77,980.37,3.14,272.12,0.0,0.0,0.0,0.0
2019/05/25 18:15,25.1,977.700012,1.6,323,0,0,22.72,47.18,980.16,3.15,271.2,0.0,0.0,0.0,0.0
2019/05/25 18:30,24.799999,977.700012,1.7,313,0,0,22.69,47.42,979.98,3.13,266.43,0.0,0.0,0.0,0.0
2019/05/25 18:45,24.700001,977.799988,1.4,308,0,0,22.64,47.78,980.08,3.17,264.29,0.0,0.0,0.0,0.0
2019/05/25 19:00,24.5,977.900024,0.0,178,0,0,22.55,48.31,980.18,3.24,269.37,0.0,0.0,0.0,0.0
2019/05/26 08:00,30.799999,975.0,2.2,31,427,255,26.89,48.98,980.68,7.9,60.46,301.05,25.27000000000004,275.78,13.80094
2019/05/26 08:15,31.0,975.0,3.5,5,365,251,26.65,48.34,980.5,7.92,65.72,280.08,24.829999999999984,255.25,12.42981
2019/05/26 08:30,30.4,975.099976,3.3,30,344,243,26.42,47.82,980.51,7.78,68.53,265.92,24.56,241.36,11.64822
2019/05/26 08:45,30.4,975.400024,2.8,38,278,231,26.15,47.54,980.76,7.7,64.84,232.6,23.039999999999992,209.56,9.336469
2019/05/26 09:00,30.200001,975.799988,2.3,11,220,215,25.8,47.44,980.97,7.76,61.19,202.26,21.129999999999995,181.13,7.424157000000001
2019/05/26 09:15,29.9,976.0,3.1,23,190,200,25.32,47.49,981.22,7.97,58.9,165.41,18.859999999999985,146.55,6.339813
2019/05/26 09:30,29.5,976.299988,2.1,20,138,160,24.85,47.36,981.56,8.22,53.99,139.26,20.029999999999987,119.23,4.529984
2019/05/26 09:45,29.200001,977.099976,2.0,18,91,111,24.3,47.78,981.78,8.36,52.27,119.27,16.269999999999996,103.0,3.054078
2019/05/26 10:00,27.6,977.700012,7.5,356,38,37,23.81,48.65,982.15,8.42,46.84,109.13,16.25,92.88,1.222813
2019/05/26 10:15,25.9,978.400024,5.5,349,47,50,23.28,50.0,982.36,8.25,48.88,92.71,16.049999999999997,76.66,1.486434
2019/05/26 10:30,24.9,979.200012,5.1,339,81,100,22.85,51.51,982.46,7.62,55.78,82.29,16.060000000000002,66.23,2.747227
2019/05/26 10:45,24.5,979.299988,5.4,349,61,79,22.47,52.51,982.86,6.77,55.9,56.42,13.810000000000002,42.61,1.963281
2019/05/26 11:00,23.700001,979.700012,5.6,18,21,22,22.14,52.31,983.38,6.13,52.95,36.85,10.970000000000002,25.88,0.588615
2019/05/26 11:15,23.299999,980.099976,4.3,346,4,6,21.68,51.76,983.77,5.5,51.09,12.15,5.48,6.67,0.094821
2019/05/26 11:30,23.1,980.700012,2.3,333,0,1,21.16,51.7,984.16,4.71,50.99,1.7,1.29,0.41,0.0
2019/05/26 11:45,22.9,981.200012,1.8,352,0,0,20.66,52.07,984.53,4.05,51.73,0.0,0.0,0.0,0.0
2019/05/26 12:00,22.4,982.0,2.2,31,0,0,20.24,52.62,984.94,3.54,44.77,0.0,0.0,0.0,0.0
2019/05/26 12:15,21.9,982.200012,2.6,40,0,0,19.88,53.42,985.39,3.13,30.6,0.0,0.0,0.0,0.0
2019/05/26 12:30,21.6,982.599976,3.3,44,0,0,19.65,54.07,985.78,2.95,23.54,0.0,0.0,0.0,0.0
2019/05/26 12:45,21.200001,982.900024,2.1,62,0,0,19.46,54.9,986.12,3.02,20.72,0.0,0.0,0.0,0.0
2019/05/26 13:00,20.9,983.200012,2.5,54,0,0,19.4,55.83,986.46,3.16,20.59,0.0,0.0,0.0,0.0
2019/05/26 13:15,20.9,983.700012,1.3,3,0,0,19.12,57.94,986.81,3.13,17.13,0.0,0.0,0.0,0.0
2019/05/26 13:30,20.799999,984.0,1.4,347,0,0,18.79,60.2,987.05,2.99,7.52,0.0,0.0,0.0,0.0
2019/05/26 13:45,20.799999,984.200012,2.3,347,0,0,18.71,61.3,987.24,2.83,357.33,0.0,0.0,0.0,0.0
2019/05/26 14:00,20.700001,984.200012,1.5,32,0,0,18.55,62.59,987.34,2.57,352.43,0.0,0.0,0.0,0.0
2019/05/26 14:15,20.6,984.700012,0.6,15,0,0,18.22,64.44,987.41,2.18,347.26,0.0,0.0,0.0,0.0
2019/05/26 14:30,20.4,985.0,0.9,341,0,0,18.04,65.44,987.6,1.91,329.72,0.0,0.0,0.0,0.0
2019/05/26 14:45,20.200001,985.200012,0.0,186,0,0,17.81,66.35,987.84,2.01,309.78,0.0,0.0,0.0,0.0
2019/05/26 15:00,19.9,985.400024,0.0,217,0,0,17.61,66.89,988.11,2.32,301.85,0.0,0.0,0.0,0.0
2019/05/26 15:15,19.700001,985.599976,0.0,117,0,0,18.05,64.65,988.36,2.43,299.95,0.0,0.0,0.0,0.0
2019/05/26 15:30,19.6,986.0,0.1,279,0,0,18.46,62.73,988.57,2.11,309.41,0.0,0.0,0.0,0.0
2019/05/26 15:45,19.799999,986.200012,1.7,255,0,0,18.62,61.94,988.74,1.52,321.28,0.0,0.0,0.0,0.0
2019/05/26 16:00,21.9,986.200012,4.5,241,0,0,19.14,38.37,990.04,4.5,348.29,0.0,0.0,0.0,0.0
2019/05/26 16:15,22.799999,986.400024,7.1,238,0,0,18.94,38.11,990.35,4.42,337.87,0.0,0.0,0.0,0.0
2019/05/26 16:30,22.700001,986.799988,3.4,251,0,0,18.74,38.1,990.7,4.35,325.71,0.0,0.0,0.0,0.0
2019/05/26 16:45,22.700001,987.0,5.5,245,0,0,18.42,38.33,990.92,4.31,313.69,0.0,0.0,0.0,0.0
2019/05/26 17:00,22.299999,987.200012,3.0,244,0,0,18.13,38.16,990.68,4.39,304.24,0.0,0.0,0.0,0.0
2019/05/26 17:15,22.1,987.5,5.5,243,0,0,17.87,37.91,990.51,4.55,297.42,0.0,0.0,0.0,0.0
2019/05/26 17:30,21.700001,987.900024,2.8,252,0,0,17.68,37.75,990.75,4.73,293.26,0.0,0.0,0.0,0.0
2019/05/26 17:45,21.5,988.0,6.8,245,0,0,17.55,37.68,991.23,4.92,292.51,0.0,0.0,0.0,0.0
2019/05/26 18:00,21.299999,988.5,8.3,253,0,0,17.45,37.58,991.56,5.07,293.64,0.0,0.0,0.0,0.0
2019/05/26 18:15,21.1,988.799988,4.2,237,0,0,17.32,37.5,991.65,5.16,294.34,0.0,0.0,0.0,0.0
2019/05/26 18:30,21.0,988.599976,7.9,261,0,0,17.16,37.49,991.72,5.16,295.5,0.0,0.0,0.0,0.0
2019/05/26 18:45,20.700001,989.200012,7.0,249,0,0,17.02,37.46,992.03,5.08,296.47,0.0,0.0,0.0,0.0
2019/05/26 19:00,20.9,989.099976,8.1,250,0,0,16.84,37.56,992.36,4.94,296.45,0.0,0.0,0.0,0.0
2019/05/27 08:00,29.200001,990.400024,3.2,205,462,248,28.03,12.62,993.54,4.66,49.25,546.87,56.59000000000003,490.28,16.165620999999998
2019/05/27 08:15,29.700001,990.400024,0.9,206,371,247,28.01,12.6,993.41,4.46,52.95,509.02,48.70999999999998,460.31,12.85463
2019/05/27 08:30,28.799999,990.5,0.8,242,238,237,27.98,12.58,993.3,4.27,57.15,477.6,44.22000000000003,433.38,8.406344
2019/05/27 08:45,28.9,990.200012,0.1,264,279,238,27.92,12.58,993.26,4.08,61.85,427.97,43.77000000000004,384.2,10.41447
2019/05/27 09:00,28.799999,990.200012,2.2,139,270,176,27.86,12.6,993.22,3.91,67.06,389.35,43.30000000000001,346.05,9.145938
2019/05/27 09:15,28.299999,990.200012,0.3,107,182,195,27.75,12.68,993.19,3.76,73.38,336.17,45.94,290.23,6.430156
2019/05/27 09:30,28.200001,990.299988,1.4,104,174,189,27.62,12.84,993.15,3.62,81.36,293.99,46.420000000000016,247.57,6.244219
2019/05/27 09:45,28.5,990.299988,1.0,148,144,147,27.46,13.15,993.07,3.53,91.76,247.35,38.93000000000001,208.42,5.733766
2019/05/27 10:00,28.4,990.200012,0.1,152,94,103,27.28,13.7,993.01,3.5,105.64,216.21,33.91,182.3,3.358031
2019/05/27 10:15,29.299999,990.299988,0.0,135,81,80,26.85,15.1,992.99,3.57,123.49,161.57,31.879999999999995,129.69,2.462687
2019/05/27 10:30,28.0,990.299988,1.1,87,53,67,26.29,17.08,993.02,3.71,140.45,128.96,28.30000000000001,100.66,1.80332
2019/05/27 10:45,27.700001,990.400024,0.0,179,29,36,25.37,19.4,993.13,3.87,152.06,81.23,25.85,55.38,1.051477
2019/05/27 11:00,27.4,990.599976,0.0,81,18,20,24.59,21.0,993.3,3.98,160.98,56.26,18.21,38.05,0.623369
2019/05/27 11:15,26.4,990.900024,1.2,69,6,8,23.64,22.24,993.38,4.03,169.23,19.64,10.77,8.87,0.235922
2019/05/27 11:30,26.200001,990.799988,1.3,47,0,0,22.98,22.58,993.45,4.08,176.96,3.91,2.7700000000000005,1.14,0.033968
2019/05/27 11:45,25.6,991.099976,0.9,67,0,0,22.4,22.79,993.56,4.16,184.23,0.0,0.0,0.0,0.0
2019/05/27 12:00,25.4,991.099976,0.7,63,0,0,21.92,23.02,993.69,4.26,191.2,0.0,0.0,0.0,0.0
2019/05/27 12:15,25.5,991.299988,1.3,49,0,0,21.44,23.29,993.79,4.37,197.68,0.0,0.0,0.0,0.0
2019/05/27 12:30,24.9,991.5,0.1,56,0,0,20.98,23.54,993.91,4.47,203.15,0.0,0.0,0.0,0.0
2019/05/27 12:45,24.700001,991.700012,0.4,39,0,0,20.62,23.66,994.01,4.51,207.77,0.0,0.0,0.0,0.0
2019/05/27 13:00,24.799999,991.900024,0.0,253,0,0,20.15,24.0,994.13,4.44,211.39,0.0,0.0,0.0,0.0
2019/05/27 13:15,24.1,992.0,0.0,324,0,0,19.72,24.34,994.26,4.27,214.94,0.0,0.0,0.0,0.0
2019/05/27 13:30,23.299999,992.200012,2.1,27,0,0,19.35,24.62,994.36,4.0,219.59,0.0,0.0,0.0,0.0
2019/05/27 13:45,22.9,992.5,1.5,4,0,0,18.96,25.0,994.36,3.59,225.99,0.0,0.0,0.0,0.0
2019/05/27 14:00,23.200001,992.5,1.5,15,0,0,18.57,25.44,994.44,3.15,235.09,0.0,0.0,0.0,0.0
2019/05/27 14:15,23.1,992.400024,1.7,30,0,0,18.2,25.9,994.63,2.86,244.16,0.0,0.0,0.0,0.0
2019/05/27 14:30,22.799999,992.400024,1.5,46,0,0,17.96,26.13,994.85,2.76,249.11,0.0,0.0,0.0,0.0
2019/05/27 14:45,22.6,992.400024,1.1,26,0,0,17.77,26.25,995.09,2.79,250.97,0.0,0.0,0.0,0.0
2019/05/27 15:00,22.799999,992.200012,2.7,45,0,0,17.58,26.36,995.3,2.9,253.63,0.0,0.0,0.0,0.0
2019/05/27 15:15,22.799999,992.400024,2.3,50,0,0,17.35,26.52,995.49,3.05,258.08,0.0,0.0,0.0,0.0
2019/05/27 15:30,21.700001,992.599976,0.1,348,0,0,17.14,26.67,995.66,3.21,260.99,0.0,0.0,0.0,0.0
2019/05/27 15:45,21.0,992.599976,0.0,313,0,0,16.99,26.76,995.8,3.32,259.63,0.0,0.0,0.0,0.0
2019/05/27 16:00,20.9,992.700012,1.0,326,0,0,16.97,26.76,994.59,3.21,255.8,0.0,0.0,0.0,0.0
2019/05/27 16:15,20.700001,992.599976,0.2,320,0,0,16.84,26.94,994.53,3.54,252.71,0.0,0.0,0.0,0.0
2019/05/27 16:30,20.700001,992.400024,1.1,328,0,0,16.8,26.9,994.64,3.85,251.0,0.0,0.0,0.0,0.0
2019/05/27 16:45,20.9,992.299988,0.9,328,0,0,16.78,26.77,994.63,4.09,249.82,0.0,0.0,0.0,0.0
2019/05/27 17:00,20.9,992.5,1.0,336,0,0,16.72,26.74,994.37,4.25,248.59,0.0,0.0,0.0,0.0
2019/05/27 17:15,21.0,992.5,1.5,334,0,0,16.61,26.8,994.39,4.29,247.84,0.0,0.0,0.0,0.0
2019/05/27 17:30,20.299999,992.5,0.9,306,0,0,16.51,26.89,994.55,4.25,247.22,0.0,0.0,0.0,0.0
2019/05/27 17:45,19.0,992.5,0.0,334,0,0,16.37,27.05,994.66,4.24,245.6,0.0,0.0,0.0,0.0
2019/05/27 18:00,18.4,992.599976,0.0,124,0,0,16.29,27.1,994.79,4.28,244.86,0.0,0.0,0.0,0.0
2019/05/27 18:15,18.799999,992.700012,0.0,269,0,0,16.17,27.23,994.79,4.31,244.44,0.0,0.0,0.0,0.0
2019/05/27 18:30,18.6,992.599976,0.0,84,0,0,16.06,27.37,994.86,4.31,244.55,0.0,0.0,0.0,0.0
2019/05/27 18:45,18.4,992.700012,0.0,318,0,0,15.99,27.46,995.03,4.33,244.93,0.0,0.0,0.0,0.0
2019/05/27 19:00,18.299999,992.700012,0.0,61,0,0,15.92,27.56,995.12,4.35,245.81,0.0,0.0,0.0,0.0
2019/05/28 08:00,32.599998,986.299988,2.8,55,506,81,33.11,8.84,988.44,2.89,240.28,607.89,48.35000000000002,559.54,17.239691
2019/05/28 08:15,32.200001,986.200012,2.6,132,450,119,33.1,8.9,988.29,2.76,238.32,557.81,46.86999999999995,510.94,15.81475
2019/05/28 08:30,32.200001,986.0,2.7,36,387,113,33.1,8.96,988.16,2.57,235.39,523.23,45.80000000000001,477.43,13.82106
2019/05/28 08:45,32.200001,985.799988,4.5,58,325,126,33.06,9.05,988.07,2.34,230.94,469.89,44.05000000000001,425.84,11.81556
2019/05/28 09:00,32.200001,985.599976,3.6,65,263,130,33.04,9.14,988.0,2.11,223.65,433.52,42.75999999999999,390.76,9.955969
2019/05/28 09:15,31.799999,985.599976,3.1,58,211,132,32.97,9.27,987.91,1.98,212.31,378.08,40.64999999999998,337.43,7.986563
2019/05/28 09:30,31.299999,985.599976,4.9,60,165,126,32.9,9.45,987.79,1.99,197.12,340.74,39.10000000000002,301.64,6.069109
2019/05/28 09:45,30.9,985.400024,3.9,90,115,123,32.74,9.8,987.64,2.23,180.99,284.49,36.49000000000001,248.0,4.660687
2019/05/28 10:00,30.5,985.400024,4.1,93,90,105,32.51,10.47,987.5,2.63,168.69,247.1,34.50999999999999,212.59,3.245594
2019/05/28 10:15,30.4,985.599976,4.0,46,84,91,31.98,12.06,987.39,3.01,162.2,191.72,31.090000000000003,160.63,2.506492
2019/05/28 10:30,29.9,985.599976,3.6,50,67,70,31.22,14.2,987.33,3.26,159.57,155.63,28.429999999999996,127.2,1.824211
2019/05/28 10:45,29.5,985.700012,1.2,22,45,48,30.09,16.61,987.43,3.49,158.74,103.6,23.55,80.05,1.237988
2019/05/28 11:00,29.0,985.799988,2.1,72,28,33,29.04,18.6,987.62,3.78,158.36,71.1,19.48,51.62,0.813859
2019/05/28 11:15,28.4,985.900024,3.1,47,14,19,27.86,20.22,987.73,4.11,159.04,27.88,11.27,16.61,0.426638
2019/05/28 11:30,28.0,986.099976,3.1,38,2,4,26.92,21.17,987.84,4.44,161.38,5.98,3.850000000000001,2.13,0.102575
2019/05/28 11:45,27.6,986.200012,1.7,68,0,0,26.24,21.55,987.97,4.8,165.87,0.0,0.0,0.0,0.0
2019/05/28 12:00,27.1,986.200012,0.7,65,0,0,25.79,21.52,988.1,5.11,171.4,0.0,0.0,0.0,0.0
2019/05/28 12:15,26.6,986.5,0.4,236,0,0,25.41,21.3,988.23,5.28,176.34,0.0,0.0,0.0,0.0
2019/05/28 12:30,26.200001,986.599976,0.0,148,0,0,25.04,21.06,988.32,5.35,181.49,0.0,0.0,0.0,0.0
2019/05/28 12:45,26.299999,986.700012,0.0,54,0,0,24.65,20.94,988.41,5.37,187.8,0.0,0.0,0.0,0.0
2019/05/28 13:00,25.9,986.799988,0.2,87,0,0,24.28,20.83,988.5,5.37,194.85,0.0,0.0,0.0,0.0
2019/05/28 13:15,25.9,986.900024,0.9,58,0,0,23.91,20.68,988.56,5.3,201.62,0.0,0.0,0.0,0.0
2019/05/28 13:30,26.4,987.0,1.1,46,0,0,23.55,20.49,988.54,5.11,207.67,0.0,0.0,0.0,0.0
2019/05/28 13:45,25.200001,987.099976,0.0,15,0,0,23.12,20.42,988.42,4.79,214.06,0.0,0.0,0.0,0.0
2019/05/28 14:00,25.1,987.099976,0.9,347,0,0,22.61,20.59,988.35,4.45,222.76,0.0,0.0,0.0,0.0
2019/05/28 14:15,24.5,987.099976,1.0,323,0,0,22.06,20.87,988.39,4.27,234.31,0.0,0.0,0.0,0.0
2019/05/28 14:30,24.0,987.099976,0.5,342,0,0,21.68,21.01,988.52,4.31,243.77,0.0,0.0,0.0,0.0
2019/05/28 14:45,24.200001,987.0,2.5,357,0,0,21.55,20.85,988.63,4.4,246.6,0.0,0.0,0.0,0.0
2019/05/28 15:00,23.5,987.0,0.0,341,0,0,21.55,20.6,988.69,4.43,243.34,0.0,0.0,0.0,0.0
2019/05/28 15:15,23.4,987.0,2.2,1,0,0,21.45,20.67,988.72,4.46,239.27,0.0,0.0,0.0,0.0
2019/05/28 15:30,23.1,986.799988,0.6,39,0,0,21.22,21.09,988.76,4.56,236.79,0.0,0.0,0.0,0.0
2019/05/28 15:45,22.0,986.799988,0.1,133,0,0,21.0,21.65,988.83,4.69,236.26,0.0,0.0,0.0,0.0
2019/05/28 16:00,21.700001,986.799988,0.3,235,0,0,19.45,26.8,988.31,3.6,263.08,0.0,0.0,0.0,0.0
2019/05/28 16:15,20.299999,986.700012,0.6,264,0,0,19.2,26.93,988.42,3.49,263.06,0.0,0.0,0.0,0.0
2019/05/28 16:30,21.200001,986.599976,0.0,5,0,0,18.94,27.08,988.61,3.49,259.92,0.0,0.0,0.0,0.0
2019/05/28 16:45,21.4,986.599976,0.4,211,0,0,18.71,27.21,988.44,3.57,255.31,0.0,0.0,0.0,0.0
2019/05/28 17:00,21.1,986.599976,0.0,123,0,0,18.56,27.26,988.4,3.65,250.73,0.0,0.0,0.0,0.0
2019/05/28 17:15,21.700001,986.599976,0.9,135,0,0,18.55,27.1,988.36,3.71,249.19,0.0,0.0,0.0,0.0
2019/05/28 17:30,20.9,986.599976,1.3,141,0,0,18.63,26.88,988.21,3.79,252.51,0.0,0.0,0.0,0.0
2019/05/28 17:45,20.9,986.599976,1.1,126,0,0,18.74,26.94,988.26,3.93,255.82,0.0,0.0,0.0,0.0
2019/05/28 18:00,21.0,986.400024,0.0,294,0,0,18.84,27.55,988.33,4.09,256.77,0.0,0.0,0.0,0.0
2019/05/28 18:15,20.9,986.400024,0.0,155,0,0,18.89,28.78,988.3,4.2,256.64,0.0,0.0,0.0,0.0
2019/05/28 18:30,19.299999,986.400024,0.0,184,0,0,18.9,30.38,988.41,4.26,257.46,0.0,0.0,0.0,0.0
2019/05/28 18:45,19.5,986.5,1.8,136,0,0,18.85,32.01,988.38,4.29,256.93,0.0,0.0,0.0,0.0
2019/05/28 19:00,20.4,986.400024,2.3,132,0,0,18.76,33.45,988.24,4.31,255.96,0.0,0.0,0.0,0.0
2019/05/29 08:00,32.5,982.0,2.9,37,309,218,33.53,12.65,984.23,7.39,148.99,592.8,47.47999999999991,545.32,9.941969
2019/05/29 08:15,32.200001,982.099976,2.9,27,234,244,33.49,12.19,984.04,7.54,151.08,531.8,47.53999999999997,484.26,7.677688000000001
2019/05/29 08:30,32.700001,981.900024,1.7,94,388,248,33.48,11.6,983.86,7.68,154.09,496.29,43.5,452.79,13.20966
2019/05/29 08:45,32.599998,981.799988,3.4,66,287,206,33.33,11.03,983.73,7.8,157.19,424.4,48.599999999999966,375.8,10.64066
2019/05/29 09:00,32.799999,981.5,6.1,71,305,203,33.25,10.38,983.62,7.9,160.09,392.6,45.19,347.41,10.83337
2019/05/29 09:15,32.400002,981.599976,5.7,63,203,175,33.06,9.93,983.52,7.95,162.37,339.41,41.420000000000016,297.99,6.8635
2019/05/29 09:30,31.799999,981.5,4.1,60,151,142,32.83,9.81,983.42,7.94,163.89,300.11,51.51000000000002,248.6,5.187109
2019/05/29 09:45,31.299999,981.5,4.0,53,115,133,32.5,10.02,983.31,7.83,165.15,246.24,40.05000000000001,206.19,3.966485
2019/05/29 10:00,30.799999,981.400024,3.3,59,89,99,32.13,10.48,983.21,7.62,166.54,206.84,45.28,161.56,2.879953
2019/05/29 10:15,30.6,981.400024,4.3,47,80,94,31.7,11.07,983.18,7.32,167.86,171.75,29.90000000000001,141.85,2.583492
2019/05/29 10:30,30.299999,981.700012,3.9,76,58,77,31.11,11.83,983.19,6.98,169.15,138.28,28.15000000000001,110.13,1.9542580000000005
2019/05/29 10:45,29.9,981.799988,3.8,58,62,71,30.32,12.78,983.28,6.67,170.41,96.64,21.86,74.78,2.038969
2019/05/29 11:00,29.5,982.0,1.2,1,18,22,29.46,13.78,983.37,6.43,171.72,65.01,17.980000000000004,47.03,0.560096
2019/05/29 11:15,28.9,982.200012,3.6,58,13,17,28.46,14.71,983.45,6.27,173.26,26.23,10.55,15.68,0.457516
2019/05/29 11:30,28.4,982.400024,1.2,84,1,0,27.53,15.46,983.52,6.18,175.27,6.3,3.91,2.39,0.050695
2019/05/29 11:45,27.799999,982.299988,0.9,76,0,0,26.7,16.1,983.58,6.1,177.88,0.0,0.0,0.0,0.0
2019/05/29 12:00,27.1,982.200012,0.9,83,0,0,25.95,16.82,983.66,6.0,181.54,0.0,0.0,0.0,0.0
2019/05/29 12:15,26.700001,982.400024,1.1,60,0,0,25.28,17.51,983.75,5.88,185.96,0.0,0.0,0.0,0.0
2019/05/29 12:30,26.4,982.700012,0.3,39,0,0,24.69,18.13,983.83,5.78,190.61,0.0,0.0,0.0,0.0
2019/05/29 12:45,26.4,983.0,1.3,33,0,0,24.17,18.73,983.91,5.67,194.43,0.0,0.0,0.0,0.0
2019/05/29 13:00,26.1,983.099976,1.7,38,0,0,23.74,19.27,983.97,5.5,197.21,0.0,0.0,0.0,0.0
2019/05/29 13:15,26.0,983.200012,2.2,52,0,0,23.34,19.81,984.0,5.25,199.09,0.0,0.0,0.0,0.0
2019/05/29 13:30,25.6,983.0,1.7,18,0,0,22.98,20.35,984.0,4.95,200.75,0.0,0.0,0.0,0.0
2019/05/29 13:45,24.9,983.0,1.2,34,0,0,22.72,20.7,983.96,4.57,202.43,0.0,0.0,0.0,0.0
2019/05/29 14:00,24.700001,983.0,2.3,41,0,0,22.54,20.91,983.96,4.03,204.47,0.0,0.0,0.0,0.0
2019/05/29 14:15,24.700001,983.0,2.4,46,0,0,22.35,21.13,984.02,3.38,207.17,0.0,0.0,0.0,0.0
2019/05/29 14:30,24.799999,982.799988,2.6,50,0,0,22.18,21.38,984.1,2.77,209.55,0.0,0.0,0.0,0.0
2019/05/29 14:45,24.6,982.900024,2.6,41,0,0,21.96,21.64,984.12,2.33,210.61,0.0,0.0,0.0,0.0
2019/05/29 15:00,24.299999,983.0,1.5,49,0,0,21.83,21.7,984.1,2.05,210.03,0.0,0.0,0.0,0.0
2019/05/29 15:15,24.0,982.799988,0.0,312,0,0,21.67,21.82,984.1,1.9,208.98,0.0,0.0,0.0,0.0
2019/05/29 15:30,23.5,982.799988,0.0,322,0,0,21.43,22.05,984.13,1.91,210.77,0.0,0.0,0.0,0.0
2019/05/29 15:45,23.299999,982.799988,0.9,331,0,0,21.12,22.35,984.18,2.11,218.06,0.0,0.0,0.0,0.0
2019/05/29 16:00,23.4,982.599976,1.5,353,0,0,20.72,22.72,984.25,2.47,230.39,0.0,0.0,0.0,0.0
2019/05/29 16:15,23.200001,982.700012,0.8,335,0,0,20.29,23.01,984.36,2.83,244.37,0.0,0.0,0.0,0.0
2019/05/29 16:30,22.9,982.5,2.4,0,0,0,20.02,23.05,984.42,2.95,253.65,0.0,0.0,0.0,0.0
2019/05/29 16:45,22.700001,982.400024,1.7,333,0,0,19.96,23.02,984.21,2.79,256.95,0.0,0.0,0.0,0.0
2019/05/29 17:00,22.6,982.299988,1.3,343,0,0,20.09,23.04,983.86,2.48,253.79,0.0,0.0,0.0,0.0
2019/05/29 17:15,22.299999,982.099976,1.1,335,0,0,20.23,23.18,983.47,2.25,244.32,0.0,0.0,0.0,0.0
2019/05/29 17:30,22.299999,981.900024,1.1,323,0,0,20.37,23.32,983.15,2.22,233.76,0.0,0.0,0.0,0.0
2019/05/29 17:45,22.0,981.900024,1.4,336,0,0,20.45,23.58,982.91,2.35,226.71,0.0,0.0,0.0,0.0
2019/05/29 18:00,21.799999,981.799988,0.7,325,0,0,20.52,23.85,982.73,2.52,222.79,0.0,0.0,0.0,0.0
2019/05/29 18:15,22.0,981.700012,1.3,334,0,0,20.53,24.16,982.58,2.67,218.76,0.0,0.0,0.0,0.0
2019/05/29 18:30,22.0,981.5,1.6,340,0,0,20.47,24.65,982.43,2.84,213.44,0.0,0.0,0.0,0.0
2019/05/29 18:45,21.799999,981.400024,1.3,351,0,0,20.35,25.31,982.28,3.05,208.46,0.0,0.0,0.0,0.0
2019/05/29 19:00,21.5,981.200012,0.5,325,0,0,20.23,26.05,982.11,3.25,205.37,0.0,0.0,0.0,0.0
2019/05/30 08:00,30.1,980.900024,3.9,35,468,225,30.84,18.16,984.33,3.77,71.47,579.72,47.190000000000055,532.53,14.44931
2019/05/30 08:15,29.700001,981.200012,1.8,30,207,181,30.8,18.2,984.35,3.61,72.48,531.69,50.180000000000064,481.51,8.814751
2019/05/30 08:30,29.799999,981.200012,2.6,17,313,166,30.76,18.25,984.34,3.43,74.99,505.04,45.23000000000002,459.81,7.736969
2019/05/30 08:45,28.799999,981.299988,2.6,81,117,120,30.69,18.36,984.4,3.25,77.43,453.38,43.46999999999997,409.91,3.727719
2019/05/30 09:00,28.799999,981.5,2.3,51,110,120,30.63,18.48,984.45,3.07,79.81,411.67,41.54000000000002,370.13,3.627203
2019/05/30 09:15,28.6,981.700012,1.7,50,89,91,30.53,18.64,984.51,2.92,82.46,346.05,38.05000000000001,308.0,2.80793
2019/05/30 09:30,28.5,981.599976,2.0,29,89,96,30.44,18.8,984.53,2.82,85.18,294.43,34.55000000000001,259.88,3.041117
2019/05/30 09:45,28.200001,981.799988,1.9,16,64,70,30.3,19.05,984.54,2.78,89.1,229.81,30.14000000000001,199.67,2.05986
2019/05/30 10:00,28.200001,982.099976,1.7,15,65,75,30.15,19.34,984.54,2.86,93.84,186.96,26.69,160.27,2.113727
2019/05/30 10:15,27.9,982.200012,0.3,73,43,49,29.86,20.05,984.54,3.01,96.79,136.92,22.669999999999987,114.25,1.279277
2019/05/30 10:30,27.700001,982.5,1.1,55,42,50,29.41,21.37,984.58,3.08,95.57,105.26,19.60000000000001,85.66,1.309793
2019/05/30 10:45,27.6,982.700012,0.6,25,31,39,28.52,23.66,984.8,3.08,92.31,67.3,15.549999999999995,51.75,0.956102
2019/05/30 11:00,27.299999,982.900024,0.9,357,20,28,27.62,25.22,985.16,3.18,89.57,45.65,12.68,32.97,0.623506
2019/05/30 11:15,27.1,983.200012,0.8,341,11,14,26.6,26.27,985.49,3.35,89.18,19.22,7.779999999999999,11.44,0.345659
2019/05/30 11:30,26.9,983.400024,0.3,350,2,3,25.79,26.87,985.81,3.34,89.93,5.42,3.33,2.09,0.0751059999999999
2019/05/30 11:45,26.6,983.599976,1.3,343,0,0,25.14,27.18,986.14,3.1,89.05,0.0,0.0,0.0,0.0
2019/05/30 12:00,26.299999,983.900024,1.2,344,0,0,24.66,27.42,986.48,2.69,83.86,0.0,0.0,0.0,0.0017699999999999
2019/05/30 12:15,26.1,984.099976,1.1,352,0,0,24.15,27.63,986.87,2.24,68.57,0.0,0.0,0.0,0.010762
2019/05/30 12:30,25.9,984.5,0.4,333,0,0,23.53,27.83,987.3,2.08,35.2,0.0,0.0,0.0,0.001945
2019/05/30 12:45,25.6,984.799988,0.0,321,0,0,22.72,27.96,987.73,2.38,3.26,0.0,0.0,0.0,0.0
2019/05/30 13:00,25.299999,985.099976,0.0,293,0,0,21.93,27.68,988.14,2.81,351.14,0.0,0.0,0.0,0.0
2019/05/30 13:15,24.299999,985.5,0.2,315,0,0,21.31,26.94,988.49,3.02,351.7,0.0,0.0,0.0,0.0
2019/05/30 13:30,24.0,985.599976,0.0,250,0,0,20.9,26.01,988.78,3.08,359.92,0.0,0.0,0.0,0.0
2019/05/30 13:45,23.799999,985.900024,0.5,273,0,0,20.49,25.47,988.89,3.05,7.15,0.0,0.0,0.0,0.0
2019/05/30 14:00,23.799999,986.099976,0.9,323,0,0,20.18,25.18,989.1,2.8,7.11,0.0,0.0,0.0,0.0
2019/05/30 14:15,23.9,986.400024,2.0,316,0,0,20.05,24.81,989.39,2.32,0.69,0.0,0.0,0.0,0.0
2019/05/30 14:30,24.1,986.299988,0.9,337,0,0,20.06,24.34,989.74,1.81,345.55,0.0,0.0,0.0,0.0
2019/05/30 14:45,23.9,986.400024,0.5,266,0,0,20.05,23.92,990.06,1.44,322.18,0.0,0.0,0.0,0.0
2019/05/30 15:00,24.200001,986.599976,1.8,311,0,0,20.12,23.37,990.35,1.2,304.33,0.0,0.0,0.0,0.0
2019/05/30 15:15,24.4,986.5,3.2,310,0,0,20.14,22.89,990.62,0.93,299.6,0.0,0.0,0.0,0.0
2019/05/30 15:30,23.6,986.599976,2.8,304,0,0,20.1,22.54,990.87,0.64,301.92,0.0,0.0,0.0,0.0
2019/05/30 15:45,22.9,986.599976,2.0,285,0,0,19.99,22.34,991.15,0.45,282.78,0.0,0.0,0.0,0.0
2019/05/30 16:00,22.299999,987.0,2.5,50,0,0,19.44,21.57,989.89,3.09,134.36,0.0,0.0,0.0,0.0
2019/05/30 16:15,22.5,987.099976,2.4,354,0,0,19.48,20.8,989.99,2.74,131.73,0.0,0.0,0.0,0.0
2019/05/30 16:30,22.200001,987.299988,1.4,49,0,0,19.5,20.15,990.44,2.45,129.01,0.0,0.0,0.0,0.0
2019/05/30 16:45,21.6,987.799988,2.3,52,0,0,19.39,19.76,990.38,2.3,123.36,0.0,0.0,0.0,0.0
2019/05/30 17:00,21.9,987.900024,1.6,37,0,0,19.22,19.52,990.32,2.28,120.61,0.0,0.0,0.0,0.0
2019/05/30 17:15,21.299999,988.099976,1.4,42,0,0,18.98,19.43,990.2,2.38,117.79,0.0,0.0,0.0,0.0
2019/05/30 17:30,21.1,988.200012,1.3,19,0,0,18.75,19.4,990.2,2.47,120.34,0.0,0.0,0.0,0.0
2019/05/30 17:45,21.0,988.400024,1.5,9,0,0,18.58,19.35,990.45,2.44,125.29,0.0,0.0,0.0,0.0
2019/05/30 18:00,21.1,988.5,1.5,344,0,0,18.42,19.3,990.6,2.32,132.22,0.0,0.0,0.0,0.0
2019/05/30 18:15,20.799999,988.5,1.5,341,0,0,18.23,19.35,990.55,2.18,140.87,0.0,0.0,0.0,0.0
2019/05/30 18:30,20.799999,988.5,1.4,354,0,0,17.97,19.52,990.59,2.07,149.41,0.0,0.0,0.0,0.0
2019/05/30 18:45,20.6,988.400024,1.5,343,0,0,17.63,19.84,990.64,2.1,161.01,0.0,0.0,0.0,0.0
2019/05/30 19:00,20.799999,988.400024,1.5,345,0,0,17.23,20.2,990.74,2.4,175.98,0.0,0.0,0.0,0.0
2019/05/31 08:00,28.9,982.900024,2.9,83,571,330,30.03,12.53,984.53,8.39,145.58,605.29,48.25,557.04,19.340561
2019/05/31 08:15,28.799999,983.0,3.8,39,281,221,30.09,12.47,984.36,8.38,147.05,556.04,46.79999999999996,509.24,9.667657
2019/05/31 08:30,28.700001,982.799988,2.4,72,315,276,30.17,12.37,984.17,8.31,147.89,522.02,45.75999999999999,476.26,11.30434
2019/05/31 08:45,28.4,982.700012,5.6,52,241,234,30.21,12.28,984.0,8.24,148.89,469.45,44.00999999999999,425.44,7.953969
2019/05/31 09:00,28.1,982.599976,2.7,44,226,233,30.26,12.18,983.85,8.18,149.93,433.56,42.75,390.81,7.759938000000001
2019/05/31 09:15,28.0,982.400024,2.1,28,216,234,30.23,12.15,983.7,8.14,151.03,378.74,40.73000000000002,338.01,7.164281
2019/05/31 09:30,27.799999,982.400024,4.3,62,163,195,30.17,12.19,983.57,8.11,152.11,341.57,39.44,302.13,5.416906
2019/05/31 09:45,27.6,982.599976,1.7,76,120,146,29.99,12.37,983.44,8.01,152.74,285.52,36.56999999999999,248.95,4.084938
2019/05/31 10:00,27.4,982.700012,3.2,46,95,117,29.79,12.65,983.29,7.78,152.58,247.97,34.49000000000001,213.48,3.118937
2019/05/31 10:15,27.299999,982.700012,2.1,83,73,94,29.41,13.19,983.16,7.37,152.21,183.15,34.920000000000016,148.23,2.356812
2019/05/31 10:30,27.1,982.700012,2.0,63,74,97,29.01,14.02,983.08,6.81,151.58,156.65,28.460000000000008,128.19,2.603453
2019/05/31 10:45,26.799999,983.0,1.9,53,33,42,28.31,15.18,983.13,6.2,150.08,104.63,23.41,81.22,1.115789
2019/05/31 11:00,26.5,983.099976,1.9,64,18,27,27.48,16.53,983.22,5.65,148.83,73.32,19.599999999999994,53.72,0.5734670000000001
2019/05/31 11:15,26.299999,983.200012,1.1,11,9,12,26.39,17.9,983.28,5.23,148.9,30.87,11.920000000000002,18.95,0.285776
2019/05/31 11:30,26.1,983.200012,1.1,58,1,2,25.39,18.95,983.37,4.92,151.29,8.75,5.08,3.67,0.040505
2019/05/31 11:45,25.9,983.400024,2.6,52,0,0,24.54,19.71,983.47,4.65,156.91,0.0,0.0,0.0,0.0
2019/05/31 12:00,25.5,983.400024,2.2,46,0,0,23.92,20.33,983.6,4.36,164.4,0.0,0.0,0.0,0.0
2019/05/31 12:15,25.0,983.599976,1.8,20,0,0,23.37,20.9,983.72,4.08,172.36,0.0,0.0,0.0,0.0
2019/05/31 12:30,24.700001,983.599976,2.7,30,0,0,22.98,21.32,983.81,3.83,178.92,0.0,0.0,0.0,0.0
2019/05/31 12:45,24.799999,983.799988,1.9,45,0,0,22.73,21.6,983.9,3.55,184.88,0.0,0.0,0.0,0.0
2019/05/31 13:00,24.299999,984.0,0.8,32,0,0,22.43,21.99,984.0,3.12,192.79,0.0,0.0,0.0,0.0
2019/05/31 13:15,24.200001,984.099976,1.4,38,0,0,22.23,22.26,984.12,2.5,205.28,0.0,0.0,0.0,0.0
2019/05/31 13:30,23.4,984.299988,0.0,200,0,0,22.12,22.42,984.21,1.84,227.49,0.0,0.0,0.0,0.0
2019/05/31 13:45,23.200001,984.200012,1.4,308,0,0,22.07,22.49,984.19,1.35,262.79,0.0,0.0,0.0,0.0
2019/05/31 14:00,22.9,984.099976,1.3,298,0,0,22.0,22.6,984.16,1.07,287.01,0.0,0.0,0.0,0.0
2019/05/31 14:15,22.799999,984.099976,0.9,300,0,0,21.91,22.73,984.16,0.85,294.1,0.0,0.0,0.0,0.0
2019/05/31 14:30,22.700001,984.200012,0.0,292,0,0,21.81,22.86,984.17,0.68,284.55,0.0,0.0,0.0,0.0
2019/05/31 14:45,22.5,984.099976,0.5,10,0,0,21.76,22.94,984.18,0.63,268.41,0.0,0.0,0.0,0.0
2019/05/31 15:00,22.700001,984.0,1.5,313,0,0,21.58,23.19,984.15,0.65,265.21,0.0,0.0,0.0,0.0
2019/05/31 15:15,23.0,983.799988,1.4,299,0,0,21.4,23.44,984.17,0.78,279.33,0.0,0.0,0.0,0.0
2019/05/31 15:30,23.0,983.900024,1.1,319,0,0,21.16,23.77,984.17,1.09,293.18,0.0,0.0,0.0,0.0
2019/05/31 15:45,22.6,983.799988,1.4,276,0,0,20.84,24.18,984.19,1.53,292.61,0.0,0.0,0.0,0.0
2019/05/31 16:00,22.5,983.900024,0.6,145,0,0,20.19,43.75,985.28,2.52,267.7,0.0,0.0,0.0,0.0
2019/05/31 16:15,22.299999,983.5,1.8,305,0,0,20.11,44.1,984.96,2.54,267.33,0.0,0.0,0.0,0.0
2019/05/31 16:30,22.5,983.400024,0.0,227,0,0,20.04,44.5,985.12,2.64,268.5,0.0,0.0,0.0,0.0
2019/05/31 16:45,22.200001,983.099976,1.0,324,0,0,19.88,45.16,984.96,2.72,269.47,0.0,0.0,0.0,0.0
2019/05/31 17:00,22.200001,982.900024,0.0,260,0,0,19.75,45.77,984.57,2.69,269.56,0.0,0.0,0.0,0.0
2019/05/31 17:15,22.200001,982.599976,1.5,6,0,0,19.65,46.3,984.29,2.52,271.52,0.0,0.0,0.0,0.0
2019/05/31 17:30,22.6,982.299988,1.7,48,0,0,19.59,46.66,984.02,2.29,274.81,0.0,0.0,0.0,0.0
2019/05/31 17:45,21.700001,982.400024,0.7,26,0,0,19.51,47.07,984.09,2.08,281.16,0.0,0.0,0.0,0.0
2019/05/31 18:00,22.0,982.400024,0.0,324,0,0,19.37,47.55,984.14,1.95,291.72,0.0,0.0,0.0,0.0
2019/05/31 18:15,21.9,982.099976,1.2,305,0,0,19.15,48.13,983.92,1.96,304.01,0.0,0.0,0.0,0.0
2019/05/31 18:30,21.5,981.799988,1.9,304,0,0,18.93,48.62,983.98,2.09,310.42,0.0,0.0,0.0,0.0
2019/05/31 18:45,21.6,981.799988,0.2,253,0,0,18.7,49.14,983.82,2.23,309.15,0.0,0.0,0.0,0.0
2019/05/31 19:00,21.4,981.700012,1.1,256,0,0,18.52,49.6,983.64,2.26,304.0,0.0,0.0,0.0,0.0
2019/06/01 08:00,31.299999,976.400024,1.7,33,435,194,33.88,15.53,976.14,3.63,200.12,272.24,21.97,250.27,14.58669
2019/06/01 08:15,30.700001,976.5,4.1,357,384,204,33.83,15.71,976.04,4.56,197.22,249.81,21.420000000000016,228.39,12.92288
2019/06/01 08:30,30.6,976.299988,2.8,335,327,202,33.61,16.23,975.91,5.52,189.17,278.1,28.06000000000003,250.04,11.19672
2019/06/01 08:45,30.200001,976.299988,5.4,346,287,194,33.42,16.26,975.76,5.82,180.76,317.42,30.110000000000014,287.31,9.829094
2019/06/01 09:00,30.1,976.299988,3.2,15,243,186,33.35,16.24,975.6,5.61,173.7,357.5,35.629999999999995,321.87,8.425375
2019/06/01 09:15,29.9,976.299988,2.2,25,199,177,33.26,16.35,975.53,5.5,173.64,350.79,38.06999999999999,312.72,6.899047
2019/06/01 09:30,29.9,976.400024,3.6,36,164,161,33.14,16.54,975.49,5.65,176.06,331.75,38.38999999999999,293.36,5.532953
2019/06/01 09:45,29.6,976.299988,3.0,35,120,141,32.92,17.01,975.39,5.68,174.07,281.35,36.33000000000001,245.02,4.2515160000000005
2019/06/01 10:00,29.6,976.400024,3.3,7,96,119,32.72,17.63,975.3,5.36,170.47,245.69,34.47999999999999,211.21,3.164219
2019/06/01 10:15,29.4,976.599976,1.9,352,75,93,32.4,18.65,975.26,4.85,167.37,192.19,31.210000000000008,160.98,2.335594
2019/06/01 10:30,29.1,976.700012,2.1,351,59,74,31.96,20.21,975.22,4.3,164.12,157.34,28.670000000000016,128.67,1.773406
2019/06/01 10:45,28.799999,976.900024,2.7,2,42,53,31.1,22.68,975.22,3.85,162.0,106.96,24.059999999999988,82.9,1.256691
2019/06/01 11:00,28.5,977.0,2.3,349,25,33,30.16,25.18,975.25,3.68,163.11,75.23,20.22000000000001,55.01,0.7286020000000001
2019/06/01 11:15,28.1,977.099976,2.0,5,13,17,29.12,27.31,975.27,3.82,165.86,32.54,12.61,19.93,0.358005
2019/06/01 11:30,27.799999,977.099976,2.0,0,3,4,28.29,28.79,975.32,4.07,170.99,9.92,5.66,4.26,0.054027
2019/06/01 11:45,27.4,977.200012,2.4,332,0,0,27.6,29.82,975.36,4.29,177.17,0.0,0.0,0.0,0.0
2019/06/01 12:00,27.1,977.299988,1.7,352,0,0,27.08,30.51,975.41,4.46,183.85,0.0,0.0,0.0,0.0
2019/06/01 12:15,27.0,977.400024,2.1,355,0,0,26.62,31.0,975.46,4.62,190.65,0.0,0.0,0.0,0.0
2019/06/01 12:30,26.4,977.700012,1.5,336,0,0,26.18,31.36,975.51,4.76,197.97,0.0,0.0,0.0,0.0
2019/06/01 12:45,26.200001,977.900024,1.0,322,0,0,25.69,31.67,975.53,4.79,207.4,0.0,0.0,0.0,0.0
2019/06/01 13:00,26.0,978.0,0.8,340,0,0,25.15,31.89,975.6,4.6,217.48,0.0,0.0,0.0,0.0
2019/06/01 13:15,25.799999,978.099976,0.3,320,0,0,24.62,32.01,975.68,3.91,230.28,0.0,0.0,0.0,0.0
2019/06/01 13:30,25.4,978.200012,0.0,219,0,0,23.83,32.9,975.84,2.99,262.57,0.0,0.0,0.0,0.0
2019/06/01 13:45,25.0,978.200012,0.0,155,0,0,22.89,35.02,976.15,2.69,323.96,0.0,0.0,0.0,0.0
2019/06/01 14:00,24.9,978.200012,0.0,236,0,0,22.28,37.43,976.43,2.75,348.56,0.0,0.0,0.0,0.0
2019/06/01 14:15,24.4,978.200012,0.0,211,0,0,22.26,38.33,976.44,2.34,350.15,0.0,0.0,0.0,0.0
2019/06/01 14:30,23.9,978.099976,0.0,238,0,0,22.41,38.8,976.27,1.85,358.53,0.0,0.0,0.0,0.0
2019/06/01 14:45,23.799999,977.900024,0.0,271,0,0,22.14,40.56,976.38,2.15,344.83,0.0,0.0,0.0,0.0
2019/06/01 15:00,23.799999,977.900024,0.0,269,0,0,21.63,42.85,976.61,2.89,324.39,0.0,0.0,0.0,0.0
2019/06/01 15:15,23.700001,977.700012,0.7,309,0,0,21.42,43.95,976.71,3.09,316.08,0.0,0.0,0.0,0.0
2019/06/01 15:30,23.6,977.599976,0.0,296,0,0,21.45,44.57,976.68,2.67,317.54,0.0,0.0,0.0,0.0
2019/06/01 15:45,23.200001,977.400024,0.8,217,0,0,21.52,45.29,976.67,2.13,320.04,0.0,0.0,0.0,0.0
2019/06/01 16:00,23.4,977.299988,0.0,32,0,0,20.41,45.48,979.5,2.26,261.85,0.0,0.0,0.0,0.0
2019/06/01 16:15,22.700001,977.200012,0.1,266,0,0,20.32,45.54,979.13,2.38,257.32,0.0,0.0,0.0,0.0
2019/06/01 16:30,22.6,977.0,0.3,267,0,0,20.2,45.7,979.4,2.69,256.66,0.0,0.0,0.0,0.0
2019/06/01 16:45,22.700001,976.799988,1.0,355,0,0,19.94,46.19,979.15,3.04,258.01,0.0,0.0,0.0,0.0
2019/06/01 17:00,22.5,976.700012,0.2,266,0,0,19.69,46.57,979.03,3.3,255.14,0.0,0.0,0.0,0.0
2019/06/01 17:15,22.5,976.599976,0.0,186,0,0,19.5,46.81,978.88,3.46,251.16,0.0,0.0,0.0,0.0
2019/06/01 17:30,22.4,976.700012,0.3,329,0,0,19.37,46.97,978.77,3.63,248.32,0.0,0.0,0.0,0.0
2019/06/01 17:45,22.200001,976.700012,0.0,171,0,0,19.28,46.97,978.63,3.84,249.99,0.0,0.0,0.0,0.0
2019/06/01 18:00,21.5,976.5,0.8,156,0,0,19.17,47.06,978.69,3.97,251.47,0.0,0.0,0.0,0.0
2019/06/01 18:15,22.0,976.5,0.9,153,0,0,19.03,47.24,978.58,4.0,253.0,0.0,0.0,0.0,0.0
2019/06/01 18:30,21.6,976.400024,0.0,187,0,0,18.86,47.44,978.48,3.93,255.06,0.0,0.0,0.0,0.0
2019/06/01 18:45,21.5,976.099976,0.0,236,0,0,18.65,47.78,978.31,3.93,253.56,0.0,0.0,0.0,0.0
2019/06/01 19:00,21.4,976.0,0.0,139,0,0,18.55,47.54,978.23,4.13,255.85,0.0,0.0,0.0,0.0
2019/06/02 08:00,34.299999,971.5,3.4,43,432,310,38.25,6.94,972.11,7.61,305.94,556.58,43.88,512.7,14.01881
2019/06/02 08:15,34.200001,971.599976,4.3,47,243,212,38.2,7.03,972.04,7.03,304.02,453.77,37.77999999999997,415.99,8.784563
2019/06/02 08:30,34.099998,971.599976,2.7,23,222,256,38.14,7.19,971.97,6.45,297.27,352.4,30.96999999999997,321.43,8.739282000000001
2019/06/02 08:45,33.900002,971.400024,3.8,49,231,209,37.5,7.87,971.99,5.77,288.09,182.48,90.45,92.03,6.132657
2019/06/02 09:00,33.5,971.5,4.2,38,95,103,36.89,9.12,972.05,4.89,273.95,136.05,64.22000000000001,71.83,3.065234
2019/06/02 09:15,33.599998,971.299988,2.4,43,207,245,34.21,12.0,972.09,4.26,245.33,13.63,13.63,0.0,7.522594000000001
2019/06/02 09:30,33.400002,971.200012,1.8,33,152,179,32.77,14.62,972.21,4.13,226.74,11.64,11.64,0.0,4.967375
2019/06/02 09:45,33.200001,971.400024,5.9,42,123,158,31.81,16.49,972.29,4.02,225.56,7.41,7.41,0.0,4.006844
2019/06/02 10:00,32.799999,971.5,3.9,52,91,118,31.56,17.01,972.21,3.94,222.6,6.64,6.64,0.0,2.812852
2019/06/02 10:15,32.400002,971.599976,3.6,35,65,82,31.27,17.45,972.09,4.1,216.05,6.27,6.27,0.0,1.865828
2019/06/02 10:30,31.799999,971.599976,2.5,18,39,44,30.91,17.95,972.06,4.34,214.36,4.84,4.84,0.0,1.181277
2019/06/02 10:45,31.4,971.799988,1.8,344,44,55,30.5,18.83,972.25,4.57,224.45,5.88,5.88,0.0,1.472023
2019/06/02 11:00,31.200001,972.0,1.5,358,36,49,30.01,19.64,972.56,4.6,238.27,4.29,4.29,0.0,1.097633
2019/06/02 11:15,30.9,971.700012,1.8,339,14,19,29.42,20.77,972.63,4.39,244.58,7.15,5.4,1.75,0.3897239999999999
2019/06/02 11:30,30.5,972.0,0.0,251,0,1,28.91,21.53,972.68,4.22,243.6,3.02,2.51,0.51,0.072114
2019/06/02 11:45,30.0,972.200012,0.1,355,0,0,28.59,21.91,972.78,4.18,243.08,0.0,0.0,0.0,0.0
2019/06/02 12:00,29.6,972.299988,0.0,248,0,0,28.15,22.42,972.93,4.12,248.14,0.0,0.0,0.0,0.0
2019/06/02 12:15,29.0,972.299988,1.2,337,0,0,27.34,23.13,973.14,4.12,257.11,0.0,0.0,0.0,0.0
2019/06/02 12:30,29.1,972.400024,1.5,336,0,0,26.89,23.21,973.34,4.4,263.57,0.0,0.0,0.0,0.0
2019/06/02 12:45,29.200001,972.599976,1.4,325,0,0,26.24,23.4,973.58,4.94,269.93,0.0,0.0,0.0,0.0
2019/06/02 13:00,28.1,973.200012,0.9,246,0,0,26.06,22.92,973.83,5.55,276.36,0.0,0.0,0.0,0.0
2019/06/02 13:15,27.700001,973.200012,4.8,324,0,0,26.06,22.24,974.05,6.17,278.2,0.0,0.0,0.0,0.0
2019/06/02 13:30,28.6,973.299988,2.6,317,0,0,26.2,21.42,974.28,6.68,278.52,0.0,0.0,0.0,0.0
2019/06/02 13:45,28.1,973.200012,3.1,344,0,0,26.27,20.78,974.56,6.97,278.27,0.0,0.0,0.0,0.0
2019/06/02 14:00,28.0,973.099976,2.8,335,0,0,26.23,20.27,974.88,7.11,277.88,0.0,0.0,0.0,0.0
2019/06/02 14:15,27.9,973.200012,2.0,308,0,0,26.26,19.58,975.24,7.19,278.25,0.0,0.0,0.0,0.0
2019/06/02 14:30,27.6,973.400024,1.8,336,0,0,26.24,18.88,975.59,7.19,277.9,0.0,0.0,0.0,0.0
2019/06/02 14:45,27.799999,973.299988,2.0,344,0,0,26.15,18.19,975.9,7.13,277.34,0.0,0.0,0.0,0.0
2019/06/02 15:00,27.5,973.400024,2.7,324,0,0,25.98,17.53,976.18,7.0,276.9,0.0,0.0,0.0,0.0
2019/06/02 15:15,27.299999,973.5,0.6,318,0,0,25.67,16.93,976.43,6.81,277.06,0.0,0.0,0.0,0.0
2019/06/02 15:30,26.5,973.799988,0.0,47,0,0,25.3,16.36,976.73,6.67,278.64,0.0,0.0,0.0,0.0
2019/06/02 15:45,26.200001,973.900024,0.0,275,0,0,24.94,15.77,977.03,6.66,281.68,0.0,0.0,0.0,0.0
2019/06/02 16:00,26.4,973.799988,0.0,39,0,0,22.13,20.47,975.31,4.27,322.68,0.0,0.0,0.0,0.0
2019/06/02 16:15,26.299999,974.0,0.3,158,0,0,22.38,20.11,975.56,4.34,308.8,0.0,0.0,0.0,0.0
2019/06/02 16:30,26.299999,973.900024,0.0,105,0,0,22.77,19.68,976.1,4.29,301.81,0.0,0.0,0.0,0.0
2019/06/02 16:45,26.0,974.099976,0.0,103,0,0,22.97,19.86,976.26,4.07,298.4,0.0,0.0,0.0,0.0
2019/06/02 17:00,25.700001,974.099976,0.3,194,0,0,23.11,20.28,976.48,3.83,291.63,0.0,0.0,0.0,0.0
2019/06/02 17:15,24.9,974.0,0.9,144,0,0,23.2,20.67,976.63,3.71,279.24,0.0,0.0,0.0,0.0
2019/06/02 17:30,24.6,974.099976,0.9,151,0,0,23.17,21.12,976.68,3.69,265.46,0.0,0.0,0.0,0.0
2019/06/02 17:45,24.299999,974.299988,0.8,151,0,0,23.1,21.58,977.02,3.71,257.38,0.0,0.0,0.0,0.0
2019/06/02 18:00,24.4,974.400024,0.9,165,0,0,23.07,21.97,977.37,3.68,253.61,0.0,0.0,0.0,0.0
2019/06/02 18:15,24.799999,974.400024,0.7,166,0,0,22.88,22.4,977.47,3.64,256.17,0.0,0.0,0.0,0.0
2019/06/02 18:30,25.4,974.400024,2.0,152,0,0,22.47,22.91,977.63,3.7,267.53,0.0,0.0,0.0,0.0
2019/06/02 18:45,25.6,974.599976,0.5,185,0,0,21.91,23.52,977.67,3.89,276.52,0.0,0.0,0.0,0.0
2019/06/02 19:00,24.200001,974.599976,1.9,204,0,0,21.49,23.95,977.71,4.13,277.01,0.0,0.0,0.0,0.0
2019/06/03 08:00,34.099998,975.200012,1.9,57,519,136,34.77,13.5,977.78,5.0,134.93,604.81,48.059999999999945,556.75,16.665689
2019/06/03 08:15,33.5,975.200012,3.3,80,456,134,34.79,13.55,977.73,5.06,135.96,555.4,46.63,508.77,14.87938
2019/06/03 08:30,33.400002,975.299988,3.9,45,382,139,34.8,13.59,977.66,5.13,137.19,521.32,45.58000000000004,475.74,12.51294
2019/06/03 08:45,33.5,975.200012,3.3,37,330,143,34.78,13.64,977.66,5.22,138.57,468.86,43.88,424.98,11.0845
2019/06/03 09:00,33.400002,975.299988,3.4,89,263,139,34.77,13.66,977.61,5.34,138.26,433.11,42.650000000000034,390.46,9.124063
2019/06/03 09:15,33.5,975.299988,2.4,7,213,136,34.69,13.68,977.57,5.46,138.03,378.63,40.610000000000014,338.02,7.279125
2019/06/03 09:30,33.5,975.5,3.8,33,172,132,34.62,13.71,977.53,5.54,138.96,341.81,39.089999999999975,302.72,5.685641
2019/06/03 09:45,33.299999,975.5,3.0,49,120,122,34.47,13.89,977.5,5.57,139.63,285.43,36.420000000000016,249.01,4.265297
2019/06/03 10:00,32.799999,975.700012,5.5,39,93,106,34.31,14.22,977.51,5.53,140.16,244.23,33.879999999999995,210.35,2.983313
2019/06/03 10:15,32.799999,975.799988,3.4,82,78,87,33.99,14.82,977.58,5.39,140.86,182.27,29.26000000000002,153.01,2.05882
2019/06/03 10:30,32.299999,975.900024,3.7,59,61,67,33.56,15.61,977.71,5.15,140.2,137.86,24.820000000000007,113.04,1.500324
2019/06/03 10:45,31.9,976.299988,4.6,56,45,50,32.79,16.85,977.79,4.82,136.82,86.54,19.210000000000008,67.33,1.133672
2019/06/03 11:00,31.6,976.400024,3.8,61,28,33,31.86,18.32,977.89,4.48,137.58,58.96,15.6,43.36,0.762617
2019/06/03 11:15,31.200001,976.5,2.1,59,14,18,30.65,20.04,978.03,4.2,145.02,27.23,10.29,16.94,0.3936469999999999
2019/06/03 11:30,30.799999,976.900024,2.3,66,3,4,29.64,21.4,978.17,4.0,152.86,9.94,5.409999999999999,4.53,0.088548
2019/06/03 11:45,30.299999,977.099976,2.9,65,0,0,28.84,22.32,978.31,3.88,162.0,0.0,0.0,0.0,0.0
2019/06/03 12:00,29.700001,977.400024,2.1,35,0,0,28.21,23.23,978.51,3.82,174.3,0.0,0.0,0.0,0.0
2019/06/03 12:15,29.200001,977.5,2.0,45,0,0,27.65,24.07,978.67,3.86,186.51,0.0,0.0,0.0,0.0
2019/06/03 12:30,29.0,977.799988,1.4,14,0,0,27.15,24.9,978.73,3.96,195.89,0.0,0.0,0.0,0.0
2019/06/03 12:45,28.299999,978.099976,1.1,342,0,0,26.75,25.53,978.74,4.13,202.27,0.0,0.0,0.0,0.0
2019/06/03 13:00,27.9,978.099976,1.2,331,0,0,26.48,25.93,978.81,4.34,204.21,0.0,0.0,0.0,0.0
2019/06/03 13:15,27.6,978.400024,0.8,313,0,0,26.25,26.29,978.88,4.45,204.73,0.0,0.0,0.0,0.0
2019/06/03 13:30,27.1,978.400024,1.7,324,0,0,25.98,26.83,978.88,4.3,206.69,0.0,0.0,0.0,0.0
2019/06/03 13:45,26.9,978.700012,2.4,321,0,0,25.65,27.51,978.81,3.82,209.67,0.0,0.0,0.0,0.0
2019/06/03 14:00,26.700001,978.700012,2.6,312,0,0,25.29,28.16,978.8,3.11,215.05,0.0,0.0,0.0,0.0
2019/06/03 14:15,26.700001,978.599976,2.1,335,0,0,24.87,28.85,978.87,2.45,225.54,0.0,0.0,0.0,0.0
2019/06/03 14:30,27.0,978.799988,2.9,312,0,0,24.64,29.17,979.06,2.04,236.83,0.0,0.0,0.0,0.0
2019/06/03 14:45,26.9,978.900024,2.4,325,0,0,24.49,29.33,979.21,1.87,244.2,0.0,0.0,0.0,0.0
2019/06/03 15:00,26.5,979.099976,2.9,326,0,0,24.35,29.51,979.29,1.9,250.27,0.0,0.0,0.0,0.0
2019/06/03 15:15,26.4,979.099976,2.4,323,0,0,24.12,29.84,979.39,2.13,256.73,0.0,0.0,0.0,0.0
2019/06/03 15:30,26.200001,979.200012,3.8,313,0,0,23.76,30.44,979.48,2.56,260.03,0.0,0.0,0.0,0.0
2019/06/03 15:45,26.200001,979.299988,2.7,330,0,0,23.34,31.19,979.62,3.08,251.12,0.0,0.0,0.0,0.0
2019/06/03 16:00,26.0,979.599976,2.0,330,0,0,21.97,33.67,980.38,2.45,109.86,0.0,0.0,0.0,0.0
2019/06/03 16:15,25.700001,979.700012,2.8,328,0,0,21.83,34.19,980.39,2.18,123.98,0.0,0.0,0.0,0.0
2019/06/03 16:30,25.9,979.400024,3.0,313,0,0,21.9,34.36,980.87,1.77,149.31,0.0,0.0,0.0,0.0
2019/06/03 16:45,25.700001,979.400024,2.2,333,0,0,21.86,34.82,980.78,1.65,202.81,0.0,0.0,0.0,0.0
2019/06/03 17:00,25.299999,979.299988,3.4,326,0,0,21.56,35.69,980.8,2.23,261.71,0.0,0.0,0.0,0.0
2019/06/03 17:15,24.700001,979.599976,2.5,349,0,0,20.91,36.94,981.0,3.08,288.91,0.0,0.0,0.0,0.0
2019/06/03 17:30,24.200001,979.599976,1.3,343,0,0,20.42,37.55,981.3,3.44,301.84,0.0,0.0,0.0,0.0
2019/06/03 17:45,23.799999,979.700012,1.4,316,0,0,20.02,37.96,981.48,3.36,309.22,0.0,0.0,0.0,0.0
2019/06/03 18:00,23.6,980.0,0.8,323,0,0,19.72,38.22,981.57,3.35,307.12,0.0,0.0,0.0,0.0
2019/06/03 18:15,23.299999,980.0,2.6,328,0,0,19.51,38.35,981.56,3.5,304.05,0.0,0.0,0.0,0.0
2019/06/03 18:30,23.1,980.099976,2.1,320,0,0,19.39,38.4,981.68,3.68,304.47,0.0,0.0,0.0,0.0
2019/06/03 18:45,23.0,979.900024,1.9,341,0,0,19.36,38.43,981.89,3.74,308.06,0.0,0.0,0.0,0.0
2019/06/03 19:00,22.799999,980.099976,1.7,337,0,0,19.22,38.96,982.05,3.59,313.38,0.0,0.0,0.0,0.0
2019/06/04 08:00,26.299999,980.0,2.9,10,331,264,34.53,22.63,979.28,6.84,137.53,496.28,63.10999999999996,433.17,10.98059
2019/06/04 08:15,26.6,980.099976,2.4,47,276,233,34.7,22.32,979.16,7.13,136.85,457.15,63.339999999999975,393.81,8.091563
2019/06/04 08:30,26.299999,980.099976,2.6,19,311,268,35.0,21.55,978.97,7.31,135.61,437.51,52.99000000000001,384.52,9.845719
2019/06/04 08:45,26.200001,980.0,1.1,57,261,253,35.37,20.36,978.88,7.37,135.71,401.3,42.59000000000003,358.71,8.626844
2019/06/04 09:00,26.1,979.799988,0.7,104,214,227,35.77,19.01,978.77,7.27,137.18,385.39,39.120000000000005,346.27,7.095047
2019/06/04 09:15,25.799999,979.700012,2.2,10,142,166,35.91,18.34,978.59,7.05,140.22,335.43,37.44,297.99,4.600094
2019/06/04 09:30,26.0,979.599976,1.1,39,134,156,35.91,18.35,978.6,6.8,145.24,292.18,41.0,251.18,4.239047
2019/06/04 09:45,25.9,979.700012,1.2,56,102,121,35.75,18.79,978.41,6.58,148.71,230.26,39.5,190.76,3.269328
2019/06/04 10:00,25.700001,979.599976,1.4,49,92,111,35.58,19.29,978.29,6.35,152.74,207.37,36.81,170.56,2.990477
2019/06/04 10:15,25.6,979.799988,1.3,42,63,74,35.2,20.0,978.31,6.0,158.88,149.21,42.80000000000001,106.41,2.016055
2019/06/04 10:30,25.6,980.299988,1.6,352,40,46,34.71,21.09,978.08,5.6,159.78,122.73,35.14,87.59,1.219941
2019/06/04 10:45,25.5,980.400024,2.1,13,29,31,33.92,22.71,978.27,5.28,169.06,84.18,23.550000000000004,60.63,0.8451540000000001
2019/06/04 11:00,25.4,980.599976,1.7,348,14,15,33.04,24.42,978.56,5.05,182.91,57.42,17.950000000000003,39.47,0.361669
2019/06/04 11:15,25.299999,980.900024,1.4,327,1,1,31.81,26.63,978.84,4.8,198.05,24.93,10.33,14.6,0.000596
2019/06/04 11:30,25.200001,981.0,1.5,1,0,0,30.61,28.98,979.24,4.43,214.12,8.38,4.960000000000001,3.42,0.0
2019/06/04 11:45,25.1,981.5,0.7,285,0,0,29.81,30.97,979.59,3.95,231.16,0.0,0.0,0.0,0.0
2019/06/04 12:00,24.9,981.599976,2.9,333,0,0,29.12,33.16,979.79,3.53,246.22,0.0,0.0,0.0,0.0
2019/06/04 12:15,24.9,982.700012,1.0,289,0,0,28.92,34.08,979.86,3.2,250.99,0.0,0.0,0.0,0.0
2019/06/04 12:30,24.700001,983.0,0.5,268,0,0,28.59,35.21,980.02,3.08,247.54,0.0,0.0,0.0,0.0
2019/06/04 12:45,24.6,982.599976,1.9,348,0,0,28.0,36.96,980.39,3.33,252.71,0.0,0.0,0.0,0.0
2019/06/04 13:00,24.299999,982.400024,2.3,9,0,0,27.97,37.12,980.72,3.95,248.18,0.0,0.0,0.0,0.0
2019/06/04 13:15,23.9,982.099976,1.5,35,0,0,28.6,34.89,980.82,4.97,228.04,0.0,0.0,0.0,0.0
2019/06/04 13:30,23.799999,983.099976,0.3,261,0,0,29.51,31.95,980.8,5.91,210.17,0.0,0.0,0.0,0.0
2019/06/04 13:45,23.700001,983.599976,0.6,227,0,0,29.73,30.96,980.75,5.71,203.06,0.0,0.0,0.0,0.0
2019/06/04 14:00,23.4,983.5,0.0,216,0,0,28.82,33.04,980.9,4.57,222.31,0.0,0.0,0.0,0.0
2019/06/04 14:15,23.299999,983.599976,0.0,315,0,0,27.34,37.28,981.36,4.03,270.13,0.0,0.0,0.0,0.0
2019/06/04 14:30,23.200001,983.5,0.0,245,0,0,26.44,40.25,981.8,4.39,287.11,0.0,0.0,0.0,0.0
2019/06/04 14:45,23.1,983.5,0.0,219,0,0,26.06,41.54,982.29,4.85,291.97,0.0,0.0,0.0,0.0
2019/06/04 15:00,22.9,983.299988,0.0,310,0,0,26.02,41.64,982.59,4.94,289.33,0.0,0.0,0.0,0.0
2019/06/04 15:15,22.9,983.299988,0.0,239,0,0,26.05,41.38,982.74,4.72,283.47,0.0,0.0,0.0,0.0
2019/06/04 15:30,22.9,983.400024,0.0,217,0,0,25.9,41.41,982.76,4.4,279.74,0.0,0.0,0.0,0.0
2019/06/04 15:45,22.700001,983.200012,0.0,239,0,0,25.59,41.95,982.79,4.14,278.78,0.0,0.0,0.0,0.0
2019/06/04 16:00,22.700001,983.299988,0.0,296,0,0,20.91,54.85,984.65,2.12,247.42,0.0,0.0,0.0,0.0
2019/06/04 16:15,22.700001,983.200012,0.0,230,0,0,20.88,54.85,984.73,2.24,234.13,0.0,0.0,0.0,0.0
2019/06/04 16:30,22.4,983.099976,0.2,237,0,0,21.0,54.35,984.85,2.17,235.8,0.0,0.0,0.0,0.0
2019/06/04 16:45,22.299999,982.799988,0.7,257,0,0,21.11,53.89,984.81,1.99,241.28,0.0,0.0,0.0,0.0
2019/06/04 17:00,22.299999,982.900024,0.2,280,0,0,21.13,53.71,984.77,1.85,239.84,0.0,0.0,0.0,0.0
2019/06/04 17:15,22.299999,982.799988,0.0,222,0,0,21.13,53.6,984.83,1.66,238.41,0.0,0.0,0.0,0.0
2019/06/04 17:30,22.1,982.700012,0.0,272,0,0,21.15,53.45,984.81,1.36,245.58,0.0,0.0,0.0,0.0
2019/06/04 17:45,22.1,983.0,0.0,195,0,0,21.11,53.52,984.83,1.2,275.1,0.0,0.0,0.0,0.0
2019/06/04 18:00,21.6,983.099976,0.5,124,0,0,20.82,54.42,985.1,1.52,328.23,0.0,0.0,0.0,0.0
2019/06/04 18:15,21.6,982.799988,0.0,160,0,0,20.25,56.27,985.24,2.12,340.62,0.0,0.0,0.0,0.0
2019/06/04 18:30,21.799999,982.700012,0.0,200,0,0,19.74,57.86,985.19,2.5,339.43,0.0,0.0,0.0,0.0
2019/06/04 18:45,21.9,982.599976,0.0,307,0,0,19.34,59.03,985.38,2.6,336.81,0.0,0.0,0.0,0.0
2019/06/04 19:00,22.1,982.799988,0.0,304,0,0,19.21,59.28,985.45,2.6,336.99,0.0,0.0,0.0,0.0
2019/06/05 08:00,21.1,986.799988,1.9,194,72,91,20.05,88.07,987.6,2.24,294.21,24.36,24.36,0.0,2.840031
2019/06/05 08:15,20.799999,987.200012,1.1,144,43,51,20.08,87.8,987.83,2.43,268.21,24.71,24.71,0.0,1.607676
2019/06/05 08:30,20.700001,987.099976,0.4,154,35,42,20.07,87.24,987.67,2.16,275.14,40.14,39.44,0.7,1.321688
2019/06/05 08:45,20.4,987.0,0.0,144,35,41,20.28,85.46,987.02,2.46,332.34,94.17,36.41,57.76,1.26875
2019/06/05 09:00,20.299999,986.599976,0.0,229,35,42,20.26,84.46,987.55,3.09,275.29,36.84,24.510000000000005,12.33,1.284172
2019/06/05 09:15,20.200001,986.900024,0.6,155,27,34,20.03,87.03,987.34,3.26,273.78,18.76,18.76,0.0,1.046473
2019/06/05 09:30,19.9,986.799988,0.6,197,26,33,19.88,89.11,987.61,3.29,250.07,18.72,13.66,5.06,0.988176
2019/06/05 09:45,20.1,986.799988,0.3,181,26,29,19.54,91.37,987.39,3.34,276.46,2.31,2.31,0.0,0.8228549999999999
2019/06/05 10:00,19.799999,986.599976,0.0,124,21,25,19.45,91.82,986.79,3.11,311.36,2.56,2.56,0.0,0.716283
2019/06/05 10:15,19.6,986.299988,1.0,189,24,28,19.49,91.76,986.64,2.23,315.49,1.8,1.8,0.0,0.811371
2019/06/05 10:30,19.700001,986.200012,0.6,190,18,22,19.56,91.61,986.7,1.28,263.7,1.42,1.42,0.0,0.591801
2019/06/05 10:45,19.6,986.099976,0.0,176,13,16,19.67,91.41,986.62,1.36,229.08,6.81,6.81,0.0,0.388726
2019/06/05 11:00,19.5,985.900024,0.9,201,8,10,19.57,92.95,986.84,2.46,142.07,5.04,5.04,0.0,0.224137
2019/06/05 11:15,19.299999,985.599976,1.3,199,5,6,19.25,94.26,987.08,3.09,132.81,0.21,0.21,0.0,0.086283
2019/06/05 11:30,19.299999,985.200012,1.9,212,1,2,19.02,95.47,986.74,2.55,105.11,0.09,0.09,0.0,0.0
2019/06/05 11:45,19.1,985.200012,3.2,215,0,0,18.85,96.18,986.67,2.0,99.0,0.0,0.0,0.0,0.0
2019/06/05 12:00,19.1,985.200012,2.7,206,0,0,18.82,96.02,987.1,2.04,134.83,0.0,0.0,0.0,0.0
2019/06/05 12:15,19.1,985.299988,0.2,171,0,0,18.69,96.51,987.01,2.01,104.44,0.0,0.0,0.0,0.0
2019/06/05 12:30,19.1,985.700012,1.0,202,0,0,18.63,97.56,987.05,1.37,89.71,0.0,0.0,0.0,0.0
2019/06/05 12:45,19.200001,986.0,0.0,179,0,0,18.49,98.38,987.3,1.13,286.63,0.0,0.0,0.0,0.0
2019/06/05 13:00,19.200001,986.099976,0.0,154,0,0,18.51,98.23,987.59,1.97,274.88,0.0,0.0,0.0,0.0
2019/06/05 13:15,19.1,986.0,0.0,174,0,0,18.53,98.07,987.42,2.53,291.23,0.0,0.0,0.0,0.0
2019/06/05 13:30,19.200001,985.900024,0.0,126,0,0,18.53,97.98,987.35,2.44,304.45,0.0,0.0,0.0,0.0
2019/06/05 13:45,19.299999,985.700012,0.0,146,0,0,18.5,97.88,987.16,2.47,313.06,0.0,0.0,0.0,0.0
2019/06/05 14:00,19.299999,985.700012,0.0,147,0,0,18.48,97.59,987.25,2.66,308.03,0.0,0.0,0.0,0.0
2019/06/05 14:15,19.6,985.700012,0.0,213,0,0,18.44,97.48,987.18,2.9,312.64,0.0,0.0,0.0,0.0
2019/06/05 14:30,19.6,985.599976,0.0,177,0,0,18.41,97.26,987.24,3.02,313.27,0.0,0.0,0.0,0.0
2019/06/05 14:45,19.6,985.400024,0.3,192,0,0,18.39,97.38,987.29,2.99,313.41,0.0,0.0,0.0,0.0
2019/06/05 15:00,19.5,985.299988,1.8,209,0,0,18.34,97.8,987.26,2.96,314.73,0.0,0.0,0.0,0.0
2019/06/05 15:15,19.4,985.099976,2.1,211,0,0,18.34,98.06,987.25,2.96,315.95,0.0,0.0,0.0,0.0
2019/06/05 15:30,19.299999,985.099976,2.7,207,0,0,18.36,98.08,987.22,2.96,324.56,0.0,0.0,0.0,0.0
2019/06/05 15:45,19.299999,985.0,0.4,192,0,0,18.38,97.87,987.27,2.97,333.11,0.0,0.0,0.0,0.0
2019/06/05 16:00,19.299999,984.900024,0.0,194,0,0,19.25,90.02,986.99,1.52,187.9,0.0,0.0,0.0,0.0
2019/06/05 16:15,19.299999,984.700012,0.0,169,0,0,19.16,90.64,986.72,1.43,166.53,0.0,0.0,0.0,0.0
2019/06/05 16:30,19.299999,984.900024,0.6,149,0,0,19.1,90.97,986.58,1.26,162.58,0.0,0.0,0.0,0.0
2019/06/05 16:45,19.6,984.599976,0.0,65,0,0,19.08,90.91,986.13,1.23,181.24,0.0,0.0,0.0,0.0
2019/06/05 17:00,19.6,984.400024,0.0,235,0,0,19.09,90.65,985.69,1.39,184.94,0.0,0.0,0.0,0.0
2019/06/05 17:15,19.5,984.5,1.9,312,0,0,19.1,90.54,985.71,1.48,172.22,0.0,0.0,0.0,0.0
2019/06/05 17:30,19.4,984.400024,0.5,280,0,0,19.1,90.58,986.03,1.41,156.83,0.0,0.0,0.0,0.0
2019/06/05 17:45,19.5,984.599976,0.5,312,0,0,19.0,91.36,986.08,1.18,149.87,0.0,0.0,0.0,0.0
2019/06/05 18:00,19.5,984.599976,0.0,261,0,0,18.95,91.86,986.2,0.94,140.36,0.0,0.0,0.0,0.0
2019/06/05 18:15,19.299999,984.700012,1.3,316,0,0,18.86,92.3,986.23,0.92,108.31,0.0,0.0,0.0,0.0
2019/06/05 18:30,19.200001,984.400024,1.0,314,0,0,18.75,92.81,985.93,1.15,95.76,0.0,0.0,0.0,0.0
2019/06/05 18:45,19.200001,984.299988,1.8,332,0,1,18.65,93.34,985.45,1.46,80.5,0.0,0.0,0.0,0.0
2019/06/05 19:00,18.799999,984.200012,2.6,327,0,0,18.59,94.01,985.67,1.77,67.67,0.0,0.0,0.0,0.0
2019/06/06 08:00,20.9,984.700012,0.3,271,190,223,20.97,81.52,985.77,4.83,36.34,105.73,105.73,0.0,6.836266
2019/06/06 08:15,20.6,985.0,0.7,286,132,144,21.02,81.34,985.69,4.84,38.94,76.26,76.26,0.0,4.999094
2019/06/06 08:30,20.6,985.099976,1.0,275,94,102,21.04,81.26,985.7,4.83,41.76,55.83,55.83,0.0,3.452367
2019/06/06 08:45,20.700001,985.0,0.5,253,135,146,21.09,80.74,985.7,4.86,43.05,52.64,52.64,0.0,5.213469
2019/06/06 09:00,20.9,984.700012,0.5,309,257,308,21.06,80.24,985.76,4.95,45.19,42.58,42.58,0.0,9.595688
2019/06/06 09:15,21.6,984.299988,1.7,321,220,192,21.01,79.58,985.72,5.01,46.74,39.49,39.49,0.0,8.369594000000001
2019/06/06 09:30,21.9,984.299988,1.0,321,162,156,20.98,78.85,985.61,4.92,48.94,43.01,43.01,0.0,6.356
2019/06/06 09:45,22.0,984.299988,0.0,53,116,138,20.91,78.38,985.49,4.67,51.1,37.74,37.49,0.25,4.9550160000000005
2019/06/06 10:00,22.200001,984.400024,0.0,354,83,108,20.85,77.96,985.34,4.32,52.51,33.46,19.91,13.55,3.29432
2019/06/06 10:15,21.700001,984.5,0.2,303,60,83,20.81,77.55,985.29,3.92,51.61,36.15,21.79,14.36,2.183891
2019/06/06 10:30,21.6,984.5,0.0,90,32,49,20.81,77.02,985.25,3.53,49.95,36.35,20.9,15.45,1.219094
2019/06/06 10:45,21.299999,984.599976,0.0,350,27,38,20.71,76.92,985.29,3.14,47.32,20.18,11.01,9.17,0.985168
2019/06/06 11:00,21.1,984.599976,0.0,343,16,23,20.67,76.65,985.43,2.66,46.11,16.03,7.940000000000001,8.09,0.5443319999999999
2019/06/06 11:15,21.0,984.599976,0.0,343,10,14,20.65,76.67,985.53,2.03,43.14,7.41,4.44,2.97,0.3449
2019/06/06 11:30,20.700001,984.599976,0.5,339,3,5,20.58,77.0,985.56,1.45,40.34,3.87,2.47,1.4,0.075053
2019/06/06 11:45,20.5,984.900024,0.0,0,0,0,20.47,77.35,985.65,1.04,27.3,0.0,0.0,0.0,0.0
2019/06/06 12:00,20.299999,984.700012,0.7,342,0,0,20.44,77.25,985.71,0.78,11.03,0.0,0.0,0.0,0.0
2019/06/06 12:15,20.200001,984.599976,1.3,359,0,0,20.46,77.11,985.83,0.66,352.79,0.0,0.0,0.0,0.0
2019/06/06 12:30,20.200001,984.599976,1.5,26,0,0,20.48,76.83,985.99,0.62,351.13,0.0,0.0,0.0,0.0
2019/06/06 12:45,19.700001,984.700012,0.9,31,0,0,20.48,76.69,986.05,0.53,4.76,0.0,0.0,0.0,0.0
2019/06/06 13:00,19.700001,984.900024,0.7,28,0,0,20.48,76.56,986.1,0.4,31.9,0.0,0.0,0.0,0.0
2019/06/06 13:15,19.6,985.0,1.0,14,0,0,20.46,76.36,986.08,0.26,83.74,0.0,0.0,0.0,0.0
2019/06/06 13:30,19.5,985.0,0.0,44,0,0,20.44,76.37,986.04,0.25,158.11,0.0,0.0,0.0,0.0
2019/06/06 13:45,19.5,985.200012,0.0,58,0,0,20.42,76.23,985.99,0.46,231.25,0.0,0.0,0.0,0.0
2019/06/06 14:00,19.6,985.099976,0.0,149,0,0,20.4,76.19,985.98,0.84,246.68,0.0,0.0,0.0,0.0
2019/06/06 14:15,19.6,985.200012,0.0,48,0,0,20.34,76.36,986.08,1.22,257.37,0.0,0.0,0.0,0.0
2019/06/06 14:30,19.700001,985.599976,0.0,228,0,0,20.22,76.91,986.2,1.47,261.81,0.0,0.0,0.0,0.0
2019/06/06 14:45,19.799999,985.400024,0.0,95,0,0,20.07,77.51,986.24,1.62,264.95,0.0,0.0,0.0,0.0
2019/06/06 15:00,19.799999,985.099976,0.0,6,0,0,19.91,78.23,986.4,1.75,268.94,0.0,0.0,0.0,0.0
2019/06/06 15:15,19.799999,984.700012,0.0,358,0,0,19.73,79.24,986.69,1.96,274.15,0.0,0.0,0.0,0.0
2019/06/06 15:30,19.5,984.900024,0.0,95,0,0,19.48,80.71,986.91,2.28,273.95,0.0,0.0,0.0,0.0
2019/06/06 15:45,19.5,984.900024,0.0,72,0,0,19.25,82.3,987.09,2.54,269.91,0.0,0.0,0.0,0.0
2019/06/06 16:00,19.4,985.0,0.0,76,0,0,17.78,87.07,986.59,0.74,213.99,0.0,0.0,0.0,0.0
2019/06/06 16:15,19.200001,985.099976,0.0,205,0,0,17.68,87.49,986.63,0.89,222.81,0.0,0.0,0.0,0.0
2019/06/06 16:30,18.9,985.0,0.0,191,0,0,17.59,87.74,986.98,1.03,242.35,0.0,0.0,0.0,0.0
2019/06/06 16:45,18.9,984.799988,0.0,330,0,0,17.43,88.3,986.76,1.28,261.87,0.0,0.0,0.0,0.0
2019/06/06 17:00,19.0,985.099976,0.0,319,0,0,17.25,88.92,986.67,1.59,279.02,0.0,0.0,0.0,0.0
2019/06/06 17:15,19.200001,984.900024,0.0,309,0,0,17.05,89.66,986.59,1.87,294.29,0.0,0.0,0.0,0.0
2019/06/06 17:30,19.1,985.0,0.0,241,0,0,16.84,90.46,986.58,2.01,304.14,0.0,0.0,0.0,0.0
2019/06/06 17:45,18.9,985.299988,0.0,268,0,0,16.71,90.82,986.7,1.95,303.36,0.0,0.0,0.0,0.0
2019/06/06 18:00,18.799999,985.099976,0.0,245,0,0,16.62,90.88,986.52,1.8,295.23,0.0,0.0,0.0,0.0
2019/06/06 18:15,18.700001,984.900024,0.0,50,0,0,16.55,90.88,986.48,1.73,287.61,0.0,0.0,0.0,0.0
2019/06/06 18:30,18.6,984.700012,0.0,163,0,0,16.47,90.86,986.45,1.78,275.74,0.0,0.0,0.0,0.0
2019/06/06 18:45,18.5,984.599976,0.0,155,0,0,16.4,90.72,986.36,1.86,264.49,0.0,0.0,0.0,0.0
2019/06/06 19:00,18.200001,984.5,0.0,140,0,0,16.36,90.46,986.4,1.94,256.64,0.0,0.0,0.0,0.0
2019/06/07 08:00,25.700001,980.099976,0.0,123,38,46,34.75,31.27,979.9,7.0,161.55,456.84,66.00999999999999,390.83,1.44025
2019/06/07 08:15,25.700001,979.900024,0.0,293,64,76,34.73,32.02,979.83,6.83,157.94,404.3,75.62,328.68,2.503594
2019/06/07 08:30,25.9,979.400024,0.5,239,108,114,34.67,32.79,979.8,6.89,158.63,363.13,36.94,326.19,3.912672
2019/06/07 08:45,26.1,979.200012,0.0,179,137,148,34.58,33.39,980.2,7.83,179.74,314.47,61.440000000000026,253.03,4.771375
2019/06/07 09:00,26.299999,979.0,1.3,302,123,132,32.42,38.84,980.41,9.31,215.32,272.88,66.19999999999999,206.68,4.234672
2019/06/07 09:15,26.1,979.700012,1.0,306,67,76,30.66,43.33,980.49,10.65,226.22,241.9,133.88,108.02,2.428344
2019/06/07 09:30,26.299999,979.599976,0.0,15,46,53,28.75,49.57,980.69,11.53,225.39,245.19,38.620000000000005,206.57,1.637535
2019/06/07 09:45,26.0,979.299988,0.3,14,35,42,28.12,51.44,980.44,11.13,225.76,207.29,40.84,166.45,1.246164
2019/06/07 10:00,25.799999,979.200012,0.0,62,25,30,28.04,49.22,980.24,9.97,227.05,179.68,43.93000000000001,135.75,0.906117
2019/06/07 10:15,25.6,979.799988,0.0,107,20,21,28.1,46.48,980.15,9.01,229.85,159.55,26.410000000000025,133.14,0.6405
2019/06/07 10:30,25.5,979.799988,0.5,30,11,12,28.31,43.88,980.22,8.43,227.87,133.43,24.720000000000013,108.71,0.3553659999999999
2019/06/07 10:45,25.4,980.099976,0.0,129,9,10,28.08,43.42,980.3,8.16,229.4,91.58,20.8,70.78,0.306852
2019/06/07 11:00,25.200001,980.200012,0.0,136,7,8,27.78,43.7,980.55,8.07,232.35,63.53,17.14,46.39,0.2260849999999999
2019/06/07 11:15,25.6,980.200012,2.1,78,6,6,27.38,44.0,980.75,8.38,233.97,16.99,7.549999999999999,9.44,0.158676
2019/06/07 11:30,25.5,980.299988,1.6,113,2,2,26.86,45.12,980.98,9.07,231.72,5.76,3.96,1.8,0.001772
2019/06/07 11:45,25.1,980.799988,1.5,131,0,0,26.54,47.87,981.03,9.39,229.61,0.0,0.0,0.0,0.0
2019/06/07 12:00,25.6,980.700012,2.1,131,0,0,26.48,50.87,981.1,9.05,233.95,0.0,0.0,0.0,0.0
2019/06/07 12:15,25.700001,980.799988,1.5,140,0,0,26.73,51.92,981.08,8.54,238.49,0.0,0.0,0.0,0.0
2019/06/07 12:30,24.799999,980.799988,1.6,189,0,0,26.81,52.72,981.34,8.12,238.07,0.0,0.0,0.0,0.0
2019/06/07 12:45,24.700001,980.599976,1.1,151,0,0,26.73,53.41,981.49,7.63,238.41,0.0,0.0,0.0,0.0
2019/06/07 13:00,24.799999,980.200012,1.6,118,0,0,26.56,54.2,981.67,6.96,234.23,0.0,0.0,0.0,0.0
2019/06/07 13:15,24.6,980.400024,1.8,144,0,0,26.11,55.72,981.71,6.13,235.38,0.0,0.0,0.0,0.0
2019/06/07 13:30,24.6,980.200012,0.9,150,0,0,25.88,56.21,981.59,5.27,249.06,0.0,0.0,0.0,0.0
2019/06/07 13:45,24.0,980.200012,1.6,152,0,0,25.48,57.1,981.56,4.49,257.36,0.0,0.0,0.0,0.0
2019/06/07 14:00,24.799999,980.200012,1.3,146,0,0,25.1,58.08,981.66,3.86,254.96,0.0,0.0,0.0,0.0
2019/06/07 14:15,23.9,980.200012,1.3,193,0,0,24.79,58.86,981.73,3.48,252.97,0.0,0.0,0.0,0.0
2019/06/07 14:30,23.799999,979.900024,0.7,191,0,0,24.57,59.32,981.73,3.41,255.41,0.0,0.0,0.0,0.0
2019/06/07 14:45,23.299999,980.099976,0.0,231,0,0,24.43,59.35,981.7,3.47,254.71,0.0,0.0,0.0,0.0
2019/06/07 15:00,22.9,980.099976,0.0,222,0,0,24.35,59.12,981.7,3.65,244.43,0.0,0.0,0.0,0.0
2019/06/07 15:15,23.1,980.099976,0.0,228,0,0,24.15,59.5,981.76,4.21,221.65,0.0,0.0,0.0,0.0
2019/06/07 15:30,22.9,980.299988,0.0,231,0,0,23.78,60.68,981.98,5.23,199.71,0.0,0.0,0.0,0.0
2019/06/07 15:45,23.5,980.099976,1.3,110,0,0,23.58,61.09,982.36,6.11,191.59,0.0,0.0,0.0,0.0
2019/06/07 16:00,23.6,980.099976,1.5,323,0,0,23.91,51.61,982.01,6.04,285.41,0.0,0.0,0.0,0.0
2019/06/07 16:15,23.299999,980.299988,0.0,231,0,0,23.87,49.95,982.14,5.2,288.79,0.0,0.0,0.0,0.0
2019/06/07 16:30,24.6,980.299988,0.8,180,0,0,23.72,48.89,982.26,4.56,295.7,0.0,0.0,0.0,0.0
2019/06/07 16:45,24.299999,980.299988,0.5,138,0,0,23.36,49.0,981.98,4.4,301.49,0.0,0.0,0.0,0.0
2019/06/07 17:00,24.200001,980.299988,0.5,148,0,0,23.36,48.17,982.03,4.66,300.46,0.0,0.0,0.0,0.0
2019/06/07 17:15,23.799999,980.200012,0.1,178,0,0,23.24,47.7,981.93,5.13,302.46,0.0,0.0,0.0,0.0
2019/06/07 17:30,23.299999,980.0,0.1,171,0,0,23.21,47.16,981.99,5.8,304.92,0.0,0.0,0.0,0.0
2019/06/07 17:45,23.1,980.0,0.0,160,0,0,23.24,46.8,982.23,6.59,305.53,0.0,0.0,0.0,0.0
2019/06/07 18:00,22.700001,980.200012,0.0,138,0,0,23.3,46.5,982.39,7.21,303.12,0.0,0.0,0.0,0.0
2019/06/07 18:15,22.700001,980.200012,0.0,172,0,0,23.37,46.16,982.52,7.51,301.65,0.0,0.0,0.0,0.0
2019/06/07 18:30,22.700001,980.099976,0.0,138,0,0,23.43,45.94,982.92,7.63,301.89,0.0,0.0,0.0,0.0
2019/06/07 18:45,22.5,980.200012,0.0,198,0,0,23.44,45.68,983.21,7.65,302.42,0.0,0.0,0.0,0.0
2019/06/07 19:00,22.299999,980.099976,0.0,242,0,0,23.25,45.67,983.36,7.57,302.46,0.0,0.0,0.0,0.0
2019/06/08 08:00,33.900002,975.099976,2.7,61,556,243,37.13,12.23,977.01,8.57,289.35,574.38,45.93999999999994,528.44,13.49141
2019/06/08 08:15,34.599998,975.0,3.0,89,436,122,37.06,12.51,976.89,8.57,288.48,480.43,40.56999999999999,439.86,15.41313
2019/06/08 08:30,34.5,974.799988,2.5,82,361,136,37.02,12.87,976.75,8.34,286.43,380.34,33.44999999999999,346.89,6.991579
2019/06/08 08:45,34.900002,974.700012,1.4,51,105,110,36.95,13.45,976.61,7.93,285.97,276.14,26.0,250.14,3.004367
2019/06/08 09:00,35.200001,974.400024,0.7,60,287,176,36.74,14.61,976.61,7.21,293.17,218.95,21.789999999999992,197.16,11.36494
2019/06/08 09:15,35.799999,974.200012,1.0,300,193,126,34.93,17.55,976.59,6.07,303.63,37.79,37.79,0.0,8.100532000000001
2019/06/08 09:30,35.900002,974.099976,0.5,35,193,164,34.11,20.02,976.54,5.07,312.16,44.41,44.41,0.0,7.624531
2019/06/08 09:45,36.0,974.0,3.8,236,99,101,33.21,21.35,976.47,4.58,317.45,4.63,4.63,0.0,4.527906
2019/06/08 10:00,35.900002,974.099976,4.4,222,89,102,32.86,22.17,976.41,4.32,319.89,3.73,3.73,0.0,3.402219
2019/06/08 10:15,35.799999,974.099976,2.6,214,76,78,32.54,23.53,976.34,4.07,312.72,10.11,10.11,0.0,2.240875
2019/06/08 10:30,35.599998,974.099976,2.5,212,57,57,32.13,24.84,976.35,4.0,293.75,5.64,5.64,0.0,1.577488
2019/06/08 10:45,35.200001,974.099976,0.0,166,41,43,31.84,25.63,976.4,4.12,278.63,1.19,1.19,0.0,1.243074
2019/06/08 11:00,35.0,974.099976,0.0,173,27,29,31.6,26.38,976.52,4.2,273.03,1.16,1.16,0.0,0.902645
2019/06/08 11:15,34.200001,974.099976,1.2,201,13,16,31.36,27.06,976.54,4.2,267.29,0.76,0.76,0.0,0.507049
2019/06/08 11:30,33.099998,974.099976,1.1,135,4,6,31.12,27.78,976.58,4.26,260.08,0.4,0.4,0.0,0.1814049999999999
2019/06/08 11:45,32.700001,974.200012,1.0,132,0,0,30.76,28.73,976.64,4.34,257.73,0.0,0.0,0.0,0.0
2019/06/08 12:00,32.200001,974.200012,0.0,195,0,0,30.29,29.89,976.74,4.27,260.78,0.0,0.0,0.0,0.0
2019/06/08 12:15,32.200001,974.299988,1.7,133,0,0,29.05,32.3,976.94,4.04,265.09,0.0,0.0,0.0,0.0
2019/06/08 12:30,32.200001,974.400024,1.7,132,0,0,28.4,33.55,977.12,3.81,269.79,0.0,0.0,0.0,0.0
2019/06/08 12:45,31.1,974.599976,1.2,150,0,0,27.89,34.39,977.32,3.63,273.56,0.0,0.0,0.0,0.0
2019/06/08 13:00,30.299999,974.900024,1.1,144,0,0,27.45,34.95,977.53,3.51,279.52,0.0,0.0,0.0,0.0
2019/06/08 13:15,29.6,975.0,0.0,258,0,0,27.02,35.45,977.84,3.44,286.49,0.0,0.0,0.0,0.0
2019/06/08 13:30,30.0,975.099976,0.0,190,0,0,26.64,35.84,978.08,3.38,289.78,0.0,0.0,0.0,0.0
2019/06/08 13:45,28.4,975.5,1.2,278,0,0,26.36,36.02,978.23,3.36,282.91,0.0,0.0,0.0,0.0
2019/06/08 14:00,29.1,975.599976,3.3,304,0,0,26.18,36.03,978.37,3.47,271.25,0.0,0.0,0.0,0.0
2019/06/08 14:15,28.9,975.900024,2.7,313,0,0,26.06,35.88,978.58,3.69,264.58,0.0,0.0,0.0,0.0
2019/06/08 14:30,29.4,976.099976,3.2,317,0,0,25.92,35.7,978.83,3.84,261.91,0.0,0.0,0.0,0.0
2019/06/08 14:45,28.299999,976.299988,1.3,308,0,0,25.82,35.0,979.09,3.81,263.98,0.0,0.0,0.0,0.0
2019/06/08 15:00,26.9,976.599976,1.7,315,0,0,25.69,34.14,979.36,3.65,267.59,0.0,0.0,0.0,0.0
2019/06/08 15:15,26.700001,976.599976,2.6,305,0,0,25.61,32.82,979.63,3.48,272.97,0.0,0.0,0.0,0.0
2019/06/08 15:30,27.0,976.700012,3.0,291,0,0,25.55,31.26,979.9,3.39,279.48,0.0,0.0,0.0,0.0
2019/06/08 15:45,27.5,976.900024,0.2,313,0,0,25.45,29.73,980.19,3.41,285.93,0.0,0.0,0.0,0.0
2019/06/08 16:00,27.1,977.099976,1.4,290,0,0,23.82,21.43,980.63,3.67,284.43,0.0,0.0,0.0,0.0
2019/06/08 16:15,27.200001,977.099976,2.1,322,0,0,23.68,21.33,981.06,3.15,272.09,0.0,0.0,0.0,0.0
2019/06/08 16:30,27.200001,977.299988,2.7,318,0,0,23.91,20.54,981.59,2.95,271.55,0.0,0.0,0.0,0.0
2019/06/08 16:45,25.5,977.900024,1.2,39,0,0,23.72,20.6,981.48,2.94,261.15,0.0,0.0,0.0,0.0
2019/06/08 17:00,26.299999,978.099976,1.9,25,0,0,23.53,20.74,981.72,3.01,251.36,0.0,0.0,0.0,0.0
2019/06/08 17:15,25.200001,978.5,2.0,53,0,0,23.4,20.78,981.53,3.06,248.99,0.0,0.0,0.0,0.0
2019/06/08 17:30,24.200001,978.700012,1.7,27,0,0,23.25,20.85,981.48,3.07,249.67,0.0,0.0,0.0,0.0
2019/06/08 17:45,24.0,978.799988,1.4,346,0,0,23.14,20.92,981.91,2.91,250.04,0.0,0.0,0.0,0.0
2019/06/08 18:00,24.299999,978.799988,2.0,17,0,0,23.05,20.98,982.4,2.58,249.98,0.0,0.0,0.0,0.0
2019/06/08 18:15,23.200001,978.900024,1.6,20,0,0,22.95,21.11,982.72,2.31,246.18,0.0,0.0,0.0,0.0
2019/06/08 18:30,23.9,979.099976,2.7,356,0,0,22.7,21.54,982.77,2.37,240.11,0.0,0.0,0.0,0.0
2019/06/08 18:45,22.799999,979.200012,1.1,75,0,0,22.34,22.22,982.93,2.74,235.28,0.0,0.0,0.0,0.0
2019/06/08 19:00,22.9,979.400024,1.1,52,0,0,21.86,23.21,983.05,3.2,233.42,0.0,0.0,0.0,0.0
2019/06/09 08:00,31.700001,979.0,1.8,75,490,37,32.72,20.77,980.69,5.94,56.61,600.92,48.24000000000001,552.68,17.439619
2019/06/09 08:15,31.9,978.900024,4.4,105,435,47,32.25,22.12,980.56,6.6,80.12,552.51,46.839999999999975,505.67,15.81606
2019/06/09 08:30,31.799999,978.900024,2.8,65,378,65,31.79,23.31,980.5,7.24,96.47,519.27,45.79999999999996,473.47,14.05709
2019/06/09 08:45,31.700001,978.799988,1.5,68,318,76,31.53,23.94,980.53,7.44,105.2,468.24,44.13999999999999,424.1,12.23053
2019/06/09 09:00,31.6,978.700012,4.6,55,255,90,31.4,24.17,980.56,7.28,107.59,433.42,42.93000000000001,390.49,10.35803
2019/06/09 09:15,32.0,978.900024,2.4,57,207,97,31.22,24.41,980.6,7.04,106.07,380.26,40.93000000000001,339.33,8.446157000000001
2019/06/09 09:30,31.5,978.900024,3.6,46,165,95,31.05,24.66,980.67,6.8,105.12,344.48,39.47000000000003,305.01,6.551782
2019/06/09 09:45,31.6,979.200012,1.1,40,102,88,30.82,25.03,980.65,6.53,106.17,290.68,37.02000000000001,253.66,4.7565
2019/06/09 10:00,31.799999,979.400024,1.5,29,77,77,30.6,25.44,980.6,6.21,106.45,254.95,35.19,219.76,3.198836
2019/06/09 10:15,31.5,979.200012,1.3,19,73,65,30.3,26.14,980.62,5.83,102.86,201.94,32.05000000000001,169.89,2.076922
2019/06/09 10:30,31.1,979.599976,2.2,31,59,49,29.95,27.07,980.71,5.4,97.71,167.3,29.630000000000024,137.67,1.412469
2019/06/09 10:45,30.4,979.700012,3.1,37,45,37,29.43,28.41,980.97,4.91,94.62,117.07,25.3,91.77,1.084535
2019/06/09 11:00,30.0,979.900024,3.0,28,29,24,28.82,30.14,981.35,4.37,93.85,85.31,21.75,63.56,0.813012
2019/06/09 11:15,29.5,980.0,1.9,22,16,17,27.96,32.44,981.64,3.87,93.33,41.88,14.85,27.03,0.528076
2019/06/09 11:30,29.0,980.400024,2.1,23,4,7,27.1,34.67,981.92,3.53,92.11,17.64,8.610000000000001,9.03,0.171514
2019/06/09 11:45,28.4,980.5,1.8,25,0,0,26.34,36.3,982.19,3.35,90.65,0.0,0.0,0.0,0.0
2019/06/09 12:00,28.1,980.900024,1.2,34,0,0,25.76,37.65,982.44,3.19,90.18,0.0,0.0,0.0,0.0
2019/06/09 12:15,27.5,981.099976,2.0,8,0,0,25.25,38.73,982.68,2.97,91.51,0.0,0.0,0.0,0.0
2019/06/09 12:30,27.0,981.299988,2.3,12,0,0,24.88,39.39,982.89,2.69,94.95,0.0,0.0,0.0,0.0
2019/06/09 12:45,26.6,981.400024,2.1,345,0,0,24.62,39.77,983.06,2.3,101.73,0.0,0.0,0.0,0.0
2019/06/09 13:00,26.299999,981.599976,2.1,15,0,0,24.44,39.95,983.24,1.82,110.93,0.0,0.0,0.0,0.0
2019/06/09 13:15,25.799999,981.799988,1.2,350,0,0,24.29,40.08,983.45,1.36,126.28,0.0,0.0,0.0,0.0
2019/06/09 13:30,25.6,982.0,1.2,354,0,0,24.12,40.32,983.59,1.09,160.47,0.0,0.0,0.0,0.0
2019/06/09 13:45,25.200001,982.200012,0.0,145,0,0,23.97,40.44,983.67,1.21,204.16,0.0,0.0,0.0,0.0
2019/06/09 14:00,24.6,982.400024,0.0,248,0,0,23.75,40.85,983.77,1.64,228.51,0.0,0.0,0.0,0.0
2019/06/09 14:15,24.4,982.599976,0.0,332,0,0,23.51,41.3,983.95,2.17,240.96,0.0,0.0,0.0,0.0
2019/06/09 14:30,23.9,982.700012,0.0,205,0,0,23.22,41.89,984.19,2.63,249.06,0.0,0.0,0.0,0.0
2019/06/09 14:45,23.9,982.700012,0.8,211,0,0,22.95,42.41,984.38,2.95,254.48,0.0,0.0,0.0,0.0
2019/06/09 15:00,23.5,982.799988,0.0,264,0,0,22.72,42.82,984.56,3.12,257.31,0.0,0.0,0.0,0.0
2019/06/09 15:15,23.4,982.900024,0.0,217,0,0,22.51,43.15,984.75,3.22,258.46,0.0,0.0,0.0,0.0
2019/06/09 15:30,23.5,983.099976,0.2,315,0,0,22.31,43.42,984.96,3.3,258.71,0.0,0.0,0.0,0.0
2019/06/09 15:45,23.5,983.0,0.1,274,0,0,22.13,43.67,985.18,3.37,257.39,0.0,0.0,0.0,0.0
2019/06/09 16:00,23.799999,983.0,0.4,334,0,0,21.33,42.56,985.11,1.43,353.35,0.0,0.0,0.0,0.0
2019/06/09 16:15,24.700001,983.099976,0.6,346,0,0,21.16,42.92,985.02,1.38,335.23,0.0,0.0,0.0,0.0
2019/06/09 16:30,25.299999,983.099976,0.9,354,0,0,21.01,43.18,985.43,1.49,308.41,0.0,0.0,0.0,0.0
2019/06/09 16:45,24.799999,983.099976,1.4,346,0,0,20.77,43.6,985.48,1.89,285.42,0.0,0.0,0.0,0.0
2019/06/09 17:00,24.6,983.099976,1.7,352,0,0,20.5,44.09,985.38,2.48,269.61,0.0,0.0,0.0,0.0
2019/06/09 17:15,24.0,983.099976,1.8,352,0,0,20.23,44.58,985.07,3.01,260.99,0.0,0.0,0.0,0.0
2019/06/09 17:30,24.1,983.099976,1.4,354,0,0,20.06,44.78,984.82,3.34,256.59,0.0,0.0,0.0,0.0
2019/06/09 17:45,22.299999,983.099976,0.1,298,0,0,19.95,44.91,985.06,3.5,256.14,0.0,0.0,0.0,0.0
2019/06/09 18:00,22.1,982.900024,1.2,339,0,0,19.83,45.14,985.21,3.57,257.13,0.0,0.0,0.0,0.0
2019/06/09 18:15,22.700001,983.0,1.1,348,0,0,19.68,45.52,985.24,3.6,258.4,0.0,0.0,0.0,0.0
2019/06/09 18:30,22.200001,983.0,0.0,225,0,0,19.53,45.93,985.15,3.62,259.31,0.0,0.0,0.0,0.0
2019/06/09 18:45,21.0,983.099976,0.0,239,0,0,19.4,46.28,985.12,3.65,259.6,0.0,0.0,0.0,0.0
2019/06/09 19:00,20.799999,983.099976,0.0,315,0,0,19.3,46.56,985.04,3.71,259.39,0.0,0.0,0.0,0.0
2019/06/10 08:00,33.299999,980.0,0.8,59,483,50,33.36,20.33,982.02,4.11,101.98,598.64,48.29999999999996,550.34,16.902379999999997
2019/06/10 08:15,33.799999,979.700012,2.6,28,429,66,33.33,20.35,981.91,4.13,104.45,551.24,46.88999999999999,504.35,15.24644
2019/06/10 08:30,33.5,979.700012,2.6,49,367,86,33.3,20.36,981.81,4.16,105.93,518.45,45.86000000000007,472.59,13.45969
2019/06/10 08:45,33.099998,979.599976,3.1,96,314,96,33.23,20.42,981.77,4.18,107.0,467.75,44.20999999999998,423.54,11.68541
2019/06/10 09:00,33.400002,979.5,0.8,112,254,106,33.19,20.46,981.77,4.16,108.19,433.12,43.0,390.12,9.947438
2019/06/10 09:15,33.200001,979.400024,3.7,32,207,112,33.1,20.55,981.76,4.11,108.94,380.29,41.0,339.29,8.124594
2019/06/10 09:30,33.200001,979.299988,2.1,53,165,109,33.03,20.64,981.71,4.05,109.73,344.69,39.54000000000002,305.15,0.0
2019/06/10 09:45,33.200001,979.400024,2.4,92,100,98,32.9,20.83,981.63,3.97,111.13,291.06,37.09,253.97,0.0
2019/06/10 10:00,33.099998,979.400024,2.9,47,82,91,32.78,21.04,981.56,3.86,113.34,255.39,35.26999999999998,220.12,0.0
2019/06/10 10:15,32.700001,979.599976,2.1,76,73,74,32.57,21.46,981.52,3.71,115.63,202.49,32.140000000000015,170.35,0.0
2019/06/10 10:30,32.599998,979.700012,1.1,21,61,57,32.32,22.15,981.49,3.42,117.22,167.93,29.730000000000015,138.2,0.0
2019/06/10 10:45,32.299999,979.700012,2.8,33,46,44,31.8,23.84,981.55,2.99,118.13,117.81,25.40000000000001,92.41,0.0
2019/06/10 11:00,31.799999,979.799988,2.3,39,30,29,31.16,25.83,981.63,2.73,120.09,86.13,21.89,64.24,0.0
2019/06/10 11:15,31.200001,980.099976,1.0,29,18,19,30.47,26.9,981.75,2.73,123.69,42.75,15.05,27.7,0.0
2019/06/10 11:30,30.700001,980.400024,1.5,20,7,9,29.94,27.58,981.91,2.69,129.4,18.45,8.889999999999999,9.56,0.0
2019/06/10 11:45,30.1,980.599976,1.4,15,0,0,29.51,27.89,982.1,2.52,137.21,0.0,0.0,0.0,0.0
2019/06/10 12:00,29.700001,980.799988,2.0,357,0,0,29.15,28.4,982.29,2.38,147.15,0.0,0.0,0.0,0.0
2019/06/10 12:15,29.5,980.900024,2.0,17,0,0,28.81,28.85,982.49,2.32,157.95,0.0,0.0,0.0,0.0
2019/06/10 12:30,28.9,981.200012,1.5,4,0,0,28.48,29.27,982.69,2.3,167.96,0.0,0.0,0.0,0.0
2019/06/10 12:45,28.6,981.299988,1.7,358,0,0,28.17,29.7,982.87,2.28,176.97,0.0,0.0,0.0,0.0
2019/06/10 13:00,28.299999,981.5,1.3,26,0,0,27.86,30.17,983.06,2.23,186.61,0.0,0.0,0.0,0.0
2019/06/10 13:15,27.9,981.700012,0.0,114,0,0,27.49,30.8,983.24,2.13,198.22,0.0,0.0,0.0,0.0
2019/06/10 13:30,27.799999,981.900024,0.0,115,0,0,27.11,31.52,983.42,2.0,213.89,0.0,0.0,0.0,0.0
2019/06/10 13:45,27.700001,982.299988,0.0,330,0,0,26.72,32.27,983.63,1.9,231.99,0.0,0.0,0.0,0.0
2019/06/10 14:00,27.0,982.5,1.5,332,0,0,26.34,33.02,983.89,1.88,250.98,0.0,0.0,0.0,0.0
2019/06/10 14:15,27.1,982.5,1.6,337,0,0,25.99,33.68,984.14,1.99,268.02,0.0,0.0,0.0,0.0
2019/06/10 14:30,27.299999,982.599976,2.2,334,0,0,25.68,34.23,984.39,2.18,276.91,0.0,0.0,0.0,0.0
2019/06/10 14:45,26.799999,982.700012,1.5,333,0,0,25.35,34.84,984.6,2.35,280.36,0.0,0.0,0.0,0.0
2019/06/10 15:00,26.6,982.700012,1.8,320,0,0,25.04,35.41,984.78,2.41,284.06,0.0,0.0,0.0,0.0
2019/06/10 15:15,26.299999,982.599976,0.9,328,0,0,24.73,36.0,984.99,2.37,290.71,0.0,0.0,0.0,0.0
2019/06/10 15:30,26.0,982.700012,0.0,314,0,0,24.4,36.71,985.22,2.29,302.02,0.0,0.0,0.0,0.0
2019/06/10 15:45,25.4,982.5,0.0,96,0,0,24.0,37.62,985.44,2.2,316.07,0.0,0.0,0.0,0.0
2019/06/10 16:00,25.9,982.700012,2.0,312,0,0,22.69,41.48,984.49,2.82,305.24,0.0,0.0,0.0,0.0
2019/06/10 16:15,25.6,982.700012,2.1,314,0,0,22.54,41.92,984.76,2.99,305.42,0.0,0.0,0.0,0.0
2019/06/10 16:30,25.5,982.700012,2.2,319,0,0,22.38,42.34,985.34,3.09,311.41,0.0,0.0,0.0,0.0
2019/06/10 16:45,25.0,982.900024,0.0,343,0,0,22.1,43.01,985.24,3.11,318.41,0.0,0.0,0.0,0.0
2019/06/10 17:00,24.6,982.900024,0.6,313,0,0,21.81,43.74,985.18,3.13,322.79,0.0,0.0,0.0,0.0
2019/06/10 17:15,24.6,983.099976,1.2,319,0,0,21.55,44.47,985.37,3.16,323.72,0.0,0.0,0.0,0.0
2019/06/10 17:30,24.9,983.0,2.0,332,0,0,21.29,45.23,985.31,3.2,326.45,0.0,0.0,0.0,0.0
2019/06/10 17:45,24.799999,983.099976,2.5,289,0,0,21.04,46.01,985.49,3.27,329.74,0.0,0.0,0.0,0.0
2019/06/10 18:00,24.299999,983.099976,1.1,307,0,0,20.77,46.92,985.59,3.35,333.45,0.0,0.0,0.0,0.0
2019/06/10 18:15,24.299999,983.299988,1.3,327,0,0,20.48,48.03,985.69,3.4,336.22,0.0,0.0,0.0,0.0
2019/06/10 18:30,23.9,983.299988,0.7,310,0,0,20.18,49.26,985.78,3.4,339.07,0.0,0.0,0.0,0.0
2019/06/10 18:45,23.6,983.400024,2.1,303,0,0,19.9,50.57,985.8,3.36,340.85,0.0,0.0,0.0,0.0
2019/06/10 19:00,23.299999,983.299988,2.5,310,0,0,19.65,51.84,985.83,3.27,340.76,0.0,0.0,0.0,0.0
2019/06/11 08:00,34.700001,979.099976,1.3,56,423,238,35.48,23.5,981.51,6.54,138.66,593.62,48.24000000000001,545.38,14.60813
2019/06/11 08:15,35.200001,979.099976,2.9,61,378,223,35.54,23.44,981.42,6.61,141.04,546.23,46.84000000000003,499.39,12.62953
2019/06/11 08:30,35.0,979.0,2.0,31,278,209,35.62,23.27,981.29,6.63,143.71,513.55,45.809999999999945,467.74,9.466407
2019/06/11 08:45,35.0,978.900024,1.6,41,234,207,35.65,23.1,981.19,6.63,146.69,462.77,46.02999999999997,416.74,8.168125
2019/06/11 09:00,35.099998,978.900024,2.9,14,207,203,35.68,22.94,981.16,6.63,149.09,428.95,42.94999999999999,386.0,7.1979690000000005
2019/06/11 09:15,35.0,978.900024,2.2,39,161,173,35.64,22.84,981.13,6.63,150.04,376.7,40.95999999999998,335.74,5.546297
2019/06/11 09:30,35.200001,978.900024,1.5,22,195,212,35.6,22.8,981.02,6.59,149.09,341.46,39.50999999999999,301.95,6.831780999999999
2019/06/11 09:45,35.200001,979.099976,0.6,2,102,132,35.47,22.96,980.89,6.5,146.86,288.31,37.06999999999999,251.24,3.480695
2019/06/11 10:00,34.700001,979.099976,1.8,21,60,78,35.34,23.25,980.78,6.36,145.76,252.91,35.24000000000001,217.67,1.931617
2019/06/11 10:15,34.400002,979.099976,1.0,18,53,68,35.1,23.82,980.72,6.12,146.48,200.48,32.129999999999995,168.35,1.729738
2019/06/11 10:30,34.099998,979.200012,1.2,359,46,55,34.83,24.6,980.72,5.77,147.3,166.3,29.72,136.58,1.543637
2019/06/11 10:45,33.900002,979.299988,1.9,354,38,44,34.33,25.76,980.75,5.36,147.82,116.83,25.450000000000003,91.38,1.223223
2019/06/11 11:00,33.599998,979.400024,1.8,344,25,28,33.7,27.16,980.82,5.0,148.38,85.55,21.94,63.61,0.75544
2019/06/11 11:15,33.200001,979.599976,1.9,349,11,15,32.83,28.79,980.87,4.73,149.01,42.79,15.18,27.61,0.360295
2019/06/11 11:30,32.799999,979.599976,1.7,1,4,6,31.99,30.15,980.95,4.57,150.5,18.81,9.099999999999998,9.71,0.15065
2019/06/11 11:45,32.200001,980.0,1.8,343,0,0,31.16,31.15,981.03,4.47,153.49,0.0,0.0,0.0,0.0
2019/06/11 12:00,31.700001,980.0,2.0,343,0,0,30.54,31.78,981.14,4.39,158.67,0.0,0.0,0.0,0.0
2019/06/11 12:15,31.299999,979.900024,1.7,346,0,0,29.98,32.23,981.26,4.28,165.79,0.0,0.0,0.0,0.0
2019/06/11 12:30,31.0,980.0,2.3,354,0,0,29.44,32.69,981.36,4.15,173.77,0.0,0.0,0.0,0.0
2019/06/11 12:45,30.9,980.299988,1.5,351,0,0,28.93,33.17,981.48,4.02,182.48,0.0,0.0,0.0,0.0
2019/06/11 13:00,30.6,980.400024,1.9,353,0,0,28.5,33.68,981.62,3.9,191.96,0.0,0.0,0.0,0.0
2019/06/11 13:15,30.4,980.599976,2.3,353,0,0,28.14,34.2,981.78,3.78,203.05,0.0,0.0,0.0,0.0
2019/06/11 13:30,29.799999,980.700012,2.1,349,0,0,27.88,34.72,981.87,3.61,211.76,0.0,0.0,0.0,0.0
2019/06/11 13:45,29.700001,980.700012,2.4,355,0,0,27.64,35.42,981.89,3.29,216.86,0.0,0.0,0.0,0.0
2019/06/11 14:00,29.200001,980.700012,2.0,14,0,0,27.4,36.26,981.92,2.83,219.05,0.0,0.0,0.0,0.0
2019/06/11 14:15,29.1,980.900024,1.8,6,0,0,27.09,37.28,981.99,2.36,221.52,0.0,0.0,0.0,0.0
2019/06/11 14:30,28.700001,980.799988,0.7,15,0,0,26.74,38.46,982.12,2.12,228.08,0.0,0.0,0.0,0.0
2019/06/11 14:45,28.5,981.0,0.7,351,0,0,26.45,39.51,982.29,2.18,237.22,0.0,0.0,0.0,0.0
2019/06/11 15:00,27.799999,980.900024,0.0,312,0,0,26.24,40.39,982.46,2.4,239.64,0.0,0.0,0.0,0.0
2019/06/11 15:15,27.200001,981.0,0.8,240,0,0,26.07,41.1,982.6,2.57,236.47,0.0,0.0,0.0,0.0
2019/06/11 15:30,26.9,981.099976,0.0,275,0,0,25.98,41.54,982.71,2.64,231.62,0.0,0.0,0.0,0.0
2019/06/11 15:45,26.799999,980.900024,1.8,319,0,0,25.92,41.84,982.83,2.65,227.53,0.0,0.0,0.0,0.0
2019/06/11 16:00,26.799999,981.0,2.0,315,0,0,25.28,41.13,982.61,3.5,277.18,0.0,0.0,0.0,0.0
2019/06/11 16:15,27.299999,980.799988,2.3,324,0,0,25.08,41.72,982.73,3.74,279.09,0.0,0.0,0.0,0.0
2019/06/11 16:30,27.299999,981.099976,2.4,313,0,0,24.86,42.45,983.13,3.85,280.6,0.0,0.0,0.0,0.0
2019/06/11 16:45,27.299999,981.0,2.2,326,0,0,24.66,43.18,983.12,3.95,283.42,0.0,0.0,0.0,0.0
2019/06/11 17:00,27.200001,981.099976,1.8,326,0,0,24.45,43.99,983.2,4.09,283.44,0.0,0.0,0.0,0.0
2019/06/11 17:15,27.0,981.099976,0.0,255,0,0,24.23,44.86,983.11,4.2,279.72,0.0,0.0,0.0,0.0
2019/06/11 17:30,26.9,981.0,0.0,236,0,0,24.05,45.65,983.21,4.24,274.53,0.0,0.0,0.0,0.0
2019/06/11 17:45,26.799999,981.099976,0.7,225,0,0,23.91,46.32,983.31,4.19,270.89,0.0,0.0,0.0,0.0
2019/06/11 18:00,26.299999,981.099976,0.1,261,0,0,23.85,46.71,983.5,4.0,271.02,0.0,0.0,0.0,0.0
2019/06/11 18:15,26.1,980.900024,1.5,289,0,0,23.77,47.09,983.53,3.72,274.11,0.0,0.0,0.0,0.0
2019/06/11 18:30,26.200001,981.099976,0.6,231,0,0,23.62,47.59,983.5,3.48,276.86,0.0,0.0,0.0,0.0
2019/06/11 18:45,25.700001,980.900024,0.2,347,0,0,23.44,48.14,983.46,3.33,277.77,0.0,0.0,0.0,0.0
2019/06/11 19:00,25.9,981.099976,0.0,307,0,0,23.26,48.63,983.42,3.23,277.2,0.0,0.0,0.0,0.0
2019/06/12 08:00,33.799999,978.599976,1.9,10,143,175,33.5,34.23,981.59,6.55,285.24,482.16,54.33000000000004,427.83,4.615844
2019/06/12 08:15,33.700001,978.5,2.5,13,97,119,33.41,34.28,981.58,6.14,283.27,427.18,78.15000000000003,349.03,3.21218
2019/06/12 08:30,33.700001,978.599976,1.8,23,92,106,33.42,34.18,981.53,5.69,282.55,396.55,65.71000000000004,330.84,3.158531
2019/06/12 08:45,32.5,978.599976,4.0,333,85,97,33.4,34.12,981.46,5.3,280.67,344.76,85.19,259.57,2.911727
2019/06/12 09:00,31.799999,978.900024,3.2,343,46,53,33.47,33.87,981.33,5.0,278.18,321.94,77.6,244.34,1.590859
2019/06/12 09:15,31.299999,978.900024,3.1,327,36,40,33.53,33.66,981.27,4.74,277.44,296.94,61.84,235.1,1.250785
2019/06/12 09:30,31.0,979.0,2.6,312,27,31,33.57,33.54,981.22,4.46,277.25,256.3,43.38000000000002,212.92,0.916426
2019/06/12 09:45,31.0,979.099976,3.3,331,14,17,33.63,33.42,981.11,4.13,277.7,227.35,35.079999999999984,192.27,0.4479999999999999
2019/06/12 10:00,31.0,979.599976,0.7,136,9,12,33.64,33.4,981.01,3.74,280.28,186.6,35.639999999999986,150.96,0.299147
2019/06/12 10:15,31.0,979.900024,1.9,222,9,9,33.6,33.46,980.95,3.35,284.95,146.49,26.420000000000016,120.07,0.257298
2019/06/12 10:30,30.700001,979.900024,3.1,240,7,7,33.52,33.76,980.86,2.91,291.26,113.57,24.64999999999999,88.92,0.161926
2019/06/12 10:45,29.700001,980.400024,4.1,243,4,5,33.26,35.22,980.79,2.41,301.59,77.42,18.090000000000003,59.33,0.029749
2019/06/12 11:00,29.1,980.5,2.0,258,5,5,32.78,37.16,980.75,2.14,314.02,52.3,14.75,37.55,0.042898
2019/06/12 11:15,28.799999,981.099976,4.7,205,3,4,32.23,38.19,980.74,2.13,321.17,26.08,9.43,16.65,0.042025
2019/06/12 11:30,28.4,981.299988,2.5,225,1,1,31.79,38.98,980.8,2.09,321.6,11.5,5.66,5.84,0.0
2019/06/12 11:45,27.700001,981.900024,4.4,228,0,0,31.3,39.82,980.87,1.95,315.55,0.0,0.0,0.0,0.0
2019/06/12 12:00,27.0,982.200012,3.6,262,0,0,30.84,40.94,980.98,1.88,300.9,0.0,0.0,0.0,0.0
2019/06/12 12:15,25.700001,982.5,1.4,276,0,0,30.26,42.47,981.12,2.09,276.0,0.0,0.0,0.0,0.0
2019/06/12 12:30,25.200001,982.400024,4.0,262,0,0,29.45,44.73,981.26,2.64,252.75,0.0,0.0,0.0,0.0
2019/06/12 12:45,25.1,982.400024,3.9,273,0,0,28.77,46.68,981.38,3.26,241.37,0.0,0.0,0.0,0.0
2019/06/12 13:00,25.0,982.299988,2.5,275,0,0,28.29,47.93,981.49,3.66,238.96,0.0,0.0,0.0,0.0
2019/06/12 13:15,25.0,982.5,1.6,254,0,0,27.92,48.76,981.58,3.79,241.29,0.0,0.0,0.0,0.0
2019/06/12 13:30,24.799999,982.5,2.2,271,0,0,27.64,49.24,981.62,3.83,244.37,0.0,0.0,0.0,0.0
2019/06/12 13:45,24.9,982.5,3.6,263,0,0,27.32,49.87,981.64,3.87,246.48,0.0,0.0,0.0,0.0
2019/06/12 14:00,24.9,982.5,0.5,255,0,0,27.0,50.45,981.72,3.88,247.43,0.0,0.0,0.0,0.0
2019/06/12 14:15,24.799999,982.400024,1.1,316,0,0,26.74,50.84,981.8,3.83,249.35,0.0,0.0,0.0,0.0
2019/06/12 14:30,24.1,982.400024,1.5,46,0,0,26.49,51.12,981.89,3.74,249.73,0.0,0.0,0.0,0.0
2019/06/12 14:45,23.799999,982.599976,1.0,67,0,0,26.27,51.33,981.96,3.69,249.06,0.0,0.0,0.0,0.0
2019/06/12 15:00,23.700001,982.400024,0.4,47,0,0,26.06,51.47,982.0,3.71,246.85,0.0,0.0,0.0,0.0
2019/06/12 15:15,23.700001,982.299988,0.3,60,0,0,25.88,51.58,982.04,3.79,243.18,0.0,0.0,0.0,0.0
2019/06/12 15:30,23.799999,982.299988,0.0,89,0,0,25.71,51.69,982.1,3.85,241.0,0.0,0.0,0.0,0.0
2019/06/12 15:45,23.700001,982.200012,0.0,87,0,0,25.54,51.86,982.18,3.87,241.72,0.0,0.0,0.0,0.0
2019/06/12 16:00,24.1,982.200012,0.5,174,0,0,23.62,63.23,982.62,4.34,223.98,0.0,0.0,0.0,0.0
2019/06/12 16:15,23.9,982.099976,0.7,215,0,0,23.54,62.91,982.55,4.38,223.66,0.0,0.0,0.0,0.0
2019/06/12 16:30,23.0,982.099976,0.9,181,0,0,23.42,62.81,982.84,4.39,222.96,0.0,0.0,0.0,0.0
2019/06/12 16:45,23.1,981.900024,2.4,205,0,0,23.26,62.86,982.6,4.4,222.59,0.0,0.0,0.0,0.0
2019/06/12 17:00,23.200001,982.0,1.7,191,0,0,23.12,62.74,982.14,4.43,223.56,0.0,0.0,0.0,0.0
2019/06/12 17:15,22.799999,982.0,0.9,249,0,0,23.02,62.47,981.77,4.43,226.85,0.0,0.0,0.0,0.0
2019/06/12 17:30,22.5,982.0,1.1,232,0,0,22.97,62.01,981.88,4.41,232.37,0.0,0.0,0.0,0.0
2019/06/12 17:45,22.799999,981.799988,0.0,185,0,0,22.93,61.49,982.0,4.41,237.7,0.0,0.0,0.0,0.0
2019/06/12 18:00,22.799999,981.799988,0.7,145,0,0,22.89,61.03,981.99,4.42,241.38,0.0,0.0,0.0,0.0
2019/06/12 18:15,22.6,981.799988,0.0,162,0,0,22.81,60.76,981.97,4.42,247.03,0.0,0.0,0.0,0.0
2019/06/12 18:30,22.700001,981.5,0.7,144,0,0,22.72,60.56,981.88,4.37,253.3,0.0,0.0,0.0,0.0
2019/06/12 18:45,22.5,981.400024,1.0,131,0,0,22.67,60.27,982.17,4.27,258.23,0.0,0.0,0.0,0.0
2019/06/12 19:00,22.5,981.400024,1.5,137,0,0,22.6,60.06,982.23,4.12,262.29,0.0,0.0,0.0,0.0
2019/06/13 08:00,30.0,980.5,1.4,358,22,18,33.05,35.75,982.11,4.4,30.43,405.66,33.51000000000005,372.15,0.61142
2019/06/13 08:15,29.6,979.900024,1.1,96,10,9,33.01,35.69,982.12,4.46,33.21,364.43,31.75,332.68,0.281477
2019/06/13 08:30,29.0,981.0,3.7,318,9,9,32.98,35.6,982.1,4.29,33.49,331.23,30.00999999999999,301.22,0.184201
2019/06/13 08:45,28.299999,980.799988,2.4,334,9,10,32.91,35.57,982.08,4.01,33.11,291.12,28.160000000000025,262.96,0.22428
2019/06/13 09:00,28.0,981.0,1.7,348,7,9,32.86,35.54,982.03,3.71,33.45,267.01,27.129999999999995,239.88,0.180394
2019/06/13 09:15,27.6,981.0,3.7,316,8,12,32.78,35.56,982.01,3.46,34.28,236.63,26.109999999999985,210.52,0.200744
2019/06/13 09:30,27.1,980.299988,3.1,329,23,38,32.71,35.54,981.93,3.21,35.57,220.59,25.89000000000001,194.7,0.786297
2019/06/13 09:45,27.200001,980.900024,0.3,271,66,94,32.59,35.61,981.85,2.94,38.77,195.85,25.50999999999999,170.34,2.339914
2019/06/13 10:00,27.1,980.799988,0.9,353,75,100,32.49,35.65,981.77,2.66,42.65,184.72,26.06,158.66,2.513219
2019/06/13 10:15,27.6,981.5,1.4,302,87,102,32.34,35.81,981.73,2.38,44.43,160.11,25.920000000000016,134.19,2.759969
2019/06/13 10:30,27.700001,981.599976,0.5,27,70,80,32.21,36.02,981.72,2.13,47.26,145.04,26.16,118.88,2.144352
2019/06/13 10:45,27.700001,981.400024,0.0,276,50,55,31.99,36.75,981.76,1.84,52.12,109.6,24.00999999999999,85.59,1.512137
2019/06/13 11:00,27.299999,981.299988,0.1,159,32,36,31.64,38.97,981.85,1.57,60.72,84.09,21.64,62.45,0.989297
2019/06/13 11:15,26.9,981.299988,0.0,174,18,23,31.16,39.86,981.94,1.49,69.21,43.43,15.36,28.07,0.5718260000000001
2019/06/13 11:30,26.5,981.5,1.4,194,7,9,30.75,40.56,982.16,1.49,73.99,19.46,9.32,10.14,0.214778
2019/06/13 11:45,25.1,981.599976,2.1,132,0,0,30.28,41.34,982.37,1.53,74.39,0.0,0.0,0.0,0.0
2019/06/13 12:00,24.0,981.599976,3.9,137,0,0,29.73,42.91,982.65,1.77,80.32,0.0,0.0,0.0,0.0
2019/06/13 12:15,23.6,981.5,3.2,145,0,0,28.93,45.48,982.95,2.11,92.71,0.0,0.0,0.0,0.0
2019/06/13 12:30,23.700001,981.299988,0.9,162,0,0,28.25,47.92,983.21,2.24,104.12,0.0,0.0,0.0,0.0
2019/06/13 12:45,23.799999,981.200012,1.4,147,0,0,27.87,49.42,983.42,1.97,112.9,0.0,0.0,0.0,0.0
2019/06/13 13:00,23.5,981.5,0.0,199,0,0,27.75,50.03,983.57,1.39,124.25,0.0,0.0,0.0,0.0
2019/06/13 13:15,23.299999,981.599976,1.0,154,0,0,27.63,50.43,983.76,0.75,141.23,0.0,0.0,0.0,0.0
2019/06/13 13:30,23.4,981.400024,1.7,157,0,0,27.4,51.15,983.84,0.63,268.34,0.0,0.0,0.0,0.0
2019/06/13 13:45,23.200001,981.599976,3.1,141,0,0,26.94,52.5,983.9,1.37,304.17,0.0,0.0,0.0,0.0
2019/06/13 14:00,22.9,981.5,3.1,138,0,0,26.27,54.7,983.99,2.35,308.59,0.0,0.0,0.0,0.0
2019/06/13 14:15,23.0,981.599976,1.2,143,0,0,25.72,56.57,984.16,2.92,309.3,0.0,0.0,0.0,0.0
2019/06/13 14:30,22.5,981.299988,3.3,135,0,0,25.41,57.73,984.31,3.03,309.07,0.0,0.0,0.0,0.0
2019/06/13 14:45,22.200001,981.299988,3.5,144,0,0,25.17,58.67,984.42,2.88,307.85,0.0,0.0,0.0,0.0
2019/06/13 15:00,22.200001,981.299988,2.9,141,0,0,24.99,59.4,984.54,2.74,305.61,0.0,0.0,0.0,0.0
2019/06/13 15:15,22.299999,981.200012,2.7,161,0,0,24.83,60.05,984.69,2.71,301.69,0.0,0.0,0.0,0.0
2019/06/13 15:30,22.200001,981.200012,2.4,149,0,0,24.67,60.65,984.86,2.74,296.64,0.0,0.0,0.0,0.0
2019/06/13 15:45,22.0,981.099976,2.4,153,0,0,24.53,61.2,985.02,2.8,291.0,0.0,0.0,0.0,0.0
